{"type":"FeatureCollection","features":[{"type":"Feature","properties":{"MpCodigo":"05129","MpNombre":"Caldas"},"geometry":{"type":"Polygon","coordinates":[[[-75.5828374537191,6.110015740826687],[-75.58162298815908,6.109992969926338],[-75.5806741869988,6.109772851139855],[-75.57687503359597,6.10758028319795],[-75.57643243282398,6.107237267822245],[-75.575790277217,6.106457733556908],[-75.57497645862414,6.104824286025885],[-75.57343638064928,6.102204195869625],[-75.5726159834118,6.101222804325368],[-75.57040550014207,6.10061633316899],[-75.57150773532734,6.10012506971341],[-75.57335598122366,6.098928919849574],[-75.57436109705436,6.09847723186757],[-75.57474491176848,6.097593744190566],[-75.57511626418503,6.097254986401651],[-75.5754425332953,6.097123696272747],[-75.5759805956769,6.096575636756035],[-75.57641859772795,6.095479947055802],[-75.57871634819068,6.092433077561222],[-75.5789937025951,6.091339812319658],[-75.57939065272106,6.090414765898874],[-75.57961391644065,6.08832054312162],[-75.58049422732743,6.087179121616657],[-75.58092680308118,6.086791188195805],[-75.58249760768132,6.086181006194044],[-75.58320330271933,6.085680287022877],[-75.58349445006496,6.08530699442017],[-75.58444070440702,6.082618690274387],[-75.58514162993534,6.079590514567684],[-75.58535498386388,6.079230225238554],[-75.5866559071733,6.078375441116326],[-75.58680221079746,6.078108363897554],[-75.58685551098529,6.077898237304781],[-75.58644408857307,6.076688490132617],[-75.58689770404476,6.075344719287311],[-75.58702622583395,6.074280703301393],[-75.58774195683901,6.071424562796523],[-75.58764644795419,6.071116239078857],[-75.58649676522737,6.0701850964151305],[-75.58617701905237,6.069676645581107],[-75.58589337884821,6.069018143413743],[-75.58574295822238,6.067773445413227],[-75.58545525385799,6.066669273914641],[-75.58520505942433,6.066196231947411],[-75.58430510794317,6.065359018095404],[-75.5828713350607,6.064454071157752],[-75.58214078064299,6.063829536844134],[-75.58115069484255,6.06213244398239],[-75.58110050075999,6.061793367026298],[-75.58122525854081,6.061244095692495],[-75.58235991525117,6.059393082176281],[-75.58256247400344,6.058476971319773],[-75.58235500555939,6.055002345574669],[-75.58228952704361,6.05434878490669],[-75.58186894811352,6.0532563860209665],[-75.58169892842356,6.052301569446608],[-75.58122378329809,6.051708823553248],[-75.58064585535939,6.050550551642013],[-75.58025226422933,6.050020554800903],[-75.580032911877,6.049480274990625],[-75.57988633212247,6.0485502720331406],[-75.57885021134159,6.048145351548654],[-75.57673729730726,6.045948505827351],[-75.5760151537498,6.0459924109147325],[-75.57569062362349,6.045709212650634],[-75.57535261530488,6.045725415002729],[-75.57484955275768,6.045183312088726],[-75.57434849612223,6.044200455811038],[-75.5741468880053,6.042917677557875],[-75.57432300338755,6.0413472441103515],[-75.5745353875897,6.0410049281729865],[-75.57441055444357,6.040413205218483],[-75.57401957343183,6.039876838944716],[-75.57379174633128,6.039262802791199],[-75.57374508938256,6.03869750730856],[-75.57385503884744,6.037930464101902],[-75.57375897471486,6.0369675801463805],[-75.5739024848312,6.0365176719049245],[-75.5737473096823,6.035350154555934],[-75.57344312332353,6.034124791606136],[-75.57298003456708,6.033577073263657],[-75.57211089611484,6.031182736193635],[-75.5727519232623,6.030067931995427],[-75.57282018403185,6.029440921415021],[-75.57240940692668,6.0285943397258395],[-75.57245089971939,6.027684668916898],[-75.57164623121231,6.026533751066907],[-75.57101913094739,6.025909430844951],[-75.57078623123333,6.0254768753828705],[-75.57068219089219,6.024918312618285],[-75.57097672992357,6.023294952942415],[-75.57130745155625,6.022700691659551],[-75.57351997411835,6.021978414028228],[-75.5766546592648,6.0203970054178],[-75.57733538202429,6.020261436584006],[-75.57790469371015,6.019713190296387],[-75.57857660675296,6.019354753786566],[-75.57928177023412,6.018636108084324],[-75.5806911307247,6.018209038273245],[-75.5811710727657,6.017678353345038],[-75.58108423935148,6.017590440041947],[-75.58153391117506,6.017268445575721],[-75.58251413281104,6.016142200446174],[-75.58327211617843,6.015506290657863],[-75.58386243094863,6.015293390575851],[-75.58520991058401,6.014148794698848],[-75.5860090467542,6.013132476071966],[-75.58642843496463,6.012159462075893],[-75.58697514184016,6.0114396230356135],[-75.58828063041517,6.010379650351299],[-75.59046871520694,6.00796508728848],[-75.59067846310471,6.007499708709174],[-75.591310273339,6.00703315901119],[-75.59156222402096,6.006567659091286],[-75.59308538163799,6.005798218665456],[-75.59353118401343,6.005837546683941],[-75.59495063616154,6.006320377354626],[-75.59589757478804,6.006872118306257],[-75.59649186679744,6.006883990008064],[-75.59743580794282,6.006354035956546],[-75.5984206011782,6.005945660696407],[-75.5992844801282,6.005767483113633],[-75.59970987344346,6.005524908705386],[-75.6004527448135,6.004570161131641],[-75.60041306913976,6.0043615118081695],[-75.60052967069964,6.0041132863887805],[-75.60178809362809,6.00267415719786],[-75.60183128234803,6.0023878109300925],[-75.60158234032211,6.001838065928761],[-75.60156492768512,6.001507850119544],[-75.60176172474416,6.001099979723638],[-75.60167207555315,6.000494747751872],[-75.60243584529644,5.998351419615502],[-75.60219534178943,5.997759453640742],[-75.60211622957478,5.9969890629791065],[-75.60218903878655,5.9964625106343785],[-75.60250558379639,5.9958171651289645],[-75.60267641706416,5.994772754779496],[-75.6028905570238,5.994517744316919],[-75.6041159736153,5.994051754595049],[-75.60453459414596,5.993101432044026],[-75.60452410855379,5.992296446639046],[-75.60424203957001,5.99169450443946],[-75.60408528554834,5.990188117162946],[-75.60376322429015,5.990032139636612],[-75.60327096740924,5.9894679361529235],[-75.60315412378361,5.988968741132622],[-75.60259966227783,5.988276728794476],[-75.60229817231111,5.988104179812327],[-75.60204119342438,5.98762601530165],[-75.60203646232512,5.987407227018718],[-75.60172254567675,5.987214071041137],[-75.60171788329133,5.987020055860626],[-75.60343193620874,5.986552926413212],[-75.60362519833572,5.986358355095455],[-75.60378422178667,5.985713901651951],[-75.6068998933244,5.9844938692908825],[-75.60815607670582,5.9836980221574345],[-75.60994977322265,5.9818877327553865],[-75.61194252207308,5.9806744211976515],[-75.61260969278251,5.980001946785879],[-75.61361619001386,5.978253346117956],[-75.61422029064786,5.980513018978345],[-75.61438490417254,5.981837235746467],[-75.61481655634792,5.982060380332053],[-75.61622125280995,5.9821189087341],[-75.61689799591811,5.982598113617645],[-75.61803931316125,5.982631040243321],[-75.61820758394997,5.982813942294637],[-75.61816734454469,5.983578475577618],[-75.61829903600776,5.984123527626041],[-75.61887700970189,5.985085599999568],[-75.62013172680123,5.985528225978474],[-75.62254605056066,5.985403851902388],[-75.62288990955639,5.985575782681334],[-75.6237349230428,5.986409819948767],[-75.62518717632126,5.987218252936218],[-75.62572125387017,5.9877852552621205],[-75.62617485357534,5.9885534480204585],[-75.62618948621913,5.989200927941906],[-75.62633946679794,5.989632577038179],[-75.62728690593192,5.990715366969273],[-75.62802583602405,5.9922371216405],[-75.62855259682603,5.9925114762068405],[-75.6284062747909,5.9937076642466165],[-75.62916349536087,5.994252715933573],[-75.62938297854166,5.994695342170337],[-75.62976341831909,5.995061148678414],[-75.63054258575245,5.9953245299324065],[-75.63124859278805,5.995752525391471],[-75.63163634758571,5.99580007823501],[-75.63215579299903,5.996056146059662],[-75.63311054937544,5.99601590443023],[-75.63409091092328,5.9961512533016705],[-75.63563461541172,5.995302583658193],[-75.63669545520973,5.995405006647566],[-75.63847327537916,5.994446595392411],[-75.63910246261557,5.994622181928291],[-75.64032059889774,5.995467194665957],[-75.64133022463439,5.995441587925143],[-75.64210573619931,5.995672045879544],[-75.64231058714013,5.995628151212299],[-75.64369333739613,5.994673395099047],[-75.64618813760212,5.9940222597469806],[-75.64697828135043,5.99421613478734],[-75.64791840431087,5.994739239910268],[-75.64841224329497,5.99477582220701],[-75.64867562354736,5.99465876125107],[-75.64893168905847,5.994260031549306],[-75.64894632116875,5.993045553718973],[-75.64908532781511,5.992390762698464],[-75.64893534716312,5.99197739867896],[-75.64895729501603,5.991699384560215],[-75.65004739917514,5.991549404558333],[-75.65043515378144,5.990872663034035],[-75.65118871616754,5.990356878379686],[-75.65208907528277,5.99066422007539],[-75.65345475287765,5.990698361598598],[-75.65366936001976,5.99057154880742],[-75.65384006972933,5.990113071442372],[-75.65418148892246,5.989952116382987],[-75.65815171118908,5.992015266549154],[-75.65921986683946,5.99228840235985],[-75.65942959638994,5.992624944415314],[-75.65944910556446,5.993283396415934],[-75.66018559595456,5.993810159649765],[-75.6606830937864,5.994551525759819],[-75.66137568805537,5.994590544792966],[-75.66190732720021,5.99535142269122],[-75.66223411424812,5.995527009750901],[-75.66277063012105,5.99624399308916],[-75.66343883705625,5.996643940608749],[-75.66388756014915,5.997234108266173],[-75.66442895377628,5.997707219362864],[-75.66542394833006,5.998229105048839],[-75.6658238967892,5.998731479962431],[-75.66632627216842,5.99891681916777],[-75.6669066847144,5.998970470817168],[-75.6684625830919,5.998585154600923],[-75.66898446732242,5.998721723950744],[-75.66960877707182,5.9984680967449755],[-75.67041994319231,5.998612870360599],[-75.67003625234851,5.99946479357523],[-75.66935341334163,5.999510315388054],[-75.66901524509395,5.999939530338309],[-75.66837792907712,6.000414265928189],[-75.66828038042834,6.001142626211934],[-75.6676560703452,6.002482293587055],[-75.66765607010745,6.003197650369738],[-75.66750649573873,6.003841468867926],[-75.66681064989587,6.0051160998226],[-75.66647898517739,6.006241160260833],[-75.66588068811929,6.007639352768096],[-75.66543196539635,6.010039045319062],[-75.66391020901393,6.0128029209756075],[-75.66352001606515,6.0132451376157245],[-75.66204378241211,6.014006016236789],[-75.66063908456756,6.0144222220711825],[-75.66026298065586,6.015627127656608],[-75.66057513613208,6.016135824090529],[-75.66141911072017,6.016806378772262],[-75.66267929179924,6.018621504051021],[-75.66356951163391,6.021049375878692],[-75.66505187909402,6.023360624927253],[-75.66519061493725,6.024149684215742],[-75.66512124687725,6.025077479283784],[-75.66528599557292,6.0265428719048835],[-75.6659189772773,6.027540035572509],[-75.6667340480426,6.0278435180592425],[-75.6676878550378,6.028866692924276],[-75.66790463016436,6.029447650137152],[-75.66795665570281,6.030202024029318],[-75.66895381831498,6.03144197211285],[-75.66897983099294,6.032170333688918],[-75.66864166305902,6.03311546977922],[-75.66884109522942,6.0337484512861455],[-75.66903185606634,6.0339912384015255],[-75.66927464432001,6.035075113148686],[-75.67060997421906,6.036150313116507],[-75.67075737979417,6.03639309934718],[-75.67089611605367,6.037199498262603],[-75.67161580692773,6.037832481197196],[-75.67297714913063,6.0380492542616535],[-75.67334133020836,6.038656222234072],[-75.67369684000178,6.038890338085316],[-75.67398298197008,6.0404511138717965],[-75.67422576997986,6.0407459270582935],[-75.67519691907702,6.04098004339791],[-75.67613698695187,6.040625305569458],[-75.67622965771587,6.041425203628027],[-75.67656132238267,6.041595912654436],[-75.67759045896884,6.040952093429227],[-75.67819281961906,6.041697526135434],[-75.67855700084708,6.042614480633278],[-75.67936990462206,6.043401372162687],[-75.68135989268931,6.044552447227599],[-75.68286214024116,6.045840085355024],[-75.68424082357429,6.04643188008884],[-75.68403272104928,6.046692006897761],[-75.68368805022307,6.047882097995332],[-75.6835254686985,6.048096704187225],[-75.68308975308136,6.0484283710267945],[-75.6823809012452,6.048545428997476],[-75.68177609998818,6.048968140020959],[-75.68007225428435,6.051114203274119],[-75.67726285763229,6.053813043623521],[-75.67453800518103,6.053357818439415],[-75.67393320459054,6.053370825319981],[-75.67244396507655,6.053988631121215],[-75.67174811900406,6.054495884224301],[-75.67155302201571,6.054801536892689],[-75.67170151285572,6.055533147968376],[-75.67166682932839,6.05605341030028],[-75.6724038620586,6.056981201152364],[-75.6723778488251,6.05755348683825],[-75.67209170619212,6.058429253189408],[-75.67260329417682,6.05906223527095],[-75.67262063634209,6.059270340888151],[-75.67245588735551,6.059625848017112],[-75.67143271160266,6.060172119674584],[-75.6712332799315,6.060753074446662],[-75.671051190149,6.060917824061328],[-75.67097315107121,6.061316691116827],[-75.67053093110393,6.06167219795403],[-75.67017542070865,6.062279165682338],[-75.67053960188208,6.062730057667159],[-75.67055694394054,6.063545127648057],[-75.67079973107239,6.063996019239908],[-75.67070435129632,6.0650105242033705],[-75.67078238892712,6.065305335743489],[-75.67159746111494,6.066944150104212],[-75.67112922793872,6.067767892268406],[-75.67112055661593,6.0683748598695715],[-75.67207436513759,6.070282474250432],[-75.67223911290847,6.071019507879969],[-75.67223044186366,6.071383690419791],[-75.67135467365104,6.07287509700052],[-75.67116391205917,6.073828902592825],[-75.67130264802447,6.0749821429653705],[-75.67127663489866,6.076031333430763],[-75.67146739638963,6.076603615547187],[-75.67155410579755,6.077886917596517],[-75.67233449360873,6.0791962351655515],[-75.67314089412537,6.081294613724044],[-75.6739386240676,6.0823958246447924],[-75.67587225089699,6.085612755642578],[-75.67698211099886,6.087985317405118],[-75.6767335947882,6.088493152658578],[-75.67623656522473,6.089109037744314],[-75.67550182428793,6.0897897536909715],[-75.67455098306007,6.090427249969168],[-75.67409717288746,6.090924282097483],[-75.67358933784456,6.091929146122452],[-75.67326518705823,6.093322994018645],[-75.67327599167923,6.093701167848343],[-75.67412958763403,6.094868108965385],[-75.67460500826787,6.096078272354794],[-75.67516686935855,6.098714692132417],[-75.67734981914113,6.102581873672108],[-75.67762939808335,6.103274746959195],[-75.6781277790332,6.105322968168136],[-75.67859577061321,6.106654011303365],[-75.678790261206,6.1080701451482415],[-75.67862008272388,6.108659692210462],[-75.67794544522138,6.109085138946595],[-75.67747137485658,6.109680764739182],[-75.67710670629783,6.1104404917705155],[-75.67627404522021,6.113576646943662],[-75.6763044343418,6.115825437738154],[-75.67622542206288,6.116433223148942],[-75.67600662123662,6.11690121275923],[-75.67493084736964,6.117417825964074],[-75.67376390611852,6.117733873960628],[-75.67249479639534,6.118870346788537],[-75.67160430935569,6.118903645332003],[-75.66998057688994,6.118449564392303],[-75.66893027707718,6.119762918451246],[-75.6686821666546,6.119890054246126],[-75.66806019371573,6.119956237579407],[-75.66702867269083,6.119862247767241],[-75.66650170213445,6.119137362688731],[-75.66629235939327,6.118489592211636],[-75.66624164124893,6.11696939555577],[-75.66596686691652,6.115574503716036],[-75.66501074683326,6.115007649148156],[-75.6640254683512,6.114213006742864],[-75.66381650698473,6.112925077905766],[-75.66351458437116,6.11194353174717],[-75.66258782090054,6.111402763725907],[-75.66187480100061,6.1111485072413325],[-75.66180090059234,6.110237242426594],[-75.66134479941199,6.110153132197949],[-75.66047621016574,6.110283859972842],[-75.66009120877929,6.110156814023295],[-75.6592501981466,6.109735168428573],[-75.65813643729197,6.10884119669231],[-75.65759120521341,6.10863565512042],[-75.6557383067789,6.108583139748998],[-75.65366966901341,6.10889138427407],[-75.65310148228593,6.108418168906412],[-75.65244788829895,6.108378882987344],[-75.65166625858791,6.108743963611749],[-75.65026632938631,6.108707400878827],[-75.65007592055112,6.109259683718165],[-75.64986399518192,6.1095119446267745],[-75.64981672138369,6.110061927131125],[-75.64956227267932,6.110109710772571],[-75.64777614696793,6.109307279246656],[-75.64731927669888,6.109306710082536],[-75.6469599044057,6.109169456715335],[-75.64637688594728,6.1092354206584885],[-75.64575963121382,6.109484355161038],[-75.64603159769237,6.110261702208306],[-75.64606754294631,6.1109027010432815],[-75.64451463019562,6.111057629966442],[-75.64397128069307,6.111250041668091],[-75.6424311066014,6.111020897303027],[-75.64222105937425,6.111173097224815],[-75.64210448654646,6.111306603804083],[-75.64314195136869,6.1116803630638],[-75.64303701069987,6.111860523579476],[-75.64263188214858,6.111868200221847],[-75.6429739466313,6.112177730852189],[-75.64199303873382,6.112096736676019],[-75.64152357457866,6.111896161391237],[-75.64088144194193,6.111932040157269],[-75.63908001559193,6.11152969506006],[-75.63868776332032,6.111711770978874],[-75.6379488167871,6.111486367559792],[-75.63782039676116,6.111236995604664],[-75.63745297588426,6.111217678033658],[-75.63704507901731,6.111491128548208],[-75.63616379978417,6.111745106190853],[-75.63587422626749,6.112248778300157],[-75.63546082527776,6.112628847143677],[-75.63463633749204,6.112895525075102],[-75.63446250070577,6.112556130541185],[-75.63472780340524,6.112204325880455],[-75.63442136742876,6.111403574270494],[-75.63468071634469,6.110875034801445],[-75.6348352825931,6.11084482117102],[-75.63399099060099,6.109755410095302],[-75.63361006496861,6.109594963751963],[-75.63323100371613,6.109144916157707],[-75.63308081333076,6.108679461127642],[-75.63210925663185,6.107119136824802],[-75.63115642644334,6.107013929317111],[-75.62942393356354,6.106029776932072],[-75.629173932627,6.106439593436414],[-75.6278979536435,6.1074505026862225],[-75.62592972529644,6.107301984006789],[-75.62562243137515,6.107432103001393],[-75.62505936299856,6.107926550656266],[-75.62414058617983,6.108381376831667],[-75.62337648618258,6.109207399919485],[-75.62229590702998,6.109512236295002],[-75.621335009055,6.1093195559505675],[-75.61955592727928,6.1100817015927795],[-75.61888929596127,6.10999827473006],[-75.6183723919852,6.110694146686189],[-75.6178556400208,6.111143851107493],[-75.6173322775417,6.1113728925834],[-75.61681830363229,6.1113179121847505],[-75.61546693162609,6.111696473313973],[-75.61455897507095,6.112435414397564],[-75.6141283368618,6.113527665613166],[-75.61336463486478,6.114291346696149],[-75.61290665175358,6.11444315987762],[-75.60983859962863,6.114474949417135],[-75.60892876108277,6.114969862138552],[-75.60784731598405,6.115200957791439],[-75.60700328581892,6.115870305388069],[-75.60617100320026,6.116254399563776],[-75.60585421575894,6.116628847000505],[-75.59966344262607,6.114866199314664],[-75.5987529291691,6.114699886390434],[-75.5981063726032,6.114655297779422],[-75.59711587670616,6.114768481285407],[-75.59577308236871,6.1151975030588],[-75.59550963676178,6.115051145268945],[-75.59454388154651,6.113985598687434],[-75.59271987125804,6.1134737589181105],[-75.59147284299821,6.11296192273336],[-75.5903188766143,6.112729265179116],[-75.5894790637612,6.1120196097470885],[-75.58667061225651,6.11144273903868],[-75.58475782811051,6.110281406831449],[-75.5828374537191,6.110015740826687]]]}},{"type":"Feature","properties":{"MpCodigo":"05631","MpNombre":"Sabaneta"},"geometry":{"type":"Polygon","coordinates":[[[-75.60510222705628,6.163211971451099],[-75.60196478128967,6.1601196830915566],[-75.60320239119443,6.159527422151979],[-75.60439445276052,6.157701566574748],[-75.60406277712865,6.1574881133837325],[-75.60375080536885,6.156972537388306],[-75.60337551317203,6.155148622745573],[-75.60307144471872,6.154742348821589],[-75.60182971535357,6.153678769358638],[-75.60004654790664,6.153199318641275],[-75.59889060968035,6.152480142131461],[-75.59825024682068,6.150926847332434],[-75.59735702194686,6.149984366903206],[-75.59696295167966,6.148992621037003],[-75.59657636202509,6.14844484554789],[-75.59710744394181,6.148401518586723],[-75.597284776393,6.148122382957037],[-75.59728149190391,6.1478728055609055],[-75.59693339743951,6.147222591150095],[-75.59678561970266,6.146585511558961],[-75.59690055690704,6.146188157028052],[-75.59717312177348,6.14583349438711],[-75.59717640636997,6.145439424683694],[-75.5967921883171,6.145209550337559],[-75.59605002315277,6.145104468287646],[-75.5937742695926,6.145268661399247],[-75.59190572186162,6.1451044681705715],[-75.59118654402111,6.144930418144209],[-75.5907990423627,6.144592175830954],[-75.59076291938025,6.1441225740419885],[-75.59105518756965,6.143698948606056],[-75.59123251923411,6.143143967966436],[-75.59098950858689,6.141745018866092],[-75.59115042113413,6.14007350768969],[-75.59138029456359,6.138901149367897],[-75.59227023705525,6.137127834919024],[-75.59261717596915,6.134269307686516],[-75.59238511269783,6.132425935626318],[-75.59106278899664,6.129277758405584],[-75.59009512891102,6.1284983736520156],[-75.5894733742588,6.127675205250186],[-75.58937266773371,6.126112062122438],[-75.58882096978253,6.123765155825775],[-75.58855387783446,6.121654693096529],[-75.58861517831072,6.1208972053880695],[-75.58881659140822,6.120354264645954],[-75.58963975911838,6.118156231312375],[-75.59087889043809,6.115406497045938],[-75.59090953960153,6.114539545984007],[-75.5903188766143,6.112729265179116],[-75.59147284299821,6.11296192273336],[-75.59271987125804,6.1134737589181105],[-75.59454388154651,6.113985598687434],[-75.59550963676178,6.115051145268945],[-75.59577308236871,6.1151975030588],[-75.59711587670616,6.114768481285407],[-75.5981063726032,6.114655297779422],[-75.5987529291691,6.114699886390434],[-75.59945545358256,6.114809982794087],[-75.60570780617714,6.116534329278059],[-75.60690055892275,6.1173278748423305],[-75.60709570304594,6.117562044625509],[-75.60745476819716,6.118795353854972],[-75.60828217774096,6.1204345631720996],[-75.61005408404444,6.1215742046161505],[-75.61150595467548,6.123065102433065],[-75.61250509067435,6.123697370313873],[-75.6126924300844,6.124056435302476],[-75.61284073860976,6.124899454320796],[-75.61346519898255,6.1260078723543545],[-75.61619721374986,6.126718197217843],[-75.6178286164336,6.127678302580419],[-75.61843876602656,6.127671799412536],[-75.61918811916213,6.127307529624991],[-75.61973972626814,6.127349161327465],[-75.62040581706637,6.127848728906003],[-75.62179003688945,6.129482735926757],[-75.6222167518952,6.130180048201633],[-75.62360097197468,6.130731658280733],[-75.62400687191477,6.131023072399256],[-75.62497478523017,6.131439376274923],[-75.62547435380715,6.131834868226938],[-75.62733732671134,6.1340725181405515],[-75.6281179032395,6.136226906064573],[-75.62815953366415,6.136924222116841],[-75.62716202294133,6.1386216497268],[-75.62714446016095,6.139037303359522],[-75.62744888520255,6.139388563555024],[-75.62841484743657,6.139874470727029],[-75.62886562932341,6.14183566683356],[-75.62859047553988,6.143234848929891],[-75.62933397356862,6.144189101691955],[-75.6296325448419,6.145061397239002],[-75.62963254484356,6.145605848090143],[-75.63014772422041,6.14670060426472],[-75.63104343510456,6.147912447964304],[-75.6323723649706,6.148966223550794],[-75.634011573017,6.149785827839774],[-75.6339530299007,6.150617140860045],[-75.63377154626136,6.151009380826642],[-75.63350810181701,6.151331368304124],[-75.63296950495818,6.151694335653792],[-75.63207964891585,6.15203388784684],[-75.63008332743391,6.15250808656247],[-75.62893588080524,6.152549066135442],[-75.62796991931462,6.1528008021407175],[-75.62699810203617,6.152865199568479],[-75.62652975692424,6.153239875363648],[-75.62517740998507,6.153643823303342],[-75.62407679826624,6.154194129671332],[-75.62287154077491,6.155642340066965],[-75.62259492421329,6.155826750660461],[-75.62156310128954,6.156103367589225],[-75.62050493294262,6.156195573314162],[-75.6195082355978,6.156595131897155],[-75.61812076270724,6.156718071204244],[-75.6176641260273,6.15690248409923],[-75.61568390354913,6.158944174721019],[-75.61458621977273,6.159431547401553],[-75.61373002594686,6.160142846427171],[-75.6122196118432,6.160652174127775],[-75.61101654961696,6.161705948939516],[-75.6094841832701,6.162188930873551],[-75.60798255112745,6.162079161346134],[-75.60622625642398,6.162641178254657],[-75.60510222705628,6.163211971451099]]]}},{"type":"Feature","properties":{"MpCodigo":"05380","MpNombre":"La Estrella"},"geometry":{"type":"Polygon","coordinates":[[[-75.65483505969496,6.171897855090659],[-75.65376291742842,6.171728137152443],[-75.65284807787252,6.170912642688816],[-75.65215677399564,6.170598037861607],[-75.65190012176464,6.170734642738153],[-75.6516062143858,6.171355574963776],[-75.65098114322619,6.171583251797133],[-75.64878718404363,6.171641206257765],[-75.64764479162574,6.17152215060053],[-75.64747326023745,6.17096672199536],[-75.64689043771733,6.1699294103292806],[-75.64610011443962,6.169914574767639],[-75.64601092919875,6.169231857071515],[-75.64621105597733,6.168694831929362],[-75.6459105613177,6.168377351336272],[-75.64541830678017,6.165571731320663],[-75.64430978466726,6.165686386092685],[-75.6439392639645,6.165101963766184],[-75.64349118319105,6.164930193973799],[-75.6433166856931,6.164609363883783],[-75.64249373956184,6.164433035064477],[-75.64131143983396,6.164383427968104],[-75.64085537457998,6.164547125787112],[-75.64026787737556,6.164211508654858],[-75.63965485272826,6.1644234963405315],[-75.63947584727374,6.164338814552019],[-75.63910108554704,6.16381993869413],[-75.63887589460352,6.163789527344986],[-75.63708072617635,6.163950155304692],[-75.63683299026144,6.164173580688779],[-75.6362816708022,6.164250656099219],[-75.63616190875341,6.1643858305547585],[-75.63606145668881,6.164141298355232],[-75.63625119611267,6.164031678618544],[-75.6362541711702,6.163548662439643],[-75.63611152104511,6.163226854921857],[-75.63570689540848,6.163138520558537],[-75.63547143785883,6.1629129600548795],[-75.63567153707204,6.162318759879953],[-75.63559845833082,6.162182018916175],[-75.6337487219592,6.16136289231628],[-75.63207929275622,6.1607801805966815],[-75.63108422307806,6.1611619881645625],[-75.63030243256716,6.160913418433433],[-75.6295063146714,6.160928474295688],[-75.62779877184114,6.160285353102822],[-75.6266571900249,6.160739960240332],[-75.62499824099977,6.160796051670624],[-75.6249491521382,6.160533737774796],[-75.625310216793,6.159176317939725],[-75.62521986572037,6.159044940768419],[-75.62534240238224,6.158508978851759],[-75.62533310824139,6.158377522619705],[-75.62524362428647,6.158351777214737],[-75.62520183060484,6.15847040510366],[-75.62508648130078,6.158413644128586],[-75.62517439414238,6.158159764094464],[-75.62530497293328,6.1582195021836625],[-75.62559038509193,6.156731233744455],[-75.6252932272808,6.156253085381858],[-75.62534806087788,6.15534809716971],[-75.62526696718288,6.1553697993628065],[-75.624990792287,6.154672984586631],[-75.62454244558361,6.15409188363532],[-75.62434576532928,6.15402646162606],[-75.62517740998507,6.153643823303342],[-75.62652975692424,6.153239875363648],[-75.62699810203617,6.152865199568479],[-75.62796991931462,6.1528008021407175],[-75.62893588080524,6.152549066135442],[-75.63008332743391,6.15250808656247],[-75.63249530524156,6.151905091256865],[-75.63350810181701,6.151331368304124],[-75.6339530299007,6.150617140860045],[-75.63401157275526,6.150224901717728],[-75.634011573017,6.149785827839774],[-75.6323723649706,6.148966223550794],[-75.63104343510456,6.147912447964304],[-75.63051654572355,6.147315307113321],[-75.62963254484356,6.145605848090143],[-75.6296325448419,6.145061397239002],[-75.62933397356862,6.144189101691955],[-75.62859047553988,6.143234848929891],[-75.62886562932341,6.14183566683356],[-75.62850851628002,6.140137917004402],[-75.62832117789061,6.139751531421859],[-75.62744888520255,6.139388563555024],[-75.62714446016095,6.139037303359522],[-75.62716202294133,6.1386216497268],[-75.62815953366415,6.136924222116841],[-75.6281179032395,6.136226906064573],[-75.62754548138061,6.134457601606717],[-75.62733732671134,6.1340725181405515],[-75.62547435380715,6.131834868226938],[-75.62497478523017,6.131439376274923],[-75.62400687191477,6.131023072399256],[-75.62360097197468,6.130731658280733],[-75.6222167518952,6.130180048201633],[-75.62179003688945,6.129482735926757],[-75.62002073261189,6.127515684068836],[-75.61944831112287,6.127276307335524],[-75.61886548064012,6.127422014424095],[-75.61843876602656,6.127671799412536],[-75.6178286164336,6.127678302580419],[-75.61619721374986,6.126718197217843],[-75.61346519898255,6.1260078723543545],[-75.61284073860976,6.124899454320796],[-75.6126924300844,6.124056435302476],[-75.61250509067435,6.123697370313873],[-75.61150595467548,6.123065102433065],[-75.61005408404444,6.1215742046161505],[-75.60828217774096,6.1204345631720996],[-75.60745476819716,6.118795353854972],[-75.60709570304594,6.117562044625509],[-75.60585421575894,6.116628847000505],[-75.60617100320026,6.116254399563776],[-75.60700328581892,6.115870305388069],[-75.60799983830064,6.115125380071981],[-75.60892876108277,6.114969862138552],[-75.60989291815689,6.114459247593484],[-75.61290665175358,6.11444315987762],[-75.61336463486478,6.114291346696149],[-75.6141283368618,6.113527665613166],[-75.61455897507095,6.112435414397564],[-75.61546693162609,6.111696473313973],[-75.61681830363229,6.1113179121847505],[-75.6173322775417,6.1113728925834],[-75.6178556400208,6.111143851107493],[-75.6183723919852,6.110694146686189],[-75.61888929596127,6.10999827473006],[-75.61955592727928,6.1100817015927795],[-75.621335009055,6.1093195559505675],[-75.62229590702998,6.109512236295002],[-75.62337648618258,6.109207399919485],[-75.62414058617983,6.108381376831667],[-75.62505936299856,6.107926550656266],[-75.62562243137515,6.107432103001393],[-75.62592972529644,6.107301984006789],[-75.6278979536435,6.1074505026862225],[-75.629173932627,6.106439593436414],[-75.62942393356354,6.106029776932072],[-75.63115642644334,6.107013929317111],[-75.63210925663185,6.107119136824802],[-75.63308081333076,6.108679461127642],[-75.63323100371613,6.109144916157707],[-75.63361006496861,6.109594963751963],[-75.63399099060099,6.109755410095302],[-75.6348352825931,6.11084482117102],[-75.63468071634469,6.110875034801445],[-75.63442136742876,6.111403574270494],[-75.63472780340524,6.112204325880455],[-75.63446250070577,6.112556130541185],[-75.63463633749204,6.112895525075102],[-75.63546082527776,6.112628847143677],[-75.63587422626749,6.112248778300157],[-75.63616379978417,6.111745106190853],[-75.63704507901731,6.111491128548208],[-75.63745297588426,6.111217678033658],[-75.63782039676116,6.111236995604664],[-75.6379488167871,6.111486367559792],[-75.63868776332032,6.111711770978874],[-75.63908001559193,6.11152969506006],[-75.64088144194193,6.111932040157269],[-75.64152357457866,6.111896161391237],[-75.64199303873382,6.112096736676019],[-75.6429739466313,6.112177730852189],[-75.64263188214858,6.111868200221847],[-75.64303701069987,6.111860523579476],[-75.64314195136869,6.1116803630638],[-75.64210448654646,6.111306603804083],[-75.64222105937425,6.111173097224815],[-75.6424311066014,6.111020897303027],[-75.64397128069307,6.111250041668091],[-75.64451463019562,6.111057629966442],[-75.64606754294631,6.1109027010432815],[-75.64603159769237,6.110261702208306],[-75.64575963121382,6.109484355161038],[-75.64637688594728,6.1092354206584885],[-75.6469599044057,6.109169456715335],[-75.64731927669888,6.109306710082536],[-75.64777614696793,6.109307279246656],[-75.64956227267932,6.110109710772571],[-75.64981672138369,6.110061927131125],[-75.64986399518192,6.1095119446267745],[-75.65007592055112,6.109259683718165],[-75.65026632938631,6.108707400878827],[-75.65166625858791,6.108743963611749],[-75.65244788829895,6.108378882987344],[-75.65310148228593,6.108418168906412],[-75.65366966901341,6.10889138427407],[-75.6557383067789,6.108583139748998],[-75.65759120521341,6.10863565512042],[-75.65813643729197,6.10884119669231],[-75.6592501981466,6.109735168428573],[-75.66009120877929,6.110156814023295],[-75.66047621016574,6.110283859972842],[-75.66134479941199,6.110153132197949],[-75.66180090059234,6.110237242426594],[-75.66187480100061,6.1111485072413325],[-75.66258782090054,6.111402763725907],[-75.66351458437116,6.11194353174717],[-75.66381650698473,6.112925077905766],[-75.6640254683512,6.114213006742864],[-75.66501074683326,6.115007649148156],[-75.66596686691652,6.115574503716036],[-75.66624164124893,6.11696939555577],[-75.66629235939327,6.118489592211636],[-75.66650170213445,6.119137362688731],[-75.66702867269083,6.119862247767241],[-75.66806019371573,6.119956237579407],[-75.6686821666546,6.119890054246126],[-75.66893027707718,6.119762918451246],[-75.66998057688994,6.118449564392303],[-75.67160430935569,6.118903645332003],[-75.67249479639534,6.118870346788537],[-75.67369354831722,6.124733240617926],[-75.67403904015222,6.125581265244737],[-75.67463056378276,6.126596802254073],[-75.67474572837452,6.12866975296599],[-75.67507028116631,6.130747939437225],[-75.67524310932002,6.131092942364956],[-75.67605972571748,6.131857211920583],[-75.67754638782085,6.134034857856385],[-75.67834206580531,6.13492999405685],[-75.6783420663829,6.135390648686434],[-75.67804892074518,6.136416655714047],[-75.67777148118527,6.138102237005919],[-75.6773945810523,6.138981671598768],[-75.67700197561174,6.139541787323668],[-75.67697056768243,6.139840165630653],[-75.67721136506778,6.140525916287918],[-75.67809079859946,6.1412797148224785],[-75.67930525541237,6.1419026480402295],[-75.67948323597363,6.14230572206057],[-75.67940471525154,6.143028113606765],[-75.67839964842719,6.144891675553328],[-75.67799133929081,6.14537850471203],[-75.67787617501408,6.145823456987423],[-75.6783106581697,6.147367700591008],[-75.67820072755059,6.14940924636905],[-75.67797069074525,6.150384357317229],[-75.67810097790523,6.15067284823698],[-75.67898506500354,6.151426651086099],[-75.67920841323033,6.15181750978864],[-75.67939453730114,6.152701594591995],[-75.67926774041395,6.15383345898019],[-75.67956786443266,6.15529220334907],[-75.67958182282462,6.156806786357147],[-75.67912814718812,6.1624672681034465],[-75.67947103423187,6.163823275302669],[-75.67791923443701,6.165353924419032],[-75.67689814600291,6.166088005198362],[-75.67640139975127,6.166744810841387],[-75.67543550681299,6.167092534196139],[-75.67499878507348,6.167439565307534],[-75.67455999303927,6.167596871167837],[-75.67344231574181,6.167650681977967],[-75.6722873820523,6.16716221624118],[-75.67190654390906,6.166831054321807],[-75.67109519266167,6.1657382118658495],[-75.66980365471646,6.164616394882667],[-75.66799881429236,6.165100725069804],[-75.6673861609851,6.165419466885206],[-75.66633471600112,6.165721653832018],[-75.66325075525296,6.1672698473561915],[-75.66198819443257,6.1683958004199795],[-75.66085809754767,6.1700640404125915],[-75.66014609603867,6.170618735550574],[-75.6597238632335,6.170701526893953],[-75.65938442042643,6.170424178966815],[-75.65917744280821,6.170391064311229],[-75.65798525415913,6.171173435754581],[-75.65724013460134,6.171479760668951],[-75.65598585287783,6.171781947612676],[-75.65483505969496,6.171897855090659]]]}},{"type":"Feature","properties":{"MpCodigo":"05266","MpNombre":"Envigado"},"geometry":{"type":"Polygon","coordinates":[[[-75.52681974825798,6.196591953735341],[-75.52602444969739,6.196072797001816],[-75.52380047056333,6.196323683003046],[-75.52168689381267,6.196222154858104],[-75.51947401064452,6.196446799155235],[-75.51826222310497,6.196222368358511],[-75.51568447419423,6.195197119897194],[-75.5120084114201,6.194113019388201],[-75.51046022718313,6.193504312650548],[-75.50988789024257,6.193352419341669],[-75.50863056221199,6.193347211442251],[-75.50732686169968,6.192143191884369],[-75.5068871649382,6.191378616010768],[-75.50653847321958,6.191316905408774],[-75.50608345197135,6.190945031851723],[-75.5040907932089,6.191113109949254],[-75.50225378165835,6.190099394982817],[-75.50210613591535,6.189862590981991],[-75.5006064738086,6.189834427880478],[-75.4984604666266,6.190012995612151],[-75.49818516092486,6.190526112255699],[-75.49832529432184,6.19152202757421],[-75.49809719199126,6.191990272029416],[-75.49753713219765,6.191943584725335],[-75.49724383123214,6.192212943569287],[-75.49696898089029,6.192287624969828],[-75.4948266927943,6.191923690912708],[-75.49329621102613,6.191201143045729],[-75.49117082433857,6.191032131048262],[-75.49106858941194,6.191158411389611],[-75.48943557973628,6.191173715042879],[-75.48672714251599,6.190719002762681],[-75.48647449328219,6.19053946899318],[-75.48572714656498,6.19079316468794],[-75.48534436083224,6.190647771280611],[-75.48508948304469,6.19085170474398],[-75.48473417578771,6.190933051751286],[-75.48457132078467,6.190216452664783],[-75.48415136703831,6.189576397196172],[-75.48406917492323,6.188210530090437],[-75.48380674478827,6.188148269602319],[-75.48310009486606,6.187651796727545],[-75.48317900165891,6.186846713034046],[-75.48258122687699,6.18629803526776],[-75.48181175086945,6.185861623825315],[-75.48125947421835,6.185135360363524],[-75.48144141442339,6.184730704367122],[-75.48194290054323,6.1845206479403485],[-75.4822658904361,6.184169047609556],[-75.48252496294272,6.183351147057443],[-75.48284204592835,6.183060274691408],[-75.48377401441769,6.183113698571102],[-75.48421246425694,6.182333486442762],[-75.48470748763319,6.182010015046921],[-75.48519931529306,6.18186518518081],[-75.48539511285588,6.1816581960953565],[-75.48522712674578,6.180305906143399],[-75.48493662614116,6.179817453244536],[-75.48432505117407,6.179327558670363],[-75.48422278287251,6.178610677154086],[-75.48400694570138,6.178101734097779],[-75.48393975771913,6.17727355086894],[-75.48433209901486,6.176553129547807],[-75.48230594939447,6.1756453627434755],[-75.48170391864217,6.175105868250714],[-75.47997351418717,6.174342485601762],[-75.47982218795174,6.173559758893695],[-75.4798333938807,6.172668251444089],[-75.47939413978568,6.172709588531973],[-75.47888271807507,6.171828586956243],[-75.47809013818318,6.171796647389535],[-75.47765183454379,6.1719991207624485],[-75.47686796781379,6.17179915735144],[-75.47608914379445,6.17180567324039],[-75.47542070065772,6.171128930386322],[-75.4748924510451,6.170925651303215],[-75.4744007137734,6.170236493163565],[-75.47399674460617,6.17003111234934],[-75.47382389151754,6.169802458193213],[-75.47367183084062,6.168795441404954],[-75.47398385193495,6.168076943770933],[-75.47401859828243,6.166355511253665],[-75.47328831495972,6.165680521949399],[-75.4742685851765,6.16435972478069],[-75.47416575870206,6.163562716850417],[-75.47450017805849,6.163193552878314],[-75.47466111575042,6.162061542912013],[-75.47482549004728,6.161989393654307],[-75.47466419379198,6.1619732908637515],[-75.47461078315648,6.161546208082048],[-75.47492328010844,6.160799598511464],[-75.47453346134053,6.159670280050127],[-75.47456094805982,6.158971260260675],[-75.47473018712282,6.158790861014412],[-75.47528137336228,6.158564444947334],[-75.47564301328804,6.158151373352855],[-75.47619918328132,6.157955791613934],[-75.47726005156386,6.158252859888972],[-75.47787691506082,6.158129102972885],[-75.47831865894247,6.158211268029301],[-75.47993627681247,6.158773624872375],[-75.48094446143831,6.1587054004147905],[-75.48110703905557,6.158860014839605],[-75.48161571214854,6.158669954498874],[-75.4824855107601,6.158735378567631],[-75.48274147202021,6.158997789251924],[-75.48304258455684,6.158981110635177],[-75.48395864484652,6.15927840081565],[-75.48425012474154,6.159849505168081],[-75.48503052726133,6.160379212189193],[-75.4857896368499,6.160427320174836],[-75.4861702343518,6.160882108248286],[-75.48740781762842,6.161164182073609],[-75.48761538985566,6.161054369139642],[-75.487566019241,6.160902195989472],[-75.48792410986324,6.1601554710167195],[-75.4883113873478,6.159725823647378],[-75.48840342505663,6.158978769982757],[-75.49011395900399,6.158122509256928],[-75.4904383370382,6.15818809686405],[-75.49090629829595,6.158023017379699],[-75.49118869474329,6.157723291632547],[-75.49181063989222,6.15614423591483],[-75.49266648508501,6.155808308253429],[-75.49338326269361,6.155750200137216],[-75.49397186278911,6.155118393083028],[-75.49436074203176,6.154872200066718],[-75.49588575101575,6.154576085364253],[-75.49610133837407,6.154425865079256],[-75.49636392526514,6.154563523255225],[-75.49692660322228,6.154438262502056],[-75.49717589559835,6.154041867588521],[-75.49752616634078,6.153899666667307],[-75.49749133692906,6.153205793664256],[-75.4976808659408,6.152972484027971],[-75.4984832305821,6.152954647659839],[-75.49919137728398,6.153258917126065],[-75.49974377830543,6.153321485402175],[-75.49980582822612,6.1543717951578225],[-75.49996092182707,6.154463227782647],[-75.50020521769684,6.154947757430811],[-75.5005004186737,6.154957051136715],[-75.50072574247676,6.1550972509803],[-75.50121933920353,6.154810716118276],[-75.50201228780863,6.154815681053154],[-75.50305221951866,6.154370655002035],[-75.50400467696593,6.154443570020408],[-75.50439970838666,6.154204528935435],[-75.50600555787888,6.154471584151486],[-75.50647377105285,6.1546546971347595],[-75.5072072516419,6.154679283165843],[-75.50757077023553,6.154961020964742],[-75.50774420399343,6.154669951808694],[-75.5080311802123,6.154746677038551],[-75.50877496675548,6.1546040457942395],[-75.50891823502172,6.153176782367949],[-75.50884152980302,6.150610960096264],[-75.5087798663052,6.150207121817432],[-75.50843707345307,6.150016271446449],[-75.50890869855067,6.1497981861212505],[-75.50914817400862,6.150070092806589],[-75.51056899443986,6.1508712492707565],[-75.5119102701632,6.151030660419888],[-75.51479110385557,6.150497301983987],[-75.51535299979022,6.150557999684899],[-75.51580600003939,6.150181999994661],[-75.51591300055692,6.149934999868926],[-75.51660592267451,6.149783221381969],[-75.51730247967419,6.148888004819995],[-75.51727467483043,6.148192754795147],[-75.51800189277388,6.146775769942222],[-75.51663116781667,6.145450358645117],[-75.51576663665853,6.145024962383638],[-75.51528626661597,6.144280249700809],[-75.51524877871258,6.14386346132635],[-75.51480628251286,6.14300778596602],[-75.51493575694778,6.142684093443067],[-75.51561626729297,6.142227987002413],[-75.51625344935775,6.142050429875441],[-75.51620729574512,6.1412016678709795],[-75.51708132787019,6.14083976472531],[-75.51717321194427,6.140537345400316],[-75.51733122149707,6.140432576044614],[-75.51743646412899,6.140607574189451],[-75.51761239837789,6.1406300626181265],[-75.51803573936445,6.140238588433769],[-75.519190233824,6.140181431968154],[-75.51942988389945,6.1402611512468015],[-75.51969892177527,6.140606278198295],[-75.51991683524463,6.140599952369935],[-75.51991634619287,6.139883856704514],[-75.52012397671785,6.139785714468304],[-75.52063600035015,6.139843000449177],[-75.52111911393953,6.138578733614054],[-75.52113190308908,6.138129357021533],[-75.52134824490278,6.137884443623556],[-75.52159431018272,6.137817113603141],[-75.52151976852268,6.13759965331076],[-75.52186074565256,6.137492587991353],[-75.52175324086417,6.137056597258787],[-75.52241442975878,6.1365005990721535],[-75.52278387534382,6.136330286757358],[-75.52331917693114,6.135334776315633],[-75.52346386928969,6.135410021816059],[-75.52372271078644,6.13629487316544],[-75.52395303653945,6.13633085342272],[-75.52389313594375,6.136132681144841],[-75.52417347481179,6.135648130838453],[-75.52408717225074,6.1350333488133115],[-75.5241932182592,6.134154265268184],[-75.52418346034271,6.133724068468525],[-75.5239314189758,6.132914752796491],[-75.52471163128583,6.132714990609022],[-75.52707199091954,6.134505226091162],[-75.52764869209706,6.134455076686994],[-75.52818785618385,6.134217605097899],[-75.52860690182317,6.134361965524419],[-75.52903833304836,6.134310788470938],[-75.52929567532436,6.13446838631507],[-75.52954507033454,6.134960334298203],[-75.5300687038288,6.1350719615573235],[-75.5304016317096,6.134453192766653],[-75.53067726684239,6.134237826396614],[-75.53153706192626,6.134163545477928],[-75.53165263037536,6.133955149730117],[-75.53399335485157,6.132327364156517],[-75.53436230584732,6.131800176748668],[-75.5343076235352,6.131240802974372],[-75.53457416934937,6.1303999750562],[-75.53456442354363,6.1301100015087275],[-75.53482897590106,6.129949006446895],[-75.53516612664876,6.130141678102613],[-75.53547027990626,6.130118654611239],[-75.53620614945572,6.129757668583908],[-75.53590933912344,6.129599372932011],[-75.53620546568523,6.129179790436148],[-75.53594792336733,6.129177207674446],[-75.5355685809462,6.12891450051454],[-75.53551440422665,6.128590045501982],[-75.53518751359869,6.128423430687999],[-75.53560806069235,6.128388850088335],[-75.5356819874251,6.12825747997282],[-75.53554512972103,6.127895392574737],[-75.535984134391,6.127668087711471],[-75.53611781559094,6.127394602249552],[-75.53663652940769,6.12736530502797],[-75.53697515633385,6.127195756041768],[-75.53684058362825,6.126805337818279],[-75.53706807478943,6.126398782507522],[-75.53727044265753,6.126345961756921],[-75.53768330454714,6.126662250142587],[-75.53792490756422,6.1271997382797245],[-75.53857523125842,6.127779166915525],[-75.53869490322887,6.128291872187469],[-75.53897140575403,6.128481264617935],[-75.5393712649736,6.128486566579748],[-75.53938227874816,6.128990069747785],[-75.53982430529277,6.129256218398725],[-75.53984080203034,6.129421310315975],[-75.54002924013395,6.129556612882254],[-75.54029677755972,6.13061810085146],[-75.54138379685264,6.130869154374937],[-75.54162742400425,6.131178462131175],[-75.54201757288084,6.131238625584677],[-75.5424439354086,6.132130962677106],[-75.54322320176247,6.131434915401129],[-75.54337833739804,6.130533669650122],[-75.54332980101323,6.130043331148051],[-75.54318086468176,6.129776584410036],[-75.5432306314831,6.129428082020982],[-75.54354794897576,6.129153732471117],[-75.54358511199786,6.1287613844701525],[-75.5432850201491,6.127660603896255],[-75.54285372541393,6.127469905324664],[-75.54298880435185,6.127266615545098],[-75.54281251417606,6.126616445164761],[-75.54293664305507,6.125447434494047],[-75.54318557187894,6.1246557812093325],[-75.54334630536015,6.124472499154279],[-75.54326875870704,6.123948269811863],[-75.5431531981126,6.123662644357817],[-75.54297286955938,6.123625480653568],[-75.54293665013657,6.123237399906658],[-75.5431391357905,6.121397579149321],[-75.54302754183335,6.120995514623097],[-75.54266347009953,6.120963118107375],[-75.54250798849888,6.120198660125541],[-75.54239497640974,6.120162124251876],[-75.54233435718342,6.119599202782079],[-75.54240974498948,6.11876625710607],[-75.54276043730904,6.118390578312416],[-75.54298797713618,6.116485966135194],[-75.54325991508927,6.116037979999977],[-75.54384475954492,6.115839628954826],[-75.54412080700335,6.115586022946976],[-75.54567138716715,6.115580031913879],[-75.54621013849894,6.115201772170984],[-75.54599840268783,6.114697461874319],[-75.54646653916812,6.114280798622082],[-75.54669373782495,6.112653338562105],[-75.54696957470877,6.112155238191344],[-75.54694147602974,6.1119334130747145],[-75.54658322756733,6.111936325471329],[-75.54660461738396,6.111641085136586],[-75.54678520455822,6.111212284491372],[-75.54705736704945,6.110938785658168],[-75.54732125032388,6.109959334027279],[-75.54870318267595,6.108850319828182],[-75.5489874634779,6.108277864797917],[-75.54888879239208,6.10801758560661],[-75.5491011231011,6.107187750909036],[-75.54920062523,6.107051644660471],[-75.54963769132607,6.106977615193982],[-75.54957234578451,6.106561566466572],[-75.55031686492268,6.106238919901768],[-75.55077029090074,6.105400258384635],[-75.55099155816474,6.105408970594649],[-75.55119432018489,6.105564500010068],[-75.55184768211896,6.105291367764059],[-75.55210651096704,6.104942539245849],[-75.55298188520644,6.104444016650841],[-75.55350540702624,6.1047152472761645],[-75.55380333167375,6.104562462860369],[-75.55477444957454,6.104604426418378],[-75.55505602898415,6.104524154234631],[-75.55524656970806,6.104324088280818],[-75.5555399046151,6.104367656856222],[-75.55578919167274,6.1047370398133],[-75.55626103416441,6.104805660454383],[-75.55650928089531,6.10458679666481],[-75.556696360775,6.1047395799150905],[-75.55708918572626,6.104755487276363],[-75.55807648292478,6.104368059608623],[-75.55865166037394,6.104436052927774],[-75.55901397493827,6.104282848802348],[-75.5593806017385,6.10443806309212],[-75.55972031741908,6.105064283262244],[-75.56075785451642,6.105636106148589],[-75.56153762227687,6.1057674437338765],[-75.56201404768636,6.105534645813523],[-75.5632240395845,6.105741581615623],[-75.56356335580858,6.105540148330776],[-75.56382831986402,6.105594424109226],[-75.5640960000849,6.105436703549028],[-75.56446975824801,6.106057303224623],[-75.56487222805474,6.106071187460555],[-75.56526910126986,6.106417051359425],[-75.5653333380088,6.106157962141729],[-75.56555429213711,6.106031130826241],[-75.56611512195279,6.105945294260885],[-75.56601738824936,6.1052158670304735],[-75.56620797420004,6.10473720444674],[-75.5662387644568,6.104112146997615],[-75.56664721829407,6.103223957666938],[-75.56704782293734,6.102589731658258],[-75.56745690476986,6.10221161132138],[-75.56761453342011,6.102168665908858],[-75.56803716140874,6.102419985136405],[-75.56820765020076,6.102372492042006],[-75.56823911126872,6.102242749608339],[-75.56799039174358,6.101886091590233],[-75.56805760017251,6.101402891993413],[-75.56884377230502,6.1004128534792414],[-75.56919245431612,6.100308310414066],[-75.56983437168158,6.100391006794444],[-75.5726159834118,6.101222804325368],[-75.57343638064928,6.102204195869625],[-75.57497645862414,6.104824286025885],[-75.575790277217,6.106457733556908],[-75.57643243282398,6.107237267822245],[-75.57687503359597,6.10758028319795],[-75.5806741869988,6.109772851139855],[-75.58162298815908,6.109992969926338],[-75.5828374537191,6.110015740826687],[-75.58475782811051,6.110281406831449],[-75.58667061225651,6.11144273903868],[-75.5894790637612,6.1120196097470885],[-75.5903188766143,6.112729265179116],[-75.59090953960153,6.114539545984007],[-75.59087889043809,6.115406497045938],[-75.58963975911838,6.118156231312375],[-75.58881659140822,6.120354264645954],[-75.58861517831072,6.1208972053880695],[-75.58855387783446,6.121654693096529],[-75.58882096978253,6.123765155825775],[-75.58937266773371,6.126112062122438],[-75.5894733742588,6.127675205250186],[-75.59009512891102,6.1284983736520156],[-75.59106278899664,6.129277758405584],[-75.59238511269783,6.132425935626318],[-75.59261717596915,6.134269307686516],[-75.59227023705525,6.137127834919024],[-75.59138029456359,6.138901149367897],[-75.59115042113413,6.14007350768969],[-75.59098950858689,6.141745018866092],[-75.59123251923411,6.143143967966436],[-75.59105518756965,6.143698948606056],[-75.59076291938025,6.1441225740419885],[-75.5907990423627,6.144592175830954],[-75.59118654402111,6.144930418144209],[-75.59190572186162,6.1451044681705715],[-75.5937742695926,6.145268661399247],[-75.59605002315277,6.145104468287646],[-75.59703848237561,6.14528507958716],[-75.59717640636997,6.145439424683694],[-75.59717312177348,6.14583349438711],[-75.59681189214788,6.146372057370624],[-75.59680860826184,6.146877781364198],[-75.59719610991388,6.147619944125495],[-75.597284776393,6.148122382957037],[-75.59710744394181,6.148401518586723],[-75.59655246193238,6.148385098388173],[-75.59696295167966,6.148992621037003],[-75.59735702194686,6.149984366903206],[-75.59825024682068,6.150926847332434],[-75.59889060968035,6.152480142131461],[-75.60004654790664,6.153199318641275],[-75.60182971535357,6.153678769358638],[-75.60307144471872,6.154742348821589],[-75.60337551317203,6.155148622745573],[-75.60375080536885,6.156972537388306],[-75.60406277712865,6.1574881133837325],[-75.60439445276052,6.157701566574748],[-75.60320239119443,6.159527422151979],[-75.60196478128967,6.1601196830915566],[-75.60510222705628,6.163211971451099],[-75.60419633005745,6.163877916347886],[-75.60382115478303,6.164330511072809],[-75.60356508328447,6.164896247569448],[-75.60268967460188,6.168028661849893],[-75.60248720000139,6.16917800929319],[-75.6020961872724,6.170179155889694],[-75.60053986271951,6.171869739069471],[-75.59556730533356,6.175538119380311],[-75.59438818435667,6.176645779946259],[-75.59301254161734,6.177723661659614],[-75.5920418508588,6.179009975261399],[-75.58955259458811,6.182940379913442],[-75.58872482672389,6.184042084343967],[-75.5871764858065,6.185459411555636],[-75.5849790327064,6.187031574041001],[-75.58421677210707,6.187704510236964],[-75.58376330202722,6.188183932788523],[-75.58342948173396,6.188774277977465],[-75.58286471126775,6.18801414566988],[-75.58214364996928,6.187843648653488],[-75.58107307210537,6.187185252823301],[-75.58067147160777,6.186805633432525],[-75.58010004031124,6.18586656693502],[-75.57986827029866,6.184236187601796],[-75.57972297012458,6.1839068468165435],[-75.57837320129646,6.183329050944966],[-75.57747335473161,6.182576025100922],[-75.57541090785078,6.181674927700619],[-75.57333406389021,6.180932622116084],[-75.57221636100391,6.180312200087418],[-75.5714304045613,6.180172459328553],[-75.57043561288516,6.180548999680154],[-75.56983294873748,6.180573993411549],[-75.56833489364034,6.180139978377885],[-75.56740385922541,6.180384989035904],[-75.56654982820295,6.180139978323129],[-75.56605980970399,6.179467955183111],[-75.56576579935808,6.179320947365921],[-75.56488376662973,6.179243944408966],[-75.56392473066772,6.178809929796271],[-75.56299369676378,6.178641921639581],[-75.56175419198668,6.177634350372499],[-75.56011659092445,6.177038863251381],[-75.55768938102983,6.1769481318771575],[-75.55547684828548,6.177220125968312],[-75.55452770569336,6.177228129976743],[-75.5533855343764,6.176857762123516],[-75.55255921036456,6.176421397879475],[-75.55160899860286,6.176302737795339],[-75.54972951187484,6.175693869087443],[-75.5472823828713,6.175201625043743],[-75.54682974474031,6.174829891131382],[-75.54626000028847,6.174867796972834],[-75.54520083435472,6.174418305981844],[-75.54428735206784,6.1735917673803336],[-75.54405654490282,6.1729413098623604],[-75.54374610757901,6.172686182038365],[-75.54229507386489,6.172588366868158],[-75.54098668921824,6.171988473942438],[-75.54070559867448,6.170546903243914],[-75.54004871083688,6.170390870158651],[-75.53951366881249,6.170483450423058],[-75.537496895341,6.1713723462514505],[-75.53731661395932,6.171707534343664],[-75.53618251991918,6.171854870633805],[-75.53575511097799,6.172368631407556],[-75.53551112136748,6.173290113041356],[-75.5348397430895,6.174351128989999],[-75.53099447484577,6.176552437595257],[-75.53072109720503,6.176823930602437],[-75.53163247263538,6.177543548749012],[-75.5328302368408,6.177938718419987],[-75.53165182060106,6.180643985683537],[-75.530443485358,6.181724670591497],[-75.530709938009,6.183405143661948],[-75.53111392459908,6.183599598063657],[-75.53083722763783,6.184218584265444],[-75.53059903281532,6.185642186053617],[-75.53007700332726,6.18685575677412],[-75.53014586824507,6.187101541900973],[-75.53060727496093,6.18754052239326],[-75.53068046615917,6.1877825879294965],[-75.53063121858361,6.18847155789589],[-75.53081251362701,6.19029791343627],[-75.53077583905278,6.192185702647925],[-75.53058451174388,6.193637926963984],[-75.53012093312535,6.194988314282677],[-75.5305004831461,6.195409527035488],[-75.5315871214123,6.196222727970956],[-75.53218617361613,6.197080147391426],[-75.53220290804296,6.197307501223463],[-75.53250836821732,6.197814563150421],[-75.53231228778387,6.197960701608153],[-75.53111829610253,6.197752847408647],[-75.53015464544232,6.197339994218665],[-75.52681974825798,6.196591953735341]]]}},{"type":"Feature","properties":{"MpCodigo":"05360","MpNombre":"Itagüí"},"geometry":{"type":"Polygon","coordinates":[[[-75.60039330114508,6.200253917089465],[-75.59926333563467,6.199909804907355],[-75.59871792180157,6.200044617278429],[-75.59802444408976,6.199538103598008],[-75.59650755385351,6.199179249225976],[-75.59656538620578,6.198006694641645],[-75.59433412105736,6.196827622882113],[-75.59397599581399,6.196267518817373],[-75.59303629862282,6.196101203709423],[-75.59294671471365,6.196446670111899],[-75.59231559403452,6.196502291277713],[-75.59180252176687,6.193076443802341],[-75.59108623839721,6.19301132894428],[-75.59105367902578,6.193402027119605],[-75.58784667922518,6.195086923753195],[-75.58724846606216,6.19677180226021],[-75.58439149715063,6.196097516041229],[-75.58310001539598,6.195619990863459],[-75.58264419837522,6.195999841234798],[-75.58183566530958,6.19633627685715],[-75.58113023303125,6.196390540135612],[-75.58203644056375,6.193954088244108],[-75.58315427919756,6.1894610323607955],[-75.58376330202722,6.188183932788523],[-75.5849790327064,6.187031574041001],[-75.5871764858065,6.185459411555636],[-75.58872482672389,6.184042084343967],[-75.58955259458811,6.182940379913442],[-75.5920418508588,6.179009975261399],[-75.59301254161734,6.177723661659614],[-75.59438818435667,6.176645779946259],[-75.59556730533356,6.175538119380311],[-75.60053986271951,6.171869739069471],[-75.60160583603658,6.17077398983741],[-75.6020961872724,6.170179155889694],[-75.60236809582005,6.169594871801711],[-75.60268967460188,6.168028661849893],[-75.60356508328447,6.164896247569448],[-75.60382115478303,6.164330511072809],[-75.60455363999452,6.163562293174652],[-75.60570375802195,6.162856322363672],[-75.60798255112745,6.162079161346134],[-75.6094841832701,6.162188930873551],[-75.61101654961696,6.161705948939516],[-75.6122196118432,6.160652174127775],[-75.61373002594686,6.160142846427171],[-75.61458621977273,6.159431547401553],[-75.61568390354913,6.158944174721019],[-75.6176641260273,6.15690248409923],[-75.61812076270724,6.156718071204244],[-75.6195082355978,6.156595131897155],[-75.62050493294262,6.156195573314162],[-75.62156310128954,6.156103367589225],[-75.62259492421329,6.155826750660461],[-75.62287154077491,6.155642340066965],[-75.62367504590773,6.1545797820109645],[-75.62434576532928,6.15402646162606],[-75.62454244558361,6.15409188363532],[-75.624990792287,6.154672984586631],[-75.62526696718288,6.1553697993628065],[-75.62534806087788,6.15534809716971],[-75.6252932272808,6.156253085381858],[-75.62559038509193,6.156731233744455],[-75.62530497293328,6.1582195021836625],[-75.62517439414238,6.158159764094464],[-75.62508648130078,6.158413644128586],[-75.62520183060484,6.15847040510366],[-75.62524362428647,6.158351777214737],[-75.62533310824139,6.158377522619705],[-75.62534240238224,6.158508978851759],[-75.62521986572037,6.159044940768419],[-75.625310216793,6.159176317939725],[-75.6249491521382,6.160533737774796],[-75.62499824099977,6.160796051670624],[-75.6266571900249,6.160739960240332],[-75.62779877184114,6.160285353102822],[-75.6295063146714,6.160928474295688],[-75.63030243256716,6.160913418433433],[-75.63108422307806,6.1611619881645625],[-75.63140935321029,6.161107535083924],[-75.63189533490102,6.160806288398102],[-75.63214720314681,6.160795147212291],[-75.63559845833082,6.162182018916175],[-75.63567153707204,6.162318759879953],[-75.63547143785883,6.1629129600548795],[-75.63570689540848,6.163138520558537],[-75.63611152104511,6.163226854921857],[-75.6362541711702,6.163548662439643],[-75.63625119611267,6.164031678618544],[-75.63606145668881,6.164141298355232],[-75.63616190875341,6.1643858305547585],[-75.6362816708022,6.164250656099219],[-75.63683299026144,6.164173580688779],[-75.63708072617635,6.163950155304692],[-75.63887589460352,6.163789527344986],[-75.63910108554704,6.16381993869413],[-75.63947584727374,6.164338814552019],[-75.63965485272826,6.1644234963405315],[-75.64026787737556,6.164211508654858],[-75.64085537457998,6.164547125787112],[-75.64131143983396,6.164383427968104],[-75.64309397471945,6.164542175782776],[-75.64335776317192,6.164630660881831],[-75.64349118319105,6.164930193973799],[-75.6439392639645,6.165101963766184],[-75.64430978466726,6.165686386092685],[-75.64541830678017,6.165571731320663],[-75.6459105613177,6.168377351336272],[-75.64621105597733,6.168694831929362],[-75.64601092919875,6.169231857071515],[-75.64610011443962,6.169914574767639],[-75.64689043771733,6.1699294103292806],[-75.64747326023745,6.17096672199536],[-75.64764479162574,6.17152215060053],[-75.64660482873163,6.171419001097663],[-75.64476213158082,6.17170023628428],[-75.64426703479045,6.171673869667819],[-75.64378658596385,6.171489307564342],[-75.64346726314295,6.171820351048376],[-75.64276416690437,6.171978544974096],[-75.6414048481769,6.172666992652651],[-75.6403091903098,6.1727871063786335],[-75.63784542502611,6.173724569363703],[-75.63715697660174,6.174254818271665],[-75.63691382269799,6.1742518886604305],[-75.63672926039227,6.17411713067868],[-75.63641579587019,6.174284114089488],[-75.63601444577196,6.174313411808812],[-75.63562188418261,6.174963773970064],[-75.63495980227285,6.175347547359547],[-75.6346565907259,6.175810420347963],[-75.63524104024997,6.176551598593567],[-75.63533478624935,6.177254695049005],[-75.63546368659199,6.177477344842026],[-75.63594120579846,6.177743932184849],[-75.63627810689258,6.178151141865284],[-75.63671461242697,6.179779982628708],[-75.63705444169321,6.180187191839487],[-75.63692847003739,6.180486008345097],[-75.63611063282848,6.181005029136366],[-75.63521613856432,6.181879992163365],[-75.63488802724838,6.183047912894517],[-75.63464975616705,6.183446334154908],[-75.63388025622757,6.183848662278891],[-75.63223579256967,6.185454063877086],[-75.63170456463092,6.18580561417722],[-75.63068898231698,6.186157159746931],[-75.6297398022475,6.1860790376411385],[-75.62919295010371,6.186719638307815],[-75.62836435193836,6.18873481826852],[-75.62817685963847,6.188818146660536],[-75.62755188582152,6.188380666063625],[-75.62713002832993,6.1883650396073575],[-75.62735397693798,6.189088970195114],[-75.62709877995597,6.190995140317049],[-75.62719295588869,6.191754031928032],[-75.62753484384814,6.192372445060967],[-75.62882697903595,6.193448386771525],[-75.62905825603342,6.194011498264781],[-75.62948561682687,6.19628404679714],[-75.62691670824886,6.19683440120685],[-75.62497710783684,6.196289169822284],[-75.62399389982346,6.196333859023203],[-75.62147331397384,6.1961372167484585],[-75.62056161301447,6.19644111787811],[-75.61889909821087,6.1965662541452815],[-75.61708463414645,6.196941659869894],[-75.6158779700082,6.197406451130463],[-75.61433165337107,6.198344964751788],[-75.61337525975124,6.198711434938947],[-75.61140884461489,6.198836568410858],[-75.60955862786241,6.199229851385352],[-75.60918210376477,6.19920862324919],[-75.60815644027325,6.198813106315279],[-75.60737210894561,6.198182959379515],[-75.6070972569992,6.198102516320172],[-75.60642688856375,6.198162848092051],[-75.60554200194254,6.19865892142859],[-75.60485152240659,6.198189663258629],[-75.60367167294389,6.198182958619993],[-75.6032024153073,6.198390775387928],[-75.6025253429317,6.199235438616137],[-75.60159352974499,6.199966140959038],[-75.60107454710702,6.200269488273828],[-75.60039330114508,6.200253917089465]]]}},{"type":"Feature","properties":{"MpCodigo":"05001","MpNombre":"Medellín"},"geometry":{"type":"Polygon","coordinates":[[[-75.67068165387408,6.37374599373589],[-75.66963816046328,6.373597082035071],[-75.66872281790558,6.373150438919724],[-75.66620239812181,6.3711688522528105],[-75.66595596337291,6.370746392238504],[-75.66585034815186,6.369631565566004],[-75.66533400778243,6.368364186385892],[-75.66527533177991,6.366932512980025],[-75.66536921304667,6.365700339159785],[-75.66515798175966,6.364327343895908],[-75.6645712319958,6.362707908825426],[-75.66409009588683,6.3620507476018275],[-75.66344467104159,6.361499203351831],[-75.66224769996458,6.360137942410018],[-75.6617665636256,6.359844565638268],[-75.6606986777977,6.359656808844772],[-75.66022927799541,6.35938690139714],[-75.65924092895018,6.357331971237728],[-75.65886540872339,6.35694471495446],[-75.65729291712495,6.3546329171598845],[-75.6558847156155,6.352238977584184],[-75.6554387846937,6.351769575212376],[-75.65507500010105,6.35111241415795],[-75.65461048921732,6.348390870279516],[-75.65455181388079,6.347229103810901],[-75.65459875399371,6.344964246736344],[-75.65510335934405,6.34278153360372],[-75.65509162409461,6.342065698134064],[-75.65450487430934,6.340974341851397],[-75.65442468526682,6.339673714810599],[-75.65401787128373,6.338453269549515],[-75.65187427555857,6.3349014739472],[-75.6518213047484,6.334482761676539],[-75.65197972796047,6.333338599327409],[-75.65190051635521,6.33301295192696],[-75.64988502754018,6.331094279693305],[-75.64867045432133,6.331085476163381],[-75.64720064379678,6.329325225317591],[-75.6452027594366,6.327564972611246],[-75.64365373718098,6.3249950046542995],[-75.64110137167027,6.322090590780538],[-75.64052928990415,6.321782546386049],[-75.63982519034725,6.3215801171484545],[-75.63779209915502,6.321562515319326],[-75.63734323543952,6.321483305751627],[-75.6371496067853,6.321316078660584],[-75.63653351883697,6.320462356690009],[-75.6354685668382,6.318341255288017],[-75.63487888166345,6.317628351559429],[-75.6344300177957,6.317320310801102],[-75.63257295337262,6.317065071011114],[-75.6320712811156,6.316625009361329],[-75.63140238519654,6.316510592250518],[-75.62886762253807,6.31570087567831],[-75.6269929549586,6.314653528153813],[-75.6264648792795,6.3142046621707415],[-75.62592800310097,6.313509363081047],[-75.62554074679133,6.313526966288908],[-75.62513588876553,6.313702991641522],[-75.62379809784015,6.314785545106862],[-75.62304999111751,6.315014377634316],[-75.62261872892894,6.314908762621705],[-75.62156257774991,6.3142486691330895],[-75.62017931376336,6.314276538675508],[-75.61866549709804,6.3136897906103115],[-75.6162598200909,6.313290799836558],[-75.61509805437571,6.313455089116853],[-75.61442915835681,6.3137954053845],[-75.61336127217747,6.314123983598433],[-75.61226991601688,6.314828085194575],[-75.61195307111393,6.314851556073823],[-75.6114868785511,6.314215391147188],[-75.61056604766058,6.313660910963799],[-75.60983829441065,6.313551995939298],[-75.6086105177834,6.313660910775479],[-75.60806098934087,6.3133836698932875],[-75.60771939059907,6.312809387923307],[-75.60771444021489,6.312121240852729],[-75.60745700333247,6.3117350852720255],[-75.60626388212937,6.31044790015377],[-75.60534305061111,6.309868666837343],[-75.60405091566112,6.308640894144535],[-75.60344197930951,6.308576533396131],[-75.60302116938959,6.308794364393453],[-75.60081315304932,6.308487419749864],[-75.59870910223131,6.3074923296118905],[-75.59798134781354,6.306937848733686],[-75.59472891608802,6.307653683619262],[-75.59279814032125,6.308272525055366],[-75.58969899696173,6.3089557216973455],[-75.58882272229614,6.309237913216137],[-75.58758999569214,6.309871601162741],[-75.58651569154804,6.309827045752878],[-75.58494136733773,6.309252763723847],[-75.583421499976,6.309312170805382],[-75.58258483035996,6.309203255878471],[-75.58193216208075,6.308982949338203],[-75.58141728756458,6.309022555722762],[-75.58020271396977,6.30947142195147],[-75.5778725808316,6.310672791098076],[-75.57725209243884,6.310666190404387],[-75.5763147576344,6.311174462205748],[-75.57600451426876,6.3111480585888176],[-75.57564200357268,6.310944757814304],[-75.57462971219584,6.310924939962837],[-75.57319472462909,6.311225159031102],[-75.57173455839722,6.31122092540589],[-75.57049652706912,6.310907433840022],[-75.5678894003013,6.309704497035654],[-75.56598741499641,6.309477602725493],[-75.56423596144111,6.309550456717039],[-75.55748376786609,6.309387845368173],[-75.55739968403518,6.309745502833818],[-75.55721222295392,6.309853434433405],[-75.55653054759571,6.309734143624204],[-75.55629693260244,6.309632600324055],[-75.55592627243777,6.309198034682067],[-75.55541075639617,6.308341680911891],[-75.55473760155985,6.307966760383482],[-75.55376195543495,6.307566274705236],[-75.55302063311952,6.307425679362786],[-75.55238582419162,6.307438460715358],[-75.55187030655595,6.30706354021968],[-75.55073276183506,6.306829214338898],[-75.55031097630996,6.3064841146623065],[-75.54960373874648,6.306573586562697],[-75.5493055060001,6.306360561887118],[-75.5491563891832,6.306006943338564],[-75.54805718906984,6.30580244337544],[-75.54717101166547,6.3054232586749155],[-75.54685147717511,6.305423259278369],[-75.54668531791354,6.305538290747086],[-75.54645099258303,6.30544882291404],[-75.5461016337161,6.305674625593998],[-75.54593547558835,6.3056661053611665],[-75.54550090837839,6.304980171887953],[-75.54377968034885,6.30391505514417],[-75.54348570694019,6.303582736642088],[-75.54272308361709,6.30383836506656],[-75.54229703741507,6.303791498688723],[-75.54213087941866,6.3036423844097245],[-75.54217348333928,6.303267462311023],[-75.54197750157967,6.302862719984805],[-75.54074196576623,6.302598568698304],[-75.53997508172384,6.3021512199880325],[-75.53959163981301,6.301801860952393],[-75.53899091400943,6.300664315729393],[-75.5387310263083,6.30060893132541],[-75.5383816682785,6.300762307731677],[-75.53812603928561,6.300694140748444],[-75.53813882059767,6.300242529825452],[-75.53733785320449,6.29927966674319],[-75.53710352736233,6.298585208703733],[-75.53625143424368,6.297975961609555],[-75.5352202687812,6.298615600599356],[-75.53510665736133,6.299077625217746],[-75.53345611066209,6.299988777628854],[-75.5327694638627,6.299988777741278],[-75.5322593826994,6.299563708423969],[-75.53127845901767,6.299079786378538],[-75.53053295677478,6.298151178795641],[-75.52965012489967,6.296195867875946],[-75.53003595467214,6.293907047290924],[-75.52997055976061,6.293573530578016],[-75.52963050598835,6.293069990063212],[-75.5283291468626,6.291683616838043],[-75.52810680385531,6.291095063161972],[-75.52800217176687,6.289891795743015],[-75.52718473484114,6.288793161356068],[-75.52686429968952,6.2880280394410315],[-75.52642615394777,6.287478721853426],[-75.52587558483036,6.287173854289777],[-75.52557040812484,6.287609820929396],[-75.52489030104027,6.2879585970432625],[-75.5226930298968,6.2884904748519626],[-75.52212428618975,6.288564094210211],[-75.52187825565706,6.2884369877420845],[-75.52161582193864,6.288461390116045],[-75.52151374899266,6.288953944790223],[-75.5217670605942,6.289838980795336],[-75.5213109931655,6.290681227297541],[-75.52098453715317,6.2918224224279315],[-75.5212667941342,6.293083984660347],[-75.52081848429619,6.293368203709404],[-75.52056049016814,6.293718646598322],[-75.52037359224818,6.294934464977439],[-75.52008898407557,6.295585813418946],[-75.51997770385006,6.296181525037244],[-75.51953153841251,6.296926722678135],[-75.51934948772464,6.297523480600085],[-75.51866896284652,6.298505379049251],[-75.51686311602921,6.299369324301572],[-75.51662754129428,6.299788272450451],[-75.51533858226124,6.300390408621637],[-75.51451411102128,6.3013330063224435],[-75.51409101992647,6.302152695917563],[-75.51399502132372,6.302080637838257],[-75.5141869537772,6.301584586329423],[-75.51410848786642,6.30114966674963],[-75.51258469198544,6.3002599567181345],[-75.51156608100767,6.2999896049314845],[-75.51011153227948,6.299207227703929],[-75.50937636386884,6.29895104726492],[-75.50668018275324,6.298811688174135],[-75.50456624666565,6.296220570443906],[-75.50409164785911,6.29594851734991],[-75.50266310169435,6.296071783597209],[-75.5022758066202,6.29594377713553],[-75.50182622817525,6.29609604028375],[-75.50155308144389,6.296565719860917],[-75.50112500537038,6.296741977567614],[-75.50087005692903,6.296629509793249],[-75.50078054804476,6.296456009893269],[-75.50083887781645,6.296051706589296],[-75.50072749202761,6.295730987700748],[-75.50002831381816,6.295332783903584],[-75.49992406662116,6.294984353815785],[-75.49967210704575,6.295010822272775],[-75.49937767261054,6.2953439038275265],[-75.49919811317544,6.295316306897284],[-75.49906342967819,6.29501403468534],[-75.4991684642856,6.2950178733994315],[-75.50000733414456,6.294015106890343],[-75.50030955211514,6.29380176017505],[-75.49964447806515,6.2931295549956445],[-75.4996097181806,6.29279925344973],[-75.50093919166987,6.291306651818068],[-75.50073100178413,6.29090543057338],[-75.50078978413336,6.290236165937359],[-75.5000674640217,6.288834467726554],[-75.49959031779036,6.288428510782972],[-75.49914724041139,6.288347839413318],[-75.49803281031963,6.2885982027532314],[-75.49778107327893,6.287002770746166],[-75.49780728256299,6.286533871631284],[-75.49756482467582,6.285734514928074],[-75.49703235309886,6.284990203093345],[-75.49698275558595,6.284126088195538],[-75.49672113084573,6.28401915640525],[-75.49643567877794,6.2846899697475775],[-75.49630554169836,6.284767417870979],[-75.49609445281574,6.2847808388254025],[-75.49578551814524,6.284590099841425],[-75.49579712395796,6.283943167613688],[-75.4956548829506,6.283262998435479],[-75.4948792733391,6.282003415808914],[-75.49492889143833,6.281503213095399],[-75.49478575817656,6.28086823800522],[-75.49462478825038,6.2806533407506615],[-75.4945753210992,6.279994767215499],[-75.49495209125493,6.279764719816287],[-75.49531926925724,6.278786488408271],[-75.49499125404536,6.278613473704278],[-75.49451470043216,6.278644881840032],[-75.49424129836154,6.278513730155351],[-75.49396026755338,6.2780680661539865],[-75.49253123379951,6.276864645355694],[-75.49236280739595,6.27629028095548],[-75.49297480399372,6.27482046999325],[-75.4934319069889,6.2740665380983796],[-75.49367878810891,6.273055699733028],[-75.49491963686866,6.272544810127379],[-75.49550221108152,6.272109221993644],[-75.49575403480658,6.271804261322586],[-75.49581417496032,6.271249897882307],[-75.49626699091539,6.270807972338536],[-75.49626456001457,6.27047315963979],[-75.49588316905722,6.270044854012398],[-75.49585952258877,6.269714345618022],[-75.49462310124177,6.269083866645668],[-75.49346144529736,6.268729409044928],[-75.49278717390015,6.267937668437414],[-75.49244343334898,6.266692100023734],[-75.4920452587932,6.265875777807396],[-75.4917526755994,6.2655248839428985],[-75.49129289837599,6.2652511753497455],[-75.49114529626502,6.26452443516314],[-75.49053747970756,6.263912461868951],[-75.49080061573663,6.263191763165854],[-75.49072634640467,6.263043798977781],[-75.49101182075367,6.262830069599372],[-75.49076457830527,6.262225187963227],[-75.4909202686767,6.261481972935843],[-75.49062128054358,6.2610572849864985],[-75.4904290057209,6.260988193295624],[-75.48983703368953,6.260118588818654],[-75.48892025881324,6.259354472107596],[-75.48819708783485,6.259116580713681],[-75.48737859532633,6.25848791878674],[-75.48638229322066,6.257427200783732],[-75.48606726309707,6.2566006120595885],[-75.48572959358894,6.256204690042949],[-75.48562662081311,6.255569567230563],[-75.48522977820332,6.255210523601802],[-75.485242108081,6.254911897147684],[-75.48541566018625,6.254659296596958],[-75.48600309719113,6.254553278008932],[-75.48611123973488,6.254407607804771],[-75.4861424797907,6.2539754161958845],[-75.48479032685584,6.251971841274055],[-75.48208395283044,6.250490979316009],[-75.48151180800603,6.250533726878898],[-75.48203517312866,6.249125778365929],[-75.47984004457481,6.248527702258125],[-75.47946753675993,6.247880161559145],[-75.47930891221664,6.247320780301311],[-75.47896332367523,6.247131383734914],[-75.47862432642428,6.246389480760996],[-75.4780669772533,6.245901371320766],[-75.476949618692,6.244437758252378],[-75.47605588497996,6.243610547565038],[-75.4747835499695,6.2427668989402525],[-75.4741074610592,6.242392488741402],[-75.47362036898471,6.242273844857836],[-75.47318936165567,6.241628181917759],[-75.47330809927276,6.240554351937629],[-75.47370036503024,6.239585487184895],[-75.47285689596991,6.236880755520668],[-75.47325898918646,6.236841807894962],[-75.47753399122472,6.235518338851451],[-75.47837296604287,6.235086082902516],[-75.47873192277443,6.234477271020308],[-75.47881542764938,6.233432724988043],[-75.47871700330093,6.2328496433006215],[-75.47885705117599,6.232507554360511],[-75.47942990398425,6.2320551581913906],[-75.48004902327672,6.231778280745838],[-75.48148743225143,6.230425030397956],[-75.4817371500079,6.230628436589117],[-75.48214757667529,6.230204962615653],[-75.48347927131773,6.230412704140812],[-75.48394349021574,6.230664966032897],[-75.48460609143655,6.23143174027492],[-75.48512185521918,6.2315359245792665],[-75.48586675922971,6.231029625683264],[-75.48646511481489,6.230883547758265],[-75.48723954066905,6.230432843870615],[-75.48832001111383,6.230126966323651],[-75.48844343171653,6.2300206636614135],[-75.48854962527571,6.229548975008707],[-75.48952904872829,6.228944350839127],[-75.49074999800631,6.229305087442958],[-75.49128850042584,6.228998869065623],[-75.49154350674189,6.228607699084013],[-75.49144702779081,6.228268905881708],[-75.49065354111828,6.227244643119332],[-75.49030101113443,6.226445102699325],[-75.49019645030431,6.226050530341031],[-75.4902913210998,6.225610281286337],[-75.49026070190152,6.224341869351654],[-75.49001371181909,6.223668911138705],[-75.49012458401145,6.2230330523288195],[-75.49087388459549,6.222038408149206],[-75.49101589726776,6.2214742362524555],[-75.49087552290473,6.221437250790827],[-75.49095955423894,6.221012826067802],[-75.49132746328395,6.220470750066516],[-75.4915426176233,6.2203957188497485],[-75.491725106633,6.22003423837726],[-75.49016709663059,6.218502808256412],[-75.49042844878068,6.218010457236257],[-75.49086547727413,6.217647601660352],[-75.49073954387553,6.217080431253061],[-75.49082256167728,6.216805577204534],[-75.49071571086223,6.215891456307174],[-75.48974876023965,6.215278838571625],[-75.48889699821414,6.213999634419168],[-75.48814933072292,6.213283886267737],[-75.48698031076732,6.212605032091021],[-75.48582337544184,6.212252246883968],[-75.48592512514114,6.211974080597195],[-75.4858615492868,6.2118504503797105],[-75.48501479569045,6.211151073723784],[-75.48503501928528,6.210659523202379],[-75.48483207660952,6.21026131685325],[-75.48487114658847,6.209692239952409],[-75.48451685099636,6.208981138596157],[-75.48453386196292,6.207845399136061],[-75.48479803688531,6.206924839869098],[-75.48500888016858,6.206643315403662],[-75.48517882397466,6.206635128658834],[-75.4858831168004,6.206052525613885],[-75.48582232100848,6.205651988788478],[-75.48597505738154,6.205221563329613],[-75.4855998732196,6.204717766015065],[-75.48548806799785,6.204117565365717],[-75.48575931056035,6.202824830941548],[-75.48569601870255,6.201625894826093],[-75.48502556401439,6.200500166341964],[-75.4845313765986,6.200084174395887],[-75.4838870575541,6.1990551402784115],[-75.48281284895421,6.19798011625893],[-75.48338492742008,6.19663319689494],[-75.48390631469157,6.1959162905557035],[-75.48382665931533,6.195047310194169],[-75.48400769605693,6.194163846451522],[-75.48555013573178,6.192150711788425],[-75.48534013165873,6.191614840019829],[-75.48473417578771,6.190933051751286],[-75.48508948304469,6.19085170474398],[-75.48534436083224,6.190647771280611],[-75.48572714656498,6.19079316468794],[-75.48647449328219,6.19053946899318],[-75.48672714251599,6.190719002762681],[-75.48943557973628,6.191173715042879],[-75.49106858941194,6.191158411389611],[-75.49117082433857,6.191032131048262],[-75.49329621102613,6.191201143045729],[-75.4948266927943,6.191923690912708],[-75.49696898089029,6.192287624969828],[-75.49724383123214,6.192212943569287],[-75.49753713219765,6.191943584725335],[-75.49809719199126,6.191990272029416],[-75.49832529432184,6.19152202757421],[-75.49818516092486,6.190526112255699],[-75.4984604666266,6.190012995612151],[-75.5006064738086,6.189834427880478],[-75.50210613591535,6.189862590981991],[-75.50225378165835,6.190099394982817],[-75.5040907932089,6.191113109949254],[-75.50608345197135,6.190945031851723],[-75.50653847321958,6.191316905408774],[-75.5068871649382,6.191378616010768],[-75.50732686169968,6.192143191884369],[-75.50863056221199,6.193347211442251],[-75.50988789024257,6.193352419341669],[-75.51046022718313,6.193504312650548],[-75.5120084114201,6.194113019388201],[-75.51568447419423,6.195197119897194],[-75.51826222310497,6.196222368358511],[-75.51947401064452,6.196446799155235],[-75.52168689381267,6.196222154858104],[-75.52380047056333,6.196323683003046],[-75.52602444969739,6.196072797001816],[-75.52681974825798,6.196591953735341],[-75.53015464544232,6.197339994218665],[-75.53111829610253,6.197752847408647],[-75.53243595679575,6.197945802954566],[-75.53250836821732,6.197814563150421],[-75.53220290804296,6.197307501223463],[-75.53218617361613,6.197080147391426],[-75.5315871214123,6.196222727970956],[-75.5305004831461,6.195409527035488],[-75.53012093312535,6.194988314282677],[-75.53058451174388,6.193637926963984],[-75.53077583905278,6.192185702647925],[-75.53081251362701,6.19029791343627],[-75.53063121858361,6.18847155789589],[-75.53068046615917,6.1877825879294965],[-75.53060727496093,6.18754052239326],[-75.53014586824507,6.187101541900973],[-75.53007700332726,6.18685575677412],[-75.53059903281532,6.185642186053617],[-75.53083722763783,6.184218584265444],[-75.53111392459908,6.183599598063657],[-75.530709938009,6.183405143661948],[-75.530443485358,6.181724670591497],[-75.53165182060106,6.180643985683537],[-75.5328302368408,6.177938718419987],[-75.53163247263538,6.177543548749012],[-75.53072109720503,6.176823930602437],[-75.53099447484577,6.176552437595257],[-75.5348397430895,6.174351128989999],[-75.53551112136748,6.173290113041356],[-75.53575511097799,6.172368631407556],[-75.53618251991918,6.171854870633805],[-75.53713560957351,6.171777755714992],[-75.53744167570113,6.171567735828209],[-75.537496895341,6.1713723462514505],[-75.53951366881249,6.170483450423058],[-75.54004871083688,6.170390870158651],[-75.54070559867448,6.170546903243914],[-75.54098668921824,6.171988473942438],[-75.54229507386489,6.172588366868158],[-75.54374610757901,6.172686182038365],[-75.54405654490282,6.1729413098623604],[-75.54428735206784,6.1735917673803336],[-75.54496112701848,6.174225494076648],[-75.5462047605562,6.174849150157016],[-75.54678272976845,6.17481248160159],[-75.5472823828713,6.175201625043743],[-75.54972951187484,6.175693869087443],[-75.55160899860286,6.176302737795339],[-75.55255921036456,6.176421397879475],[-75.5533855343764,6.176857762123516],[-75.55452770569336,6.177228129976743],[-75.55547684828548,6.177220125968312],[-75.55768938102983,6.1769481318771575],[-75.55876389210034,6.177058186888325],[-75.55987158173676,6.177003861745493],[-75.56074167266533,6.177202232712566],[-75.56175419198668,6.177634350372499],[-75.56299369676378,6.178641921639581],[-75.56392473066772,6.178809929796271],[-75.56488376662973,6.179243944408966],[-75.56576579935808,6.179320947365921],[-75.56605980970399,6.179467955183111],[-75.56638182164095,6.179964971128351],[-75.56678783732289,6.180237980921087],[-75.56740385922541,6.180384989035904],[-75.56833489364034,6.180139978377885],[-75.56983294873748,6.180573993411549],[-75.57043561288516,6.180548999680154],[-75.5714304045613,6.180172459328553],[-75.57198920423896,6.180225112652615],[-75.57333406389021,6.180932622116084],[-75.57541090785078,6.181674927700619],[-75.57747335473161,6.182576025100922],[-75.57837320129646,6.183329050944966],[-75.57957141687498,6.183793181662794],[-75.57982716334259,6.1840584016650615],[-75.58010004031124,6.18586656693502],[-75.58067147160777,6.186805633432525],[-75.58107307210537,6.187185252823301],[-75.58214364996928,6.187843648653488],[-75.58286471126775,6.18801414566988],[-75.58342948173396,6.188774277977465],[-75.5829480756022,6.190209875254224],[-75.58203644056375,6.193954088244108],[-75.58113023303125,6.196390540135612],[-75.58183566530958,6.19633627685715],[-75.58264419837522,6.195999841234798],[-75.58310001539598,6.195619990863459],[-75.58439149715063,6.196097516041229],[-75.58724846606216,6.19677180226021],[-75.58784667922518,6.195086923753195],[-75.59105367902578,6.193402027119605],[-75.59108623839721,6.19301132894428],[-75.59180252176687,6.193076443802341],[-75.59231559403452,6.196502291277713],[-75.59294671471365,6.196446670111899],[-75.59303629862282,6.196101203709423],[-75.59397599581399,6.196267518817373],[-75.59433412105736,6.196827622882113],[-75.59656538620578,6.198006694641645],[-75.59650755385351,6.199179249225976],[-75.59802444408976,6.199538103598008],[-75.59871792180157,6.200044617278429],[-75.59926333563467,6.199909804907355],[-75.60016177959434,6.200212350673905],[-75.60107454710702,6.200269488273828],[-75.60212982459247,6.19959073623035],[-75.60332978531842,6.198283515557673],[-75.60391300610601,6.198156144206827],[-75.60485152240659,6.198189663258629],[-75.60554200194254,6.19865892142859],[-75.60642688856375,6.198162848092051],[-75.6070972569992,6.198102516320172],[-75.60737210894561,6.198182959379515],[-75.60815644027325,6.198813106315279],[-75.60937651113487,6.199242142308885],[-75.61140884461489,6.198836568410858],[-75.61305348297425,6.1987829403323325],[-75.61433165337107,6.198344964751788],[-75.61556513077721,6.197558399274115],[-75.61708463414645,6.196941659869894],[-75.61889909821087,6.1965662541452815],[-75.62056161301447,6.19644111787811],[-75.62147331397384,6.1961372167484585],[-75.62399389982346,6.196333859023203],[-75.62497710783684,6.196289169822284],[-75.62691670824886,6.19683440120685],[-75.62948561682687,6.19628404679714],[-75.62905825603342,6.194011498264781],[-75.62882697903595,6.193448386771525],[-75.62753484384814,6.192372445060967],[-75.62719295588869,6.191754031928032],[-75.62709877995597,6.190995140317049],[-75.62735397693798,6.189088970195114],[-75.62713002832993,6.1883650396073575],[-75.62755188582152,6.188380666063625],[-75.62817685963847,6.188818146660536],[-75.62836435193836,6.18873481826852],[-75.62919295010371,6.186719638307815],[-75.6297398022475,6.1860790376411385],[-75.63068898231698,6.186157159746931],[-75.63170456463092,6.18580561417722],[-75.63223579256967,6.185454063877086],[-75.63388025622757,6.183848662278891],[-75.63464975616705,6.183446334154908],[-75.63488802724838,6.183047912894517],[-75.63521613856432,6.181879992163365],[-75.63611063282848,6.181005029136366],[-75.63692847003739,6.180486008345097],[-75.63705444169321,6.180187191839487],[-75.63671461242697,6.179779982628708],[-75.63627810689258,6.178151141865284],[-75.63594120579846,6.177743932184849],[-75.63546368659199,6.177477344842026],[-75.63533478624935,6.177254695049005],[-75.63524104024997,6.176551598593567],[-75.6346565907259,6.175810420347963],[-75.63495980227285,6.175347547359547],[-75.63562188418261,6.174963773970064],[-75.63601444577196,6.174313411808812],[-75.63641579587019,6.174284114089488],[-75.63672926039227,6.17411713067868],[-75.63691382269799,6.1742518886604305],[-75.63715697660174,6.174254818271665],[-75.63784542502611,6.173724569363703],[-75.6403091903098,6.1727871063786335],[-75.6414048481769,6.172666992652651],[-75.64276416690437,6.171978544974096],[-75.64346726314295,6.171820351048376],[-75.64378658596385,6.171489307564342],[-75.64426703479045,6.171673869667819],[-75.64476213158082,6.17170023628428],[-75.64660482873163,6.171419001097663],[-75.64878718404363,6.171641206257765],[-75.65098114322619,6.171583251797133],[-75.6516062143858,6.171355574963776],[-75.65190012176464,6.170734642738153],[-75.65215677399564,6.170598037861607],[-75.65284807787252,6.170912642688816],[-75.65394919701643,6.171815063921565],[-75.65517036317875,6.17189785539262],[-75.6575837181924,6.1713514361707],[-75.65917744280821,6.170391064311229],[-75.65938442042643,6.170424178966815],[-75.6597238632335,6.170701526893953],[-75.66001776970829,6.1706808292684405],[-75.66072977208397,6.170200641569068],[-75.66198819443257,6.1683958004199795],[-75.66325075525296,6.1672698473561915],[-75.66633471600112,6.165721653832018],[-75.6696215152832,6.16461639462201],[-75.66984918963982,6.164641231602672],[-75.67109519266167,6.1657382118658495],[-75.67190654390906,6.166831054321807],[-75.6722873820523,6.16716221624118],[-75.67344231574181,6.167650681977967],[-75.67455999303927,6.167596871167837],[-75.67499878507348,6.167439565307534],[-75.67543550681299,6.167092534196139],[-75.67640139975127,6.166744810841387],[-75.67689814600291,6.166088005198362],[-75.67791923443701,6.165353924419032],[-75.67947103423187,6.163823275302669],[-75.68000758080971,6.1640865424052524],[-75.68066366699937,6.165929167369311],[-75.68205261359063,6.168539549256892],[-75.68190604128958,6.1691607348896165],[-75.6819060407951,6.170256537839798],[-75.68159893829444,6.171115031682057],[-75.68160591713331,6.171324421279382],[-75.68190604103586,6.171659444141265],[-75.68192697978118,6.1720084261906365],[-75.68152216241492,6.173257782429793],[-75.68124297616149,6.174737462424856],[-75.68136162978658,6.177208253062819],[-75.68298090519242,6.179602266918351],[-75.68363001124499,6.180858602096371],[-75.68417442244078,6.182233591350003],[-75.68504687674564,6.185060340562484],[-75.6851096929708,6.185486098651595],[-75.68485144672309,6.186519083839797],[-75.68489332543585,6.187028596881501],[-75.68735713480234,6.18924812054996],[-75.68781081208812,6.190329964385891],[-75.68904414663149,6.191919649268341],[-75.68965333822528,6.193218515564559],[-75.69218171017243,6.19328133075883],[-75.69405050717099,6.193998490986139],[-75.69453270576842,6.194305495689777],[-75.694624647207,6.194615477787893],[-75.69536654220997,6.194780062640744],[-75.69611765875626,6.195280807902483],[-75.69779873022912,6.199680205072041],[-75.69869291599068,6.201289740976765],[-75.69943509132233,6.201888848874717],[-75.70041869631196,6.202264404119311],[-75.70152748802839,6.202881392757122],[-75.70230543015494,6.203864999934779],[-75.70239484885622,6.204186907311196],[-75.70242167364964,6.204946963844956],[-75.70219812843924,6.2056444303927245],[-75.70025774255089,6.208058734717484],[-75.69957816107994,6.208362755780582],[-75.69914895109643,6.2087114889319865],[-75.69865463415337,6.20959701333541],[-75.69834781601662,6.21044202131107],[-75.69911234611979,6.211694442148318],[-75.69946946058023,6.212519326804266],[-75.6997863387789,6.213696299854801],[-75.6999070537851,6.2153058381912425],[-75.7004351827209,6.2169405203538375],[-75.70062631507858,6.217373083067779],[-75.7013103680103,6.218087314941323],[-75.70141599400137,6.218333775972238],[-75.70143108342613,6.21888705326266],[-75.7003798551359,6.220788319434205],[-75.7001535138014,6.221728890264174],[-75.70012668864719,6.2223905866367275],[-75.70105804031081,6.223615343320724],[-75.7017085597429,6.225137695969611],[-75.70178233057587,6.226049767427342],[-75.70265416301719,6.227196562614139],[-75.70304872205453,6.22793985256447],[-75.70299507061429,6.2284405991606695],[-75.70239596636128,6.2298355298135855],[-75.70205617506615,6.230962206705845],[-75.70190416443747,6.231874274146953],[-75.70195781461139,6.23367158895052],[-75.70230654803149,6.23627367197805],[-75.70267316399575,6.237722253647363],[-75.70378195481622,6.23944803539753],[-75.70470296840548,6.240377990815789],[-75.705167944892,6.241030744374241],[-75.70565974724119,6.242515093663129],[-75.70580281685632,6.242667105862496],[-75.70765378277358,6.243364573065383],[-75.70885199302676,6.242828062438982],[-75.709773004819,6.242738641903828],[-75.71000549395941,6.242917477937302],[-75.71005020343621,6.2435791780352465],[-75.70993395940181,6.24559109595593],[-75.70915601736374,6.247728202851819],[-75.70870892302487,6.249829540014757],[-75.7087268072546,6.250178273947315],[-75.70903977163141,6.250670075704155],[-75.70912024880383,6.251072458718853],[-75.70857479454712,6.252127598844671],[-75.70875363254137,6.252583634764269],[-75.71015750623172,6.253433111595797],[-75.71020221500966,6.253799727620114],[-75.71006808661932,6.2539964492472775],[-75.70915601664899,6.254309416780944],[-75.70830653863347,6.255284078278239],[-75.70825205026709,6.2567295861013035],[-75.70789996372315,6.25777578837774],[-75.70789493408269,6.258087632946975],[-75.70798044141794,6.258409540091667],[-75.70838785427695,6.2588320419945545],[-75.7100319861059,6.259047708967498],[-75.71019483366119,6.260192733124703],[-75.71008796481347,6.262340289276609],[-75.7104492840407,6.263597271400758],[-75.71054597533197,6.264609983855283],[-75.70998109562002,6.267841493696376],[-75.70996582918006,6.269200258771469],[-75.70945184140503,6.270024674555186],[-75.70937635362263,6.272101835061074],[-75.70896018683975,6.274309325092325],[-75.70838117309845,6.275485447884398],[-75.70829070228497,6.2779281659639095],[-75.70843545489677,6.278706219813661],[-75.70813690141561,6.280787050979712],[-75.70789262880388,6.281736997306806],[-75.70773882814247,6.281936034620146],[-75.70663508205897,6.282515048409502],[-75.70650842230233,6.282650756058467],[-75.70641358158696,6.283168439365116],[-75.70688304168411,6.28504627614262],[-75.7079173803823,6.2858554282093],[-75.70814638518893,6.286172216899196],[-75.7081349352714,6.288446998056039],[-75.70845935812655,6.289943166133929],[-75.70829142194094,6.291030938263563],[-75.70883339966824,6.291714134830177],[-75.70879141497866,6.292046189615263],[-75.7084822591348,6.292408780696975],[-75.70851660986685,6.292817172975718],[-75.70840974129435,6.293057627710246],[-75.70789448011215,6.293737009026766],[-75.70784104508117,6.294378225251862],[-75.70766547389505,6.294817149032672],[-75.70800134909996,6.2965308680708505],[-75.70893645174213,6.2989774027478065],[-75.70873416317104,6.30019494468436],[-75.70903186979332,6.30062242194875],[-75.70882958277225,6.30094684395513],[-75.70821127013336,6.301374322669794],[-75.70818836923588,6.301992633187191],[-75.70783722859262,6.302481177115354],[-75.70785249631328,6.303026971101679],[-75.70819981976219,6.304126193998453],[-75.70818836937693,6.305118549000441],[-75.70890973522346,6.305733046088499],[-75.70911965635423,6.306775017289853],[-75.70944026227521,6.307225394413671],[-75.70969598400556,6.308416217749287],[-75.71080665798547,6.309828414322131],[-75.7108295579076,6.310202456982176],[-75.71037064483983,6.311574942323428],[-75.71054706409139,6.312165267696673],[-75.71030279159842,6.312830227912114],[-75.71047921105792,6.313257705842076],[-75.71045885533036,6.314194078741053],[-75.71062170256292,6.314689409057429],[-75.71130702061969,6.3155036481305915],[-75.7121687573921,6.316107541320605],[-75.71232482023606,6.31686749996693],[-75.71265730129848,6.317471393060382],[-75.71332904810721,6.31795315128872],[-75.71385830271029,6.319439138261596],[-75.71547999674894,6.320619786370188],[-75.71754952233995,6.3218140018658415],[-75.71809234870445,6.322648597556754],[-75.71841804363098,6.326054833288221],[-75.71813306042114,6.327154055104242],[-75.71830947864179,6.327819018898024],[-75.71879123736328,6.328470411920239],[-75.7189133726526,6.328972522976221],[-75.71868945698195,6.330872415311235],[-75.71854696570165,6.3312998922316535],[-75.7181398456055,6.3318223639121936],[-75.71702705238928,6.332697668308397],[-75.71590068757641,6.333349059976122],[-75.7156971281597,6.33357297510006],[-75.71562248889073,6.333980095703738],[-75.7162399538586,6.335357520330479],[-75.71735274759062,6.335751065710156],[-75.71762416074183,6.335988551608187],[-75.71774629718473,6.336259966070938],[-75.71766967908111,6.337250154151918],[-75.71822946933366,6.337988058405759],[-75.71830071492813,6.338756494884875],[-75.71878416874256,6.339362085114312],[-75.71891648322301,6.3401610607745225],[-75.71928798011157,6.341214481234339],[-75.71928797974819,6.341535088326953],[-75.71910986515677,6.34200836279271],[-75.71860605362654,6.342675021771291],[-75.71863149910102,6.3436571987127595],[-75.71804117562253,6.344720799901064],[-75.71790377336242,6.345611371873626],[-75.71769512427404,6.345830202257258],[-75.71681981695036,6.3459167134348595],[-75.71557301269367,6.346339102037455],[-75.71405649216399,6.34699049006165],[-75.71380713076043,6.347234764394297],[-75.7146620829776,6.3485935259332695],[-75.71484019702291,6.3490973360499545],[-75.71499286735609,6.351855569635348],[-75.71492162101167,6.352033685077121],[-75.71441272161056,6.352074399330602],[-75.71435674325578,6.352578209206829],[-75.71476895202197,6.353672342373365],[-75.71561881442942,6.354903879352945],[-75.71556283463178,6.356308442274131],[-75.71578675114064,6.356827522174246],[-75.71585799664734,6.3576468478637],[-75.71616842502826,6.358471264870407],[-75.71635162928543,6.35935675072766],[-75.71639743033323,6.360303305102168],[-75.71675874903079,6.3607002477543935],[-75.71723394242723,6.360822671413799],[-75.71712007526042,6.362288943915316],[-75.71723104284753,6.362902383992436],[-75.71760770200137,6.363472902897827],[-75.71763730656,6.363928891177759],[-75.71753436729905,6.364717185957877],[-75.71685660225114,6.365269909584322],[-75.71632420597737,6.3659878075768725],[-75.7152477984824,6.366875824277849],[-75.71531534586168,6.367270845262374],[-75.71500885019995,6.367478074626516],[-75.71474874595962,6.367858748686992],[-75.7147087266382,6.368405052636439],[-75.71420837344141,6.369146684616737],[-75.71412720370614,6.370877269032726],[-75.71387223225564,6.371051563032019],[-75.71400884031334,6.37139044865021],[-75.71345619271092,6.371449535963498],[-75.71333326169889,6.371320021561196],[-75.71199254011819,6.371911513020389],[-75.71098646142217,6.371804769605993],[-75.71021110093284,6.372252079575015],[-75.70927571422592,6.372494781338921],[-75.70846697242659,6.372106058220574],[-75.70813229245014,6.372376115561513],[-75.707799493912,6.372313744349387],[-75.70723953823287,6.37259384256587],[-75.707151143635,6.372741211377866],[-75.70726066687538,6.372994086100973],[-75.7071993664016,6.373320702215171],[-75.70649337814876,6.373129694060565],[-75.70639218716256,6.37322274779098],[-75.7060554975152,6.3731623920288865],[-75.7061936842899,6.373475025062229],[-75.7058428812875,6.373295805235686],[-75.70509958159337,6.373274084158594],[-75.7044451958034,6.372474308891814],[-75.70323927340658,6.372638546786017],[-75.70297990957229,6.372840489038352],[-75.70278701561033,6.372569810591092],[-75.70225492674008,6.372272968224645],[-75.70239297717384,6.37185079486602],[-75.70197676577993,6.371706544342438],[-75.7015322467566,6.37119564520718],[-75.7005970652078,6.370910906144925],[-75.70054391069355,6.371818027712039],[-75.70030628442227,6.372557061235644],[-75.69973357706522,6.372580061225802],[-75.69927590343971,6.3730475632235875],[-75.69882616072981,6.372556195809962],[-75.69812928072226,6.372123998345299],[-75.69747264129906,6.371505344775286],[-75.69702859507042,6.371408579296053],[-75.69597159117245,6.370441443225813],[-75.69522771244729,6.3701031160190364],[-75.6945135903412,6.370419974336323],[-75.69388726842078,6.370169965227137],[-75.69334923593743,6.369713332367282],[-75.69308404805984,6.370096481681272],[-75.69232959655774,6.370665773336557],[-75.69216019558262,6.37100469609094],[-75.6917623677443,6.371395247275739],[-75.68970319914283,6.371670219668538],[-75.68846542587562,6.372510347292594],[-75.68730190311754,6.3715544943261575],[-75.68670651363473,6.370905215254385],[-75.68648273714267,6.3700711065561375],[-75.6861360462243,6.369640441442642],[-75.68592721881406,6.369562701378128],[-75.68494501800826,6.369937471833123],[-75.6845761846511,6.369906039179953],[-75.68406488919585,6.3701689915743875],[-75.68229804231434,6.369847069095902],[-75.68110194040847,6.370135935891811],[-75.67971862735621,6.370002258063038],[-75.67945131214535,6.370200564567061],[-75.67905661935292,6.370339558803703],[-75.67867954420583,6.370325701601891],[-75.67837403419544,6.370519972662854],[-75.67779302304068,6.371235409207813],[-75.6773619156948,6.372040529166017],[-75.67675861237724,6.3718443131145195],[-75.67413757303281,6.372591235552041],[-75.67338657497687,6.372617988927411],[-75.67068165387408,6.37374599373589]]]}},{"type":"Feature","properties":{"MpCodigo":"05212","MpNombre":"Copacabana"},"geometry":{"type":"Polygon","coordinates":[[[-75.48833492736826,6.43038041720397],[-75.48869993471959,6.426090568214847],[-75.4889477441606,6.425599736062222],[-75.48997357485608,6.424839815097718],[-75.49029519938982,6.424373166583048],[-75.49050747095743,6.423641803558243],[-75.4905475427423,6.422564124963405],[-75.4910402607693,6.422136447865037],[-75.49117849940552,6.421596663152743],[-75.49089544088734,6.419654757057424],[-75.49033591024804,6.41814731418428],[-75.49006601829116,6.416455551703541],[-75.48912468781921,6.415296992069233],[-75.48892720644075,6.414869115185687],[-75.48874947178322,6.413927784684694],[-75.48889244094212,6.411722778975576],[-75.48912941855406,6.410700809325341],[-75.48909979741917,6.410052823409265],[-75.48879987072525,6.408993828110458],[-75.48911275686623,6.408484693250498],[-75.4889843929084,6.407902121043037],[-75.48865854755907,6.407275117156698],[-75.48856968184796,6.406307459388255],[-75.48828333257778,6.405922368089416],[-75.48836726262344,6.4053891677700765],[-75.48803072109212,6.4047328125830845],[-75.48862755469345,6.402924756833873],[-75.4889347489688,6.402450801275952],[-75.4891044036588,6.401730314749683],[-75.48965297010265,6.400604090881775],[-75.4891459623382,6.398463852856102],[-75.48943271243854,6.397794771203933],[-75.48936552662595,6.396720495674306],[-75.48920483609554,6.396443443076561],[-75.48877752440056,6.3961873832175655],[-75.488637265846,6.39590219074039],[-75.48888505524017,6.394389740430074],[-75.48832869721434,6.393929226650827],[-75.48833570992528,6.393090013192481],[-75.48793831231626,6.392540667009015],[-75.48793592654982,6.3917211358533],[-75.48777071309712,6.391283317197856],[-75.48751463062061,6.39100245338643],[-75.48653986696463,6.390399421228906],[-75.48563944966149,6.390283770743737],[-75.48541641065731,6.390044214146079],[-75.48511902529602,6.389383354874927],[-75.48502574835874,6.388789615646786],[-75.48456108332987,6.38804615254788],[-75.48463026580828,6.386841123751519],[-75.4842667949032,6.386328956801004],[-75.4838124559836,6.385957226829568],[-75.48312367227032,6.384713061607069],[-75.48206560035625,6.384145896734232],[-75.48195121307737,6.383059230621237],[-75.48124583173397,6.382554023922114],[-75.48130302473399,6.38131960415199],[-75.48103612379515,6.3806046898026],[-75.48049278937123,6.3801662116761095],[-75.47988272878139,6.379856415024294],[-75.47922500796474,6.379193928230574],[-75.47815263730945,6.3791510317427145],[-75.47764743180072,6.3788269414293595],[-75.47714619756928,6.378233560632167],[-75.47596420697482,6.37798572180391],[-75.4755193710529,6.377776013748275],[-75.47472502195443,6.376943537222729],[-75.4741086076952,6.376651217894274],[-75.47351761216258,6.3760919969204375],[-75.47540498461188,6.375869576924341],[-75.47672042731598,6.375844157975287],[-75.47755290432302,6.375189615808639],[-75.4778198053485,6.37514513163032],[-75.47823922057411,6.375265871795372],[-75.48008846492645,6.37674018335738],[-75.48074300878395,6.376784667004826],[-75.48172800072982,6.376269928795456],[-75.48271299358225,6.375926773102069],[-75.48331034422915,6.375145131721879],[-75.48440972331558,6.374299946331265],[-75.485496392162,6.373619980588063],[-75.48704872556394,6.373104183710896],[-75.4871052125676,6.372957321391065],[-75.486449963984,6.3723924497822955],[-75.48539930483892,6.371963146019538],[-75.48516205981913,6.371737197754299],[-75.48451810706389,6.370415402429523],[-75.48367080193272,6.369692368816007],[-75.48311722941179,6.368878955717905],[-75.48287998424574,6.368314084867386],[-75.48236159813833,6.365275200070088],[-75.4818083781586,6.363863378723391],[-75.48149205004142,6.362643257822113],[-75.48145815771102,6.36159259926892],[-75.48068993535203,6.359852798583666],[-75.48058825771388,6.357638507078395],[-75.47962797939269,6.355864815634636],[-75.4793794357185,6.355040105340824],[-75.47911959498904,6.354667289782962],[-75.47870159089413,6.354418748123371],[-75.47713125243115,6.354023337814731],[-75.47665676130602,6.353763496768808],[-75.47547053330314,6.352419106902451],[-75.47525588286271,6.3518090478014875],[-75.47480273773878,6.351046205321022],[-75.474794697354,6.350595919332325],[-75.47464192034522,6.350274282249716],[-75.47419967294044,6.349880282797957],[-75.47320930673119,6.3483324156725605],[-75.4720943082424,6.347292464594754],[-75.47141887634355,6.346960108554898],[-75.46989613795846,6.346704476614197],[-75.46929307256592,6.346499434204107],[-75.46826183264021,6.3458360658171955],[-75.46748287484667,6.34510333956396],[-75.46642148073778,6.344371620935371],[-75.46551286399854,6.3432539418286025],[-75.4649419632284,6.34290818460817],[-75.46393685578207,6.342578510784681],[-75.46330162805337,6.341702059309768],[-75.46280309476846,6.340608499355991],[-75.4625779500696,6.339145063056164],[-75.46150047514114,6.338027382773073],[-75.46117080033952,6.337126806813616],[-75.46086524702069,6.33670868203024],[-75.4594259330773,6.3358483107549946],[-75.45859772457665,6.335824187914862],[-75.45652318327247,6.335381940289573],[-75.45395814932016,6.335462349659638],[-75.45259924364505,6.335076388366846],[-75.45123429606191,6.335086368141026],[-75.45148034698427,6.33363315437442],[-75.45164641842136,6.3335158465707755],[-75.45167784560469,6.332707004502101],[-75.4513016272609,6.33240694041753],[-75.45094741409943,6.331500968220275],[-75.45058238494498,6.331072924663172],[-75.45115724733645,6.329884634549203],[-75.45185570177627,6.330947465408607],[-75.45183358489604,6.331271521986183],[-75.45197153159772,6.3315966993630175],[-75.45245074806958,6.331064856860289],[-75.4525696700827,6.330408122419227],[-75.45286672744085,6.330384702173953],[-75.4534175373707,6.329930541899798],[-75.45365892603307,6.330206341278429],[-75.45426535407569,6.328966379351927],[-75.45607541055986,6.327037555857548],[-75.45605653119965,6.3267490270375415],[-75.45660894458837,6.326628944976473],[-75.45667390497155,6.326806507978073],[-75.4575036031598,6.326157744188268],[-75.45812666425253,6.325826012335572],[-75.45894644864336,6.3251250382196975],[-75.45916072518607,6.325303516813996],[-75.45953816779115,6.325048091824305],[-75.45968363167397,6.325249923202586],[-75.4598394014294,6.324926038240583],[-75.46058538739116,6.324767453920337],[-75.46058549824467,6.324899747904054],[-75.46072081116279,6.324891864612811],[-75.46214683416459,6.324216359297252],[-75.46304914099593,6.3248016611000715],[-75.46329594109963,6.324694420957575],[-75.46342376405424,6.324025872591307],[-75.46379700004594,6.323713866887786],[-75.46398326791771,6.323755543367901],[-75.4643772031181,6.3241341975926675],[-75.46480972806484,6.32357700099014],[-75.46463062698841,6.322782437561907],[-75.46451112680225,6.322667115282074],[-75.46497041019768,6.320905428274497],[-75.46600507601474,6.3203036945929405],[-75.46685462715239,6.31918254943567],[-75.46715638885995,6.319455376319575],[-75.46751968269982,6.319198481381361],[-75.46792859096152,6.3191326319785865],[-75.46858022956833,6.319376911799939],[-75.46892244782698,6.319100203953702],[-75.46955472299022,6.318991259304654],[-75.47004520676647,6.31857761290067],[-75.47060521990969,6.318551328628844],[-75.47085902367961,6.318382073366826],[-75.47113838466224,6.318438581175703],[-75.4716678498995,6.318844946927807],[-75.47250393232156,6.318799980237924],[-75.47295473106904,6.318479975162768],[-75.47487645477361,6.317739651973624],[-75.47581985877872,6.317258454730728],[-75.47623227017299,6.317489609228973],[-75.47633867320376,6.318024535857023],[-75.47687626192665,6.318265452279713],[-75.47733608313435,6.318110719609203],[-75.47801047439523,6.318179595426016],[-75.47845431364479,6.318087515332897],[-75.47913294468209,6.318428739623187],[-75.47870078681362,6.319559524647863],[-75.47881684230099,6.320860223552295],[-75.47949295497506,6.320764372239939],[-75.48132570512529,6.320997191264235],[-75.48147083104564,6.320677180790975],[-75.48260760579461,6.319801758112714],[-75.48353992458631,6.319732380122265],[-75.48402424505616,6.319829018069058],[-75.48442675004902,6.320149415294169],[-75.48381238642447,6.3170038445652335],[-75.48341918655564,6.315655746033024],[-75.48336963694854,6.31298642574889],[-75.4835243499448,6.312544376167009],[-75.48336245793129,6.311859131202265],[-75.48345390718417,6.311001494131832],[-75.48394139068864,6.310344046925953],[-75.48441125213846,6.310197390047196],[-75.48471034937504,6.3102560786799895],[-75.48496842892264,6.310080200929528],[-75.48512280440839,6.310097821046805],[-75.48529380234501,6.309903538999747],[-75.48566099942055,6.310001429569007],[-75.48562658114729,6.309652464636592],[-75.48579180007071,6.309178863015718],[-75.48625608638582,6.309196046822665],[-75.48666867988085,6.308885857719652],[-75.48712265497963,6.308837278172387],[-75.48741497126898,6.308677434963742],[-75.48752725996302,6.3083768333599615],[-75.48805532166635,6.307939088666373],[-75.488529038945,6.307759675433812],[-75.48896240280686,6.307425539403773],[-75.49031894018228,6.307085579317987],[-75.49103105927021,6.305686468562044],[-75.49096048709178,6.305361844921746],[-75.4900794400695,6.304332656091315],[-75.48960447622134,6.303945151215773],[-75.4895342870481,6.303672273826564],[-75.48968223268143,6.303119826372693],[-75.48927872460595,6.30248753199019],[-75.49005926188109,6.300762453147221],[-75.48894730914515,6.3002142397269445],[-75.48830888476758,6.300312146715796],[-75.48771508910819,6.300254213952715],[-75.48755919758187,6.299549012876581],[-75.48714480969522,6.298761463134529],[-75.48763526080486,6.2984480916331655],[-75.48794695764812,6.2978345343379525],[-75.48790374897088,6.297221911089446],[-75.4881828582023,6.296532102759603],[-75.48885686880433,6.29602066801659],[-75.48905199975731,6.295451233283975],[-75.49003198061597,6.2954622307629835],[-75.49035240565296,6.295083659058702],[-75.49056375573564,6.294519954446245],[-75.49106345475552,6.293893867699641],[-75.49205861436695,6.293298972378193],[-75.493431025026,6.295546709347815],[-75.49406271041818,6.297635743272112],[-75.49530088876524,6.297661709602313],[-75.49630686516964,6.297984219215242],[-75.49979936943663,6.297475963671523],[-75.50155308144389,6.296565719860917],[-75.5018831176607,6.296070237415177],[-75.50235267410248,6.295932171018616],[-75.50266310169435,6.296071783597209],[-75.50403159276198,6.295922937323],[-75.50456624666565,6.296220570443906],[-75.50668018275324,6.298811688174135],[-75.50937636386884,6.29895104726492],[-75.51011153227948,6.299207227703929],[-75.51156608100767,6.2999896049314845],[-75.51258469198544,6.3002599567181345],[-75.51410848786642,6.30114966674963],[-75.5141869537772,6.301584586329423],[-75.51399502132372,6.302080637838257],[-75.51409101992647,6.302152695917563],[-75.51451411102128,6.3013330063224435],[-75.51533858226124,6.300390408621637],[-75.51662754129428,6.299788272450451],[-75.51686311602921,6.299369324301572],[-75.51866896284652,6.298505379049251],[-75.51934948772464,6.297523480600085],[-75.51953153841251,6.296926722678135],[-75.51997770385006,6.296181525037244],[-75.52008898407557,6.295585813418946],[-75.52037359224818,6.294934464977439],[-75.52056049016814,6.293718646598322],[-75.52081848429619,6.293368203709404],[-75.5212667941342,6.293083984660347],[-75.52098453715317,6.2918224224279315],[-75.5213109931655,6.290681227297541],[-75.5217670605942,6.289838980795336],[-75.52151374899266,6.288953944790223],[-75.52153289827282,6.288686051873444],[-75.52161582193864,6.288461390116045],[-75.52238652909402,6.288510632170466],[-75.52243847639218,6.289400289638329],[-75.52224019775127,6.29113261280821],[-75.52228194128128,6.2920770433541415],[-75.52301243854748,6.29416939900847],[-75.52329941994647,6.295599088832644],[-75.5240873154075,6.296783539257114],[-75.52435342476775,6.297780148649817],[-75.5247343275637,6.298468903736062],[-75.52499522001078,6.299752491576893],[-75.52598661025836,6.300884763630036],[-75.52699365428872,6.302434464059249],[-75.5275632686264,6.305002516007419],[-75.52782515064412,6.3072952805987645],[-75.52820083617408,6.308387116037416],[-75.52819692271876,6.308821501552158],[-75.5278329780114,6.309463294788118],[-75.52832997772543,6.311263451393379],[-75.52880545409873,6.312122004058589],[-75.52948290360207,6.312608134555147],[-75.53033341302945,6.314371763869233],[-75.53072475095188,6.315603177706501],[-75.53126740738188,6.316573694661054],[-75.53149699175827,6.317763363095837],[-75.53179962740319,6.318097304982989],[-75.53172657673176,6.319803539843336],[-75.53232662937242,6.321462816042392],[-75.5325040361713,6.322563780430869],[-75.53337737285051,6.325007690057223],[-75.5347353158271,6.327786189781921],[-75.53577627630901,6.329555040305772],[-75.53571757641633,6.3308777627033495],[-75.53601890631656,6.332059604421156],[-75.53560800063102,6.3337580153998205],[-75.53519318165732,6.33468940039459],[-75.53522057616655,6.3350729096140075],[-75.5348585879593,6.335025948160139],[-75.53509310629353,6.335825543103394],[-75.53506029082588,6.336424641281686],[-75.53494075996211,6.3366385357397625],[-75.53244319988526,6.337267643575382],[-75.53117869155737,6.337412340767977],[-75.52988902028707,6.337708023325021],[-75.52796394798575,6.337896752879917],[-75.52704545006056,6.337752061359288],[-75.52491906268553,6.337726895438043],[-75.5243843213722,6.337877880106995],[-75.52330854603915,6.3386894286774575],[-75.52293737199511,6.3391298073910525],[-75.52139605615845,6.341514126286968],[-75.52064112604417,6.3433196670936365],[-75.51949614913914,6.3448546933673935],[-75.51976450317774,6.346015593711916],[-75.5197149595423,6.346539327554614],[-75.51882319936405,6.346769344319474],[-75.5186568787244,6.347041827351981],[-75.51866863673227,6.34788682938711],[-75.51854019591862,6.347998372272049],[-75.51803318965982,6.347967949648403],[-75.51783038823794,6.348258633007639],[-75.5180298101068,6.350232574877035],[-75.51831711263652,6.350803800883404],[-75.51834415267552,6.35110462501247],[-75.51700666273628,6.353907236556668],[-75.51683304441005,6.3552120122954285],[-75.51642793230086,6.355774961267584],[-75.51629114139831,6.3561905943365975],[-75.5162069617366,6.356632532748827],[-75.51631218638762,6.35814775564155],[-75.51548617908615,6.3604784629201445],[-75.5153493881203,6.361246596994196],[-75.51663837974803,6.363082754099911],[-75.51797472234186,6.364608497406644],[-75.51943733213305,6.3656028624403564],[-75.51983718280981,6.366160548100148],[-75.52064740621535,6.366655100448897],[-75.52134714430764,6.3673653598628155],[-75.52216789026018,6.367902000870182],[-75.52372520155502,6.36952244792283],[-75.52401456686007,6.370022264398448],[-75.52403035076655,6.370643083126573],[-75.52426710434582,6.371242859218495],[-75.52497210368283,6.371421737346325],[-75.52546665512892,6.372542371184251],[-75.52560870663547,6.37337364066419],[-75.52531408129184,6.373973416837708],[-75.52575075997268,6.374320652402601],[-75.52599803559814,6.374683673808934],[-75.52603486410665,6.37501513016371],[-75.52589807283915,6.375241360806542],[-75.52589807313497,6.375557032743644],[-75.52627073992294,6.376208544411986],[-75.52698626180529,6.377176602727236],[-75.5275123809961,6.37759048298701],[-75.52815073910327,6.3777658553936725],[-75.52836118625926,6.378656749783491],[-75.53005178200233,6.379814211285994],[-75.5303323790469,6.3801930177549036],[-75.5308795421297,6.381483762823726],[-75.53155998982197,6.382479879936427],[-75.53170028760185,6.382571074265179],[-75.53292789930875,6.382655253100495],[-75.5334259583456,6.383118237935592],[-75.53360133102505,6.383763611067439],[-75.53340153555678,6.384813510754291],[-75.53276317819812,6.385949927684683],[-75.53280615590255,6.386806239431962],[-75.53268386343493,6.387209805567013],[-75.53267163337787,6.388298218183963],[-75.53246949008708,6.38866757537838],[-75.531985068264,6.3886956062831395],[-75.53150537936489,6.3895423500727695],[-75.53086024706285,6.389920529207499],[-75.52995830713436,6.389991151066567],[-75.52894303474069,6.3904762925837035],[-75.52825161208435,6.391113729248694],[-75.52772896843949,6.391226065857652],[-75.52705791242143,6.391732783070235],[-75.52635134470441,6.392534021577801],[-75.52528124321262,6.392627484336422],[-75.52397283013723,6.393597267954311],[-75.5247958693993,6.3955475361684835],[-75.52465109727119,6.395857739004914],[-75.52400937010502,6.396182486025159],[-75.52392061292645,6.396343386882656],[-75.52432331656112,6.397681809399346],[-75.52360937166416,6.399437523737086],[-75.52373776230625,6.401203615221248],[-75.52400263218516,6.402183971669554],[-75.52340636323243,6.402708474223328],[-75.5232255127879,6.403017033279928],[-75.52246654904765,6.403136544697087],[-75.52141933707897,6.404023107630048],[-75.52082706834723,6.403722936262084],[-75.52023933892544,6.404024264320418],[-75.51961973020289,6.4041559137842],[-75.51883950381097,6.403776758990071],[-75.51846662437205,6.403756853068829],[-75.51800836090358,6.404654698655003],[-75.5184393424403,6.405977957256595],[-75.51854054207888,6.407099410164531],[-75.51786922864751,6.407915923729808],[-75.51764172907792,6.40837432061677],[-75.51777455930068,6.409403795160311],[-75.51742846413812,6.4101697460416585],[-75.51698249718476,6.410255467670771],[-75.51635931416655,6.409882679957286],[-75.51583940607311,6.409779223819226],[-75.51590060926277,6.409380709318767],[-75.51574306323327,6.4091135948977165],[-75.51479060167584,6.408905665775787],[-75.51400645573074,6.40858645876276],[-75.51268697134239,6.408601682341526],[-75.51211801614302,6.408714486721274],[-75.51173389072495,6.409032083144803],[-75.51156555130267,6.409528625142719],[-75.51181918230031,6.410251527620008],[-75.51230461516398,6.410829256392043],[-75.51241276691404,6.411632016339593],[-75.5119794309684,6.41192784305007],[-75.51177785639295,6.4126070796734815],[-75.51106689407668,6.4135900924052365],[-75.51106435536703,6.413892227973547],[-75.51084189326431,6.414305828948426],[-75.50963431516111,6.415261606135648],[-75.50913984089941,6.41515715311784],[-75.50877230873712,6.414828322331792],[-75.5081889476548,6.4146926227445515],[-75.50802389275371,6.414887124188636],[-75.50755635563354,6.415072377003864],[-75.5072008691727,6.413802769445156],[-75.50668251385481,6.413461310283654],[-75.50636692199382,6.413587080630449],[-75.50500221886396,6.413662358648872],[-75.50485521884622,6.414574662281472],[-75.50454013878976,6.415132954202883],[-75.50319750604648,6.415435710297551],[-75.50333324508776,6.415628115403099],[-75.50336354876795,6.416334612707666],[-75.5036432932157,6.416880390850598],[-75.50311065095052,6.417622741096199],[-75.50182083714905,6.417219928309161],[-75.50154259432445,6.416849704907526],[-75.50136849819467,6.416116718775349],[-75.50109436144447,6.415986330570091],[-75.50038260061999,6.415043884787988],[-75.50025751273033,6.41530615541725],[-75.49906878388025,6.416105927647666],[-75.49841028782082,6.416216109209948],[-75.49826044897942,6.416554878341717],[-75.49772731574028,6.417183298045638],[-75.4970187110411,6.417596510939233],[-75.49665077651109,6.418524385979131],[-75.49626950328866,6.418544569999268],[-75.49588541012032,6.418851809380635],[-75.49567630148425,6.419830987840212],[-75.49544203285419,6.4202142780776565],[-75.49549600210591,6.420609217998126],[-75.49599199516754,6.4212366088924435],[-75.49726586697082,6.421780845709543],[-75.4972836906263,6.421911725583465],[-75.4959689214239,6.422951544066899],[-75.49507233179692,6.422799689114347],[-75.49470914411195,6.422567360547855],[-75.4935679669417,6.422159260376698],[-75.49351130455975,6.423610586070228],[-75.49373594395142,6.42417282016333],[-75.49362573866567,6.424810611450736],[-75.4932314862805,6.4256678296169945],[-75.4928930819553,6.427177486374205],[-75.49219977134729,6.428288404264748],[-75.49150515779532,6.42924867545135],[-75.49060928612909,6.430160457369348],[-75.48940872400223,6.4306730810256525],[-75.48833492736826,6.43038041720397]]]}},{"type":"Feature","properties":{"MpCodigo":"05088","MpNombre":"Bello"},"geometry":{"type":"Polygon","coordinates":[[[-75.59119183434045,6.434997714946515],[-75.58815238384811,6.4321247301909095],[-75.5878610241871,6.431706393967969],[-75.58711220677705,6.4299311730592805],[-75.58658092543281,6.428981157213598],[-75.58583365211199,6.428161659907344],[-75.58509750964798,6.427124312415421],[-75.58391384473764,6.425933137867547],[-75.58282972180756,6.425153696031723],[-75.58156935918166,6.425071177223364],[-75.58067660401046,6.4253659621935935],[-75.57961969067621,6.425433332790074],[-75.57879566654832,6.4252934573982134],[-75.57766784967872,6.424583715221503],[-75.5768657531393,6.423849970792263],[-75.57569759255264,6.423041516679075],[-75.57510066164444,6.422440855304052],[-75.57359029842677,6.421755602951979],[-75.57237999839367,6.421449134288824],[-75.57018108410362,6.42144264024115],[-75.56927263528135,6.42196915013238],[-75.56879532400323,6.422129122442599],[-75.56806466194794,6.4221672201641615],[-75.56648962809427,6.42096147591199],[-75.56628310481281,6.420310438174905],[-75.56592642906308,6.419710938191764],[-75.56514439087168,6.416403322705559],[-75.56494098636914,6.410378782044355],[-75.5651796590479,6.40897054877407],[-75.56531266396523,6.406960610107542],[-75.56529507513571,6.404951987010265],[-75.56513350415632,6.403697921119589],[-75.56470499924987,6.402426490305294],[-75.5624802669112,6.398855218845839],[-75.55884415637875,6.393500855790932],[-75.55639579813332,6.387138619293682],[-75.5551786071343,6.384755369900736],[-75.55437063630039,6.383565480821141],[-75.55177334605277,6.382989635221017],[-75.54898533377856,6.383412867020188],[-75.54780458880934,6.385218543252002],[-75.54602911362367,6.387428381202909],[-75.5424434703796,6.387858538289177],[-75.53925313882597,6.387886260929267],[-75.53573554499258,6.387095844050541],[-75.53541250468413,6.387487642392718],[-75.53502102905816,6.387374914850414],[-75.53459499817515,6.387618023926269],[-75.5344355645493,6.387852371351903],[-75.53342728461914,6.38784879218561],[-75.53273239490431,6.38865236298493],[-75.53246949008708,6.38866757537838],[-75.53267163337787,6.388298218183963],[-75.53268386343493,6.387209805567013],[-75.53280615590255,6.386806239431962],[-75.53276317819812,6.385949927684683],[-75.53340153555678,6.384813510754291],[-75.53360133102505,6.383763611067439],[-75.5334259583456,6.383118237935592],[-75.53292789930875,6.382655253100495],[-75.53170028760185,6.382571074265179],[-75.53155998982197,6.382479879936427],[-75.5308795421297,6.381483762823726],[-75.5303323790469,6.3801930177549036],[-75.53005178200233,6.379814211285994],[-75.52836118625926,6.378656749783491],[-75.52815073910327,6.3777658553936725],[-75.5275123809961,6.37759048298701],[-75.52698626180529,6.377176602727236],[-75.52627073992294,6.376208544411986],[-75.52589807313497,6.375557032743644],[-75.52589807283915,6.375241360806542],[-75.52603486410665,6.37501513016371],[-75.52599803559814,6.374683673808934],[-75.52575075997268,6.374320652402601],[-75.52531408129184,6.373973416837708],[-75.52560870663547,6.37337364066419],[-75.52546665512892,6.372542371184251],[-75.52497210368283,6.371421737346325],[-75.52426710434582,6.371242859218495],[-75.52403035076655,6.370643083126573],[-75.52401456686007,6.370022264398448],[-75.52372520155502,6.36952244792283],[-75.52216789026018,6.367902000870182],[-75.52134714430764,6.3673653598628155],[-75.52064740621535,6.366655100448897],[-75.51983718280981,6.366160548100148],[-75.51943733213305,6.3656028624403564],[-75.51797472234186,6.364608497406644],[-75.51663837974803,6.363082754099911],[-75.51539147831058,6.361341299010706],[-75.51534412727557,6.3609467096431445],[-75.51631218638762,6.35814775564155],[-75.5162069617366,6.356632532748827],[-75.51629114139831,6.3561905943365975],[-75.51642793230086,6.355774961267584],[-75.51683304441005,6.3552120122954285],[-75.51700666273628,6.353907236556668],[-75.51834415267552,6.35110462501247],[-75.51831711263652,6.350803800883404],[-75.5180298101068,6.350232574877035],[-75.51783038823794,6.348258633007639],[-75.51803318965982,6.347967949648403],[-75.51854019591862,6.347998372272049],[-75.51866863673227,6.34788682938711],[-75.5186568787244,6.347041827351981],[-75.51882319936405,6.346769344319474],[-75.5197149595423,6.346539327554614],[-75.51976450317774,6.346015593711916],[-75.51949614913914,6.3448546933673935],[-75.52064112604417,6.3433196670936365],[-75.52139605615845,6.341514126286968],[-75.52293737199511,6.3391298073910525],[-75.52330854603915,6.3386894286774575],[-75.5243843213722,6.337877880106995],[-75.52491906268553,6.337726895438043],[-75.52704545006056,6.337752061359288],[-75.52796394798575,6.337896752879917],[-75.52988902028707,6.337708023325021],[-75.53117869155737,6.337412340767977],[-75.53244319988526,6.337267643575382],[-75.53494075996211,6.3366385357397625],[-75.53506029082588,6.336424641281686],[-75.53509310629353,6.335825543103394],[-75.5348585879593,6.335025948160139],[-75.53522057616655,6.3350729096140075],[-75.53519318165732,6.33468940039459],[-75.53560800063102,6.3337580153998205],[-75.53601890631656,6.332059604421156],[-75.53571757641633,6.3308777627033495],[-75.53577627630901,6.329555040305772],[-75.5347353158271,6.327786189781921],[-75.53337737285051,6.325007690057223],[-75.5325040361713,6.322563780430869],[-75.53232662937242,6.321462816042392],[-75.53172657673176,6.319803539843336],[-75.53179962740319,6.318097304982989],[-75.53149699175827,6.317763363095837],[-75.53126740738188,6.316573694661054],[-75.53072475095188,6.315603177706501],[-75.53033341302945,6.314371763869233],[-75.52948290360207,6.312608134555147],[-75.52880545409873,6.312122004058589],[-75.52832997772543,6.311263451393379],[-75.5278329780114,6.309463294788118],[-75.52819692271876,6.308821501552158],[-75.52820083617408,6.308387116037416],[-75.52782515064412,6.3072952805987645],[-75.5275632686264,6.305002516007419],[-75.52699365428872,6.302434464059249],[-75.52598661025836,6.300884763630036],[-75.52499522001078,6.299752491576893],[-75.5247343275637,6.298468903736062],[-75.52435342476775,6.297780148649817],[-75.5240873154075,6.296783539257114],[-75.52329941994647,6.295599088832644],[-75.52301243854748,6.29416939900847],[-75.52228194128128,6.2920770433541415],[-75.52224019775127,6.29113261280821],[-75.52243847639218,6.289400289638329],[-75.52238652909402,6.288510632170466],[-75.52512572320525,6.287880120764148],[-75.52557040812484,6.287609820929396],[-75.52587558483036,6.287173854289777],[-75.52619073160919,6.287282537650625],[-75.52667465530789,6.28774030092211],[-75.52718473484114,6.288793161356068],[-75.52800217176687,6.289891795743015],[-75.52810680385531,6.291095063161972],[-75.5283291468626,6.291683616838043],[-75.52963050598835,6.293069990063212],[-75.52997055976061,6.293573530578016],[-75.53003595467214,6.293907047290924],[-75.52965012489967,6.296195867875946],[-75.53053295677478,6.298151178795641],[-75.53127845901767,6.299079786378538],[-75.5322593826994,6.299563708423969],[-75.5327694638627,6.299988777741278],[-75.53345611066209,6.299988777628854],[-75.53510665736133,6.299077625217746],[-75.5352202687812,6.298615600599356],[-75.53625143424368,6.297975961609555],[-75.53710352736233,6.298585208703733],[-75.53733785320449,6.29927966674319],[-75.53813882059767,6.300242529825452],[-75.53812603928561,6.300694140748444],[-75.5383816682785,6.300762307731677],[-75.5387310263083,6.30060893132541],[-75.53899091400943,6.300664315729393],[-75.53959163981301,6.301801860952393],[-75.53997508172384,6.3021512199880325],[-75.54074196576623,6.302598568698304],[-75.54197750157967,6.302862719984805],[-75.54217348333928,6.303267462311023],[-75.54213087941866,6.3036423844097245],[-75.54229703741507,6.303791498688723],[-75.54272308361709,6.30383836506656],[-75.54348570694019,6.303582736642088],[-75.54377968034885,6.30391505514417],[-75.54550090837839,6.304980171887953],[-75.54593547558835,6.3056661053611665],[-75.5461016337161,6.305674625593998],[-75.54645099258303,6.30544882291404],[-75.54668531791354,6.305538290747086],[-75.54685147717511,6.305423259278369],[-75.54717101166547,6.3054232586749155],[-75.54805718906984,6.30580244337544],[-75.5491563891832,6.306006943338564],[-75.5493055060001,6.306360561887118],[-75.54960373874648,6.306573586562697],[-75.55031097630996,6.3064841146623065],[-75.55073276183506,6.306829214338898],[-75.55187030655595,6.30706354021968],[-75.55238582419162,6.307438460715358],[-75.55302063311952,6.307425679362786],[-75.55376195543495,6.307566274705236],[-75.55473760155985,6.307966760383482],[-75.55541075639617,6.308341680911891],[-75.55592627243777,6.309198034682067],[-75.55629693260244,6.309632600324055],[-75.55653054759571,6.309734143624204],[-75.55721222295392,6.309853434433405],[-75.55739968403518,6.309745502833818],[-75.55748376786609,6.309387845368173],[-75.56423596144111,6.309550456717039],[-75.56598741499641,6.309477602725493],[-75.5678894003013,6.309704497035654],[-75.57049652706912,6.310907433840022],[-75.57173455839722,6.31122092540589],[-75.57319472462909,6.311225159031102],[-75.57462971219584,6.310924939962837],[-75.57564200357268,6.310944757814304],[-75.57600451426876,6.3111480585888176],[-75.5763147576344,6.311174462205748],[-75.57725209243884,6.310666190404387],[-75.5778725808316,6.310672791098076],[-75.58020271396977,6.30947142195147],[-75.58141728756458,6.309022555722762],[-75.58193216208075,6.308982949338203],[-75.58258483035996,6.309203255878471],[-75.583421499976,6.309312170805382],[-75.58494136733773,6.309252763723847],[-75.58651569154804,6.309827045752878],[-75.58758999569214,6.309871601162741],[-75.58882272229614,6.309237913216137],[-75.58969899696173,6.3089557216973455],[-75.59279814032125,6.308272525055366],[-75.59472891608802,6.307653683619262],[-75.59798134781354,6.306937848733686],[-75.59870910223131,6.3074923296118905],[-75.60081315304932,6.308487419749864],[-75.60302116938959,6.308794364393453],[-75.60344197930951,6.308576533396131],[-75.60405091566112,6.308640894144535],[-75.60534305061111,6.309868666837343],[-75.60626388212937,6.31044790015377],[-75.60745700333247,6.3117350852720255],[-75.60771444021489,6.312121240852729],[-75.60771939059907,6.312809387923307],[-75.60806098934087,6.3133836698932875],[-75.6086105177834,6.313660910775479],[-75.60983829441065,6.313551995939298],[-75.61056604766058,6.313660910963799],[-75.6114868785511,6.314215391147188],[-75.61195307111393,6.314851556073823],[-75.61226991601688,6.314828085194575],[-75.61336127217747,6.314123983598433],[-75.61442915835681,6.3137954053845],[-75.61509805437571,6.313455089116853],[-75.6162598200909,6.313290799836558],[-75.61866549709804,6.3136897906103115],[-75.62017931376336,6.314276538675508],[-75.62156257774991,6.3142486691330895],[-75.62261872892894,6.314908762621705],[-75.62304999111751,6.315014377634316],[-75.62379809784015,6.314785545106862],[-75.62513588876553,6.313702991641522],[-75.62554074679133,6.313526966288908],[-75.62592800310097,6.313509363081047],[-75.6264648792795,6.3142046621707415],[-75.6269929549586,6.314653528153813],[-75.62886762253807,6.31570087567831],[-75.63140238519654,6.316510592250518],[-75.6320712811156,6.316625009361329],[-75.63257295337262,6.317065071011114],[-75.63370831502209,6.317161885553218],[-75.63466765160912,6.317434724209351],[-75.6354685668382,6.318341255288017],[-75.63653351883697,6.320462356690009],[-75.63734323543952,6.321483305751627],[-75.63814414921303,6.3215889208710925],[-75.63982519034725,6.3215801171484545],[-75.64052928990415,6.321782546386049],[-75.64110137167027,6.322090590780538],[-75.64365373718098,6.3249950046542995],[-75.6452027594366,6.327564972611246],[-75.64720064379678,6.329325225317591],[-75.64867045432133,6.331085476163381],[-75.64988502754018,6.331094279693305],[-75.65190051635521,6.33301295192696],[-75.65197972796047,6.333338599327409],[-75.6518213047484,6.334482761676539],[-75.65187427555857,6.3349014739472],[-75.65401787128373,6.338453269549515],[-75.65442468526682,6.339673714810599],[-75.65450487430934,6.340974341851397],[-75.65509162409461,6.342065698134064],[-75.65510335934405,6.34278153360372],[-75.65459875399371,6.344964246736344],[-75.65455181388079,6.347229103810901],[-75.65461048921732,6.348390870279516],[-75.65507500010105,6.35111241415795],[-75.6554387846937,6.351769575212376],[-75.6558847156155,6.352238977584184],[-75.65729291712495,6.3546329171598845],[-75.65886540872339,6.35694471495446],[-75.65924092895018,6.357331971237728],[-75.66022927799541,6.35938690139714],[-75.6606986777977,6.359656808844772],[-75.6617665636256,6.359844565638268],[-75.66224769996458,6.360137942410018],[-75.66344467104159,6.361499203351831],[-75.66409009588683,6.3620507476018275],[-75.6645712319958,6.362707908825426],[-75.66515798175966,6.364327343895908],[-75.66536921304667,6.365700339159785],[-75.66528706779549,6.368059076088917],[-75.66548656254541,6.368868791702933],[-75.66585034815186,6.369631565566004],[-75.66595596337291,6.370746392238504],[-75.66651924359992,6.371450492206035],[-75.66872281790558,6.373150438919724],[-75.66773355672993,6.374635076342682],[-75.66641942027194,6.377101643331345],[-75.66500601955188,6.3788862381456015],[-75.66494891334084,6.3790575588804845],[-75.66532010933243,6.380942092215937],[-75.66519161799135,6.3826410295748905],[-75.66506312667187,6.383026501808584],[-75.66459199440814,6.383526186346386],[-75.66342129921628,6.384211471755621],[-75.66319287134668,6.384953864624958],[-75.6629501658876,6.3890512948417815],[-75.66246475613949,6.3903076510575705],[-75.66253613959415,6.3917496038882575],[-75.66239337163317,6.392420614019551],[-75.66193651624248,6.393562754932363],[-75.66096569575707,6.395590056055064],[-75.66095141920798,6.396403829150932],[-75.66125922632847,6.397948578777876],[-75.661202119381,6.398319770722958],[-75.6607024318785,6.399204931094006],[-75.66067387768054,6.399476189184978],[-75.6607167090254,6.400461286149677],[-75.66147337661488,6.402688463009918],[-75.66165917204904,6.404242054016325],[-75.66203154978149,6.404914734887723],[-75.66168380014776,6.40485603293857],[-75.66013754118343,6.403842746854911],[-75.65801069793699,6.402777551288904],[-75.65629848180085,6.400675245279413],[-75.65459762140011,6.399843384379067],[-75.65360733601403,6.399569873787106],[-75.65247217124026,6.39887413768245],[-75.65091367536282,6.398182156963421],[-75.64807137011185,6.3959486958712395],[-75.64608579631343,6.3948369665532505],[-75.64537522042541,6.394278589999271],[-75.64083838682495,6.391918949982099],[-75.63941726066044,6.390802167121136],[-75.63770515317566,6.388699701560865],[-75.6362840447213,6.387582898914247],[-75.6354336372162,6.387166916910796],[-75.63273754096079,6.385496686730444],[-75.62919855597555,6.38425743382203],[-75.62848800722394,6.383699008405735],[-75.62735663224656,6.383426665292566],[-75.62509512365676,6.383023131911482],[-75.62199069013519,6.383050592926003],[-75.62129012064231,6.383621510868848],[-75.62101662912268,6.384612188270744],[-75.62045841492284,6.3853230246592805],[-75.62018492301696,6.386313714331931],[-75.61935321767332,6.3880152411709705],[-75.61838038843072,6.389718014415498],[-75.61782217492737,6.390428859658637],[-75.61699045099508,6.392130394704656],[-75.61671695879508,6.393121085568971],[-75.61672569124742,6.394109275658785],[-75.61547811081202,6.396661579963619],[-75.61491988930808,6.397372432912033],[-75.61493736130848,6.399348826386094],[-75.61550806910748,6.400049684213068],[-75.61566292080848,6.4016013087351595],[-75.61617008974179,6.402698617759989],[-75.61613732067549,6.405143866333207],[-75.6158787499106,6.405921654765721],[-75.6143016053676,6.408645878801153],[-75.61236276195864,6.4116565199225555],[-75.61184964476526,6.41219770821298],[-75.60380078484422,6.414234244372493],[-75.602380943025,6.414771201049523],[-75.60181988269011,6.41507945015167],[-75.60128839386873,6.415588749237761],[-75.59962466969228,6.418866523696514],[-75.5983887579632,6.42071409585666],[-75.59782758095665,6.4225273811012515],[-75.59705956577552,6.42328429294561],[-75.59610789117963,6.425280654740221],[-75.59468737625355,6.42685736037539],[-75.59442626328438,6.4273915969955295],[-75.59427156371966,6.427923121250903],[-75.59423964701632,6.43003977630384],[-75.5941400945702,6.430433274213305],[-75.59384676820356,6.430824464920844],[-75.59245883491003,6.431822845443184],[-75.5919400577245,6.432329186706993],[-75.59162225225548,6.432909859075545],[-75.59119183434045,6.434997714946515]]]}},{"type":"Feature","properties":{"MpCodigo":"05308","MpNombre":"Girardota"},"geometry":{"type":"Polygon","coordinates":[[[-75.45116561016616,6.4367553508216595],[-75.45073918832824,6.436658436599801],[-75.44934200969107,6.43575875110333],[-75.44848404467403,6.435508995617919],[-75.44830990729245,6.434910348576491],[-75.44788366776358,6.434413572447959],[-75.44752291924341,6.434196562733826],[-75.44709428240878,6.434144656424559],[-75.44590861294299,6.433051461726207],[-75.44544459786559,6.432786979774229],[-75.4449063424348,6.431610390257523],[-75.44483032642226,6.43077768601117],[-75.44437225544202,6.430148239234504],[-75.44419242933292,6.4295355754262875],[-75.44428846245223,6.429253268810933],[-75.44603472864841,6.427929046224356],[-75.44532028717755,6.4275985786230585],[-75.44480750278646,6.427601278410512],[-75.44394444620532,6.426825183588051],[-75.44290324137083,6.4273494889399],[-75.44253040474854,6.42714132110209],[-75.44139979001854,6.427006043538731],[-75.44118399648468,6.4272672632449686],[-75.4405391291529,6.427077821985454],[-75.44039000341185,6.42684062558172],[-75.43983850417956,6.426448667227054],[-75.43978740596236,6.426335424441719],[-75.4400761729904,6.4261737692196155],[-75.43989475643212,6.425864810311209],[-75.43962455140033,6.425776348148753],[-75.43903941621,6.425173465417524],[-75.43876345915092,6.425060686922463],[-75.43784205313109,6.423791426173524],[-75.43800112528062,6.422855501781512],[-75.43772807624039,6.422418750194688],[-75.4376596430208,6.422022793911273],[-75.4378838198537,6.4206692353063195],[-75.4374755730788,6.41995872120019],[-75.4369707734165,6.419581745579474],[-75.43689198826287,6.4191595834937685],[-75.43696651928796,6.418778206923377],[-75.43659218578037,6.418227829341229],[-75.43559329899986,6.417695749581153],[-75.4351124368913,6.4170845363218],[-75.43444583081687,6.416613067833197],[-75.4341635033189,6.416214222068421],[-75.43379847514143,6.41523079056247],[-75.4328853822944,6.414413503436083],[-75.4324640509755,6.4142138989600985],[-75.43229684001493,6.413865478620052],[-75.43159355314214,6.4132228936386735],[-75.43100414459946,6.412812851988046],[-75.4295095428208,6.412109729216327],[-75.42933623276234,6.411882294518844],[-75.42924623460335,6.411422879480375],[-75.42911405594212,6.411360565763682],[-75.42903459835472,6.411508786901702],[-75.42877210550294,6.411286573845651],[-75.42884655684533,6.410384661952044],[-75.42847222974379,6.409605174571837],[-75.42761969947367,6.409446749877701],[-75.42614542257697,6.408335245770101],[-75.42571178629942,6.407505284717124],[-75.42507918525031,6.406988913307791],[-75.42327298227325,6.405006885801726],[-75.42223144856591,6.404461469550535],[-75.42219814949418,6.4040560935650594],[-75.42193982795915,6.4035457346782705],[-75.4212134897291,6.402429084329438],[-75.42068003404424,6.4019426336427765],[-75.42069138910426,6.401551127371201],[-75.42088894446857,6.40107697202126],[-75.42141845405393,6.400659590416022],[-75.42135281202907,6.400043009096001],[-75.42172238786712,6.399804861095281],[-75.42141811258234,6.399412422905821],[-75.42135174697071,6.3979519098104705],[-75.42155843858083,6.3974213818586545],[-75.42158235134679,6.396561672707194],[-75.42052943510082,6.395167919684969],[-75.41910336653179,6.3948594273966],[-75.41797083939872,6.395114423071723],[-75.41739141418331,6.3953050560846965],[-75.41666415077093,6.3958527263209595],[-75.41593222361628,6.3960114187560855],[-75.41553473580521,6.396642595678939],[-75.41482985569947,6.396162887331326],[-75.41454423494702,6.396426342234126],[-75.4143380109622,6.396400121392155],[-75.41430763171776,6.396205641316735],[-75.41412433341148,6.3961398925562705],[-75.41291724356964,6.396281199769634],[-75.4125970186305,6.396087707030281],[-75.4124336589093,6.3957005615538725],[-75.41167166705529,6.394858650305027],[-75.41130617222062,6.394274821924246],[-75.41112331140825,6.393256339130081],[-75.41071964916227,6.392280577452979],[-75.40994546428058,6.391134627032854],[-75.40983618675256,6.3906867397471],[-75.40996064010217,6.3901655933024575],[-75.40984520118462,6.389032229143608],[-75.40997219247767,6.388952204238921],[-75.40990232906739,6.388603300632575],[-75.40839505449661,6.386745378249456],[-75.40859668544877,6.386117460347759],[-75.40878895221489,6.3859815060693075],[-75.40876200196088,6.385826132201544],[-75.4086035320882,6.385731153906742],[-75.40826032220728,6.385133566352467],[-75.40733869942127,6.3842216415817745],[-75.40667360900588,6.384024848005453],[-75.40644493697452,6.383263350258908],[-75.4065642781571,6.383081748553796],[-75.4062463329182,6.38257045868394],[-75.40633915115063,6.3821164431601956],[-75.40653500182957,6.381800386971533],[-75.40640117571984,6.38176897484618],[-75.40646435093804,6.381554122556986],[-75.40688803063014,6.381283564218989],[-75.40653135374878,6.38078581111231],[-75.40628598466866,6.38075044426829],[-75.40561595791587,6.3797922777629825],[-75.40605994206689,6.379067888247774],[-75.40614526301664,6.3786962007582515],[-75.40553562288899,6.3784515043883],[-75.40494748066337,6.378481866159916],[-75.40469603360252,6.377810603392152],[-75.40521024558616,6.3774753244283975],[-75.4061002284073,6.377219114326716],[-75.40588964435896,6.37632985388596],[-75.40560306814031,6.375970817922713],[-75.40583519283251,6.375271413116177],[-75.40559833391815,6.374691336904306],[-75.40556332175466,6.373971620886864],[-75.404810892993,6.372628926213429],[-75.40527170976438,6.371592125042616],[-75.40460863665194,6.370346357843432],[-75.4043844995235,6.370388286869685],[-75.40420611440463,6.3690985869583985],[-75.40406060118792,6.3687639190700125],[-75.40474532175944,6.3682927320538045],[-75.40528343144983,6.368170836371128],[-75.40516914970664,6.3673305409342404],[-75.4054211047475,6.366769522076444],[-75.40525599564566,6.366671792625753],[-75.40508343990338,6.366262200687077],[-75.4047763639806,6.366110660776669],[-75.40443551313963,6.3654329262718035],[-75.40398058768591,6.36508698678596],[-75.40374330836156,6.364563246058517],[-75.40441192443049,6.364051113728654],[-75.40531526814306,6.362955721062523],[-75.40367929060844,6.361447779413335],[-75.40274038299997,6.360281255561948],[-75.4019650723956,6.359754898342772],[-75.40030064359922,6.359015150724157],[-75.39980985061526,6.358495907809605],[-75.39983830262197,6.3582042761338355],[-75.40021528778357,6.357685032372538],[-75.40171611881851,6.356938173391869],[-75.4020646529239,6.356525620688986],[-75.40238473616454,6.355003451604506],[-75.40237762296914,6.354391739273794],[-75.40213578318063,6.353495508066153],[-75.40247720434107,6.352599278560485],[-75.40297900909208,6.3522622894083725],[-75.4045890507602,6.351707373688504],[-75.40655080075653,6.3504021429782265],[-75.40695721893343,6.349597124775838],[-75.40697457018659,6.34842085484982],[-75.40808677787355,6.348903930227619],[-75.40959430719842,6.349067949927231],[-75.41009526758896,6.34928433516523],[-75.41103124695816,6.349343847046162],[-75.41201502290792,6.34897222671519],[-75.4122512598104,6.349009276401342],[-75.41282815210305,6.348465341900817],[-75.41349677512858,6.3481691437028624],[-75.41421015767318,6.34807181699084],[-75.41496671480144,6.348527315953394],[-75.41552264711024,6.348523774214518],[-75.41579606677641,6.347851820571596],[-75.41595533625895,6.347884195112156],[-75.41607048320525,6.347731392597193],[-75.41615029633682,6.34698029904061],[-75.41628865457514,6.346921398016735],[-75.41622629012677,6.346598238703341],[-75.41588532806583,6.346112942921774],[-75.41597432997587,6.345494356575464],[-75.41574542915937,6.344699837115928],[-75.41602528493061,6.344264892697236],[-75.41665064498427,6.34372420513938],[-75.4167028829081,6.343545538104362],[-75.41647209056705,6.3432050028619145],[-75.41637878029715,6.342687678637643],[-75.41574509738754,6.341387608106838],[-75.41554170806981,6.341154109020668],[-75.4149686785414,6.340832312864339],[-75.41486394362887,6.3406059062792846],[-75.41507652835847,6.339072035942865],[-75.41499596079225,6.338218756074603],[-75.41476653029068,6.337635212167975],[-75.41515674677021,6.3372322610096266],[-75.41545690816626,6.33711400396756],[-75.41647491205705,6.3374673940659445],[-75.41667377176131,6.337465060283615],[-75.41714863335109,6.3371307731739375],[-75.41779345674719,6.3359513077868606],[-75.41775455054506,6.33537310222079],[-75.41790155671274,6.334848146778572],[-75.41801527929566,6.334939921027854],[-75.41848388375054,6.334444911402081],[-75.41974107903486,6.333954774876297],[-75.42081099009202,6.334328288772818],[-75.42147193667196,6.332921478129645],[-75.42304933304871,6.332716537998682],[-75.42319816227749,6.331948368076258],[-75.42340335296925,6.331569618416156],[-75.42339863244517,6.331257434283309],[-75.42363320704123,6.330764520345884],[-75.42358636708043,6.330501184566946],[-75.42331244291732,6.330104769064528],[-75.4233225913876,6.329892131690366],[-75.42361216655588,6.329756036766413],[-75.42360077916018,6.328959686616373],[-75.42317313735067,6.327896328404537],[-75.42309921075977,6.326308389719537],[-75.4227207415931,6.326359174059907],[-75.42198736084241,6.326240776752556],[-75.42128440683817,6.325987439860195],[-75.42120980567977,6.325672902682207],[-75.42135130072157,6.32516577762507],[-75.42086655442282,6.324621170199756],[-75.4207939599213,6.323794551734181],[-75.4211456426245,6.323365087583231],[-75.42120420062585,6.322912793123107],[-75.42202428790233,6.322127353281391],[-75.4218565626941,6.321198083969734],[-75.42246956379559,6.320674762758153],[-75.4225064412309,6.319969849785996],[-75.42288868674663,6.319707966890983],[-75.42303208489344,6.319393274814132],[-75.42359566763453,6.318824903830604],[-75.4238533336029,6.318726299149432],[-75.42378870038266,6.317986624607627],[-75.42428806396462,6.317299171279051],[-75.42434926989456,6.316709418831099],[-75.42428144588291,6.316391855944854],[-75.42394281397453,6.315947671092388],[-75.42429622965669,6.315363391790226],[-75.4247670022573,6.315126355970975],[-75.42588215470873,6.315314564107249],[-75.42656289181573,6.315617880707876],[-75.4269909522911,6.316043411153788],[-75.42866311698621,6.316532881734586],[-75.42887007376048,6.316738600314405],[-75.42922912914071,6.316664983021754],[-75.42972491273939,6.316927785971304],[-75.43090060796293,6.316796007989632],[-75.43126289600394,6.316559235200122],[-75.4318174660609,6.316428138550272],[-75.43233677477347,6.31718758560229],[-75.43270893142284,6.318533677043041],[-75.43295938980468,6.318962005335736],[-75.43301536415572,6.319631630201046],[-75.43342312609722,6.3199791890202075],[-75.43429472017883,6.320117481919747],[-75.43462539513392,6.320525270630247],[-75.43512330919856,6.320869517228567],[-75.43576425376125,6.321751676821474],[-75.43654672558196,6.321848406597722],[-75.4371218359099,6.321596413444997],[-75.4382103235574,6.3218082072896715],[-75.43917264892531,6.3225848672624405],[-75.44017707724221,6.322996434151101],[-75.44145845466163,6.322769923833241],[-75.44190933392765,6.322988351047723],[-75.44280593299959,6.322970058954242],[-75.44312320835131,6.323120270799678],[-75.44385615416532,6.32383686290227],[-75.44424557680478,6.3245061129974225],[-75.44435859057812,6.325014752620735],[-75.44651676961398,6.3280430615904155],[-75.44726334969215,6.328734203587502],[-75.44785562700893,6.329061669262674],[-75.44820271077839,6.329781712634875],[-75.44861801532653,6.330282371808037],[-75.44870633718678,6.330926723351875],[-75.44894335533763,6.331222055621759],[-75.4491944161041,6.331901819216389],[-75.44960323515303,6.33432702361004],[-75.45054910819307,6.334574437881317],[-75.45123429606191,6.335086368141026],[-75.45259924364505,6.335076388366846],[-75.45395814932016,6.335462349659638],[-75.45652318327247,6.335381940289573],[-75.45859772457665,6.335824187914862],[-75.4594259330773,6.3358483107549946],[-75.46086524702069,6.33670868203024],[-75.46117080033952,6.337126806813616],[-75.46150047514114,6.338027382773073],[-75.4625779500696,6.339145063056164],[-75.46280309476846,6.340608499355991],[-75.46330162805337,6.341702059309768],[-75.46393685578207,6.342578510784681],[-75.4649419632284,6.34290818460817],[-75.46551286399854,6.3432539418286025],[-75.46642148073778,6.344371620935371],[-75.46748287484667,6.34510333956396],[-75.46826183264021,6.3458360658171955],[-75.46929307256592,6.346499434204107],[-75.46989613795846,6.346704476614197],[-75.47141887634355,6.346960108554898],[-75.4720943082424,6.347292464594754],[-75.47320930673119,6.3483324156725605],[-75.47419967294044,6.349880282797957],[-75.47464192034522,6.350274282249716],[-75.474794697354,6.350595919332325],[-75.47480273773878,6.351046205321022],[-75.47525588286271,6.3518090478014875],[-75.47547053330314,6.352419106902451],[-75.47665676130602,6.353763496768808],[-75.47713125243115,6.354023337814731],[-75.47870159089413,6.354418748123371],[-75.47922127168823,6.354802859736555],[-75.47962797939269,6.355864815634636],[-75.48058825771388,6.357638507078395],[-75.48068993535203,6.359852798583666],[-75.48145815771102,6.36159259926892],[-75.48149205004142,6.362643257822113],[-75.4818083781586,6.363863378723391],[-75.48236159813833,6.365275200070088],[-75.48300425533613,6.368619114917799],[-75.48367080193272,6.369692368816007],[-75.48451810706389,6.370415402429523],[-75.48516205981913,6.371737197754299],[-75.48539930483892,6.371963146019538],[-75.486449963984,6.3723924497822955],[-75.4871052125676,6.372957321391065],[-75.48704872556394,6.373104183710896],[-75.485496392162,6.373619980588063],[-75.48440972331558,6.374299946331265],[-75.48331034422915,6.375145131721879],[-75.48271299358225,6.375926773102069],[-75.48172800072982,6.376269928795456],[-75.48074300878395,6.376784667004826],[-75.48008846492645,6.37674018335738],[-75.47823922057411,6.375265871795372],[-75.4778198053485,6.37514513163032],[-75.47755290432302,6.375189615808639],[-75.47672042731598,6.375844157975287],[-75.47540498461188,6.375869576924341],[-75.47351761216258,6.3760919969204375],[-75.4741086076952,6.376651217894274],[-75.47472502195443,6.376943537222729],[-75.4755193710529,6.377776013748275],[-75.47596420697482,6.37798572180391],[-75.47714619756928,6.378233560632167],[-75.47764743180072,6.3788269414293595],[-75.47815263730945,6.3791510317427145],[-75.47922500796474,6.379193928230574],[-75.47988272878139,6.379856415024294],[-75.48049278937123,6.3801662116761095],[-75.48103612379515,6.3806046898026],[-75.48130302473399,6.38131960415199],[-75.48124583173397,6.382554023922114],[-75.48195121307737,6.383059230621237],[-75.48206560035625,6.384145896734232],[-75.48312367227032,6.384713061607069],[-75.4838124559836,6.385957226829568],[-75.4842667949032,6.386328956801004],[-75.48463026580828,6.386841123751519],[-75.48456108332987,6.38804615254788],[-75.48502574835874,6.388789615646786],[-75.48511902529602,6.389383354874927],[-75.48541641065731,6.390044214146079],[-75.48563944966149,6.390283770743737],[-75.48653986696463,6.390399421228906],[-75.48751463062061,6.39100245338643],[-75.48777071309712,6.391283317197856],[-75.48793592654982,6.3917211358533],[-75.48793831231626,6.392540667009015],[-75.48833570992528,6.393090013192481],[-75.48832869721434,6.393929226650827],[-75.48888505524017,6.394389740430074],[-75.488637265846,6.39590219074039],[-75.48877752440056,6.3961873832175655],[-75.48920483609554,6.396443443076561],[-75.48936552662595,6.396720495674306],[-75.48943271243854,6.397794771203933],[-75.4891459623382,6.398463852856102],[-75.48965297010265,6.400604090881775],[-75.4891044036588,6.401730314749683],[-75.4889347489688,6.402450801275952],[-75.48862755469345,6.402924756833873],[-75.48803072109212,6.4047328125830845],[-75.48836726262344,6.4053891677700765],[-75.48828333257778,6.405922368089416],[-75.48856968184796,6.406307459388255],[-75.48865854755907,6.407275117156698],[-75.4889843929084,6.407902121043037],[-75.48911275686623,6.408484693250498],[-75.48879987072525,6.408993828110458],[-75.48909979741917,6.410052823409265],[-75.48912941855406,6.410700809325341],[-75.48889244094212,6.411722778975576],[-75.48874947178322,6.413927784684694],[-75.48892720644075,6.414869115185687],[-75.48912468781921,6.415296992069233],[-75.49006601829116,6.416455551703541],[-75.49033591024804,6.41814731418428],[-75.49089544088734,6.419654757057424],[-75.49117849940552,6.421596663152743],[-75.4910402607693,6.422136447865037],[-75.4905475427423,6.422564124963405],[-75.49050747095743,6.423641803558243],[-75.49029519938982,6.424373166583048],[-75.48997357485608,6.424839815097718],[-75.4889477441606,6.425599736062222],[-75.48869993471959,6.426090568214847],[-75.48833492736826,6.43038041720397],[-75.48684654915824,6.430494324053829],[-75.4849378976873,6.4304103586740595],[-75.48242288469794,6.4298795991894035],[-75.48195525487905,6.429894514586988],[-75.48104611793559,6.430376555714523],[-75.47900746521593,6.43078786631033],[-75.47807159311797,6.43075805823742],[-75.47748741806656,6.431521063020197],[-75.47700457856583,6.431729697192776],[-75.4764156567574,6.431515434452126],[-75.47519167110767,6.431491589972697],[-75.47428560323907,6.430967023075025],[-75.47330800307718,6.430768323715307],[-75.47287086507433,6.430561678392946],[-75.47258473854934,6.430283497836023],[-75.47212375730328,6.4302517089630955],[-75.47040699721632,6.432349970757399],[-75.46875382029856,6.433446789901657],[-75.46867434127434,6.433669333937158],[-75.46891536501256,6.434824150213477],[-75.46891047261582,6.435465007229124],[-75.4684457301762,6.43625262465528],[-75.46812774788418,6.436526577378812],[-75.46675585817098,6.436543216584885],[-75.46623252230272,6.436397848879258],[-75.4629859001496,6.434915060118358],[-75.45993310570961,6.433974993034756],[-75.45946791788262,6.434081601233142],[-75.458489085061,6.434982901805539],[-75.4570838310255,6.435855128750636],[-75.45280345829242,6.436009114257238],[-75.45156295805926,6.43666812786956],[-75.45116561016616,6.4367553508216595]]]}},{"type":"Feature","properties":{"MpCodigo":"05079","MpNombre":"Barbosa"},"geometry":{"type":"Polygon","coordinates":[[[-75.32307521105724,6.513188861436222],[-75.32235444605445,6.513025050627131],[-75.32201278403373,6.5127863547744616],[-75.32147923062071,6.512655305661382],[-75.32071634260431,6.512702111655805],[-75.32031851773085,6.512472773758676],[-75.31914038426096,6.5127034090733815],[-75.31844136142206,6.512365939369258],[-75.31794993031636,6.5126327137500555],[-75.31783760325547,6.5124689037159635],[-75.31793120868656,6.512244248758342],[-75.3178142012662,6.512117880770698],[-75.31684538117284,6.512052357888049],[-75.31658328365586,6.511869825851025],[-75.31638749216036,6.511479022432337],[-75.31555751998452,6.511185723213449],[-75.31475875018404,6.510449355617487],[-75.31402238283513,6.510224703353902],[-75.31323609413445,6.509644347146287],[-75.31268693994419,6.509519537872207],[-75.31187568925068,6.509706751574809],[-75.31158238969653,6.509600664209739],[-75.31120796687586,6.509326085558931],[-75.31028438923047,6.508296421908348],[-75.30979763764748,6.508296421639396],[-75.30825002139076,6.508727008235905],[-75.30758229916914,6.508695805990902],[-75.30695826023495,6.508514837344436],[-75.3058724319883,6.508034324589804],[-75.30394415129655,6.506673921688986],[-75.30276471687024,6.506106047402513],[-75.30161024432319,6.50619964997705],[-75.2984214042108,6.507060823682296],[-75.29805322081316,6.507035861656716],[-75.29728565273938,6.506630239223958],[-75.29691747033664,6.506605277139512],[-75.29492678493536,6.507210595177743],[-75.29434018831469,6.507291720733334],[-75.29353517698276,6.507042102882184],[-75.29297354236537,6.507123229282891],[-75.2923245413585,6.50678624615523],[-75.29176914559702,6.506255813432288],[-75.29127615485004,6.50614348577596],[-75.29049610668551,6.506087326190718],[-75.28957876921561,6.506380620645287],[-75.28892976781125,6.5062745343038495],[-75.2886115080695,6.505943794569647],[-75.28849918070227,6.505207428137634],[-75.28828076661706,6.504764362271051],[-75.287095093247,6.503460120438734],[-75.2867331496687,6.502729992711326],[-75.28615903408512,6.502199559776223],[-75.28513560972411,6.500795471234364],[-75.28496711872552,6.50045225231279],[-75.2848984749127,6.49970964390332],[-75.28370031990863,6.498305555432294],[-75.28333213661546,6.497026273987321],[-75.28262697326899,6.495828119227473],[-75.28216518439052,6.495297687167207],[-75.2812291250352,6.495091752050353],[-75.28082973986764,6.494692369006762],[-75.28063628803984,6.493450531133733],[-75.28029904557482,6.493002003744834],[-75.28020076016367,6.492646298824448],[-75.28027096506008,6.492276559449563],[-75.2806173062165,6.491714920270943],[-75.28054242236566,6.491073722864264],[-75.28025692404353,6.490820984128681],[-75.27849713271382,6.49062909176254],[-75.27673266155041,6.490572928578946],[-75.27624123188134,6.490685255695939],[-75.2756561951407,6.491424742202474],[-75.27479502096831,6.491368578928116],[-75.2744205966844,6.491494946108551],[-75.27425678707286,6.491696199119216],[-75.27435039340392,6.492192309656324],[-75.27427550784054,6.492445046286474],[-75.27414445993793,6.492590134906099],[-75.27355942343121,6.4927165027516285],[-75.27296424639732,6.4922149336555846],[-75.27217795688645,6.492352219916216],[-75.27174112922296,6.4920214800660725],[-75.27106716679835,6.492102605840185],[-75.27080506967769,6.4920027586992015],[-75.27019975162786,6.492071403906687],[-75.26858349070376,6.491984036926553],[-75.26759750887885,6.492115087002146],[-75.26696098855247,6.491946595356423],[-75.26555066121828,6.49217749127184],[-75.26488088180928,6.492833308073538],[-75.26488566213028,6.493206213333593],[-75.26525856931679,6.494425326901056],[-75.26526813025858,6.49500859039487],[-75.26506255442312,6.495735281208581],[-75.265363746873,6.4960794996054085],[-75.2663916294188,6.496337665675273],[-75.26657808183005,6.496481092621294],[-75.26674063125331,6.496686667553074],[-75.26676931592105,6.497150410681903],[-75.26618127179907,6.499335257394273],[-75.26588007864792,6.499650792606429],[-75.26532550007644,6.499885053575286],[-75.26493825182715,6.50036313912669],[-75.26493347086605,6.501037240625044],[-75.26541633641469,6.501620501621226],[-75.26548326800683,6.502280261549544],[-75.26466574291429,6.504331244824139],[-75.26446016737286,6.504627657769388],[-75.26395817787896,6.5049957799372935],[-75.26373347827946,6.505488207018886],[-75.2632314887926,6.507300149212286],[-75.26328861366487,6.508151044614692],[-75.2624617720806,6.508113583695933],[-75.26115727620953,6.50770228934236],[-75.26037858686338,6.507627855367965],[-75.25981747173324,6.507725191855671],[-75.25824291680428,6.50837791844763],[-75.25746422775914,6.508022927572834],[-75.25678287476245,6.507879784701074],[-75.25153817297824,6.507748096050252],[-75.25118890825625,6.507679386380481],[-75.2507823868813,6.507410279994904],[-75.2496601584375,6.507427456560868],[-75.24822301773035,6.506723201371678],[-75.24816576079628,6.5059502398893345],[-75.24799399180264,6.505646779753374],[-75.24737562059876,6.50502840670686],[-75.24687748897776,6.504868090004362],[-75.24675152439613,6.504381409773136],[-75.2461217024347,6.50414665617637],[-75.24532010966804,6.503264905154904],[-75.24525140214982,6.502698065129999],[-75.24566364959276,6.502045339618354],[-75.24566364983123,6.50166172128872],[-75.24546325231951,6.501564384871172],[-75.24506818122146,6.501673172441715],[-75.2443295724369,6.501621641023716],[-75.24290960940557,6.50055094283061],[-75.24326460009217,6.499966927066072],[-75.24327605085476,6.499737901101196],[-75.24314436079541,6.4996119360366595],[-75.24289243166149,6.499600484403327],[-75.24254316714104,6.499829512605313],[-75.24219390162382,6.499634839348957],[-75.24098006296559,6.499480246596146],[-75.23882148979918,6.498260684211027],[-75.23847795144215,6.498300760089464],[-75.23806570282355,6.49865002598635],[-75.23706943864597,6.498609946414397],[-75.23605599761703,6.497894238754102],[-75.2358441486256,6.497859887354418],[-75.23534029125597,6.498323662959664],[-75.23502538039054,6.498346565822947],[-75.23471046935315,6.498077460338747],[-75.23419516000234,6.497218610720356],[-75.23390315071893,6.49718998295786],[-75.23319889487185,6.497436187300611],[-75.23301567416671,6.496789186684579],[-75.23274084296546,6.496560161083728],[-75.23216255184053,6.496777736674515],[-75.23112048241646,6.49637693999609],[-75.23044485459398,6.496313960108183],[-75.22975205010165,6.496611691796162],[-75.22950584661764,6.496588788980374],[-75.22870425480077,6.49610210763074],[-75.22805152998603,6.495913163938742],[-75.22741025686165,6.495289065385909],[-75.22676325708107,6.495294790682517],[-75.226448346132,6.494642066301988],[-75.22556659543268,6.4944244915857405],[-75.2251543480996,6.493634352629115],[-75.22505701180238,6.493130494900721],[-75.2250799143609,6.49172198158213],[-75.22483371129809,6.491057807175482],[-75.22501120693322,6.490365000244252],[-75.22491387001284,6.490147428054169],[-75.22396913686823,6.48971800330319],[-75.22266941299128,6.488904961294116],[-75.22190217541547,6.488687383876237],[-75.22140404306813,6.488275138144576],[-75.22049938925608,6.487908694206152],[-75.22019592876345,6.487914418894505],[-75.21958900993346,6.488252234617633],[-75.2191252317917,6.487977402885331],[-75.21858129386524,6.488177801091198],[-75.2180030027525,6.488028932889046],[-75.21756785300303,6.487725473738322],[-75.21712697839467,6.487204437881866],[-75.2168578718561,6.485028689336829],[-75.21692085441599,6.4847824850473685],[-75.2176938178999,6.483929364124056],[-75.21795147173707,6.482297549933199],[-75.21890193109891,6.4813986243399775],[-75.21934853164196,6.480545499583036],[-75.21979513312853,6.480121800809796],[-75.21990460840442,6.479170714965497],[-75.22085251420096,6.478956094729288],[-75.22285563604837,6.4789203241139575],[-75.22493849498669,6.479137179941262],[-75.2263633337146,6.4783681228194006],[-75.22751989936094,6.478570820697179],[-75.22813395102635,6.478541010900451],[-75.2299403368359,6.477664644960887],[-75.23112671004189,6.476746547572238],[-75.23254558759689,6.476275578596157],[-75.23299867503316,6.475619794819224],[-75.2331894476002,6.475142859673459],[-75.23314380573791,6.4744451993567615],[-75.2319784212826,6.4729572049228095],[-75.23120089184789,6.471469204765163],[-75.2310812725693,6.470773237154789],[-75.23035268023291,6.469848903815377],[-75.23013519007169,6.46885932276706],[-75.2303961782224,6.4685439628303465],[-75.2317881158133,6.468206850185375],[-75.23461549111097,6.466325558439329],[-75.23576818977784,6.466162439895763],[-75.23618142202947,6.4659884487072095],[-75.23658377897765,6.465314229054015],[-75.23717100301329,6.463704801232288],[-75.23771472932862,6.462965333064863],[-75.23776910186537,6.462562977317613],[-75.23755886098775,6.46155889420905],[-75.23776547679878,6.458905512337469],[-75.23721027305224,6.457817454899534],[-75.23716677427912,6.456874997409879],[-75.23802223682137,6.455062579746545],[-75.23934232973505,6.453474519981404],[-75.24048746779968,6.452562463319209],[-75.24229131383522,6.449664148957444],[-75.24223051059565,6.4490257101337916],[-75.24181027861525,6.447755231308646],[-75.24207442666317,6.447534608951469],[-75.24223259992819,6.446524243596037],[-75.242640860273,6.4458541243318175],[-75.24257001406633,6.445156252081018],[-75.2422971903853,6.4444703733965625],[-75.24131766431789,6.445193710737544],[-75.24095139739741,6.444291020405542],[-75.24187841440715,6.443319739024633],[-75.24210732191929,6.442459654217365],[-75.24203633287583,6.441792028128192],[-75.2413472833973,6.44080711324078],[-75.24123685174217,6.440467000945104],[-75.24127630969949,6.4396841878576625],[-75.2418584723161,6.439348270336434],[-75.24245740927213,6.4387757882296395],[-75.24341421217383,6.437564356732493],[-75.24400027726551,6.4364092460769795],[-75.24689454427165,6.435863642716969],[-75.24713056701147,6.4355977331896534],[-75.24747203776059,6.434818156207518],[-75.24790681455578,6.4344721530594144],[-75.24853784929792,6.433698542554641],[-75.2490875456242,6.433294777743584],[-75.24949807876129,6.4331295489487355],[-75.25085436877636,6.433274196916173],[-75.25171761692027,6.433174608633438],[-75.25229247739478,6.4328290827618595],[-75.25284636390141,6.432303794145067],[-75.25385294429857,6.431952137958036],[-75.25524548822807,6.432565607708713],[-75.25610082503077,6.4334986592979755],[-75.25644467674795,6.433276959553138],[-75.25766484171558,6.431933279835844],[-75.25822208395319,6.430340926250673],[-75.25880449217841,6.429730651441788],[-75.26014455667733,6.429126482789532],[-75.2619498008321,6.427566032581623],[-75.26271206331072,6.427210661126299],[-75.26314299372301,6.426836584171253],[-75.26513423821237,6.42709533423822],[-75.26549985916068,6.426962807629693],[-75.26559406884654,6.426560246451559],[-75.26537915095797,6.424802176817203],[-75.26581705922466,6.424281769163936],[-75.26612264079735,6.423505632413584],[-75.2668978223151,6.423255112036139],[-75.26750547363513,6.4233488037935365],[-75.26794442803156,6.423281948958018],[-75.26865358804666,6.4229657442163495],[-75.26902744010319,6.423228229662927],[-75.26953439179731,6.42438986698971],[-75.26996745505984,6.4249375163449605],[-75.27088217801419,6.424898814573807],[-75.2713574704406,6.424722139260966],[-75.2722054786181,6.42368585336502],[-75.27372560334456,6.422775209018564],[-75.27394500378007,6.422708860113637],[-75.27490441541035,6.423006554100596],[-75.27561380826113,6.422792754433229],[-75.27606606742214,6.4221552610292605],[-75.27610108957602,6.421441989913359],[-75.27545999087643,6.419556117926783],[-75.27544353122424,6.418773412351914],[-75.2757589859596,6.417902990760266],[-75.2755228912752,6.41708422002554],[-75.27768087985048,6.41668415808073],[-75.27811919370114,6.416346625877981],[-75.27843280640232,6.415885026908617],[-75.27889551795165,6.414663056772699],[-75.27912828998112,6.414383434358702],[-75.27985830188061,6.41392439322811],[-75.28055791970338,6.413643675360406],[-75.28119480877247,6.413939567389232],[-75.28147847232933,6.413893147706296],[-75.28239729369828,6.413004278688678],[-75.28242685986503,6.412566862938405],[-75.28256458228975,6.412546921642201],[-75.28272787984562,6.412273206352797],[-75.28299784935437,6.412189893980444],[-75.28375177521393,6.41130213225162],[-75.28409671624156,6.411099368186765],[-75.284767685103,6.410967502087411],[-75.28503529426627,6.41011844683263],[-75.28555219794177,6.409790697616902],[-75.28616423904116,6.409741689377241],[-75.28633182059272,6.40951569318429],[-75.2860547549987,6.4091966674148795],[-75.28663398637697,6.408331836263623],[-75.286868130799,6.408129330253362],[-75.28783838034728,6.407781774033244],[-75.28846223905747,6.407018089623949],[-75.2886219938065,6.405750059914706],[-75.28908220034076,6.404680573168426],[-75.28904026510283,6.403475458443212],[-75.28875103765189,6.402509608783542],[-75.2883284688852,6.402119764725258],[-75.28768748006664,6.401761084358509],[-75.28732247430905,6.400015785979525],[-75.28818816060334,6.399707363264603],[-75.28876239277048,6.400378891158701],[-75.28941369478241,6.400693402438637],[-75.29005031440539,6.401494565434825],[-75.29099470538496,6.4010456292432725],[-75.291198627932,6.401148469858029],[-75.29178213735906,6.401074161561619],[-75.29200604890856,6.401619048068676],[-75.29245947421133,6.402261655667727],[-75.29374353507835,6.402504583827692],[-75.29405312070452,6.40226357466819],[-75.29574631287132,6.402286695318191],[-75.29607663987866,6.4034373710931005],[-75.29638967104442,6.403671712157769],[-75.2974817911937,6.403994225914493],[-75.29878311721596,6.404064543268858],[-75.30257080479642,6.403835312887581],[-75.3032108925582,6.403420444158845],[-75.30319730975869,6.402328255087207],[-75.30288738095737,6.401608467725837],[-75.3035462039415,6.401258009408886],[-75.30459613621332,6.400103618083259],[-75.30507000755405,6.399974503918831],[-75.3056601308309,6.400019810398977],[-75.3061293397853,6.399923887318564],[-75.30711451717339,6.399456987250552],[-75.3080826241016,6.399374248823341],[-75.30888094284062,6.399128541380934],[-75.30967044040446,6.3987105145541925],[-75.31031188190022,6.39757576120352],[-75.31033654727977,6.397340309760732],[-75.31008690188602,6.396685171158576],[-75.30958891676258,6.395998528242893],[-75.30894194385802,6.394644341296076],[-75.30782047686856,6.393381778227007],[-75.30746793239358,6.392307812667007],[-75.30664131758897,6.3920600848988895],[-75.3074189316068,6.391689715522375],[-75.30851375059743,6.390572599672688],[-75.30886645739885,6.390400255893492],[-75.30987658676241,6.39160427116193],[-75.31037507980356,6.391660519912357],[-75.31075821709366,6.391576216826562],[-75.3117538897547,6.392243118405036],[-75.3129721597294,6.392106941483501],[-75.31323790744247,6.391680491083019],[-75.3137335530672,6.391768629691311],[-75.31401825834617,6.391530556273546],[-75.31428277500859,6.391190813175429],[-75.31427089975011,6.390776157520342],[-75.31458528799655,6.3904540319069705],[-75.31470360682704,6.389672562188396],[-75.31419828810178,6.388726613836787],[-75.31432579738144,6.388433671530607],[-75.3147717268287,6.388130053336203],[-75.31524608699375,6.3880164900647705],[-75.31567848423913,6.388430987088743],[-75.31625838860447,6.3884964559583235],[-75.31706637422606,6.387935758534386],[-75.3171993983235,6.387618985013724],[-75.3179880630428,6.387391917132878],[-75.31916825092867,6.386570777922779],[-75.31967106875356,6.386585630863284],[-75.31985866936652,6.386896158301865],[-75.32033118078121,6.387275465043787],[-75.32060150872857,6.3877834295132265],[-75.32188000203979,6.388440871941527],[-75.32213094315385,6.388695773534811],[-75.32212118419518,6.389537458609027],[-75.32261244913164,6.3904337920342265],[-75.32246224291139,6.390925581827796],[-75.32251804014604,6.3919872886136435],[-75.3235914314971,6.392491923329306],[-75.32441535440978,6.392159153209298],[-75.32490532857396,6.3922883180480605],[-75.32576708297415,6.392238358026325],[-75.3260647849174,6.392672740711735],[-75.32716283028672,6.3925176562691535],[-75.32784527533907,6.393184861077676],[-75.32881927498103,6.39330800986568],[-75.32897540348094,6.393757961120294],[-75.32963037062717,6.3940039131569915],[-75.33023851941216,6.395177211691861],[-75.33110444979313,6.395479198894751],[-75.33228942832666,6.396131545357395],[-75.33177377329035,6.397080179081046],[-75.33166117574828,6.397595519375457],[-75.33190906632423,6.3981751970478715],[-75.3324754025569,6.398651333705593],[-75.33469969333116,6.399382591639223],[-75.33514635762103,6.399365337063042],[-75.3357199691421,6.39916841682438],[-75.336198449831,6.3988812595543845],[-75.33653853259388,6.398367546242547],[-75.33696464982287,6.398094388520198],[-75.33809494444681,6.396857855789844],[-75.33876661410928,6.396501551618315],[-75.33928566915729,6.395989643782767],[-75.34023976558618,6.3959379777038645],[-75.34119823824393,6.3962777161165425],[-75.34197911823769,6.396894803317637],[-75.34361537622603,6.396875571408842],[-75.34460349010239,6.397350867435001],[-75.34571581230175,6.397449836540392],[-75.34572183166523,6.397232594328874],[-75.34678471772317,6.396316843900268],[-75.34762830765355,6.395960314979081],[-75.34843555021473,6.395915762024158],[-75.34863720955083,6.395495131773497],[-75.3501856518716,6.394842845585501],[-75.35045924221617,6.394228452754676],[-75.3508362512587,6.3938971671934475],[-75.35165966223002,6.3937190961669],[-75.3528146143658,6.393063728724188],[-75.3539530439971,6.3922408759236955],[-75.35430110328807,6.391793227793398],[-75.35473544382296,6.391631052537747],[-75.3552376782356,6.391190829864157],[-75.35604419573156,6.391340835231281],[-75.35651331796547,6.391191984214515],[-75.35691366541579,6.390806696449311],[-75.35724215382423,6.390237442508599],[-75.3580981006485,6.3896846861545],[-75.35834417379616,6.389090760200043],[-75.35884273931626,6.389042816009809],[-75.35922845648155,6.388795485876031],[-75.35982421139472,6.388648662713544],[-75.36010713745998,6.3879370950540935],[-75.36044697712902,6.387716862163389],[-75.36051916693997,6.3873531672894055],[-75.36104307623387,6.387159032054313],[-75.36111027238181,6.386383617818732],[-75.36131291467049,6.3862624430264265],[-75.3624266856702,6.386115949073467],[-75.36287491455384,6.38617676652234],[-75.36295057904913,6.38550141196858],[-75.36336718332102,6.3853309830923575],[-75.36342625940638,6.384932309232671],[-75.36495100335237,6.383897273064564],[-75.36512054577616,6.38361060013647],[-75.36568672338176,6.383369270029457],[-75.36650478071925,6.383210738923925],[-75.36683524717891,6.382836629207498],[-75.36738464263982,6.382836299723686],[-75.36788679187391,6.382425027910094],[-75.36808813166175,6.382003715400598],[-75.36841783261572,6.382004528341269],[-75.36880043937391,6.381756047837662],[-75.36931185493074,6.381689398576273],[-75.36950613499388,6.381238752107835],[-75.36993745127063,6.380739829123969],[-75.37048201522373,6.380395007583183],[-75.37062114253436,6.379815394641307],[-75.37052184961779,6.3787279227932805],[-75.37084187501556,6.378523307049021],[-75.37180225729708,6.378413637356388],[-75.37210573268453,6.3782687893456185],[-75.37220386999222,6.377986785140227],[-75.3718962525114,6.377506518733277],[-75.37254941179617,6.377036127885945],[-75.37362454913823,6.376897120988948],[-75.37388917179769,6.376589104243076],[-75.37448661526827,6.376470934771093],[-75.37566646803127,6.3758353815875335],[-75.3761171233731,6.375807697716529],[-75.37645297485452,6.375428548208276],[-75.37657392697527,6.374505376171704],[-75.3762691412887,6.374219401857851],[-75.37608700866235,6.374257880265416],[-75.37606803194274,6.374145414344605],[-75.37623187174017,6.373593220413803],[-75.3766019012348,6.373118873371359],[-75.37699148694293,6.373170832402745],[-75.37715064328084,6.372882043230629],[-75.37762851173471,6.372568171986247],[-75.37839458276882,6.372586960817034],[-75.37973519740532,6.372921028538047],[-75.38110374995092,6.372985794781881],[-75.38313655622495,6.373609297862883],[-75.38347857640457,6.373515008874108],[-75.38386996788952,6.37423449519881],[-75.38436137883572,6.3737476354986535],[-75.3848417575839,6.373978104528982],[-75.38560715743414,6.373633081724968],[-75.386028003995,6.373700060547806],[-75.38696711675102,6.373459400095657],[-75.38749242141085,6.373171160699768],[-75.38837126244026,6.3723674031947635],[-75.38849967202047,6.371479673980442],[-75.38840136542741,6.370406211151236],[-75.38980646513001,6.369612437046214],[-75.39101990330548,6.368676655060275],[-75.39242136635426,6.368663494069251],[-75.39327409019108,6.368787868270222],[-75.39459072168155,6.367799378082156],[-75.39542445916035,6.367673590226242],[-75.3963811224486,6.367302095089623],[-75.3971339312101,6.367514364752731],[-75.39900451668957,6.366485949729406],[-75.40035233262375,6.366075981815573],[-75.40137409427128,6.366079654863715],[-75.4040385557323,6.3650983927898],[-75.40443551313963,6.3654329262718035],[-75.4047763639806,6.366110660776669],[-75.40508343990338,6.366262200687077],[-75.40525599564566,6.366671792625753],[-75.4054211047475,6.366769522076444],[-75.40516914970664,6.3673305409342404],[-75.40528343144983,6.368170836371128],[-75.40474532175944,6.3682927320538045],[-75.40406060118792,6.3687639190700125],[-75.40420611440463,6.3690985869583985],[-75.4043844995235,6.370388286869685],[-75.40460863665194,6.370346357843432],[-75.40527170976438,6.371592125042616],[-75.404810892993,6.372628926213429],[-75.40556332175466,6.373971620886864],[-75.40559833391815,6.374691336904306],[-75.40583519283251,6.375271413116177],[-75.40560306814031,6.375970817922713],[-75.40588964435896,6.37632985388596],[-75.4061002284073,6.377219114326716],[-75.40521024558616,6.3774753244283975],[-75.40470703003325,6.3778553189596385],[-75.40494748066337,6.378481866159916],[-75.40553562288899,6.3784515043883],[-75.40614526301664,6.3786962007582515],[-75.40605994206689,6.379067888247774],[-75.40561595791587,6.3797922777629825],[-75.40628598466866,6.38075044426829],[-75.40653135374878,6.38078581111231],[-75.40688803063014,6.381283564218989],[-75.40646435093804,6.381554122556986],[-75.40640117571984,6.38176897484618],[-75.40653500182957,6.381800386971533],[-75.40633915115063,6.3821164431601956],[-75.4062463329182,6.38257045868394],[-75.4065642781571,6.383081748553796],[-75.40644493697452,6.383263350258908],[-75.40667360900588,6.384024848005453],[-75.40733869942127,6.3842216415817745],[-75.40826032220728,6.385133566352467],[-75.4086035320882,6.385731153906742],[-75.40876200196088,6.385826132201544],[-75.40878895221489,6.3859815060693075],[-75.40859668544877,6.386117460347759],[-75.40839505449661,6.386745378249456],[-75.40990232906739,6.388603300632575],[-75.40997219247767,6.388952204238921],[-75.40984520118462,6.389032229143608],[-75.40996064010217,6.3901655933024575],[-75.40983618675256,6.3906867397471],[-75.40994546428058,6.391134627032854],[-75.41071964916227,6.392280577452979],[-75.41112331140825,6.393256339130081],[-75.41130617222062,6.394274821924246],[-75.41167166705529,6.394858650305027],[-75.4124336589093,6.3957005615538725],[-75.4125970186305,6.396087707030281],[-75.41291724356964,6.396281199769634],[-75.41412433341148,6.3961398925562705],[-75.41430763171776,6.396205641316735],[-75.4143380109622,6.396400121392155],[-75.41454423494702,6.396426342234126],[-75.41482985569947,6.396162887331326],[-75.41553473580521,6.396642595678939],[-75.41593222361628,6.3960114187560855],[-75.41666415077093,6.3958527263209595],[-75.41739141418331,6.3953050560846965],[-75.4190281281872,6.394867977130177],[-75.42052943510082,6.395167919684969],[-75.42089454077687,6.395565207035772],[-75.4208792664311,6.395741553127401],[-75.42158235134679,6.396561672707194],[-75.42155843858083,6.3974213818586545],[-75.42135174697071,6.3979519098104705],[-75.42141811258234,6.399412422905821],[-75.42172238786712,6.399804861095281],[-75.42135281202907,6.400043009096001],[-75.42141845405393,6.400659590416022],[-75.42088894446857,6.40107697202126],[-75.42069138910426,6.401551127371201],[-75.42068003404424,6.4019426336427765],[-75.4212134897291,6.402429084329438],[-75.42193982795915,6.4035457346782705],[-75.42219814949418,6.4040560935650594],[-75.42223144856591,6.404461469550535],[-75.42327298227325,6.405006885801726],[-75.42507918525031,6.406988913307791],[-75.42571178629942,6.407505284717124],[-75.42614542257697,6.408335245770101],[-75.42761969947367,6.409446749877701],[-75.42847222974379,6.409605174571837],[-75.42884655684533,6.410384661952044],[-75.42877210550294,6.411286573845651],[-75.42903459835472,6.411508786901702],[-75.42911405594212,6.411360565763682],[-75.42924623460335,6.411422879480375],[-75.42933623276234,6.411882294518844],[-75.4295095428208,6.412109729216327],[-75.43100414459946,6.412812851988046],[-75.43159355314214,6.4132228936386735],[-75.43229684001493,6.413865478620052],[-75.4324640509755,6.4142138989600985],[-75.4328853822944,6.414413503436083],[-75.43379847514143,6.41523079056247],[-75.4341635033189,6.416214222068421],[-75.43444583081687,6.416613067833197],[-75.4351124368913,6.4170845363218],[-75.43559329899986,6.417695749581153],[-75.43659218578037,6.418227829341229],[-75.43696651928796,6.418778206923377],[-75.43689198826287,6.4191595834937685],[-75.4369707734165,6.419581745579474],[-75.4374755730788,6.41995872120019],[-75.4378838198537,6.4206692353063195],[-75.4376596430208,6.422022793911273],[-75.43772807624039,6.422418750194688],[-75.43800112528062,6.422855501781512],[-75.43784205313109,6.423791426173524],[-75.43876345915092,6.425060686922463],[-75.43903941621,6.425173465417524],[-75.43962455140033,6.425776348148753],[-75.43989475643212,6.425864810311209],[-75.4400761729904,6.4261737692196155],[-75.43978740596236,6.426335424441719],[-75.43983850417956,6.426448667227054],[-75.44039000341185,6.42684062558172],[-75.4405391291529,6.427077821985454],[-75.44118399648468,6.4272672632449686],[-75.44139979001854,6.427006043538731],[-75.44253040474854,6.42714132110209],[-75.44290324137083,6.4273494889399],[-75.44394444620532,6.426825183588051],[-75.44480750278646,6.427601278410512],[-75.44532028717755,6.4275985786230585],[-75.44603472864841,6.427929046224356],[-75.44428846245223,6.429253268810933],[-75.4442234510128,6.429785937750674],[-75.44483032642226,6.43077768601117],[-75.4449063424348,6.431610390257523],[-75.44544459786559,6.432786979774229],[-75.44590861294299,6.433051461726207],[-75.44709428240878,6.434144656424559],[-75.44752291924341,6.434196562733826],[-75.44788366776358,6.434413572447959],[-75.44830990729245,6.434910348576491],[-75.44848404467403,6.435508995617919],[-75.44795674614268,6.435564714729069],[-75.44731229725475,6.435839397737544],[-75.4462346938576,6.437424108596407],[-75.44563250362782,6.4377093577736515],[-75.44520991398198,6.437677661804967],[-75.44466054843267,6.437392418210008],[-75.44336592762546,6.437436288688325],[-75.44296182662835,6.4372302746006635],[-75.44193176496191,6.436342836940021],[-75.44111563876439,6.436105134000335],[-75.44071153795878,6.4363586862322695],[-75.4399984189329,6.437539297216268],[-75.43860387403171,6.438775367651185],[-75.43834239640803,6.4387436758402785],[-75.4380333783325,6.4384029612870775],[-75.437280640323,6.438204873917783],[-75.43593363711364,6.437428365682892],[-75.43533188704181,6.437412956592825],[-75.43392325627931,6.438244049895816],[-75.43272591914004,6.4386948120023],[-75.43165535859433,6.439624507859621],[-75.43073974863132,6.440131617829761],[-75.42979596605576,6.440173877001252],[-75.4287958378677,6.439779460616114],[-75.42696109487916,6.44004357579412],[-75.424777716955,6.440973273094568],[-75.42384801996758,6.441240912577264],[-75.42190410874227,6.441424035804638],[-75.4204391317093,6.4417198477523225],[-75.42000245599907,6.4419311416381335],[-75.41879103324715,6.44208609340002],[-75.4179855047163,6.442752321870002],[-75.41767560610154,6.442794581279412],[-75.4174079663711,6.442780497381967],[-75.4164628790529,6.442203737605127],[-75.4159933353976,6.442109829685339],[-75.41419028724862,6.442429118750277],[-75.41355170686533,6.442410338302906],[-75.41306338235893,6.442372777007985],[-75.41138945836404,6.441858625240986],[-75.41003717181792,6.441717761236082],[-75.40841724568851,6.441774108363175],[-75.40747346281167,6.4414642089807455],[-75.40650150714698,6.44084441140554],[-75.4061493486389,6.440759893076083],[-75.40579719192776,6.440773977969785],[-75.40507879041174,6.441112050956564],[-75.4039941429376,6.442196695187811],[-75.40326165474269,6.442548852734505],[-75.40144452134898,6.44260520004219],[-75.40010632088052,6.442309388855521],[-75.39892307037753,6.442295301107354],[-75.3966052303076,6.44161043240383],[-75.39612650823236,6.441641300549339],[-75.39471211434363,6.442163390939693],[-75.39362046789462,6.442704467987203],[-75.39103848739441,6.444451103123319],[-75.39052588806473,6.4449921786588655],[-75.39014381178782,6.445733786632141],[-75.38980919837721,6.4460470448964005],[-75.38980207931792,6.446958328606592],[-75.38959561470256,6.448189991270097],[-75.38972376477047,6.448702590113891],[-75.3900708374292,6.449305072923798],[-75.39020432667807,6.4499511614007075],[-75.38979317964375,6.4518840867491],[-75.38980385886082,6.452305915855164],[-75.39009753524088,6.452903946293038],[-75.39008685642757,6.453144225904387],[-75.3894407679354,6.454094671335944],[-75.38961984295423,6.455786075178353],[-75.38950715168266,6.4561100613382125],[-75.3876759322046,6.455786075189367],[-75.38708430579983,6.4558846791044715],[-75.38523899880497,6.456518566449996],[-75.38384445393808,6.457617298334085],[-75.38335290642068,6.457728141605021],[-75.38212853661207,6.457633959672576],[-75.38058125789343,6.457862690772384],[-75.37926270673717,6.457876144933984],[-75.37799797371906,6.4573379609746535],[-75.37693506086849,6.457311050055604],[-75.37666596895139,6.457512871293127],[-75.37638342159907,6.457997233824515],[-75.37576451017858,6.459356151236364],[-75.37382704835792,6.46145506958753],[-75.3729390443852,6.462006706915763],[-75.37217213203382,6.462262344563106],[-75.37133794563154,6.4628139823987185],[-75.3702077604383,6.463056165809411],[-75.36844520730614,6.464105624932414],[-75.368001205098,6.464576535380883],[-75.36781284130491,6.465155083588857],[-75.36791848420113,6.467363631968269],[-75.36817412194696,6.469045456277868],[-75.3681472119551,6.470485097847633],[-75.3678512110002,6.470875282244436],[-75.36699810459935,6.471449203662915],[-75.36657428489427,6.472190888950001],[-75.3660899199869,6.473961851807478],[-75.36593477106084,6.475166461983117],[-75.36567240687162,6.475610460115783],[-75.36545040577396,6.47576182508786],[-75.36494585829563,6.475701281082738],[-75.36440094675142,6.474984822825268],[-75.36409821806502,6.474853639315243],[-75.36295625934588,6.476755783187959],[-75.36276789396639,6.477374694789258],[-75.36286207657884,6.4781416070193165],[-75.3633733524016,6.478975793743565],[-75.36349444296553,6.479500524178705],[-75.3634002606487,6.479957978732929],[-75.36268716683188,6.480980530705593],[-75.36266025826953,6.481370711630547],[-75.36291589477722,6.482487444812508],[-75.36266025765093,6.482904538728139],[-75.3620144371811,6.483281265773471],[-75.36126097943819,6.484142361891396],[-75.36038643032133,6.486712189095091],[-75.35996933726811,6.4874252834421915],[-75.35974060926743,6.487600193101564],[-75.3595118805616,6.487600193084564],[-75.35749369113282,6.486564187728184],[-75.35671164203785,6.486501961291417],[-75.35619700288281,6.486703782436342],[-75.35563190990142,6.487339512388515],[-75.35406781179873,6.489892520967568],[-75.3531091724277,6.491174071036664],[-75.35121848240009,6.491948771577952],[-75.35040861843002,6.49288067332596],[-75.34945453188713,6.49340209123321],[-75.347967932096,6.494600245943734],[-75.3462261691184,6.495365731661828],[-75.34552724514162,6.4962421606059655],[-75.34526098837691,6.496741392278451],[-75.34503910817018,6.497540161849774],[-75.34477285093159,6.497861891642894],[-75.34457315842518,6.49799501794231],[-75.3431198410854,6.498139240048993],[-75.34164875485563,6.4992095539679715],[-75.34121816812099,6.499410807354462],[-75.34055824581577,6.5001034910796305],[-75.34017446188116,6.500183057645926],[-75.33980003870272,6.500080087549803],[-75.33869627000728,6.49908708896467],[-75.33729842227194,6.499960741058106],[-75.33661197898347,6.500260281763152],[-75.33600666063718,6.500185395817793],[-75.33454016900731,6.499642483341736],[-75.33269925255946,6.499605039850788],[-75.3322998683815,6.499723609327539],[-75.3314636563393,6.500466213410985],[-75.33017189388433,6.500566059111105],[-75.32934816285882,6.500959205849103],[-75.32819368998521,6.502032552448761],[-75.3269830540961,6.502812601631204],[-75.32622172586201,6.503935872328399],[-75.32567881236263,6.504522468192497],[-75.32428096478804,6.5052525951351585],[-75.32375677177814,6.50587039283406],[-75.32374667932048,6.506375789387074],[-75.32405869862225,6.5070622328546435],[-75.32349082283383,6.507867240188055],[-75.32323600666268,6.508874369952649],[-75.32329147719588,6.51255758780175],[-75.32324710118232,6.512901505373943],[-75.32307521105724,6.513188861436222]]]}}]}