{"type":"FeatureCollection","features":[{"type":"Feature","properties":{"MUNICIPIO":"BARBOSA"},"geometry":{"type":"MultiPolygon","coordinates":[[[[-75.39204275087054,6.414489770626949],[-75.3917061071032,6.414444579344231],[-75.39226880898212,6.413502397425758],[-75.39265155826877,6.413248279212523],[-75.39190314853629,6.413142103576845],[-75.3919069872357,6.412947119817666],[-75.3901519586265,6.412737400346771],[-75.39005642517061,6.411957426272183],[-75.38980155360524,6.411715322235954],[-75.3896499545878,6.411818794924093],[-75.38946262319551,6.411457936285445],[-75.38903295433165,6.411292206561287],[-75.38901119080579,6.411116784013965],[-75.39116290666523,6.410754651967455],[-75.39230074613126,6.410907157339954],[-75.39235292080197,6.4103884521044066],[-75.39287291178675,6.410425326706547],[-75.39285220834458,6.409807822839148],[-75.39314166142776,6.410120561257426],[-75.39355534430229,6.410290005082003],[-75.39370562896042,6.409650931922509],[-75.39392475122699,6.409681134737782],[-75.3940200923808,6.409502754724985],[-75.39418651730442,6.409527072069805],[-75.39427921211409,6.409753814359426],[-75.3944701166007,6.410831097354787],[-75.39491799912994,6.410457184646385],[-75.39488854965045,6.410222248075468],[-75.39524842639486,6.410231902925188],[-75.39526142631806,6.41002152070086],[-75.39641093848077,6.4105932334999585],[-75.39643595989693,6.410434619642866],[-75.39690090387056,6.410384675288387],[-75.39709130214652,6.411044807156734],[-75.39799983037109,6.410849098642976],[-75.39864114331533,6.410543685365834],[-75.39810340130148,6.411345501318961],[-75.39766509734186,6.411288386024214],[-75.39677605425685,6.411936261130352],[-75.3970470702456,6.412845564050032],[-75.39369365684273,6.413150727135009],[-75.3936228507339,6.4133462287141265],[-75.39331048153734,6.413126475650768],[-75.39204275087054,6.414489770626949]]],[[[-75.3242312992751,6.450345313517181],[-75.32232823263827,6.448726733325025],[-75.32238710814613,6.448118718096646],[-75.32176225891699,6.447447266214758],[-75.322134916771,6.447015508686706],[-75.32210176775284,6.446789559263177],[-75.32150511215141,6.445839817038445],[-75.3212787313363,6.445255647579744],[-75.32149553769833,6.445161605216114],[-75.32432057912082,6.445011473596406],[-75.32549422700566,6.444806306302876],[-75.32617043296979,6.444956997044057],[-75.32663982015201,6.445268009262522],[-75.32697456993733,6.444678142872262],[-75.32694390185775,6.4437660090607585],[-75.32709379784798,6.443363676961654],[-75.3274357145614,6.4431004335880635],[-75.32752232938068,6.442869889622082],[-75.32692379875863,6.4421566671794785],[-75.3270959860023,6.441797394164033],[-75.32701198222551,6.441234902649],[-75.32673667196173,6.441000422663722],[-75.32673674940123,6.440828554803085],[-75.3270123025452,6.440547447565849],[-75.32728422125078,6.44054757032691],[-75.32739404453578,6.43979768600082],[-75.32730427602213,6.4395432804348856],[-75.32701291122429,6.439266296141933],[-75.32701312331031,6.438815610409554],[-75.3272356588076,6.4387746291346355],[-75.32763546742781,6.438062711484083],[-75.32755429759668,6.437658023404871],[-75.32772103900722,6.437541727678029],[-75.32790576572904,6.437651406983998],[-75.32819889383045,6.439070133771947],[-75.32849535630508,6.439147230280581],[-75.32860856486428,6.438533476926083],[-75.32884581264429,6.438247961482706],[-75.32894340027168,6.438373394537429],[-75.32894314344459,6.438923759392888],[-75.32945212615212,6.4391817592589415],[-75.32967534338769,6.439105228846561],[-75.32944534679432,6.438777694720753],[-75.32935492922824,6.43833567451077],[-75.32941783442375,6.438022215671047],[-75.32903438809804,6.437750347573738],[-75.32879051528776,6.437283452222674],[-75.32841307259814,6.437049367001276],[-75.32796606518502,6.436224947540548],[-75.32761465141994,6.436116270162514],[-75.32713272104921,6.436180431797615],[-75.32662317130281,6.435929264086568],[-75.32649819146586,6.435410573067542],[-75.32596230433502,6.434519495084705],[-75.32590871176266,6.433647121106801],[-75.32597149519493,6.433591405789636],[-75.32605504500853,6.433897981287508],[-75.32630708822987,6.434095679444396],[-75.32708299400836,6.4341804587960665],[-75.32705248190139,6.433735317646387],[-75.32658404376515,6.433274627585855],[-75.32660722144767,6.432998349549281],[-75.32676025554179,6.432968911166402],[-75.32691357896302,6.433198879116624],[-75.32722048424716,6.433101488217937],[-75.32731828284162,6.432739269862411],[-75.32769233029886,6.432282691968834],[-75.32771153023832,6.432106129931233],[-75.32785493893495,6.432091866842922],[-75.32809375223488,6.432531039255665],[-75.3282373879789,6.432034783691639],[-75.32841877309599,6.4326170983508355],[-75.32884903178653,6.432560015585963],[-75.32886808062742,6.432722290632335],[-75.32845992363862,6.433136842398503],[-75.32849794056489,6.433642725935029],[-75.32964526585856,6.433528726407248],[-75.33011362235236,6.433777098933126],[-75.33072560985634,6.433557855496778],[-75.33073230557942,6.433679216178947],[-75.33017700521788,6.434118157803093],[-75.33043835956158,6.434512188396194],[-75.33071076321976,6.434649643126304],[-75.33172405357469,6.434945987214722],[-75.3320014295138,6.434688414805604],[-75.33262279483891,6.434870052352674],[-75.33293836708056,6.434717473191781],[-75.3330721320805,6.434879791479471],[-75.33311022613907,6.435223416138065],[-75.33419926590187,6.43500875733868],[-75.33441587340718,6.435053626964647],[-75.33480068648248,6.435566730837697],[-75.33506445467198,6.435491500098077],[-75.33538524203344,6.435077447787011],[-75.33543252052174,6.434795063004485],[-75.33562086524039,6.4353223087169384],[-75.3352895987902,6.435807851406324],[-75.33592575145111,6.435938072669755],[-75.33777690364785,6.433928112709324],[-75.33859143167622,6.433240058738746],[-75.33903013308243,6.432585845179858],[-75.3398823426419,6.432095664416167],[-75.34125090150205,6.43167515812847],[-75.34112334202362,6.431369410137671],[-75.34100730885099,6.4314536271067935],[-75.34076479145817,6.431169153261714],[-75.34072305108995,6.430168653597851],[-75.3406176338356,6.430038514551535],[-75.33998474029997,6.429932935174441],[-75.33977384725415,6.42972220551534],[-75.3394995299846,6.429890581625434],[-75.33949957647738,6.429795800864528],[-75.33963679170597,6.429585246504377],[-75.34016419867908,6.429690797612684],[-75.34068115402472,6.429522503019856],[-75.34076569537426,6.429238190468758],[-75.34057587014365,6.429101216564824],[-75.34064975779496,6.428964316560558],[-75.34160014683451,6.428897661577054],[-75.34138920990064,6.428760659012517],[-75.34116785352748,6.428360388053813],[-75.34127352944765,6.428033940771265],[-75.3419166717652,6.42877143688581],[-75.34247578470182,6.428771676787724],[-75.34282398465916,6.428571720595595],[-75.34326822784986,6.428794040375993],[-75.34327845533656,6.42948913191731],[-75.34337334326185,6.4296260677050014],[-75.34350017165052,6.4290679619631295],[-75.34384840937814,6.428762711150932],[-75.34366896889765,6.429120702701299],[-75.34372160202123,6.429289221794921],[-75.34413297192881,6.429363114290684],[-75.34463909725761,6.4298898969736245],[-75.34511374157941,6.430027023490257],[-75.34539021196935,6.428752222483151],[-75.34572776198911,6.428836629575453],[-75.34580161519224,6.42876295814104],[-75.34610747952637,6.428931573456883],[-75.34620078601542,6.428706444671019],[-75.34607782424523,6.428370645227382],[-75.3456948731114,6.428034818663661],[-75.34566547144186,6.427795817646658],[-75.346105570855,6.428170593338888],[-75.34708933209411,6.429649618829788],[-75.34728117141941,6.4304221982928915],[-75.34675248592785,6.43073276828726],[-75.34677810918026,6.430846444039165],[-75.34652182390865,6.431082706413285],[-75.34594461418776,6.432405024973387],[-75.34499586361044,6.433740202314965],[-75.3447653603555,6.433925385329812],[-75.34407975481788,6.4340014999603845],[-75.34366378971055,6.433904926279884],[-75.34308102806096,6.434050079180961],[-75.34247790673119,6.433204881297811],[-75.3415885301265,6.432707877541653],[-75.34111914766953,6.432596268925351],[-75.34052242302326,6.432835182513585],[-75.33995471274174,6.432876801575898],[-75.33957455544447,6.433167171948681],[-75.3391945697442,6.433681436484607],[-75.33831179194294,6.434400921397532],[-75.33787728342648,6.435121421207735],[-75.33738745892362,6.436362683941512],[-75.3372405751747,6.436760471510783],[-75.33724855125703,6.437318218435851],[-75.33756476018787,6.4386946358551755],[-75.33752516159511,6.4393094373915405],[-75.33699505055603,6.440795453057652],[-75.33663141240962,6.441060635639497],[-75.33451538806425,6.441222536856374],[-75.33405799168092,6.441374853679231],[-75.33390936262006,6.441532290255125],[-75.33387826783462,6.441691885686873],[-75.334237429133,6.441986818842598],[-75.33426114469296,6.442275239559617],[-75.33487488446622,6.443607319079316],[-75.33490029528602,6.443934172960478],[-75.3347118867633,6.444398906010359],[-75.33515507122958,6.44458505704718],[-75.33515095172561,6.4446998178311095],[-75.33591584507722,6.444779834469707],[-75.33655471477762,6.445441206555663],[-75.32869945834378,6.450565897666629],[-75.32832397272864,6.450378576409212],[-75.32751550493033,6.449657606840178],[-75.32724881467134,6.449598275508664],[-75.3266560427945,6.449785486347781],[-75.32616190652563,6.450278629744311],[-75.32508518236821,6.450278129901478],[-75.32496647424597,6.4506727653098554],[-75.32430717931746,6.4506407225932865],[-75.3242312992751,6.450345313517181]]]]}},{"type":"Feature","properties":{"MUNICIPIO":"BELLO"},"geometry":{"type":"Polygon","coordinates":[[[-75.53698230266733,6.308019387286724],[-75.53681188909272,6.308158432648881],[-75.53654873746402,6.3081458796134715],[-75.53658391592283,6.307986751710692],[-75.53581328752155,6.308216057937358],[-75.5356097476015,6.308419456393207],[-75.5347881735359,6.307513135083847],[-75.53445350968602,6.306338676501924],[-75.53382417475787,6.305321508593829],[-75.53346391502947,6.304977784516025],[-75.5327028246135,6.305403568837969],[-75.53251541402503,6.304398262438665],[-75.53213446552368,6.303779442587397],[-75.53220996372755,6.303499174176303],[-75.53200459044888,6.302764575043007],[-75.53185042411658,6.302590261692103],[-75.53093913427175,6.302331126212288],[-75.53094168572144,6.301962870700736],[-75.53136525524367,6.301731742706166],[-75.53095492799493,6.301327444711248],[-75.53055814181081,6.301234058696717],[-75.53095663215471,6.300982301627298],[-75.53079279484452,6.300559185423504],[-75.53126198498069,6.299447031691937],[-75.53121363193186,6.299175637194578],[-75.53190487792217,6.299429660307188],[-75.53228049335385,6.299812620225402],[-75.53251747964465,6.299787339474617],[-75.53297609094281,6.300066057878173],[-75.53353611917787,6.300097516512505],[-75.53430074371347,6.29963601900294],[-75.53443006015182,6.299400160797905],[-75.5345665704234,6.299448083594679],[-75.53488408002572,6.299243127422177],[-75.5351516842209,6.299259849311551],[-75.5358317661014,6.298415852273941],[-75.53610289683097,6.298344283585178],[-75.53657431404368,6.298654497080367],[-75.53666200099413,6.299181104259492],[-75.53679983660956,6.299256340445552],[-75.53669957399538,6.2995447130170605],[-75.53683740463381,6.299720254156568],[-75.5362359180664,6.299795450905195],[-75.53611060283751,6.299920826161963],[-75.53631105451183,6.30068566400183],[-75.53644887954225,6.300961511107994],[-75.5368874527409,6.301124530774299],[-75.53682478035303,6.301463057946063],[-75.53716309375136,6.301864296857807],[-75.53751395154184,6.302027311229042],[-75.53778958966548,6.302842304880024],[-75.53691239218576,6.30341901471233],[-75.53689984497072,6.303719930099559],[-75.53627328949283,6.303832739779052],[-75.53594746406468,6.304196328628955],[-75.53592233810525,6.305349837185643],[-75.53651126338981,6.305951700882198],[-75.53667417828746,6.305726022322139],[-75.53700079187422,6.305891621414962],[-75.53742599508055,6.306578656881873],[-75.53737456971197,6.306706692769561],[-75.53871708851716,6.30815757741151],[-75.53836573212041,6.308371661233366],[-75.53771410836906,6.308509547683627],[-75.53746348875153,6.308471920055945],[-75.53720035594286,6.308095762310193],[-75.53698230266733,6.308019387286724]]]}},{"type":"Feature","properties":{"MUNICIPIO":"BELLO"},"geometry":{"type":"Polygon","coordinates":[[[-75.57270410637685,6.362277177718491],[-75.57253277007068,6.3616939399015],[-75.57214607755617,6.361638510510543],[-75.57152756425928,6.3609554171553535],[-75.57075888926661,6.360585062143297],[-75.57042653629749,6.359988686271105],[-75.56972443121562,6.359775100153334],[-75.56933726202483,6.358940875730281],[-75.56950407479027,6.358396048941925],[-75.56931744949404,6.357815224737408],[-75.56908377145007,6.357992558976236],[-75.56887207368716,6.358375974058938],[-75.56856001467091,6.358578629024464],[-75.56884763629616,6.358931387896975],[-75.56889726230544,6.359303449526031],[-75.5685942020749,6.3589778088327495],[-75.56823318799388,6.359007209677035],[-75.5682311714195,6.358772896903541],[-75.5681062869141,6.358759617205579],[-75.5679257246056,6.358475873682232],[-75.56845424540278,6.357713781295592],[-75.56865469658807,6.357588833537249],[-75.56864957097515,6.357469261578048],[-75.56843945338116,6.357076578531648],[-75.56804797436166,6.356972732596722],[-75.56774047030558,6.357178920923894],[-75.56769968204205,6.356626246406307],[-75.56758370220733,6.3565258094554355],[-75.56676129303514,6.356444974424194],[-75.5664267983353,6.356898513353961],[-75.56590601637345,6.35719649255529],[-75.56615924773035,6.356502300298151],[-75.56594466189205,6.356059871802431],[-75.56577611315207,6.3562983514683316],[-75.56547048932133,6.356361095213186],[-75.56554250526504,6.356599640318329],[-75.56537400062912,6.356908859504562],[-75.56497837195637,6.3570500205028155],[-75.56476990345848,6.356810850436739],[-75.5646310196612,6.356893481019964],[-75.56438219417632,6.356820361216558],[-75.56404283314646,6.356556765047123],[-75.56405771450497,6.356115775323754],[-75.56366138989124,6.355512782708568],[-75.56380017644611,6.355193833998894],[-75.5637596441902,6.354813484323165],[-75.5630104971979,6.354445603434729],[-75.56268086636831,6.354678762868714],[-75.56269519879176,6.3548383194622415],[-75.56259876164624,6.354734925235083],[-75.56262260852327,6.354423019581161],[-75.56235074101502,6.354023386881164],[-75.56186243252183,6.354941918339381],[-75.5612684107819,6.355213078961439],[-75.56124881388688,6.354765370872268],[-75.56145095664455,6.354136397408037],[-75.56101440257706,6.353774821637071],[-75.56072083466407,6.353961131131329],[-75.56077382306553,6.353613172890501],[-75.5604688635871,6.3535232843040585],[-75.56024810151364,6.35309848609029],[-75.55976390694063,6.353752465265138],[-75.55960534663362,6.353811654667286],[-75.55953457103224,6.35410434428015],[-75.55940796687267,6.353875120869154],[-75.55949309109897,6.353319635478256],[-75.55936590896104,6.353051666189862],[-75.5592008311252,6.353166349413355],[-75.55899110032725,6.353000973860385],[-75.55910700149056,6.353347298369456],[-75.559038999186,6.353699271221026],[-75.55850720823864,6.354206883657117],[-75.55865843631007,6.353467031330391],[-75.55838131532713,6.353340601060944],[-75.55844336016351,6.353061195062872],[-75.55830466739299,6.3530767905838275],[-75.55819481880054,6.352924519930229],[-75.55807938824161,6.353068132506824],[-75.55756589219993,6.353197348695431],[-75.5573311851239,6.35282140588243],[-75.55716099178241,6.353285306088365],[-75.55689273923335,6.353461964907056],[-75.55685474706094,6.353656416160781],[-75.55676922009273,6.352418960444866],[-75.55653431858909,6.352283995150305],[-75.55661418643248,6.352069315692379],[-75.5561662541298,6.351162268123161],[-75.55568042130722,6.351091479795909],[-75.5551612121163,6.350651759318176],[-75.55495077267238,6.3507238860352215],[-75.55413517063982,6.351584194613051],[-75.55359651528146,6.351615013844955],[-75.55339004815531,6.351515918390973],[-75.55302013867961,6.351785485192112],[-75.55303907423784,6.352058211185442],[-75.55253740095782,6.352173614557546],[-75.55243828991256,6.3524635667850635],[-75.5524097849176,6.352297020237878],[-75.55272884648683,6.351918375304602],[-75.55275336289547,6.351185319162098],[-75.5529772802295,6.350831408112074],[-75.55297388691127,6.35069923184475],[-75.55268642082231,6.350466635600379],[-75.55255132568082,6.350494749684603],[-75.55258397651033,6.350627398251473],[-75.55248172125042,6.35066280010428],[-75.55227755806483,6.35023987266249],[-75.55196487347219,6.350685207346624],[-75.55136206196107,6.350864938463012],[-75.55109757332261,6.3510910574793],[-75.55101255478738,6.350933566327214],[-75.55087779771742,6.351050385227004],[-75.55047485250235,6.351848822335525],[-75.54995900350114,6.352032062935706],[-75.5494808438079,6.352011676238743],[-75.54905789394049,6.35182776587854],[-75.54907649722286,6.352116377758102],[-75.54865598176825,6.351104066907039],[-75.54857330356582,6.351223685638449],[-75.5483754898257,6.351195732396181],[-75.54835897145246,6.351354718973149],[-75.54820597863268,6.351498609347346],[-75.54827534438212,6.351171178409373],[-75.54791256217459,6.350832516844449],[-75.54772431976079,6.350261468886104],[-75.54785818144367,6.349928832792011],[-75.54738437356264,6.349599074569704],[-75.5472805940361,6.349644563717715],[-75.54723758043272,6.349465609124649],[-75.54693355080668,6.349327904238427],[-75.5466645290364,6.349449108857297],[-75.54654646165005,6.3496793550716975],[-75.54647923282526,6.349579476753892],[-75.54631724667986,6.3496006569024],[-75.54619243182773,6.349362767279065],[-75.54600284102347,6.349395654769251],[-75.54595291120134,6.349073104159432],[-75.54542671680852,6.348828748794613],[-75.54486001333287,6.348780724088699],[-75.54432617995525,6.348245684054233],[-75.5440839923422,6.348414262610968],[-75.54374099612492,6.349202743657829],[-75.54274287053052,6.348830788921632],[-75.5425254992518,6.349534536406977],[-75.54269529743644,6.349935847239733],[-75.54265098574504,6.350060262208409],[-75.5425160391915,6.3500007632884214],[-75.54233613846854,6.350273912885407],[-75.54255241003429,6.35075377746563],[-75.54220757328207,6.350514249727698],[-75.54187174713896,6.3505573114318326],[-75.54164530263216,6.349872657014226],[-75.54131455158247,6.35013725224568],[-75.54115278450362,6.350456901335302],[-75.54094510995044,6.350033947703825],[-75.54051211917054,6.349787278396767],[-75.54023532064687,6.349173188580191],[-75.53996938659029,6.349059788632314],[-75.5398526059746,6.349167081933995],[-75.53971045422362,6.349935749067281],[-75.53950686205232,6.3501925479911945],[-75.5390676013573,6.350374586266024],[-75.53879304575247,6.350223992395248],[-75.53854200330564,6.350306690752647],[-75.53889392494621,6.35155926554941],[-75.53855707512706,6.352060033523622],[-75.5388672925831,6.35269615079576],[-75.53572830489556,6.3526959579546745],[-75.53524354311881,6.3521453719345695],[-75.53517586434663,6.35187345549428],[-75.53457973866686,6.351288088524319],[-75.53412893509375,6.3509082693317],[-75.5337477980378,6.350818323314737],[-75.5335695207266,6.350380124453699],[-75.53340562727917,6.35042975722529],[-75.53334843669194,6.350760377796024],[-75.53312857059916,6.351044572147097],[-75.53285289508446,6.35103341252951],[-75.5330929436407,6.350882869514188],[-75.53319648152898,6.350437537671365],[-75.53298577412771,6.350411679078722],[-75.53273543989376,6.349532494437351],[-75.53228546428835,6.348983740061272],[-75.53181179585432,6.349142728877577],[-75.53154596020853,6.348934043214978],[-75.53082520757471,6.348930852572291],[-75.53038910302172,6.3490557521966275],[-75.53033186407096,6.349419668348952],[-75.53011841108106,6.349133426445657],[-75.52992262104077,6.349181970869846],[-75.52990785653839,6.349367704196024],[-75.52954492706345,6.349718068538696],[-75.52950941237194,6.349994887287889],[-75.52935377878819,6.349692382994909],[-75.52938934646568,6.349315534332793],[-75.52909245668575,6.349332755865755],[-75.52847110811236,6.348951716842223],[-75.52803906282914,6.348946148818157],[-75.52803815847479,6.348728239242193],[-75.52782584329253,6.348590087386449],[-75.5273848175586,6.348539368415581],[-75.52720716681247,6.348599062333488],[-75.52717236500965,6.348764087335931],[-75.52679725655247,6.34847888029447],[-75.52646291524583,6.347930879838156],[-75.52630989290346,6.348105941689884],[-75.52618982872256,6.348760832954428],[-75.5259283677467,6.348798536957992],[-75.52583530227176,6.34910680025782],[-75.52587656304887,6.348232067277666],[-75.52558490387906,6.348072703786583],[-75.52542430212283,6.348149917121021],[-75.52572386677312,6.348944689504742],[-75.5255889898795,6.349066184150447],[-75.52520550771776,6.349336129560118],[-75.52475444263278,6.349447465771299],[-75.52455601245403,6.349279630160578],[-75.52477686006463,6.34901949082861],[-75.52502570017478,6.348931823076005],[-75.5249950861252,6.348815949499099],[-75.52484153743919,6.348816251074985],[-75.52449655959434,6.34900195578258],[-75.52428450977482,6.3493575380502225],[-75.52411579193671,6.349262955542809],[-75.5237531136922,6.349892462333713],[-75.5234027268157,6.349800648002508],[-75.52296270923422,6.34990204975262],[-75.52279565721541,6.350059147860328],[-75.52402147118617,6.352116115209895],[-75.52452335890123,6.353245055210664],[-75.52387909534168,6.353832124703079],[-75.52390069087691,6.354019129671787],[-75.52355316069054,6.3540944238324535],[-75.52336517415243,6.353977757600149],[-75.523252132355,6.353672288793032],[-75.52332827704639,6.353192404305108],[-75.52270615379055,6.35236892982464],[-75.5223472761573,6.352263853536314],[-75.52159953188914,6.352474683238172],[-75.52139311891138,6.352238290574624],[-75.52113148734458,6.352245094522884],[-75.52100277069968,6.35256518979627],[-75.52071992598948,6.351985514192804],[-75.52053431595078,6.3518832257083995],[-75.52011440424037,6.352191846018729],[-75.51993593858174,6.35262445491164],[-75.51971886631947,6.352812773470803],[-75.51797693933128,6.353483475980554],[-75.51738186616214,6.353837598174226],[-75.51657946305308,6.354635210549756],[-75.51631300942736,6.355205108942522],[-75.51632267847724,6.354997204399139],[-75.5167672022275,6.354152624238262],[-75.51657632898402,6.353588555456449],[-75.51655025271671,6.352990501411513],[-75.51676086014035,6.35257692981996],[-75.51753750812664,6.3520779513552785],[-75.51792160638152,6.351178950122339],[-75.51777199361723,6.350104850689078],[-75.51755661256551,6.349483093368766],[-75.51778603171076,6.348961688878814],[-75.51776992180137,6.34864933982751],[-75.51732605971709,6.347869181469427],[-75.51702697928195,6.346650439687802],[-75.51705194654342,6.346133056650037],[-75.51678809970711,6.346076077432994],[-75.51687109085663,6.345759823332811],[-75.5175941328827,6.345784407547998],[-75.51840313816464,6.345974682816195],[-75.5188005671996,6.3459026393154],[-75.51910654960314,6.345643702439569],[-75.5196049127595,6.34469413528238],[-75.52049480177119,6.341799565121184],[-75.52085106144813,6.341597288440856],[-75.52161125872436,6.341669558097069],[-75.5223945764776,6.341551428066639],[-75.52289067141868,6.341174120663698],[-75.52317211548613,6.3403681241765995],[-75.52317442020599,6.3393483440500455],[-75.52332750254415,6.338719593708722],[-75.52369232385033,6.338075509520236],[-75.5239911484457,6.337982768365423],[-75.52471597467036,6.338286611659804],[-75.52520982599013,6.338347826390751],[-75.5262522958552,6.33824751085453],[-75.52798491765984,6.337502405557621],[-75.52869722737923,6.33733217913039],[-75.5301793396816,6.337421410278044],[-75.53118888991017,6.337296284813309],[-75.53220023092939,6.337003556661608],[-75.53326209815003,6.337014678924963],[-75.53553774619124,6.336209833132],[-75.53518838978204,6.33531937442002],[-75.53508321895325,6.334583882698772],[-75.53534979491323,6.334089548030543],[-75.53533339043274,6.333682265711229],[-75.53564574154396,6.333500778144404],[-75.53549500754957,6.333315331852235],[-75.5355197240148,6.33309505418184],[-75.53599888346771,6.332772165462415],[-75.53602930804291,6.332099367980885],[-75.53559769836393,6.3311012872368],[-75.53556932045691,6.330072762559453],[-75.53518319893693,6.329860814157195],[-75.5351702958387,6.3295416945300325],[-75.53498322737855,6.329413309987056],[-75.53492817591494,6.329112887941434],[-75.53506656437733,6.329168520324954],[-75.53535658683384,6.328928593526929],[-75.53631024445612,6.328621542177835],[-75.53764793425056,6.3290579403306975],[-75.53825109873866,6.329129480327537],[-75.53851244586568,6.329040735106834],[-75.53866580416567,6.328588810433558],[-75.53820703860626,6.327658213509077],[-75.53832042918084,6.327303938455027],[-75.53851250790706,6.3273557633951665],[-75.5386742582563,6.327206904604846],[-75.53876976291896,6.326706836081149],[-75.53896260378632,6.326397065422717],[-75.5388719381561,6.326055204249067],[-75.53925454754423,6.326487625883776],[-75.53979824483505,6.32635423291875],[-75.53985773877254,6.325921131883965],[-75.54022518337642,6.325867981453553],[-75.54041327971608,6.325685050652577],[-75.5407554784421,6.325696282982136],[-75.54140447147229,6.325950957915732],[-75.54219122793874,6.32570183021657],[-75.54270679604774,6.325963288859175],[-75.54328825966489,6.3260190831811425],[-75.54397492370799,6.32573487110442],[-75.54441850061652,6.3245957857659345],[-75.54421191843372,6.3241357870758055],[-75.54431986073527,6.323861412598179],[-75.54493104011996,6.32371080930969],[-75.54525377594895,6.323402950600437],[-75.54573506939143,6.323309833101073],[-75.54578552397604,6.323178346782139],[-75.54542512887612,6.322494510611288],[-75.5455245531812,6.3220837176225455],[-75.54584405232423,6.321998623117244],[-75.54662282947666,6.321319476039553],[-75.54738359953782,6.320291011022794],[-75.54759213056624,6.319111537328904],[-75.54785766565944,6.318945507399952],[-75.54791699433686,6.318611756678175],[-75.5475172036702,6.317907510194554],[-75.54702588100066,6.317655580317043],[-75.54696576457648,6.317398480493284],[-75.54710810647718,6.316544987048552],[-75.54656297891222,6.316440304568704],[-75.54652803920148,6.316031811752583],[-75.54632610775288,6.3157180711068515],[-75.54650384934205,6.315399408821427],[-75.54645435701227,6.3148793798425],[-75.54656566764803,6.314224286952308],[-75.54625461638729,6.313492651672209],[-75.5462778664402,6.312990751012317],[-75.54605437292399,6.312847958688219],[-75.5450517217866,6.312715657426103],[-75.54525704402626,6.312549262401369],[-75.545160658146,6.311763572321783],[-75.54528946795261,6.311633544931026],[-75.5451620934662,6.3114128722649045],[-75.54530978380592,6.3104740753415935],[-75.54492766383694,6.310137020808079],[-75.54460436584101,6.3100783105826705],[-75.54429673212704,6.309513903363385],[-75.5436734136042,6.309225935368865],[-75.54373969710414,6.309431088145176],[-75.54352247981907,6.309213730327508],[-75.54375177829299,6.309111102472444],[-75.54388453646732,6.308893759236285],[-75.54409270938014,6.308960179653249],[-75.54421038752311,6.308606992892808],[-75.54414773578692,6.308292424553145],[-75.54404374883143,6.308188369771039],[-75.54391106339575,6.30833188226579],[-75.5437999066716,6.308163244957323],[-75.5437031038515,6.307754215695048],[-75.5433337591678,6.3076501501097875],[-75.54323694514528,6.307495864844875],[-75.54350992606658,6.30647771242374],[-75.54350113073288,6.3060354847290006],[-75.54372677395455,6.305769998438584],[-75.54373786449742,6.3053658415408265],[-75.54396210238427,6.305232663861242],[-75.54409200722593,6.304869268182505],[-75.54412892658664,6.304611793375386],[-75.54380037837217,6.304205356265662],[-75.54389953778374,6.304116429701314],[-75.5442975058525,6.304373447716568],[-75.54496492249228,6.304445381516135],[-75.54532586583565,6.304915074179324],[-75.54566617072389,6.305142719408689],[-75.5458343479748,6.305609601024158],[-75.54597632860205,6.305716410918506],[-75.54621450341197,6.305514525499262],[-75.54674649826329,6.305641544363482],[-75.54690674592385,6.305485366985406],[-75.54721918740438,6.305476147489916],[-75.54760012419882,6.3057809773984195],[-75.54797799090476,6.305777626966763],[-75.54821578337646,6.306039265544734],[-75.54858805521597,6.305828091957533],[-75.54872743606015,6.306049632661429],[-75.54903961304382,6.306049182149384],[-75.54964733514055,6.306879820054174],[-75.549893125509,6.306555408084944],[-75.55035822755958,6.306596777809792],[-75.55060412274713,6.3067194405711415],[-75.55080377836636,6.307111047064325],[-75.55183215149248,6.307092713558313],[-75.55202975812584,6.307230871408238],[-75.55212386393453,6.307519518653812],[-75.55307326007205,6.307493040960808],[-75.55501307876891,6.308183500575955],[-75.55591104458068,6.308976211805625],[-75.55605785283888,6.309263866333155],[-75.55663650223687,6.309573911614721],[-75.5569290931473,6.309890298115721],[-75.55697144228797,6.3100202532169085],[-75.55611635304483,6.311180641881059],[-75.55660717499428,6.311580825879659],[-75.55815385617892,6.312222737182338],[-75.558600377688,6.31228339520403],[-75.55912787060242,6.311965285551173],[-75.55952083801137,6.312120252082087],[-75.56040920194887,6.312140547427861],[-75.56098033390462,6.311918807179442],[-75.56144879301816,6.312129679633298],[-75.56173043798128,6.31193491387791],[-75.56216336127672,6.311987694121486],[-75.56252796915703,6.3118921653893505],[-75.56301764314593,6.312051108147646],[-75.56338469009796,6.311979770350661],[-75.5636922198002,6.312055322493826],[-75.5639442365965,6.312004009705911],[-75.56402404654447,6.31186430748556],[-75.56424687866898,6.311870039292913],[-75.56500121080728,6.3121367512605815],[-75.5660386795443,6.312832702256395],[-75.5662440192133,6.3127432379203],[-75.56654012891069,6.312808201369459],[-75.56688144263383,6.312577524300722],[-75.56727456662675,6.312669174078818],[-75.56767009186416,6.31239088922877],[-75.56777897620411,6.312154354457369],[-75.56839258306407,6.3122880588584005],[-75.56874519509167,6.312210162649959],[-75.5695455072145,6.311030096268786],[-75.56978719402788,6.310841012631185],[-75.57081685157372,6.310803384443515],[-75.57141226317879,6.31048123005062],[-75.57182001094712,6.310969635024017],[-75.57227819280992,6.310686337347459],[-75.57276955597244,6.31064678747626],[-75.57356253449137,6.310855681122812],[-75.57391139782254,6.310683319040323],[-75.57477000985475,6.310870486402274],[-75.57536261485775,6.310815960739229],[-75.57565601716105,6.311023180284886],[-75.57583594681529,6.310954324486684],[-75.5760968307329,6.31114353517914],[-75.57660275169764,6.311180138402883],[-75.57694568054202,6.310730937082274],[-75.57711346751503,6.310684022613136],[-75.57729046493176,6.310792666285073],[-75.57764860890852,6.310725080298451],[-75.5779253130368,6.310512803653698],[-75.57842414635888,6.310396964877084],[-75.57870466054798,6.310444265858684],[-75.57904956068244,6.310117696803373],[-75.57925170938462,6.310129805521164],[-75.57940990616177,6.309957481096848],[-75.58015665641493,6.3097132047372675],[-75.58095225322927,6.309224996516378],[-75.58165349080076,6.308960134138167],[-75.58295773414088,6.309416767298315],[-75.58340355370976,6.309229313195962],[-75.58446438530957,6.3093625377890605],[-75.58426162755025,6.3093970601504195],[-75.58421714851656,6.309535268763776],[-75.58448351649488,6.309976297401411],[-75.58437917833105,6.310255345932899],[-75.58450568796562,6.310955268266009],[-75.5842574064294,6.311291325804714],[-75.58407538232186,6.31134899658806],[-75.58344673051734,6.311171817142618],[-75.58309405118955,6.311238765060337],[-75.58308992715214,6.311476269354717],[-75.58322682725758,6.311630477019582],[-75.5832138524221,6.312224958813226],[-75.58345052962584,6.312516391415508],[-75.58364709659703,6.31188272422382],[-75.58374783972384,6.3117088008333715],[-75.5839074549569,6.311723219651954],[-75.58467927529632,6.312356094508198],[-75.58531347233848,6.312562120438799],[-75.58549577504736,6.313101358413889],[-75.5853863123919,6.313397871390022],[-75.58568305523265,6.31362111385342],[-75.58573966056892,6.313807643211121],[-75.58555495615167,6.313986940245652],[-75.58557095794067,6.314231475457656],[-75.58609574110962,6.314195625354416],[-75.58625393417435,6.3143429740713115],[-75.58646664773276,6.314249798391777],[-75.58655490368761,6.31434963545914],[-75.58747335379915,6.313985156564352],[-75.58811475129727,6.31407417888204],[-75.58847795113014,6.313841654568326],[-75.58886928886515,6.314091477553471],[-75.58878938557434,6.314139132983004],[-75.5889234980432,6.314487414706631],[-75.58872704027948,6.314567429292424],[-75.58879915697139,6.314916522161738],[-75.58855918453563,6.315328515885718],[-75.58806541776823,6.315229456501576],[-75.58840048950445,6.316233987763622],[-75.58796741320363,6.316310116059118],[-75.58746609788037,6.316043978945857],[-75.5856264313759,6.316097724069258],[-75.58561789019979,6.316440822713988],[-75.5859672694456,6.3168828082957935],[-75.58569990820791,6.317353592021037],[-75.58603957350053,6.317339263200786],[-75.58603624297284,6.3174962693140815],[-75.58613710724906,6.317424177411853],[-75.58676635173413,6.317991240618193],[-75.58754829959834,6.31907205375026],[-75.586454217816,6.319793442275802],[-75.58619964764688,6.319836704999137],[-75.58623655312616,6.3194652554676],[-75.58541208788432,6.319606127909789],[-75.58587462495018,6.320310308495006],[-75.5856333226225,6.3204913968942416],[-75.5851104840445,6.320431058105725],[-75.58533170376488,6.320934047676587],[-75.58511051301205,6.321175496245185],[-75.58533174814097,6.322060765251983],[-75.58575433465946,6.322704465713908],[-75.58464459838176,6.322414404486682],[-75.58411528489972,6.322480460803486],[-75.58383251835025,6.322330423613691],[-75.58327860096306,6.322810161026066],[-75.58339880368233,6.3229073025919815],[-75.58287877765379,6.323405636549853],[-75.58287808140858,6.323806207197726],[-75.58218750921041,6.3236929854800845],[-75.58171213109817,6.322926051842914],[-75.58143060105519,6.322865700915452],[-75.58088763836548,6.3223828384337795],[-75.58079730722999,6.321716127223037],[-75.58032939059167,6.32142484185241],[-75.58043336244057,6.321164750160918],[-75.5802565824571,6.3206653856201545],[-75.58023576892826,6.320061980678277],[-75.57984064070382,6.3197914992299005],[-75.5794143246891,6.31973949355998],[-75.57878003906002,6.31924014093013],[-75.57808337772131,6.319136123005691],[-75.57796900672938,6.319354600514016],[-75.57800020884073,6.319718723717194],[-75.57764669290569,6.32024931332014],[-75.5774699316142,6.320353353011418],[-75.57743873463748,6.320218107547491],[-75.57717878619398,6.3202285167701815],[-75.57732436536227,6.320571830664747],[-75.57719959528879,6.320779904981752],[-75.57649254100174,6.32098799193647],[-75.57634696944676,6.320946380648262],[-75.57638855746897,6.320800729868183],[-75.57617019569635,6.320551049744542],[-75.5761493895583,6.320082890189943],[-75.57600381828355,6.320030875383188],[-75.57552552026166,6.320342992178309],[-75.57539034493749,6.320207748926151],[-75.5750056249983,6.320384616183974],[-75.57495363080926,6.32012452867652],[-75.57454810994176,6.3199996939380005],[-75.5745377075797,6.3197916230273155],[-75.57469367357204,6.319645970829805],[-75.57396581752414,6.319469122982336],[-75.57432972678521,6.318553604555844],[-75.57449607630019,6.31762768650987],[-75.57478721121501,6.3173363816139645],[-75.57476640810643,6.316941047329245],[-75.57460003882876,6.316753786651671],[-75.5743608912314,6.316909844001456],[-75.5741945239289,6.316847425703336],[-75.57422494599811,6.31670886944835],[-75.57383909497858,6.316368003590012],[-75.5737477085933,6.316185054562523],[-75.57397036997348,6.315490563559077],[-75.57341997636954,6.314986193205767],[-75.57347297468282,6.314911771506281],[-75.57307843022758,6.314326475805464],[-75.57285772755903,6.314205361701869],[-75.57092498831312,6.317557663811389],[-75.5704152795309,6.317626322012114],[-75.57019911531528,6.317135172606393],[-75.57003365481465,6.317065006603979],[-75.56963573631606,6.317662575248028],[-75.57011077177842,6.317810987360852],[-75.56992681043776,6.318245937159889],[-75.57005140452988,6.318356040662201],[-75.56978208041626,6.318502602867836],[-75.56937861954266,6.318383918785024],[-75.56911782769942,6.318777435024004],[-75.56943246602663,6.319370567856851],[-75.56970968906873,6.319646403287242],[-75.5699358764263,6.31967307872846],[-75.57004760097674,6.320091670323591],[-75.57030637953935,6.320486235418623],[-75.5704467168799,6.320502115231518],[-75.57030684894353,6.320653344009242],[-75.56984468649613,6.320779117779276],[-75.56959384353803,6.321125657707731],[-75.56985485416801,6.321526724971506],[-75.570380961253,6.321884648655],[-75.57059495743742,6.321927827266843],[-75.5707160719225,6.321835455939513],[-75.57070804739206,6.322210589380611],[-75.57047434892438,6.322414663613253],[-75.57051282308659,6.322582078710902],[-75.57035132781868,6.322671103075758],[-75.57047841757394,6.324230799734539],[-75.57068295625186,6.324918227658238],[-75.57111941080606,6.325285817962968],[-75.5710477848854,6.325414758281616],[-75.57126196640799,6.325666868072512],[-75.5711504324646,6.325826122968367],[-75.57145719288496,6.326041156880023],[-75.57139866496746,6.32612444014067],[-75.57167810092925,6.326254078766049],[-75.5719538488337,6.3266776751594795],[-75.57208045677199,6.327270153081957],[-75.57227784312596,6.327037945909869],[-75.57289762378899,6.327089539243171],[-75.57298620264929,6.327002563853075],[-75.572895772809,6.327127069834862],[-75.5723201505224,6.327236127477034],[-75.57222028440346,6.3275900553027],[-75.57198557104182,6.327521604140683],[-75.5716398726979,6.3276024466861385],[-75.57149707584594,6.3278823163881786],[-75.57112733750525,6.3281601059289265],[-75.57064217810986,6.329357104938289],[-75.57069929885066,6.3298930704057055],[-75.57103956028206,6.330061532683526],[-75.57129155271299,6.330034783673277],[-75.572607068724,6.3306599660705976],[-75.57293961761721,6.330529384789899],[-75.57266842826309,6.330838842932185],[-75.57225765540689,6.330940755405145],[-75.57202239932573,6.331135172826089],[-75.57198697205935,6.3313634985223946],[-75.57258935140258,6.331694726482134],[-75.57311752774753,6.3316262702499975],[-75.5734727200579,6.331843380948944],[-75.57377947065085,6.332231216027468],[-75.57446418664007,6.332301561744482],[-75.57508794829178,6.332209592073155],[-75.57435804880683,6.332521147474523],[-75.57426868984892,6.332854410192873],[-75.574020547886,6.333128339966504],[-75.57286836964727,6.333691757605217],[-75.57300755194413,6.333980604676425],[-75.57297056768856,6.33406433930978],[-75.57286165185572,6.333895234883035],[-75.57240431265356,6.333978438756549],[-75.571779534857,6.3336977861211174],[-75.57156266079939,6.334092867251639],[-75.57163919665457,6.334629383015511],[-75.57239028857366,6.33440400157468],[-75.57258971903086,6.3341290695747885],[-75.5730748801293,6.334609345996939],[-75.57303257488904,6.334846696915058],[-75.57314963736536,6.335088929416723],[-75.57341557871253,6.3349425184877415],[-75.5736212662278,6.335075380387405],[-75.57411407752656,6.334684355795389],[-75.57426089168351,6.334816231223443],[-75.57424254783533,6.335178288424669],[-75.5747387810522,6.335396111849308],[-75.57427030041714,6.33581452675865],[-75.5741573552651,6.336077098755525],[-75.57430742570511,6.336495018723037],[-75.57473192212777,6.3362313373963],[-75.57463026255202,6.337275537528916],[-75.57487846530928,6.337369433669223],[-75.57462951381163,6.3374318928984374],[-75.57473838030414,6.33775245266598],[-75.57509690323808,6.33792126556748],[-75.5757158345755,6.338464809430259],[-75.57597856835731,6.338312800175895],[-75.57641063777494,6.338337211260306],[-75.57605686647297,6.338439757711656],[-75.57576221997833,6.338686217119173],[-75.57572285277824,6.338954593210378],[-75.57581451950416,6.339111074118934],[-75.57561774167657,6.3390743878300455],[-75.57582023280362,6.33924405104621],[-75.57652773777153,6.339385093856746],[-75.5776476601563,6.339341648643744],[-75.5777712211889,6.339671284892398],[-75.57755501554165,6.340114241861124],[-75.5780675367962,6.340843457259024],[-75.57788450981631,6.340989837549167],[-75.57734910195053,6.340443885909753],[-75.57675194227254,6.340886851615204],[-75.57633929128306,6.340486497405361],[-75.57613840714086,6.340521380291786],[-75.57623810745164,6.33979371241047],[-75.57594590010889,6.339533112367499],[-75.57547233231739,6.339331093893978],[-75.5748176527328,6.339549688988162],[-75.57487831227176,6.339975449579118],[-75.57526257490149,6.340000945745201],[-75.57589923951623,6.3403662683770365],[-75.57578038573104,6.3408636229440924],[-75.57540429369212,6.340898458898557],[-75.57549726084864,6.341040481495243],[-75.5753675851688,6.341296605974808],[-75.5761682710254,6.342070408420924],[-75.57668791793336,6.342105251412159],[-75.57683964509948,6.342436859679304],[-75.5776246179126,6.342595021337092],[-75.57771576039008,6.342769343383065],[-75.57758328970974,6.343390201921683],[-75.57770212621037,6.343611237496123],[-75.57758199287838,6.343688083939994],[-75.5774393051628,6.344142170155674],[-75.57753390295083,6.345026932551857],[-75.57739272895593,6.345181553627256],[-75.57781227395456,6.3458576721942315],[-75.5777087696477,6.345905020821235],[-75.57774402070122,6.346063446817248],[-75.57815607270173,6.346681682764673],[-75.57783446543267,6.34656850280096],[-75.57779298562176,6.346931644454971],[-75.57742675799162,6.3469479812173155],[-75.57732605843178,6.347184835289879],[-75.57715502759507,6.347141596448933],[-75.57700674885086,6.347255372202646],[-75.57728553001799,6.347711314880109],[-75.5775374795464,6.347789212811323],[-75.577097390886,6.347755038276931],[-75.57673248804097,6.347534783926333],[-75.57638907484838,6.3477421082337635],[-75.57647495160163,6.348060415584898],[-75.57682688657161,6.348439984399233],[-75.57669512900807,6.348551797484042],[-75.57675856585506,6.348991791230582],[-75.57629897200417,6.3483677037342705],[-75.5749088997575,6.34718995704658],[-75.57442559928457,6.3470726246616636],[-75.57416023140517,6.347373909056495],[-75.57427036334619,6.347609639606219],[-75.5751808837808,6.3478278382082225],[-75.57463027739428,6.347941834911769],[-75.57399931881424,6.34780258405941],[-75.57351317555309,6.347064465376041],[-75.57349755882827,6.347381247977687],[-75.57263322476896,6.347137140212273],[-75.57188697732781,6.347231213630039],[-75.57140002002113,6.348126216674603],[-75.57194985484317,6.348829973683796],[-75.57195592074522,6.348686671047564],[-75.57210419249148,6.349037002908313],[-75.57194774151932,6.34915582350471],[-75.57114776705062,6.349117938547109],[-75.5709824761325,6.349237472797439],[-75.57164396971422,6.349953655037907],[-75.57212607095877,6.350175647742766],[-75.57233657417146,6.350628319036668],[-75.57254517792931,6.3507074408869615],[-75.5729302114653,6.351201706921523],[-75.57278930710663,6.35172871075133],[-75.57254147929416,6.351904862335157],[-75.57260375351322,6.352011564834533],[-75.5731983840775,6.352311051994153],[-75.57354979393774,6.352364852530859],[-75.57392433766002,6.3520311785740216],[-75.57445263189555,6.352674101658962],[-75.57504454597354,6.352313477409394],[-75.57573318047827,6.3529236642947655],[-75.57610955500868,6.352793563503578],[-75.57576522242887,6.353003790120051],[-75.57541269853269,6.352802000070138],[-75.57537149504084,6.3529828341104695],[-75.57487653386437,6.353277112747786],[-75.57466041455228,6.353710608087781],[-75.57440262514459,6.353865140257758],[-75.57454759423749,6.35336183669218],[-75.57446565782318,6.352903738662788],[-75.5739812568967,6.352633695312031],[-75.57394250862895,6.352509287064763],[-75.5732394575699,6.3527033286142585],[-75.57289215167985,6.352642953808478],[-75.57277995816946,6.352497105950901],[-75.5726201527175,6.35264800992054],[-75.57254160022609,6.352572107474454],[-75.57242243426963,6.353158267142369],[-75.57279333472756,6.353868733753091],[-75.57277420856508,6.354947796323363],[-75.57327670291039,6.35554124474897],[-75.57360284298001,6.356659095539209],[-75.5739273385496,6.356962839198702],[-75.57424606342451,6.35780569015816],[-75.57410280658348,6.358061597166411],[-75.57443705050527,6.358432342937021],[-75.57479859420067,6.359223203441886],[-75.574685980503,6.359728233131811],[-75.57525233268822,6.360219693352712],[-75.57581117955283,6.3602354202079505],[-75.5759621506355,6.360428579000515],[-75.57524747296293,6.360425131901004],[-75.57466597291614,6.360069012821391],[-75.57452757758443,6.36019254505878],[-75.57441946608063,6.3608152290408],[-75.5741061771029,6.360983442129779],[-75.57373018353104,6.361609916692129],[-75.57327934794581,6.3619254169813955],[-75.57307833273923,6.361928402034582],[-75.57270410637685,6.362277177718491]]]}},{"type":"Feature","properties":{"MUNICIPIO":"CALDAS"},"geometry":{"type":"Polygon","coordinates":[[[-75.63961708526341,6.107258589019724],[-75.63955834709508,6.107539802432041],[-75.6389591167807,6.108029084001336],[-75.63889173288224,6.108275620963354],[-75.63693583667437,6.1074352558657505],[-75.63698871034264,6.108168388989027],[-75.63765795763115,6.108368079615244],[-75.63731288605258,6.108416199162691],[-75.63665241158891,6.108986952578508],[-75.63707404918247,6.109547825524109],[-75.63708310960862,6.109654705492463],[-75.63691967916945,6.109608552950544],[-75.63695383485826,6.109938962166469],[-75.63742548929099,6.110395874803042],[-75.63816508808664,6.110729646381],[-75.63906376486172,6.110665718291254],[-75.63915771643195,6.111004618595657],[-75.63908236957757,6.111282699897669],[-75.63947290142141,6.1113778028491925],[-75.63954742065808,6.111593906916155],[-75.63904597783358,6.111531919860436],[-75.63868776332033,6.11171177097884],[-75.6379488167871,6.111486367559778],[-75.63782039676114,6.111236995604648],[-75.63745297588426,6.11121767803364],[-75.63704507901731,6.111491128548189],[-75.63616379978417,6.111745106190839],[-75.63587422626749,6.112248778300157],[-75.63543341066388,6.112647335638766],[-75.63472353525077,6.1128953459970505],[-75.63454286984414,6.11281971790014],[-75.63446250070578,6.112556130541185],[-75.63472780340527,6.112204325880439],[-75.63442136742876,6.111403574270478],[-75.63468071634469,6.110875034801429],[-75.6348352825931,6.110844821171035],[-75.63399099060099,6.1097554100953175],[-75.63361006496861,6.109594963751947],[-75.63340641934617,6.1093531816425415],[-75.63323440297727,6.108568718353207],[-75.63278064804825,6.107655459429851],[-75.63248373513626,6.107398998488182],[-75.63252921501814,6.107274906354475],[-75.6328481354653,6.107196064634872],[-75.63311101752564,6.106881517417599],[-75.63312148132549,6.106533260262991],[-75.63333924384474,6.106235287434196],[-75.63352303893124,6.106306856010899],[-75.633494668542,6.107212858743914],[-75.63367015824291,6.107387502391556],[-75.63401967994815,6.107231946130769],[-75.63402806889948,6.106572528115146],[-75.63430720504674,6.106913414882109],[-75.63522572745786,6.1070097713829785],[-75.63559478392366,6.107155824126597],[-75.63588409011602,6.1064951411121555],[-75.6359199028647,6.106243979983013],[-75.63560312156861,6.105134750576221],[-75.63627192950084,6.102811465853943],[-75.63566831813472,6.099372841089187],[-75.63525601762079,6.099376927115526],[-75.63503950917897,6.099161456261946],[-75.63491200602375,6.098778405357942],[-75.63454417214852,6.09884764756649],[-75.63452518437568,6.098110806138865],[-75.63428631724634,6.097476063395874],[-75.63387381022518,6.0973073937962186],[-75.63311925385038,6.097361779378184],[-75.63273514782125,6.0972463432078445],[-75.63247085517762,6.097000907895203],[-75.6320415560005,6.0960856614691785],[-75.6316255079667,6.096234264708566],[-75.63058418407499,6.096274746178378],[-75.63016545073279,6.0968432255018135],[-75.6297658450335,6.09711317084523],[-75.62892134930917,6.097047798539117],[-75.628817567609,6.097132853172405],[-75.62868380863125,6.097822273156092],[-75.62804760570818,6.09693757456568],[-75.62752307073622,6.09583570087061],[-75.62726019545924,6.095923445140243],[-75.62673657949189,6.095070456030291],[-75.62664409062067,6.094594390210284],[-75.62664364547953,6.094388384355328],[-75.62705096877391,6.094315118152466],[-75.62713432745628,6.094203422503566],[-75.62709647731263,6.093972752055267],[-75.62671419547257,6.093774955205465],[-75.62722558393502,6.093517967759858],[-75.62766010564987,6.093835369073384],[-75.6278639520794,6.093299874326018],[-75.6289007046259,6.093692525174291],[-75.62910963305623,6.093619862239302],[-75.62889174771887,6.093449699315042],[-75.630955167683,6.092963272431776],[-75.630892998458,6.09252220215368],[-75.6311660916751,6.091055159629264],[-75.63128250917323,6.091040371537704],[-75.63140245711139,6.090705971992189],[-75.63117728966768,6.090320310211309],[-75.63117729420104,6.0896581451731215],[-75.63045066431509,6.08935476014595],[-75.62957939140588,6.0893150864125545],[-75.62930763475518,6.089833643357998],[-75.62904132991443,6.089828636190879],[-75.6286620920874,6.09013932735391],[-75.62839098140942,6.090149210531561],[-75.62820950801388,6.09000794259698],[-75.62763478225901,6.09003956068126],[-75.62623244560878,6.089551085614926],[-75.62630368113808,6.089137317517006],[-75.62610624974303,6.0885389704022765],[-75.62549963448635,6.088443067319173],[-75.62465257955769,6.087967200412698],[-75.62465428958666,6.088213838746219],[-75.62376194547143,6.088160865354992],[-75.6229181476472,6.087771209012416],[-75.6228197910072,6.087502317709063],[-75.62306825356717,6.087201895100345],[-75.62332145717095,6.087118372736668],[-75.62401444936853,6.087312317077803],[-75.62438125728357,6.087273240132184],[-75.6244427013927,6.087117559048483],[-75.62434808601581,6.087007483918132],[-75.62404129196062,6.0869675371636305],[-75.62394909802536,6.086296154222159],[-75.62382224331063,6.086206302162932],[-75.62392163302287,6.084991803141085],[-75.62479038198173,6.084598093811408],[-75.62515341836736,6.08455275500611],[-75.62529678082846,6.084646554991464],[-75.62537084096769,6.08503363718757],[-75.6258950360438,6.085513144595724],[-75.62610166004421,6.0855162424474205],[-75.62643195056387,6.085306735327287],[-75.62667010661399,6.085503007292405],[-75.62622694159217,6.086411459930541],[-75.62648988329242,6.087152937576913],[-75.62688656616136,6.087205514080857],[-75.6274982894719,6.087042788968298],[-75.62766559405907,6.087310668156078],[-75.62800869161084,6.0875395784708966],[-75.62826646335482,6.087327490596736],[-75.62917383946409,6.0872966094846594],[-75.63006440782343,6.087509946605416],[-75.63025305897095,6.0876921055542095],[-75.63046722071323,6.087619457402185],[-75.63072078059689,6.087807405507728],[-75.63174272242738,6.088097903818727],[-75.630529191685,6.0844065307549835],[-75.63053255185368,6.083813640953438],[-75.63102135427523,6.0828784856324445],[-75.63082195821954,6.082793325697199],[-75.63093076909021,6.082442012947909],[-75.63087234589815,6.0820756419061475],[-75.63023988926584,6.081015004767428],[-75.63023489051474,6.080449164994651],[-75.63130294058026,6.077514644063831],[-75.63268316104931,6.075831862265333],[-75.63305525356304,6.076366489038452],[-75.63388869344818,6.076055545218885],[-75.6350955177314,6.076020828619611],[-75.63460778509751,6.075258913662241],[-75.63476714640254,6.07459284712219],[-75.63468411141505,6.0741675707805465],[-75.63430048683978,6.073389036963992],[-75.63419212392458,6.071547838396387],[-75.63445008955809,6.070724968848168],[-75.63435442357121,6.0700647998557855],[-75.63470803235933,6.069729878007834],[-75.63467929152094,6.069213218490007],[-75.63490515336686,6.068953564570377],[-75.63529216299759,6.068865105851693],[-75.6356326163324,6.06843151677553],[-75.63603418355189,6.068651548841961],[-75.63612235954824,6.068857563404779],[-75.6359942399843,6.068918423592758],[-75.63639317152678,6.069432974691278],[-75.63603956169462,6.070086000471447],[-75.63578620995004,6.070160864546167],[-75.63573299803174,6.07045139339372],[-75.63596837557793,6.071037855825781],[-75.63668613444018,6.071062596656361],[-75.63644495298573,6.0712293255707115],[-75.636310136969,6.071606258926811],[-75.63530966968386,6.072283336387816],[-75.63558394805806,6.072646430971639],[-75.63579608383375,6.0732940270388065],[-75.63642224306062,6.073347578079975],[-75.63672841994703,6.073264880443857],[-75.63759885945967,6.073663520698189],[-75.63900801004824,6.073465750077026],[-75.63900865298976,6.072767371373458],[-75.63936639547923,6.072376382212108],[-75.63934752187266,6.071570077079296],[-75.64059741145593,6.071836833421933],[-75.64088782515657,6.0720768550694375],[-75.64168083628894,6.072301526719402],[-75.64245942255066,6.072795726091982],[-75.64275671037568,6.07225505924537],[-75.64277865176415,6.071780485019675],[-75.64307179090088,6.070903903888901],[-75.6430520830097,6.07059856700497],[-75.64281920670611,6.0701858641463],[-75.64272867578582,6.0688443778837815],[-75.64379830954293,6.068935653898252],[-75.64417882761941,6.069157271045274],[-75.64418711859001,6.069870288575917],[-75.64453000588526,6.0704673737379675],[-75.64451849823044,6.070740535165986],[-75.64422168469403,6.071353669513508],[-75.64411085909354,6.072277436989614],[-75.64364199856944,6.073047390359605],[-75.64362146407987,6.074001133226008],[-75.64347476972938,6.074259278973374],[-75.64351176607775,6.075225763293514],[-75.64336051139122,6.075407997198766],[-75.64312345499766,6.075437680161948],[-75.64296834533937,6.07610149921039],[-75.64273452625798,6.076339520529427],[-75.64285984848104,6.076744837960431],[-75.64248028252915,6.077927429150048],[-75.64227390510392,6.077962799574922],[-75.64172897505917,6.077155061484421],[-75.64088607038923,6.076365330724308],[-75.64021939442641,6.07703399926569],[-75.63949935455966,6.077137113579797],[-75.63908529159431,6.077412663906027],[-75.63837456235116,6.077442892429099],[-75.63815892755503,6.077434830868899],[-75.63795385651807,6.076747256059848],[-75.63768337230763,6.07680439432663],[-75.63752322848411,6.076615437188964],[-75.63690868954761,6.076530814479928],[-75.63665940136268,6.076348079679366],[-75.63600555338839,6.076416317073754],[-75.63586687624488,6.076275847977295],[-75.6358137226042,6.076249995604872],[-75.63580536801813,6.076745199589978],[-75.6354818810094,6.0773485943789485],[-75.63561952601174,6.077729607177154],[-75.63559555791974,6.078078208986489],[-75.63588282275576,6.078863540873902],[-75.63620147129093,6.078822908194863],[-75.63639792655121,6.079210951617635],[-75.63681199609607,6.079574643191761],[-75.63678476991274,6.079712537764313],[-75.63717246606656,6.079849133141404],[-75.63727289294195,6.080022950450993],[-75.63749128651965,6.080075170246229],[-75.63746861283188,6.080197218998243],[-75.63792487301313,6.080382653493656],[-75.63805201502723,6.080504930420387],[-75.63817158115314,6.081032564105965],[-75.63842821321714,6.080960120889338],[-75.63878377663458,6.081044912354751],[-75.63885020459362,6.080928975440567],[-75.63902898063995,6.0809183289267725],[-75.63938143365537,6.081658818565108],[-75.64009970275019,6.08142985641295],[-75.6400655724744,6.081105525857429],[-75.64050497568861,6.081142982469471],[-75.64064045826925,6.081333977582028],[-75.64058771084919,6.081565769846272],[-75.64088297633091,6.081636748703962],[-75.64122708458547,6.081303701054776],[-75.64142610887316,6.082243182154843],[-75.64110060540031,6.082339700469806],[-75.6405367841609,6.0832248074958875],[-75.64004457146785,6.083550184908725],[-75.6397746115561,6.0835766505270445],[-75.63981250257898,6.084161526024226],[-75.63866903943193,6.084537759508046],[-75.63829975142056,6.084547639189602],[-75.63817601134359,6.084354146969444],[-75.63786536433317,6.08436854191765],[-75.63758588803252,6.084239703386764],[-75.63710307679945,6.08434353152837],[-75.63696571868786,6.084678424912824],[-75.63698774016544,6.08563627223085],[-75.63631874375807,6.086812414717981],[-75.636582204167,6.087108433369395],[-75.63674093793104,6.087519671211487],[-75.63741919731378,6.088361386737145],[-75.63768769077892,6.087734701263024],[-75.6381210227077,6.087722347135945],[-75.63837132964645,6.088354227949517],[-75.63989568927069,6.087736617443318],[-75.6401341615494,6.08748549227509],[-75.6412111121931,6.086935881330316],[-75.64228494611687,6.087235949744806],[-75.64215539601048,6.087448928154773],[-75.64162497513965,6.087691900025577],[-75.6423641733939,6.08940701301048],[-75.64249759447338,6.090195900796808],[-75.64274138969901,6.09049729748691],[-75.64331028573656,6.090365504971972],[-75.64354994052192,6.090451566454756],[-75.64351071607422,6.090736984526098],[-75.64363402671161,6.0907889915398705],[-75.64370119378965,6.0911685791448535],[-75.64451120587141,6.09110783832241],[-75.64451146358405,6.091423685199725],[-75.64488668692101,6.0913781617379845],[-75.64512398166221,6.091474434106085],[-75.64530913966493,6.091325422536095],[-75.64524543524567,6.091264154518223],[-75.6451068041868,6.091225047911841],[-75.6450915579927,6.091201443144235],[-75.64534743353444,6.091226589138019],[-75.64557453617935,6.09148882111185],[-75.64543894917963,6.0917123655064405],[-75.64559708829682,6.091809305412261],[-75.64550736793,6.091964770926835],[-75.64560806516076,6.092064983313269],[-75.64564529497308,6.092595666651056],[-75.64550097323851,6.092715380516121],[-75.64482411902749,6.09248336604023],[-75.64439632198516,6.092481857278836],[-75.6443248320889,6.092348086063152],[-75.64403253165881,6.092268947323925],[-75.64411868187321,6.0921423374378385],[-75.64392747408499,6.09178964450834],[-75.6432933982524,6.091950846421577],[-75.64284982357353,6.091474610635149],[-75.64269783686409,6.0915797403658125],[-75.64289923165042,6.092062189497613],[-75.64279203036416,6.092426151700613],[-75.64305444233668,6.09317534684606],[-75.64278333606246,6.093518425922886],[-75.64292533541042,6.0940356516623995],[-75.64203821201762,6.093564703831092],[-75.64102663577142,6.093414492568721],[-75.64010898827826,6.09392656506297],[-75.63970541034494,6.093978960173814],[-75.63931188535254,6.09455782512605],[-75.6388694998941,6.094954690846687],[-75.63834136021065,6.096177126486711],[-75.63964295993176,6.0969616773701825],[-75.64041274349087,6.097176822893146],[-75.63998873943257,6.097253287453983],[-75.63951624096345,6.0979797283389505],[-75.63931673402713,6.098061195349387],[-75.63917876653827,6.098663827308678],[-75.63984583836081,6.098985778413933],[-75.64028845331505,6.099593771768714],[-75.64171853035504,6.100615293494186],[-75.64145023676502,6.100978352928092],[-75.64028403619217,6.101001574116961],[-75.64008573469,6.1016543855671985],[-75.6394864603245,6.101742914046451],[-75.6392866671647,6.102122042977339],[-75.63883629941262,6.1023143348243485],[-75.63863765157579,6.102624963077274],[-75.63830197008951,6.102660247870021],[-75.63843996693319,6.102914675120718],[-75.63828778199587,6.10309889230982],[-75.63790955118554,6.102988741832634],[-75.63785424579312,6.103236066504953],[-75.63773580542319,6.103233169349577],[-75.63774219985123,6.103425463217136],[-75.63795196878611,6.103440825040803],[-75.63777702162403,6.103779529851791],[-75.63876111390076,6.104052050569776],[-75.63888287217694,6.1047306796665035],[-75.63918886592691,6.1053188451792435],[-75.6382394694181,6.105436783967517],[-75.63881802375313,6.106170336575899],[-75.63828814231499,6.106428597403354],[-75.63794822739418,6.1069403890100205],[-75.63961708526341,6.107258589019724]]]}},{"type":"Feature","properties":{"MUNICIPIO":"COPACABANA"},"geometry":{"type":"Polygon","coordinates":[[[-75.49467907591658,6.359793476445982],[-75.49459968481194,6.359193937674753],[-75.49493822069485,6.358988244303874],[-75.49395001042126,6.357788799281189],[-75.49349999868075,6.356877901575622],[-75.49293217321899,6.356491282011466],[-75.49292919090306,6.355774898420438],[-75.49283042704268,6.355542775300234],[-75.4931209252015,6.35509170095064],[-75.49266622719698,6.354816084980285],[-75.49213562484681,6.354736619789478],[-75.49251068938939,6.353949201705267],[-75.49247961266965,6.3535787502469905],[-75.49267926192618,6.353569006079664],[-75.49276639134501,6.353197357480946],[-75.49255465246674,6.3530973166567195],[-75.49263950709992,6.353022359451658],[-75.49267876123331,6.3521417518057595],[-75.49280877335758,6.351915523963364],[-75.49295774208841,6.352378443332836],[-75.49343824622031,6.352513438279664],[-75.49368607661594,6.352812982422245],[-75.49409636590161,6.352913731680718],[-75.49448636810477,6.353213344551667],[-75.49490254536292,6.353023257962477],[-75.49548458293934,6.353232160604272],[-75.49554033804472,6.353401586787354],[-75.49612215469445,6.353737183790223],[-75.49620373529173,6.353624157822214],[-75.49627305607775,6.353673976712801],[-75.496527260138,6.353465646721084],[-75.49635909204054,6.3532101559194025],[-75.49714452440202,6.352909703836689],[-75.49751736825755,6.35212677624669],[-75.49801636038721,6.3515246061265405],[-75.49792803724206,6.350880234962449],[-75.49702429800938,6.350415981571455],[-75.49762938385342,6.350189187506952],[-75.49755455763768,6.350001683249652],[-75.49795014564609,6.349762397778025],[-75.49794553165232,6.349604864989123],[-75.49811360033347,6.349716714666671],[-75.49826572374897,6.349580031422349],[-75.4986058560848,6.349828190668691],[-75.49881670914415,6.349314410957499],[-75.49917240731087,6.349199683431616],[-75.49943298371053,6.349550975988643],[-75.5002287795712,6.348817449431865],[-75.50037203415668,6.348475015563046],[-75.50065678055002,6.348434379593645],[-75.50119420468775,6.34861878244496],[-75.50257447900951,6.347680203178062],[-75.50264063863854,6.347777317397294],[-75.50279087575107,6.347674868630442],[-75.50283383022605,6.347508175406138],[-75.50243662617919,6.347061316624642],[-75.5032136559328,6.346349567618387],[-75.50308724237875,6.34556883030031],[-75.50353933788398,6.345281304440921],[-75.50340893332186,6.34494315848513],[-75.50501024224339,6.34364878191581],[-75.50486048635858,6.343174872316698],[-75.50508398903335,6.342795388235251],[-75.50510473906135,6.34232502380177],[-75.50485657759567,6.341899828089659],[-75.50453240173321,6.341675860049953],[-75.50428253998764,6.341085118741036],[-75.5044064910707,6.3410426510511835],[-75.5043390229371,6.340884481578304],[-75.50397334720253,6.340475540426602],[-75.50398027165323,6.339845636569849],[-75.50327306618063,6.3389706636126295],[-75.50360395118268,6.337950412628062],[-75.50326265710422,6.337460301925516],[-75.50318874414184,6.337068093472759],[-75.50291339108148,6.336874901764397],[-75.50284849803415,6.336404504298881],[-75.5025549148743,6.336223902577675],[-75.5024895719717,6.336004418140105],[-75.5027163606645,6.335649689351641],[-75.50285727924643,6.335603109061146],[-75.50289498410731,6.335411160080355],[-75.50449212091146,6.335736924180096],[-75.5051025042401,6.335567765602692],[-75.50543257028372,6.335293527974815],[-75.50552649467656,6.3355810089855575],[-75.50604041216366,6.336099671611144],[-75.50617033382245,6.336734837951454],[-75.50649211725175,6.337017668372724],[-75.50629639879642,6.338478369895924],[-75.50657174435307,6.338614667385323],[-75.50703341897045,6.33858107943959],[-75.50724193908665,6.338763293233175],[-75.50732306972918,6.33909510595015],[-75.50809062082068,6.3393811213392866],[-75.50818327743404,6.339278088427099],[-75.50820847284753,6.339411363825893],[-75.50841841084228,6.3395270874239955],[-75.5086515886045,6.339301698217038],[-75.50841790557543,6.338935853261362],[-75.50842921063567,6.338757540074157],[-75.50832292419506,6.338734809196226],[-75.5084458687646,6.338708515231533],[-75.50848551462825,6.338912588270071],[-75.50855625451342,6.3388475589689985],[-75.5086798972299,6.33906210394759],[-75.50901404040644,6.339180895109974],[-75.50934121214974,6.338932226895449],[-75.50935586613465,6.33904171666933],[-75.50957457675872,6.3390624979654095],[-75.5096043042352,6.339245993736204],[-75.50978687276563,6.339253590472604],[-75.50991205374429,6.339409407839944],[-75.50978814174123,6.339638828743666],[-75.50999133898164,6.339852893838786],[-75.51003802174188,6.3401903259191705],[-75.51151764621856,6.339283723591741],[-75.5116931576717,6.33945632117839],[-75.51199388111844,6.3395175795533625],[-75.5120096933043,6.339330498381131],[-75.51237455010732,6.339359776810797],[-75.51239182803805,6.339095830433857],[-75.51308482463777,6.339170210549492],[-75.51325225882299,6.33885075334659],[-75.51397466617036,6.338947612817935],[-75.51408638375194,6.338317607656109],[-75.51391907532982,6.3381805242565665],[-75.51391891301392,6.338004690358417],[-75.51507717274613,6.33734541507033],[-75.51866293057307,6.336283163404868],[-75.52139790207279,6.335604714728735],[-75.52482522087413,6.334909712359616],[-75.52598207467133,6.334884398648679],[-75.52678914693317,6.334464667763328],[-75.52685668243386,6.334626921893105],[-75.5273547780624,6.334329182929468],[-75.52764956739664,6.334320395119447],[-75.52771813729602,6.334114639027777],[-75.52848048962193,6.333673357787107],[-75.52840669860483,6.3335231176781965],[-75.52905692816528,6.333386805142952],[-75.52963867384132,6.333550290117337],[-75.52987090838411,6.332777739136694],[-75.53109106711337,6.332505075720686],[-75.53115543866721,6.332200422777772],[-75.53134366044071,6.331995847101685],[-75.53114817995842,6.331348166348191],[-75.53137040336168,6.331135484091145],[-75.53135705110265,6.330668322150608],[-75.53151340452668,6.330698546282395],[-75.53168503744519,6.330267141286445],[-75.53177718023895,6.3302545007402],[-75.53215654903836,6.330995832692037],[-75.53223384755486,6.33075308579914],[-75.53250381241902,6.331117837400507],[-75.5329072988988,6.331268925807849],[-75.5331212790988,6.330902791821739],[-75.53315454611679,6.331422836978034],[-75.53335092004869,6.331547307933999],[-75.53350404363744,6.331487224269799],[-75.53478019908465,6.3290839646293815],[-75.53516637200069,6.329537573759903],[-75.53513166411028,6.329707438964669],[-75.53526131004125,6.329936981178523],[-75.53557049920954,6.330066549162905],[-75.53557739096236,6.331069298591225],[-75.53596858564374,6.331811533163006],[-75.5360136171186,6.33269992628989],[-75.5355374113242,6.333116381648488],[-75.53564545023372,6.333539203450551],[-75.5353399993197,6.333699951310305],[-75.53536277362386,6.33408872333151],[-75.53516587085906,6.334395740582644],[-75.53511452192174,6.334802370434246],[-75.53529663314382,6.33553907540795],[-75.53562076738369,6.336220530586315],[-75.53421502883604,6.336898280951909],[-75.53351445296224,6.337071460171258],[-75.53109854120396,6.337532888131058],[-75.52853645433976,6.337499631859036],[-75.52629214527289,6.338361967973062],[-75.52492660605523,6.338431812688183],[-75.52380243811861,6.338199813519206],[-75.52334606788318,6.339448611730961],[-75.52304265097916,6.3410275911376015],[-75.52251970892674,6.341559257032397],[-75.52180259051941,6.341743513477145],[-75.5208861909366,6.341729497329112],[-75.52055214163818,6.341941057131742],[-75.51988324945921,6.344333647953692],[-75.51927399662321,6.345600080240751],[-75.5188995558776,6.345938025253294],[-75.51847484923614,6.346066235507152],[-75.51704859319896,6.34592284038529],[-75.5170728228384,6.346705811447749],[-75.51733991151856,6.34785915788247],[-75.51766091773648,6.348273626816487],[-75.51778844453474,6.348646334822081],[-75.51772022061057,6.349117310501046],[-75.51750442575721,6.349162966184769],[-75.51749450994792,6.349410347648654],[-75.51772581542129,6.350024799079609],[-75.51792494531567,6.351261427976318],[-75.51747206835446,6.352110537137567],[-75.51727910743728,6.3522024157658965],[-75.5169149936028,6.3517701443343535],[-75.5170467245857,6.350956860615491],[-75.5139898963852,6.351642946177864],[-75.51430225883216,6.353019156233209],[-75.51206028764487,6.353547093158314],[-75.51021764508147,6.354501905184816],[-75.50926568866547,6.352052237372431],[-75.50892098838985,6.352106407667731],[-75.50876573053657,6.351857870211092],[-75.50637425180722,6.353275181884708],[-75.50424130130325,6.353867238987046],[-75.50451242165558,6.354166563904114],[-75.50345130712668,6.355151798625458],[-75.50244888960344,6.354043177772101],[-75.50277348732776,6.353365185027985],[-75.5024909631249,6.353117387104705],[-75.50207088894898,6.35230075056608],[-75.50151208788118,6.3525559059085674],[-75.50079291833305,6.3531725701843165],[-75.50069771514931,6.3539426680373925],[-75.50026337928817,6.354688923742449],[-75.50032415324112,6.3547845921670545],[-75.50003074202255,6.356548371393133],[-75.49975125283396,6.357031977632219],[-75.4991621717096,6.35746855958929],[-75.49771667480367,6.359061704819104],[-75.49720634495407,6.359309612294698],[-75.49658085126902,6.359177241033479],[-75.49548359822809,6.359216970976432],[-75.49467907591658,6.359793476445982]],[[-75.50312933859267,6.336983850908651],[-75.50312959854682,6.336983412956623],[-75.50312904418186,6.33698426461538],[-75.50312933859267,6.336983850908651]]]}},{"type":"Feature","properties":{"MUNICIPIO":"ENVIGADO"},"geometry":{"type":"MultiPolygon","coordinates":[[[[-75.56904080559876,6.161438286634358],[-75.56907817018467,6.161394393584585],[-75.56904422545485,6.161435064232874],[-75.56904080559876,6.161438286634358]]],[[[-75.56904080559876,6.161438286634358],[-75.56935115800044,6.161916393586657],[-75.57033472366035,6.162342779750084],[-75.5708704377812,6.1621589178631675],[-75.5711111158071,6.162384825141481],[-75.5712551128848,6.162176843653966],[-75.5717606726695,6.161263031281325],[-75.57128337557126,6.160727157396782],[-75.57059525896891,6.160651496331906],[-75.5708086931855,6.160515602606495],[-75.5709238632894,6.159767972556098],[-75.57163506237376,6.1584465149420575],[-75.57108408160522,6.157881199757917],[-75.57171546001219,6.157348058073393],[-75.57111292519247,6.156670954018907],[-75.57175158907827,6.156741666347698],[-75.57195205579785,6.156471480073163],[-75.57217919339114,6.156453630242561],[-75.57228642473042,6.156582020434845],[-75.57229245598309,6.156501852624876],[-75.57206037981383,6.155678884322365],[-75.5714167790577,6.155307245771857],[-75.57190335921004,6.154824488308103],[-75.57210144044507,6.1541038796256515],[-75.5726192775456,6.154084981382945],[-75.57336820240018,6.153450488105617],[-75.57451032531773,6.153185449681502],[-75.57430166965426,6.1528147970702705],[-75.57463424521328,6.1525499108925015],[-75.57479736797539,6.152198239290771],[-75.57469114281159,6.151971327679418],[-75.57472148581128,6.15144599241025],[-75.57534599195816,6.151313272156674],[-75.57500094347638,6.150781524101482],[-75.57513823183389,6.150285297523047],[-75.57500030076977,6.149991486899992],[-75.57518618274196,6.1494716643747225],[-75.57484998957345,6.149095500371764],[-75.57451542765864,6.149214022156953],[-75.57414436951215,6.14890755824454],[-75.57420578859052,6.148759388186572],[-75.57458632759362,6.148791023373147],[-75.57491420116031,6.14834515007093],[-75.57537314116168,6.148336104304366],[-75.57524939053293,6.147995465654594],[-75.57489404911831,6.147612066859072],[-75.57489775137634,6.147471943005133],[-75.57511832202364,6.147345376672236],[-75.57506430231844,6.146869943550313],[-75.57492095525976,6.146716260088961],[-75.575201499014,6.1464322992179286],[-75.57511234501266,6.146103141848333],[-75.57530942969716,6.145874507681048],[-75.57538204302739,6.145330186485296],[-75.57556602741828,6.144959530515559],[-75.57565400555269,6.144997589100903],[-75.57568939474405,6.144672927954878],[-75.57556035865795,6.143947870990563],[-75.57518266520883,6.143691034153724],[-75.57487072156457,6.143296409585319],[-75.57456168620202,6.142671624346886],[-75.574500242917,6.142249124812437],[-75.57480811686034,6.142287479164878],[-75.57511412630066,6.141693032259996],[-75.57537645321392,6.142369566269568],[-75.57580259526333,6.14252288665334],[-75.57592572275806,6.1427495011680175],[-75.57591260822099,6.142941131981699],[-75.57605344816473,6.1431331040275525],[-75.57587772329323,6.143268131315039],[-75.57649751251326,6.144382232894899],[-75.57620438014308,6.1457126333732575],[-75.57620934345246,6.146773105721338],[-75.57632586255852,6.14682372978763],[-75.57664922066641,6.146604858934447],[-75.57702948723133,6.14657510932743],[-75.5771230590028,6.146387882234297],[-75.57755733813856,6.146321971338675],[-75.57800001694652,6.145941391409709],[-75.57806521340576,6.14562314060917],[-75.57820404779395,6.1454912061915525],[-75.57878067629112,6.145471279569326],[-75.57897215046957,6.145102455984994],[-75.5794892571724,6.145203583113805],[-75.5798021338142,6.144643075672848],[-75.58029196304385,6.144587127575763],[-75.58035154231834,6.143952464801436],[-75.58102563327081,6.142970583650665],[-75.58114431663196,6.142623515927786],[-75.58179499050621,6.14229536241131],[-75.58186586625918,6.141988836112867],[-75.58208292225974,6.1418667860022005],[-75.58219246498368,6.141528618078136],[-75.58260477616867,6.141417862624086],[-75.58256711476861,6.1408931000147655],[-75.58312252295295,6.14044742304346],[-75.5830950225205,6.139939328096368],[-75.58333429263789,6.13937528831865],[-75.58319625897654,6.139101255967376],[-75.58328153042655,6.138867193368693],[-75.58395344001325,6.138519968475023],[-75.58435724585394,6.138469386295502],[-75.58556060289243,6.137845562936674],[-75.5859658758259,6.137358643244552],[-75.58644540145251,6.137416965025286],[-75.58729471306452,6.137293054383779],[-75.58767849136517,6.137595044157037],[-75.58874700024613,6.137583421133629],[-75.58988590920764,6.137886933145166],[-75.59095342193208,6.1376590427142075],[-75.59170579711208,6.137152751600839],[-75.59242666176281,6.1370840691574875],[-75.59209149229396,6.137567744097393],[-75.59206668200935,6.138162600769018],[-75.59127893152282,6.139260133153286],[-75.59117329128236,6.140137956290182],[-75.59094814135238,6.140750812356943],[-75.59092995259778,6.1420826357852105],[-75.59133067642279,6.143180027802288],[-75.59100916007814,6.144031642386831],[-75.59106572705215,6.144613928852939],[-75.59143959084687,6.144907724696108],[-75.59219507176972,6.1451172460820285],[-75.59445019659324,6.14513711969542],[-75.59452372598263,6.145250119483768],[-75.5944434036639,6.146582670381197],[-75.59571393182837,6.147085250718528],[-75.59597259210939,6.148276664198875],[-75.59731916332836,6.14928505935734],[-75.5973857232654,6.149939199853578],[-75.59764614108346,6.150124510552444],[-75.59788264937869,6.150795292406497],[-75.59815254810684,6.15092636084496],[-75.59850356767885,6.15149240461745],[-75.59857609375801,6.151420438096682],[-75.59862706711908,6.151899031762869],[-75.59893954643998,6.1526804608229835],[-75.5997348874674,6.153112814512276],[-75.60033284772496,6.153208424601135],[-75.60085595018882,6.153666829522156],[-75.60167793061402,6.153906346338024],[-75.60200399898783,6.153805798711048],[-75.60270486761759,6.154291852122415],[-75.60302882316624,6.155036029825485],[-75.60376499140631,6.1552232082952445],[-75.60378162337618,6.155386656224725],[-75.60362013533054,6.1556105064674735],[-75.6036514112712,6.155955032382822],[-75.60386152968101,6.156261848091068],[-75.60381349976169,6.156620753327813],[-75.60428048776393,6.157985360884035],[-75.60328699595215,6.159475096436736],[-75.60210592294038,6.160064151441227],[-75.60476496452628,6.162763060174507],[-75.60517136712542,6.163054854316285],[-75.6039906751738,6.164026320130215],[-75.60345038724805,6.164782399869464],[-75.6024278120158,6.169357875175364],[-75.60177256860965,6.170773814850064],[-75.60092496572312,6.171398103949269],[-75.59942721645119,6.172783445896956],[-75.59483162362028,6.175967342062721],[-75.59325950682903,6.1773907313172485],[-75.591888108327,6.1791198499033175],[-75.58929779192938,6.183274175030558],[-75.58761752721342,6.185104366247362],[-75.5843107686657,6.187674734081646],[-75.58364288092247,6.1884081060553084],[-75.58335762561576,6.188897014463278],[-75.5832286334424,6.188930920798254],[-75.58291489107624,6.188187362616075],[-75.58167300555732,6.18783934098536],[-75.58044835713602,6.186717647505874],[-75.58002132541468,6.185112905604012],[-75.57995699322422,6.184428825971286],[-75.57970866359096,6.183860645175413],[-75.57675021171495,6.182033557103433],[-75.57614048056897,6.182041614974757],[-75.57557771780341,6.181723674005373],[-75.57558800939282,6.18131035049726],[-75.57529777407277,6.180941144886903],[-75.57452508344208,6.180577101008928],[-75.57426294372792,6.1802639456341195],[-75.57359775042262,6.180209892507282],[-75.57313227261015,6.1795027606785595],[-75.57180812254664,6.179190609504538],[-75.57124383300948,6.179377294405165],[-75.57040159714634,6.179357954136468],[-75.56977145321157,6.179157440163632],[-75.56949088827999,6.178817976857519],[-75.56894954138885,6.178903318996789],[-75.56860989906892,6.178666823853301],[-75.56839148364189,6.178210557650791],[-75.56789069520477,6.177952637536387],[-75.56750543913245,6.177329124156368],[-75.56696021023718,6.1771223702437865],[-75.5665036851486,6.176728390427346],[-75.56627804322824,6.176294274035512],[-75.56604336786587,6.176183168464439],[-75.56541033758324,6.176446598965078],[-75.56479961914464,6.176508702844414],[-75.56437715252886,6.176115355269231],[-75.56388359247295,6.176099080030679],[-75.56380311054126,6.175812498473501],[-75.56359336743583,6.175732399401452],[-75.56328145793546,6.17581837096226],[-75.56281589719045,6.176223372468291],[-75.56240516981661,6.176059466930016],[-75.56214393453386,6.176264318734125],[-75.5613216653685,6.176336902973404],[-75.56106097668805,6.176155097451948],[-75.56054519817476,6.176071919635249],[-75.56041702229385,6.175909191274507],[-75.56024801526155,6.175962164313652],[-75.55867847848538,6.175386676397787],[-75.55816080170561,6.175338753138304],[-75.55771461985242,6.1755076471297485],[-75.55782618624626,6.175033052072882],[-75.55852353407727,6.174613585337483],[-75.55889353839537,6.173894186119753],[-75.55917759292339,6.1746286274731474],[-75.56009504760392,6.174898289436885],[-75.5601810157768,6.174202370440339],[-75.56008391414575,6.174111423314011],[-75.56017361387511,6.173932063868073],[-75.5600017207275,6.173709127229974],[-75.56001834308644,6.173553000447599],[-75.55982666783272,6.1734038321940785],[-75.56052184613348,6.1728520190632805],[-75.56048057019254,6.17269580299954],[-75.56068959738623,6.172278232160279],[-75.56065771238588,6.172074551786475],[-75.55958605968253,6.171571002066784],[-75.55923912093301,6.171463835032787],[-75.55905158386814,6.171681720210398],[-75.55895158666198,6.171656219933048],[-75.5586436141994,6.170338146987368],[-75.55871843645718,6.169902277232867],[-75.5585861129661,6.169790509993243],[-75.55909483281154,6.169375249315801],[-75.55970071114128,6.169105771348024],[-75.56130765014245,6.169567816111993],[-75.56192790749579,6.167956423831929],[-75.56228845612898,6.16742954676433],[-75.56317116666467,6.1672297024051135],[-75.56376483704994,6.1672674114343025],[-75.56383732538765,6.1671712877510245],[-75.5635333755216,6.166812384824375],[-75.5634051129722,6.1663849551953955],[-75.56361223804515,6.166043503001684],[-75.56354603135622,6.165847055592624],[-75.56302358012226,6.165401090977899],[-75.56245514865006,6.16536591778772],[-75.56216754451735,6.16546291692762],[-75.5621114695443,6.165315785968181],[-75.56524466796172,6.164497661616766],[-75.56551709732435,6.164183873185888],[-75.56542632038972,6.163838711199806],[-75.5658894299162,6.163491474363225],[-75.56623901458482,6.163472205240496],[-75.56620491114502,6.1632702614986625],[-75.5664062945798,6.162807032723526],[-75.56674429065343,6.162416527004384],[-75.56706141968522,6.162393925955388],[-75.56708618931255,6.161884133597275],[-75.56725354766577,6.161844299489055],[-75.56749933687873,6.161491727108406],[-75.5677128696104,6.161826219949158],[-75.56814626689864,6.161468277352549],[-75.5685282515502,6.161443841601152],[-75.5686329394817,6.161315441182924],[-75.56904080559876,6.161438286634358]],[[-75.589472071804,6.1542810311250085],[-75.58954891084385,6.1535531503925585],[-75.58935996531159,6.153239620824532],[-75.58960863603363,6.152850048606035],[-75.58944039341348,6.152599517904738],[-75.58958322415488,6.152340088079923],[-75.589482991746,6.1512494796924715],[-75.58983754869071,6.1506684063952415],[-75.58619550653356,6.148334394701743],[-75.58592282818793,6.148604707586946],[-75.58524583425877,6.148326204757515],[-75.58540820732927,6.1482167082450285],[-75.5850878116887,6.147907768713286],[-75.58495057416272,6.147227316227992],[-75.5842208918978,6.147074452594802],[-75.58419610278436,6.146474691028375],[-75.5839133562059,6.146582386070727],[-75.58377777818244,6.1469085220649555],[-75.58310960254603,6.147756340137652],[-75.58294327101954,6.14820257170909],[-75.58297799704044,6.1484964601011445],[-75.58273391477931,6.148657310894234],[-75.58271259439066,6.148850453329371],[-75.58284111860338,6.148924778630663],[-75.58326005387414,6.148472027366622],[-75.58357712393217,6.14839272259725],[-75.58394174608445,6.148911191417143],[-75.58240955636353,6.150213556944029],[-75.58233526190241,6.150322687652515],[-75.58245515407454,6.150855448456298],[-75.58260113755786,6.150826816952458],[-75.5826733004294,6.150522063361098],[-75.58287942142071,6.1504145669164485],[-75.58288049788221,6.150102674118207],[-75.58309429882016,6.150128794990309],[-75.58353976990777,6.1495629440850434],[-75.58363363294133,6.1501513825139735],[-75.58341460166145,6.150469700888689],[-75.58345823691837,6.1507996740727915],[-75.58376579405181,6.150704741461851],[-75.58388990440942,6.150795142347174],[-75.584009129357,6.150602579468634],[-75.5842006179636,6.150579159097999],[-75.58434611940565,6.1500890742630485],[-75.58449271636641,6.1500583328839395],[-75.58445731592853,6.150309567389119],[-75.58458097643896,6.15048503732477],[-75.58442310570506,6.151147702935202],[-75.58456159068312,6.151680178827264],[-75.58435186510556,6.152082482618697],[-75.58459195293015,6.1521050768133065],[-75.58479274009544,6.151875444696492],[-75.58489563648483,6.152431426987943],[-75.58513401913773,6.152456300177999],[-75.5851528831743,6.152185835488235],[-75.58614576606597,6.151310096205554],[-75.5871249362293,6.151791711952126],[-75.58734309920484,6.152102302430064],[-75.58748216825724,6.152331264169767],[-75.58697832101335,6.152760419431644],[-75.58675899676098,6.15269530360496],[-75.5866071469579,6.152858081776638],[-75.58624758916625,6.153828129005792],[-75.58632166020286,6.1539592118566775],[-75.58666082920843,6.1537413268735675],[-75.58786279483779,6.153599352177764],[-75.5883923909517,6.154014377002362],[-75.58857971784684,6.153726706573303],[-75.58871845934826,6.153737640165077],[-75.58883897318026,6.15427364096416],[-75.58924472878077,6.154532272534831],[-75.589472071804,6.1542810311250085]]]]}},{"type":"Feature","properties":{"MUNICIPIO":"GIRARDOTA"},"geometry":{"type":"MultiPolygon","coordinates":[[[[-75.45451060815368,6.368722553332117],[-75.45466218627305,6.368069676960192],[-75.4545013170804,6.367700895784678],[-75.45454400208021,6.367149596989882],[-75.45492729637253,6.366306289025217],[-75.45504625820958,6.366302642720568],[-75.45545780546729,6.36680160201645],[-75.45575390091837,6.3668304710481225],[-75.45609356152333,6.3677641397649545],[-75.45618430960432,6.367642782061249],[-75.4563282197277,6.367696666179594],[-75.45696168833932,6.3669019349109215],[-75.45730973362016,6.366907261689495],[-75.45734769493154,6.367765700940734],[-75.45762708314311,6.3686318275454585],[-75.45685929858269,6.368486143979276],[-75.45578305786867,6.369259944608729],[-75.45584873045702,6.369380717851434],[-75.45540150701136,6.3701311205668025],[-75.4545460914375,6.370718543360104],[-75.45391370323222,6.3693426509189175],[-75.4542665488894,6.369154943874585],[-75.45451060815368,6.368722553332117]]],[[[-75.42560747338352,6.3895405287767275],[-75.42504137394575,6.3890902005221255],[-75.42449089295839,6.387674942020063],[-75.42459355529051,6.387816277911394],[-75.42500258499707,6.387593573291943],[-75.42542269059597,6.387918096888133],[-75.42590966152625,6.388080423002436],[-75.4262759729307,6.38808433578258],[-75.42637897132764,6.3879576168052825],[-75.42601173135455,6.3873812031092365],[-75.42473644337473,6.386727192938738],[-75.42511493880774,6.38623542393115],[-75.42534877724823,6.385650954236651],[-75.42552612810681,6.386068363658063],[-75.4257970233566,6.385708824275604],[-75.42578181309331,6.385165726780286],[-75.4260670367874,6.385335029147006],[-75.4262797749869,6.385909770315085],[-75.42645768040022,6.386094042468362],[-75.42664898837323,6.385656179726636],[-75.42710402226949,6.385174212359267],[-75.42665655808757,6.3847875610467835],[-75.42701545103027,6.384741184973429],[-75.42973158789448,6.388091545863792],[-75.4287640616856,6.388384964019024],[-75.42853256231471,6.389378861663462],[-75.42813809062184,6.3898392607231385],[-75.42765128951652,6.390197176907086],[-75.42661271719004,6.390545127810461],[-75.42582069900439,6.3912923901405465],[-75.42560747338352,6.3895405287767275]]],[[[-75.4349654215058,6.389716116424192],[-75.4327646709981,6.386668509415814],[-75.43298694836326,6.386270108349536],[-75.43311630222604,6.385376968828488],[-75.4335328679029,6.384543329234064],[-75.43389501016884,6.3834483796899875],[-75.43434785014718,6.382901185681115],[-75.43604797747255,6.3814435728443994],[-75.4369716171067,6.381010834975335],[-75.4377271134574,6.380312306104761],[-75.43807543091717,6.38021498734906],[-75.4367906574055,6.3777713213106395],[-75.4385772080347,6.376622443637113],[-75.43825835118739,6.376359389266903],[-75.43846148124416,6.375807588296614],[-75.43813458259929,6.3745526207046606],[-75.43765521353671,6.374403616999353],[-75.43732802540332,6.373954489329151],[-75.43752160903954,6.373475778683328],[-75.43784459721297,6.373180763807457],[-75.43789146953769,6.372401154016773],[-75.43763078961071,6.371624535983325],[-75.43701383455969,6.371052048162311],[-75.43608444731836,6.371047579384753],[-75.43618738500774,6.370986232943716],[-75.43610474038556,6.370837382286328],[-75.43572480695146,6.3707032585751575],[-75.43567825141115,6.3702337159184035],[-75.435133008708,6.369291779951655],[-75.43384000115348,6.369016914473984],[-75.43363123260436,6.368881698045425],[-75.43365346534522,6.368707893832407],[-75.43389212264893,6.368455537174856],[-75.43378555457123,6.368055278261837],[-75.43399894269533,6.367880166511838],[-75.43386918127196,6.367636815376122],[-75.43408843661105,6.367630680789047],[-75.43441613527136,6.367225319323896],[-75.43379202692593,6.3666378395451515],[-75.43365903570357,6.3663487582291545],[-75.43408832838635,6.36594932426567],[-75.43400948717644,6.365691759680411],[-75.43413215168039,6.365240896038832],[-75.43429050621869,6.365251077289852],[-75.43437535390785,6.365100047166892],[-75.4347390907544,6.3649731310371385],[-75.43469276823785,6.364620049434866],[-75.43499896681774,6.364468355210029],[-75.43497900609214,6.36426080362892],[-75.43513167598225,6.363981835986467],[-75.43490403919004,6.3628762642472205],[-75.43530843124329,6.362963616239621],[-75.43534606084475,6.362639685650281],[-75.43549848518815,6.36277270763351],[-75.43574942219051,6.362741964769181],[-75.4359284746911,6.362906900562572],[-75.43585360566159,6.361831065560328],[-75.4361102926899,6.361654530207405],[-75.43622704440546,6.361328804347019],[-75.43644402339542,6.362726717919005],[-75.43699989461932,6.36341811162951],[-75.43748133210096,6.364537169078433],[-75.43786319886115,6.364873961653777],[-75.43786184373607,6.36516563583649],[-75.43822856141811,6.3658224651420365],[-75.43814552839086,6.366449085121934],[-75.43880552545178,6.367735044809173],[-75.43855368358504,6.368078294127927],[-75.4385093127289,6.3683650284649165],[-75.43821053551888,6.368491183334151],[-75.43812760798716,6.36867653549412],[-75.43828088098874,6.369682927124938],[-75.43769379287043,6.369857990760578],[-75.43759961677574,6.370002591504298],[-75.43759320595446,6.370679026186163],[-75.4381708598212,6.371099177906856],[-75.43953688946283,6.371701069301582],[-75.43980796847762,6.37262037472612],[-75.43984498963478,6.373279439715707],[-75.44056864533002,6.374208661991815],[-75.44097637789014,6.373476439216274],[-75.44121451499201,6.373547405246018],[-75.44132586304016,6.3739023987311345],[-75.44176846288103,6.373521414618371],[-75.44252837274648,6.374512401426852],[-75.44295007040601,6.374381781770439],[-75.44324566424685,6.374111517637701],[-75.44331737886255,6.37419844951285],[-75.44380766264071,6.37370232402016],[-75.44470640785562,6.374575895621523],[-75.44454018856742,6.375932730642999],[-75.44396123525621,6.376422624928209],[-75.44442109351047,6.377061762932288],[-75.44482200162089,6.376946853916541],[-75.44500690555527,6.376647952349559],[-75.44521257208514,6.3765803308949724],[-75.44534867149689,6.376278032447598],[-75.44575171260024,6.3759803616433075],[-75.44587257780864,6.375476461774443],[-75.44620847629,6.375167024386215],[-75.44642375872711,6.3745347652164694],[-75.44626615960556,6.374052547967336],[-75.44635556448455,6.373602323640603],[-75.44625833650198,6.37342513691291],[-75.44636160022559,6.373261702569349],[-75.44648252392625,6.373364830975351],[-75.4466204421847,6.373284926818082],[-75.44563908540549,6.372367638851229],[-75.44557461376642,6.372488232064139],[-75.44522045695126,6.372159775558061],[-75.44544327488114,6.371798622423284],[-75.44442404966102,6.370966480337705],[-75.44604708455083,6.37042060111108],[-75.44630940981321,6.370733316314097],[-75.44680141025216,6.370903690296831],[-75.44740399613652,6.370858346253051],[-75.44768385493182,6.370713841017674],[-75.44808588379681,6.370792541733142],[-75.44767827905042,6.370853651392356],[-75.44758239388446,6.371338921952511],[-75.44738769543139,6.371454788615624],[-75.44745160252053,6.371809202495222],[-75.44687782922634,6.372511773644416],[-75.44707222048929,6.372971664794221],[-75.44767282491598,6.373693111003543],[-75.4479058653421,6.373702320283897],[-75.44794293321316,6.3734537595721115],[-75.44820469839392,6.373454617082646],[-75.44820461369076,6.373752989216168],[-75.4483744154871,6.373822891711604],[-75.4487185860498,6.372585448272823],[-75.45040594909467,6.373126893571474],[-75.45073171037288,6.3733236666243895],[-75.4508750613808,6.37324383611896],[-75.45099699752838,6.373025121298208],[-75.45086862419986,6.372063570291833],[-75.45095958238255,6.371811703163775],[-75.45120085638983,6.371649005958159],[-75.45113300919405,6.371254424653225],[-75.45166297485768,6.37139931322848],[-75.45143716602725,6.37184336487486],[-75.45196748113575,6.372032952373467],[-75.45189124915463,6.371975754575991],[-75.45205370753041,6.371866712567619],[-75.45230452506469,6.372000059225816],[-75.45253134003363,6.371726868658366],[-75.45267714629632,6.371076501939111],[-75.45258341411557,6.370527778832394],[-75.45276072933326,6.370293823253196],[-75.45294189150552,6.371924786855335],[-75.45258033138462,6.3727034712293085],[-75.45276486942716,6.373738138271402],[-75.45224292870384,6.374410636521167],[-75.45203243256239,6.3755728307545825],[-75.45212741833194,6.376135122055786],[-75.45233562421787,6.376445817869575],[-75.45216879892087,6.377211291661575],[-75.45132629013042,6.379137424570365],[-75.45137221083048,6.3794598584741555],[-75.45187043433484,6.379867818516171],[-75.45166434788739,6.38060331389513],[-75.45192335975354,6.3820098890752215],[-75.45243174206894,6.38374314118428],[-75.45247957687485,6.384924503559814],[-75.45223743635285,6.385621332791917],[-75.45189842440806,6.385984757117858],[-75.45123402498979,6.386211504124565],[-75.45006531424286,6.386335165322086],[-75.44937083308021,6.3868786105334365],[-75.44813794868998,6.387373294171403],[-75.44761063736208,6.387344654378518],[-75.44674745003492,6.386807357878958],[-75.44532786055284,6.386823044183601],[-75.44363717891872,6.386679693401918],[-75.44234153794582,6.386223728838793],[-75.44179806346524,6.386381576458691],[-75.44129278413641,6.386964751528389],[-75.44098636105726,6.3878277637108685],[-75.44089937861744,6.3899496798575255],[-75.44062086822153,6.390768657038533],[-75.4400337084067,6.39156002818123],[-75.4394271537635,6.391989763179353],[-75.43906974054858,6.392493469161313],[-75.43826025803175,6.3927680466584995],[-75.43766414736724,6.393270653872994],[-75.43599748711799,6.391176665741558],[-75.43570555909383,6.390268109022753],[-75.4349654215058,6.389716116424192]]],[[[-75.46935403696585,6.389152089603237],[-75.46929500018912,6.388745820197128],[-75.46958368701118,6.388294765924043],[-75.46940467647424,6.387550515795245],[-75.46901671865314,6.386708278348395],[-75.46844620055869,6.385980326015466],[-75.46917904477723,6.385600931619249],[-75.46954212700813,6.386051274605504],[-75.46973004061013,6.386517592547485],[-75.47021248998462,6.386652738139285],[-75.47036665092264,6.386810309289447],[-75.47083064432076,6.387599012641814],[-75.47073350459677,6.388052202264778],[-75.47097974527588,6.388471930770338],[-75.47090271874409,6.388906287903554],[-75.47044565964333,6.389123244607368],[-75.4705874990298,6.390030529444248],[-75.47054055015617,6.3908723868722666],[-75.47031511923265,6.391288376819294],[-75.47042561204952,6.391842661779312],[-75.47002095277617,6.392164346130473],[-75.46962647476717,6.392785509225379],[-75.46950907625062,6.393181509344869],[-75.46956298839774,6.393693138978767],[-75.46886404785252,6.393798191699719],[-75.46816680422093,6.3934425576877265],[-75.46786488165809,6.393403520145921],[-75.46835620049237,6.392870626356382],[-75.46829618317506,6.392264284264798],[-75.46875864998805,6.391746313025513],[-75.46882879227036,6.391199183213861],[-75.4693764757441,6.390911780297944],[-75.46957897294341,6.390609375834767],[-75.46971011921177,6.389910331839391],[-75.4695582110741,6.389404625572103],[-75.46935403696585,6.389152089603237]]],[[[-75.4321323236772,6.405387849193948],[-75.4322115392481,6.405048765095565],[-75.43246533256541,6.404675630275858],[-75.43303098884871,6.4045060134233625],[-75.43309537081467,6.404110821295591],[-75.43300316427798,6.403738926335529],[-75.43342901574275,6.403647861872828],[-75.4340606769735,6.402694954067567],[-75.43445443656451,6.402418176538373],[-75.43474365572574,6.402397050281287],[-75.43435924013211,6.4021872604222665],[-75.43412708807118,6.40184111681913],[-75.43444365846453,6.401153430783114],[-75.43536151525893,6.400840619125956],[-75.43566221343991,6.400594797941881],[-75.4361595115967,6.4005844954477595],[-75.43627281385588,6.4004744031740755],[-75.43627530351013,6.400234116115723],[-75.43731998199182,6.400220646475686],[-75.43733041485082,6.400479974559446],[-75.43771969010862,6.400496012979866],[-75.43791757666081,6.400433478224711],[-75.43820246691483,6.400073219024228],[-75.43831717755253,6.400284849229291],[-75.43859056290661,6.400330540059411],[-75.43871518339557,6.400485232274386],[-75.438871781901,6.4008972610215915],[-75.43867140980902,6.401268264895752],[-75.43784277417927,6.40151082155221],[-75.43683711250856,6.40142930415544],[-75.43660297966862,6.4017548107620845],[-75.43640878869942,6.401630317599579],[-75.43602174846446,6.401610496558632],[-75.43565842659882,6.40186463077298],[-75.43582902995355,6.4023321844977135],[-75.43569907371997,6.402877554784312],[-75.43475778303402,6.403463777374889],[-75.43405187449237,6.404476421835287],[-75.434016127551,6.405172977356207],[-75.43335577911415,6.4053898566302765],[-75.43301892909489,6.406390005606164],[-75.43242443324279,6.406524036718545],[-75.43164045106225,6.406324581498652],[-75.43149481745442,6.405847381622283],[-75.4321323236772,6.405387849193948]]]]}},{"type":"Feature","properties":{"MUNICIPIO":"ITAGUI"},"geometry":{"type":"MultiPolygon","coordinates":[[[[-75.61021167406194,6.196663658867574],[-75.61021106143787,6.196435998574729],[-75.61047598610146,6.196437449449798],[-75.61050307831151,6.1963550570224974],[-75.610313777772,6.196284570033938],[-75.61038190951282,6.196199764158897],[-75.61076829232869,6.196203571254566],[-75.61057121315262,6.196646552456662],[-75.61021167406194,6.196663658867574]],[[-75.61035988439792,6.196613244282182],[-75.61031180406223,6.196541067330357],[-75.61031201330754,6.196613382406878],[-75.61035988439792,6.196613244282182]],[[-75.61022577877497,6.196612145428004],[-75.61024770694698,6.19652671726367],[-75.6102121041459,6.1965328675585685],[-75.61022577877497,6.196612145428004]],[[-75.61030763654288,6.19650995459078],[-75.61034753538492,6.196448989602448],[-75.61031147240485,6.196446795845654],[-75.61030763654288,6.19650995459078]]],[[[-75.59869423455199,6.199993739273542],[-75.598346874693,6.1998805255855585],[-75.59828967618523,6.199475325890301],[-75.59809936616145,6.199155241018053],[-75.59749038993851,6.199151273755528],[-75.59678344401064,6.1989499050121255],[-75.59646704380876,6.198470081422033],[-75.59553907350815,6.197745676930173],[-75.59518992345842,6.197105085031539],[-75.59466307102055,6.1975544234112645],[-75.59444776784,6.197562454261806],[-75.59385288224796,6.197315887454617],[-75.59367381264016,6.196953467220955],[-75.59328657920992,6.196551822203606],[-75.59225961254141,6.196428767067708],[-75.59223744657592,6.195570496757419],[-75.59186018700939,6.193380357818113],[-75.59179852682499,6.193201726878613],[-75.59156537665423,6.193116180623876],[-75.59129598589625,6.193080212841132],[-75.5912170032171,6.193281981211456],[-75.59078176214561,6.193481420991767],[-75.59056687348578,6.193767601745499],[-75.58861274471111,6.194779970854562],[-75.58779773233718,6.196630731383782],[-75.58747128295931,6.196929508128619],[-75.5840677249643,6.1959860100219295],[-75.58304456759569,6.195839783379458],[-75.58127319272555,6.196770610107683],[-75.58081003166016,6.197171527326336],[-75.58216058166522,6.19353121763184],[-75.58306380002556,6.189682271752118],[-75.58362903364078,6.188410232968103],[-75.58433150960637,6.187644571436583],[-75.58750456846929,6.185274567443247],[-75.5885513760973,6.184184771797771],[-75.59017546319646,6.181939369167543],[-75.59205404380089,6.1788657334894275],[-75.59329912033891,6.177298594377846],[-75.59509263305233,6.175769232119717],[-75.59980545699902,6.17248630510702],[-75.60177840501444,6.170690348695046],[-75.60231225270684,6.169868072907858],[-75.60254025654096,6.169240585527722],[-75.60357479839388,6.164699632676444],[-75.60411347970859,6.163994592786535],[-75.60513987882564,6.1632010777700055],[-75.60552076344223,6.1629353160225335],[-75.60936543934208,6.161796886387779],[-75.61810144016593,6.1568743270237745],[-75.62116743291217,6.156044726467195],[-75.62447656006512,6.154003302868362],[-75.62509488979478,6.154834292868891],[-75.6252565783844,6.155372704584298],[-75.62534806087348,6.155348096265663],[-75.62529322635979,6.156253081770127],[-75.62559040875884,6.156731270694198],[-75.62524528716376,6.158346616820148],[-75.62534471382936,6.158381604245153],[-75.6252198657248,6.159044941672449],[-75.625310216793,6.159176317939709],[-75.62499850963336,6.1602432289166185],[-75.62499448627239,6.160784158333528],[-75.62612682514,6.160745395841473],[-75.62616805124247,6.160860189316173],[-75.6276912252419,6.1602184417784915],[-75.62950928023007,6.160880432825379],[-75.63034324005018,6.1608708306305],[-75.63108715864915,6.161124573103072],[-75.63211839950537,6.160750858105471],[-75.63576773012812,6.162205448189278],[-75.63554436210303,6.162938803189435],[-75.63570256586796,6.163105758511045],[-75.63611143158023,6.163185879438764],[-75.63628697738827,6.1635632496425075],[-75.63631517646027,6.164218484331801],[-75.6366663271961,6.1641744073524745],[-75.63704551753865,6.163912605534867],[-75.6389257680314,6.163773168435192],[-75.63920805201367,6.163877574167676],[-75.63959420346322,6.1643619502681375],[-75.64025412622763,6.164185125382987],[-75.6408911617451,6.164455310015917],[-75.64116551499139,6.164299046616909],[-75.64237835753748,6.164331362893276],[-75.64335280627381,6.164558697543],[-75.64349119284115,6.164893123701199],[-75.64398744393382,6.165029185260215],[-75.64408778912556,6.165632784648175],[-75.64543513767423,6.165498503645754],[-75.64593234366097,6.168280594002266],[-75.6462423416821,6.168689624646622],[-75.64603636311011,6.169263716473828],[-75.64612959489318,6.169815162857866],[-75.6462950255987,6.169927012661223],[-75.64696007661924,6.169983417553526],[-75.64748355521213,6.17091110405043],[-75.64771400070354,6.171648495467452],[-75.6473918620344,6.171551071681998],[-75.64715440561491,6.171603792248552],[-75.64693044623172,6.171476465903733],[-75.64683679254303,6.1716129859981415],[-75.64652650898063,6.171589128500397],[-75.64636993720791,6.171371599768569],[-75.64610805280662,6.171534212548421],[-75.64589221675077,6.171363925065023],[-75.64564950009694,6.171591713144241],[-75.645325229552,6.171581107169061],[-75.64541222218806,6.17170470989569],[-75.6453356867791,6.171770167710056],[-75.64488459986397,6.171560936924679],[-75.64457848195688,6.171551103611433],[-75.64379281126166,6.171752414997219],[-75.64375331839443,6.171508942276883],[-75.64350235119768,6.171456008972941],[-75.64337498828418,6.171632262564993],[-75.64357506762457,6.171775349295845],[-75.64358296145879,6.171934690755628],[-75.64330570311107,6.172200562690322],[-75.64317955309761,6.172228183157224],[-75.64302801974986,6.172040363656254],[-75.64281419810897,6.171993926460192],[-75.64250878944014,6.1722260264533135],[-75.6421344518866,6.172304744416643],[-75.64201510472951,6.172682450220417],[-75.64144238716591,6.17263541610562],[-75.64099758874525,6.172881962691987],[-75.64069870511263,6.172807700124859],[-75.64027595131415,6.172975737316882],[-75.64004384008406,6.172882286433581],[-75.63970759988864,6.172944679500264],[-75.63957437258668,6.173147884384789],[-75.6390761650967,6.173407645342761],[-75.6381646568923,6.1735442519974795],[-75.63794385283515,6.173872079810809],[-75.63764716889908,6.173748583009161],[-75.6372042387374,6.173952694113794],[-75.6365886351643,6.173946845476923],[-75.6363485490893,6.174219241243551],[-75.63598317645635,6.1741418648016335],[-75.63522042214385,6.1752629471475196],[-75.63499685498283,6.175417117356123],[-75.63465508012115,6.175356355455809],[-75.63450631331652,6.175614363633127],[-75.63526903300937,6.1765912406421055],[-75.63512291712739,6.17743201002387],[-75.63524716629635,6.1777800453500245],[-75.63595457328907,6.177890701154977],[-75.6362843004305,6.1780669444312295],[-75.63655546648063,6.179453472246889],[-75.6371719966227,6.180571230179283],[-75.63655381875127,6.180888076871724],[-75.6358369818446,6.180312534568991],[-75.63574899531264,6.180010981429493],[-75.63520245211859,6.179755669656673],[-75.63487666122421,6.179330665094277],[-75.63387153038992,6.178795502955564],[-75.63412293431003,6.1783493190687695],[-75.6342549049582,6.178429904617711],[-75.63432632152539,6.178317037421063],[-75.63420340134981,6.178209827121197],[-75.63465970645312,6.17773241909396],[-75.63495136899444,6.177613903918398],[-75.63490807093567,6.1766292203690885],[-75.63445767094704,6.175892664381161],[-75.63425530543294,6.175743773951068],[-75.63300261214235,6.17551918150415],[-75.63241071085282,6.175590949690664],[-75.63169558079001,6.175412278852654],[-75.63114243129952,6.175851164916608],[-75.63014523214866,6.175888030916534],[-75.62964436788523,6.175399313473504],[-75.62901789725296,6.175147581278873],[-75.62895112884112,6.175305678298545],[-75.62869081689298,6.175195226045528],[-75.62804038637148,6.176443904642503],[-75.62796416618373,6.176530227807367],[-75.62763153105104,6.176535023266284],[-75.62786738990027,6.176779243682625],[-75.62778821538424,6.17716405618534],[-75.627497375668,6.177456172767931],[-75.62745270636921,6.177703246026936],[-75.62721375308628,6.1776918913837156],[-75.62742993434196,6.178178952674053],[-75.6276035979248,6.1782651762292184],[-75.62758401754785,6.178440326526148],[-75.62781109849927,6.178570394621953],[-75.62741392558594,6.178672046994416],[-75.62749222239286,6.178825968182446],[-75.62769086037224,6.178882566209695],[-75.62765630980417,6.179163395600301],[-75.62738822187931,6.179224665968823],[-75.62739092523981,6.179371395725143],[-75.62715933294919,6.179502752214349],[-75.62721661247143,6.179624111175516],[-75.62700643896545,6.17967810954608],[-75.62700408824851,6.179866763567109],[-75.6265477206708,6.179923440617963],[-75.62670827436935,6.180423758300848],[-75.62647815842854,6.180681064679166],[-75.62685854997294,6.180660048204605],[-75.62680081270119,6.180583791075525],[-75.62708773444024,6.180290393367365],[-75.62733267526484,6.180428751844374],[-75.62690987674372,6.180731801378605],[-75.62679098101874,6.181002191143117],[-75.62646395872856,6.181054574878822],[-75.6265596764083,6.180858516129647],[-75.62594093070432,6.1804092491859475],[-75.6259380444579,6.179901486319083],[-75.6267699799979,6.179613551871744],[-75.6269283422773,6.178972393109577],[-75.62666173496746,6.178333929440205],[-75.62644784641293,6.1783311594537],[-75.62670232309767,6.177790335939287],[-75.62659502919935,6.177419181737853],[-75.626670055448,6.177271666447574],[-75.62633862052283,6.177267224977851],[-75.62634296138093,6.177445153806322],[-75.62611255570202,6.177611019604444],[-75.6260304003857,6.17737536525544],[-75.62635541285042,6.177075760229819],[-75.62629300925761,6.176893356559948],[-75.62650167445435,6.176854400757343],[-75.62677613133225,6.176228761791449],[-75.62688833320763,6.176307040032853],[-75.62667774417187,6.17705477230243],[-75.6277162525773,6.177166936884463],[-75.6277927790874,6.176775076808089],[-75.6275441253358,6.176527664982131],[-75.62798593247311,6.176427720931422],[-75.6283568543904,6.175690540622561],[-75.62818467109696,6.175616881441051],[-75.62825001665229,6.17546071526258],[-75.62699326256501,6.174925732459605],[-75.62721713706902,6.174493370762435],[-75.62535428812807,6.1735960411766415],[-75.62478236549492,6.173705031105245],[-75.62314722777697,6.17344737123905],[-75.62304032084921,6.172983282333787],[-75.62164535059664,6.1733398682810545],[-75.62142439955481,6.173128547974753],[-75.62111179919724,6.173117704434533],[-75.62112804317232,6.173899924167743],[-75.62145611007347,6.174421792704176],[-75.62131563142202,6.17488945224831],[-75.6214193606792,6.175294163772104],[-75.62174369815192,6.175775396388362],[-75.62127728919432,6.176584582903593],[-75.62059877782369,6.17631694434171],[-75.62031032720171,6.176257770490818],[-75.62027294099119,6.1763421161780485],[-75.61983237131182,6.175992021693234],[-75.61999205477014,6.17581706455557],[-75.61974586911028,6.175614139272554],[-75.61973903226638,6.175423930170944],[-75.6198587988624,6.175433349003082],[-75.61996654119493,6.175260168439127],[-75.61993306019296,6.174433339893228],[-75.61930418304243,6.1742333548804655],[-75.61916386096841,6.174526043245856],[-75.61863986728015,6.174663397704898],[-75.61841843493131,6.17489249068927],[-75.61806694759322,6.174949077532405],[-75.61776411851572,6.174764723315896],[-75.61729582583793,6.17496365831636],[-75.6170439922938,6.175347198385304],[-75.61711349975316,6.1760029490173665],[-75.61675135434588,6.1765551358184805],[-75.61672210034425,6.176893062947706],[-75.61674664231805,6.177149806490683],[-75.61695826750285,6.177193416399225],[-75.61694791834793,6.177331505574643],[-75.61718580903393,6.177455338013818],[-75.61747829634713,6.1781926911786975],[-75.61732874267433,6.178828786367614],[-75.61719280555239,6.178947988843937],[-75.61663784590601,6.179017309778181],[-75.61598634217084,6.178686275558751],[-75.61543702387954,6.178601423179894],[-75.61434944314122,6.180077294448908],[-75.61508745243991,6.180843121637427],[-75.61482513697241,6.180723763755915],[-75.61465227509426,6.1808580448470085],[-75.61478039017038,6.181082406408327],[-75.6145348509203,6.18127189279466],[-75.61443818688606,6.181607562943261],[-75.61426094987152,6.181752150202583],[-75.61373304754666,6.181661044263946],[-75.61352754050357,6.182300931784697],[-75.61359432425463,6.182807076152004],[-75.61339655451391,6.183228563943887],[-75.61332124118397,6.183311958182825],[-75.61315419718244,6.183232305808735],[-75.61309088692786,6.183387895478981],[-75.61320894447493,6.183637196655801],[-75.61362027312713,6.183626911341042],[-75.6139361459887,6.183959443049249],[-75.6136118473553,6.184122698107036],[-75.61352495857301,6.184324109633408],[-75.61410244615976,6.184798625579422],[-75.61417319893498,6.185033458132183],[-75.61496192681868,6.185142310070996],[-75.61481017339838,6.185899624840411],[-75.61569766613553,6.186542303960373],[-75.61632382762294,6.186568063314937],[-75.61761306601748,6.186972682431206],[-75.61776542305101,6.187188063671021],[-75.6177091473398,6.187399701234819],[-75.61843212913449,6.187957943609729],[-75.61847818886763,6.188305146165348],[-75.61873106389582,6.188510936921971],[-75.61871732493782,6.189583119665749],[-75.61859198093141,6.189732754249618],[-75.61893899844596,6.1898284981394465],[-75.61895579460256,6.190136136824829],[-75.61880886672229,6.190261511843304],[-75.61895195544827,6.190398254056773],[-75.61870435801308,6.190633800074752],[-75.61891831645401,6.190878762615506],[-75.61847339021625,6.190639330211041],[-75.61827147934218,6.190896012663125],[-75.61840284393128,6.191090173594731],[-75.61819790303174,6.191323926042483],[-75.61878030474195,6.191872892090901],[-75.61911737155204,6.191680758114938],[-75.6192417903396,6.1918942364811675],[-75.61933755585088,6.191871336604912],[-75.61945200071666,6.192166294431484],[-75.61857100744562,6.192336162426425],[-75.61862894548568,6.192165015631838],[-75.6182609345631,6.192285607677704],[-75.61813200420227,6.192133451846303],[-75.61789303913423,6.192281395417261],[-75.61760129794698,6.192283298205919],[-75.61756610346461,6.191917534901726],[-75.61798702493418,6.191778894872183],[-75.61777141750916,6.191327102174585],[-75.61761020545731,6.191190864919397],[-75.61695463182276,6.191334095785993],[-75.61667909869567,6.190819266594234],[-75.61638312275134,6.190637998642213],[-75.61615503109016,6.189872945865329],[-75.61585037633095,6.189774773442921],[-75.61572854624559,6.1895982947820105],[-75.61574711408457,6.188828780696192],[-75.61533189601842,6.1886020572567855],[-75.61538793544011,6.187795966221478],[-75.61492156276505,6.187026457015176],[-75.61485316234673,6.1870862604053425],[-75.6146744218702,6.186908810203542],[-75.61472502430676,6.186600024659902],[-75.6140620100297,6.186976781366163],[-75.61390386937447,6.186733146016663],[-75.61450611048687,6.186411496719165],[-75.61451516967448,6.186213179632035],[-75.6132799425234,6.185771640091848],[-75.61283909230788,6.1862745421736305],[-75.61276906067363,6.1859924910410475],[-75.6126343634724,6.186276714161394],[-75.61236789029896,6.186337902474992],[-75.6121667329383,6.186720840949381],[-75.61186468725519,6.186494711967749],[-75.61284809092844,6.187920507859839],[-75.61231088885984,6.188274416885103],[-75.61181991045272,6.187927544786402],[-75.6114093495927,6.187851820020542],[-75.61086106247981,6.1875102027298094],[-75.61065514327278,6.188055787768997],[-75.61084917038129,6.1882910815845324],[-75.61146042578086,6.188342273732345],[-75.61158373113837,6.188694293394584],[-75.61384304268793,6.190629140244391],[-75.61398238574131,6.191013811889863],[-75.61317531909138,6.191653554631305],[-75.61288225961378,6.190908120479779],[-75.61294823457418,6.1907980441326815],[-75.61275849023946,6.190557828952114],[-75.61229751411993,6.190571026380208],[-75.61190732185986,6.190812173540054],[-75.61123735825508,6.19094050002787],[-75.61129294222425,6.191264354997257],[-75.61100385127921,6.191846898576154],[-75.61125084065544,6.1918284205186955],[-75.61150854495686,6.1915466642402],[-75.61161149148779,6.191560401827322],[-75.61177059632676,6.1918179229501025],[-75.6117705711165,6.192391400344698],[-75.61196764345385,6.192704958890441],[-75.61188022776267,6.192977205087761],[-75.61122422364504,6.193254694130009],[-75.610849867397,6.193713188222923],[-75.61090804042558,6.1938779504307515],[-75.61051086707103,6.193937200097406],[-75.60901485112174,6.193056979852662],[-75.60887502636714,6.193226401601414],[-75.60887304234024,6.1935945341557455],[-75.60859077708025,6.193669234369022],[-75.60842836917617,6.193588536281144],[-75.6087632118803,6.194185327114076],[-75.60867778888647,6.1944426529955],[-75.60880844433075,6.19492682066376],[-75.60877231474305,6.195089591911547],[-75.60851009291416,6.195201159219081],[-75.60848320726137,6.195342220880539],[-75.60881952432305,6.195298467223148],[-75.60881319580459,6.195177940335499],[-75.60900024951901,6.195110043946293],[-75.6093464274529,6.195270728365342],[-75.60948763121276,6.1948912870686135],[-75.60940641950393,6.1948841523100615],[-75.60944194954158,6.194674785832397],[-75.60976928276116,6.194917007273494],[-75.60965904980465,6.195059677926831],[-75.60983078603428,6.1951875433225725],[-75.60953169220934,6.195827896633169],[-75.6091475258448,6.196091844536988],[-75.60946049384063,6.1962956206855715],[-75.60936251466715,6.1966604701676715],[-75.6088344483319,6.1968071080730445],[-75.60845748075376,6.197143862846314],[-75.60827847187055,6.197152979907399],[-75.60826954249445,6.196363040321464],[-75.60739619872395,6.195481792397141],[-75.60682840358967,6.195360258443415],[-75.60636490111526,6.195431514159556],[-75.60565849500769,6.1952214450781895],[-75.6053729577319,6.195021294633706],[-75.60523389789242,6.195053505566612],[-75.60489124586452,6.194322631842694],[-75.60454248760097,6.193961292933371],[-75.60414218602722,6.194375014453916],[-75.60436960028666,6.194923253833872],[-75.60425534293275,6.1950814358527095],[-75.60436391548936,6.19543987830257],[-75.60424583598667,6.195515556658352],[-75.60347039261197,6.194856485716793],[-75.60267578145758,6.195416367472373],[-75.60212778098061,6.194721020536326],[-75.60143756999138,6.1948729491544645],[-75.60120976527027,6.195108086532466],[-75.60117694958339,6.195544908329651],[-75.60067391756374,6.195753223446434],[-75.60082494288082,6.195784893435837],[-75.6007593796869,6.196062689900192],[-75.60018563959925,6.196472060145267],[-75.60063307180853,6.196792164563358],[-75.60137971008157,6.196220851663922],[-75.6017796918294,6.196339803398891],[-75.60212595825519,6.196638737662311],[-75.60204737079545,6.196794645248237],[-75.60167482027855,6.196400118803982],[-75.6014772262124,6.196317367188589],[-75.6013939421348,6.196393124804556],[-75.6015072096503,6.196606376150753],[-75.60162397859392,6.196511774248401],[-75.60179565914639,6.196575062673757],[-75.60186923829771,6.19693113752856],[-75.60222035767039,6.196972913020458],[-75.6026450578702,6.197388848664294],[-75.60274575138423,6.197866099812416],[-75.60223974685958,6.197712405866653],[-75.60219220794818,6.197550979827586],[-75.60194594485556,6.197530597994288],[-75.60134111082395,6.198336338619288],[-75.60126846827966,6.198638609643203],[-75.60151506874831,6.199126435062402],[-75.6012468878857,6.199343356415691],[-75.60072603261011,6.199085096256758],[-75.59982675939386,6.1993511038349665],[-75.5998108004373,6.199074538021042],[-75.59998264121191,6.198808214152753],[-75.59955266489143,6.198730122802315],[-75.59962774134331,6.199912052559492],[-75.59901310256525,6.1999329717668115],[-75.59862486692545,6.199761108211429],[-75.59869423455199,6.199993739273542]],[[-75.60140383801004,6.196753969481481],[-75.60140031328426,6.196742214877806],[-75.60139834011152,6.1967508340271715],[-75.60140383801004,6.196753969481481]],[[-75.60980260563866,6.1933169830950074],[-75.61009809634402,6.193377217636541],[-75.61044127764123,6.19326500381309],[-75.61057931006208,6.193516032082095],[-75.61052822369233,6.193747448292221],[-75.61063592114458,6.193614833394076],[-75.6107909998135,6.193167107834644],[-75.61063349499437,6.193154321361181],[-75.6100280762353,6.19267289902935],[-75.60998161213848,6.192478176990299],[-75.61002678018588,6.192351576418743],[-75.61027098336696,6.192265116824346],[-75.61046785861407,6.1923104088499406],[-75.61032492607634,6.1919988900474845],[-75.61037136266545,6.191834114556594],[-75.61002086047888,6.192030727684739],[-75.61007322270052,6.192259142319094],[-75.60989251961458,6.192358625226541],[-75.60972082357495,6.192087359208955],[-75.60944071494811,6.191996953040794],[-75.60942263387594,6.191861314699897],[-75.609252434188,6.191907136451978],[-75.60949696782231,6.192151101450568],[-75.60967157622407,6.192622427333665],[-75.60933637304059,6.192983202037021],[-75.60980260563866,6.1933169830950074]],[[-75.61071890341925,6.1923069925823135],[-75.61050590463799,6.192331449926032],[-75.61066831639344,6.192514294890391],[-75.61095599694656,6.192461851556122],[-75.61071890341925,6.1923069925823135]]],[[[-75.59912849207177,6.200194405742334],[-75.59906041695508,6.200151902101619],[-75.59938518025234,6.200141084330252],[-75.59912849207177,6.200194405742334]]]]}},{"type":"Feature","properties":{"MUNICIPIO":"LA ESTRELLA"},"geometry":{"type":"Polygon","coordinates":[[[-75.63803138399444,6.1484719201035505],[-75.63785979579642,6.1486311745370825],[-75.63786473461131,6.148996056570931],[-75.63802521567385,6.149198796252246],[-75.63829116314551,6.1490595531089705],[-75.63846969691878,6.149281527366852],[-75.63868675757033,6.149059969964132],[-75.63890295409092,6.149328704077299],[-75.63948061151399,6.149274254500689],[-75.6397480143392,6.1494705316234395],[-75.63998097146892,6.1492469272032375],[-75.64051329688513,6.149087169805402],[-75.64066715476916,6.1486760851678595],[-75.64122870678402,6.148814198145029],[-75.64146779461278,6.148585015019843],[-75.64177238662896,6.148726689956009],[-75.64200963337684,6.149200983356341],[-75.64298418014354,6.149546984700206],[-75.64300057346597,6.149794900455292],[-75.64378434898508,6.150425993219037],[-75.64422632189041,6.150390887524427],[-75.64433264982453,6.150847814902268],[-75.64446458796166,6.15096219342193],[-75.64468911106599,6.150819031083255],[-75.6447392772383,6.150996415796943],[-75.64497317329094,6.1509613663840845],[-75.64507401871363,6.151236825219928],[-75.64547458595631,6.151378564767856],[-75.64571496821148,6.151650584434695],[-75.64644992617818,6.1518552131445645],[-75.64664158960731,6.152031347092529],[-75.64692532138594,6.151873190624687],[-75.64699955703814,6.152126004172539],[-75.64747175485527,6.151828388736687],[-75.6479153465697,6.1521341312335],[-75.64819042651528,6.151760248456981],[-75.64839865392572,6.151672443104485],[-75.64912276777365,6.152073790394252],[-75.64930571105047,6.152038495551845],[-75.6495914231105,6.151750531879945],[-75.6504304446912,6.151989447795688],[-75.6511197270756,6.151859180423744],[-75.65129648034521,6.151590432072679],[-75.65214852354873,6.151415215757611],[-75.65233107562491,6.1527762004157305],[-75.65223080767325,6.153048723002716],[-75.65230090216959,6.153294694521416],[-75.65198262020488,6.153283490453617],[-75.65164880710971,6.153014141737646],[-75.65101861163176,6.153540112873141],[-75.65060071526935,6.153697430755403],[-75.6507152395685,6.154176886399666],[-75.65060899323173,6.154197558823919],[-75.65059711642978,6.154633283980471],[-75.65013816054709,6.15477914199816],[-75.65013700187438,6.155120920775798],[-75.6496080531727,6.155343803077445],[-75.6492446419611,6.15618594337645],[-75.64944352121731,6.156250891606146],[-75.64965101118106,6.156522193223483],[-75.64942194681254,6.1565126787576405],[-75.64908550287046,6.156689828918598],[-75.64821074264312,6.158858970331141],[-75.64818675976176,6.159033824690412],[-75.64848990940119,6.159121227498626],[-75.64835084417246,6.16063560279274],[-75.64803520407457,6.160723248893691],[-75.6478272714736,6.1606071762620545],[-75.64771067235154,6.161377451220618],[-75.6481604543429,6.161526348384294],[-75.64819223239313,6.163589587316076],[-75.64852957858007,6.163631320598777],[-75.64847915541544,6.164221861066388],[-75.64817288051294,6.164430373068745],[-75.64785760210033,6.165401328867633],[-75.64768958384737,6.1655968261760785],[-75.64646579399667,6.1654090748647485],[-75.64426573693484,6.165616943893285],[-75.64409965111365,6.165028744926734],[-75.64358946342733,6.164877031365631],[-75.64336823692763,6.164529863410958],[-75.64254857242562,6.164291303064125],[-75.64132634263584,6.164281500963823],[-75.64094730887975,6.164440692645178],[-75.64037417002015,6.16416561062285],[-75.63967069317363,6.164344334767239],[-75.63931322661074,6.163846306604951],[-75.63905918316125,6.163760034505694],[-75.6372328058118,6.163896184960067],[-75.63646943578185,6.164205433161916],[-75.63639914184198,6.163509281767286],[-75.63620671556349,6.163184795091836],[-75.63566520590958,6.162986839606836],[-75.63588879618835,6.162198104306927],[-75.63212793084953,6.160739842204872],[-75.63120504533036,6.161124176509106],[-75.63049079552829,6.160904432011272],[-75.62958383820528,6.160888475415283],[-75.62786926683575,6.1602271353719615],[-75.62609323789418,6.160907326423938],[-75.6251012723847,6.160998613074876],[-75.62459646513258,6.160914551924842],[-75.62492834046131,6.159297902199151],[-75.62533113405847,6.158230755439616],[-75.62559038509193,6.156731233744455],[-75.62530275204126,6.156269195773119],[-75.62521639724504,6.154975754609357],[-75.62455147700312,6.1539032189078196],[-75.62631314654419,6.153333545425516],[-75.62699810203617,6.152865199568479],[-75.62796991931462,6.1528008021407175],[-75.62893588080524,6.152549066135427],[-75.63008332743391,6.15250808656247],[-75.63249530524156,6.151905091256865],[-75.63350810181701,6.151331368304108],[-75.63377154626136,6.151009380826642],[-75.6339530299007,6.150617140860045],[-75.63402328238244,6.149897060289164],[-75.63351675603528,6.1493207249460475],[-75.63254267716671,6.148730170176229],[-75.63235907626222,6.148344629940656],[-75.63091660383428,6.146836090251144],[-75.63063777967348,6.14607636332091],[-75.63206173233846,6.140180935453762],[-75.63211475954574,6.1394125996073665],[-75.63204200176533,6.139043296841235],[-75.63145253131667,6.137897368055357],[-75.631818737322,6.1365863802352445],[-75.6316569801368,6.136052429721291],[-75.63116701386328,6.135189261440787],[-75.63131855121159,6.134295530986858],[-75.63116142470176,6.13325919474438],[-75.63109038432148,6.131246154698063],[-75.63085683241357,6.130915525044101],[-75.6298711094425,6.130631217498994],[-75.6295399740449,6.130301149996102],[-75.62949033499567,6.129949428854534],[-75.62971756507557,6.129047273365024],[-75.62968999747574,6.128731080742464],[-75.62903554130328,6.127383631097998],[-75.6288530170546,6.12647182617398],[-75.62835012366983,6.126605544753928],[-75.62786505807296,6.1269037576366845],[-75.62738635880848,6.126979947708998],[-75.62699240544751,6.127216132905839],[-75.6267308238871,6.12717393094134],[-75.62615522785245,6.127524884362696],[-75.62593040487911,6.127490813790458],[-75.62655861671293,6.12690382614579],[-75.6270087754765,6.12704055039992],[-75.62716906768912,6.126921579470937],[-75.626939026054,6.126899102200372],[-75.62756706013039,6.126841387057145],[-75.62786887037043,6.126647181147321],[-75.6275259610884,6.126454815262068],[-75.62767357034453,6.126176094154758],[-75.62740240811227,6.126053987460323],[-75.62751840696458,6.125764334028617],[-75.62767649494941,6.125761493352789],[-75.62794121385583,6.1259955479598815],[-75.62801953225751,6.12609972774032],[-75.62793124982447,6.126259926748579],[-75.628168096137,6.126260110719012],[-75.62847780886597,6.12605904576707],[-75.62848824249761,6.1256597999110385],[-75.62789635703909,6.12539569043922],[-75.62797438919691,6.125297793066594],[-75.62784061777462,6.12532217389724],[-75.6274581693468,6.12484129535083],[-75.62782137280043,6.124700979841082],[-75.62711433917423,6.124165040776041],[-75.62759662134631,6.123913287028091],[-75.62768361931369,6.123595919273761],[-75.62826289787448,6.1235720195292425],[-75.6284035832691,6.123190457672752],[-75.62772917481686,6.122880428449884],[-75.62751247493806,6.122960860708479],[-75.62733013496614,6.122817897310369],[-75.62702543856659,6.1228691653496075],[-75.62674555173608,6.1222623163337],[-75.62715128885785,6.1218894480319905],[-75.62799720114054,6.122032676695182],[-75.62823273772311,6.121787063800949],[-75.62783417406936,6.120661663118366],[-75.62801661242301,6.120054783100459],[-75.62667377860073,6.120144193631619],[-75.62587417781674,6.119828982375415],[-75.62473101822611,6.119665449346353],[-75.62335301686934,6.118498330586527],[-75.62208398727661,6.118357247653777],[-75.62219217523197,6.118062280938808],[-75.62206158599251,6.118078192995104],[-75.62198001944446,6.11693103787351],[-75.62356317371763,6.117338449495478],[-75.62389309749236,6.117262663510768],[-75.62437449347237,6.117620793630974],[-75.62462061518193,6.117559870951605],[-75.62566088855297,6.118120020485668],[-75.62599710888936,6.118066191661075],[-75.62633003436918,6.1181560946034],[-75.6264959408233,6.117773911663008],[-75.62639955821935,6.116868518332378],[-75.62676080933755,6.11662867336805],[-75.62633931341011,6.116485916812115],[-75.62622663819214,6.116303834407576],[-75.62635946268996,6.116034843912143],[-75.62601243938667,6.115886446484275],[-75.62604928021943,6.115151857839484],[-75.62623250623565,6.114759927111889],[-75.626371330386,6.1147439859065695],[-75.62656226191257,6.1150649996064885],[-75.62702272897837,6.114916951983529],[-75.6275001538126,6.115023832222033],[-75.6266921951386,6.116537533207899],[-75.62711461274276,6.116727333725334],[-75.62725439314733,6.117444533070775],[-75.62760415674981,6.11757178705008],[-75.62819944779204,6.118053385711314],[-75.62824369407983,6.118419919222659],[-75.62875733795016,6.11846834696543],[-75.62881860865598,6.1179344872457975],[-75.62896151453043,6.117694753813361],[-75.62992157921887,6.116750603489525],[-75.63002848562247,6.11649841051806],[-75.62943741441457,6.114201836376166],[-75.62944081823849,6.113877763733379],[-75.6296048034587,6.113599233111159],[-75.62974170697913,6.113752282529464],[-75.6301625232553,6.113422446846572],[-75.63031163575324,6.113422009558856],[-75.6315241450983,6.114236589326485],[-75.63196365311086,6.114160551063089],[-75.63232574354525,6.114007336135927],[-75.63261716247226,6.11367873899761],[-75.63323720110583,6.1137588892483565],[-75.63376206722948,6.113053075131281],[-75.6347951726595,6.113287549038151],[-75.63506644049038,6.113030480022732],[-75.63507545529363,6.112801922052068],[-75.63546082527778,6.112628847143644],[-75.63584548341717,6.112281720013472],[-75.63616379978417,6.111745106190839],[-75.63704507901731,6.111491128548189],[-75.63745297588426,6.11121767803364],[-75.63782039676114,6.111236995604648],[-75.6379488167871,6.111486367559778],[-75.63868776332033,6.11171177097884],[-75.63908001559194,6.111529695060042],[-75.64098241314358,6.111934317418598],[-75.64129538676126,6.112073171495008],[-75.64181015559785,6.112640332847508],[-75.64178137595432,6.112768718474688],[-75.64112316984843,6.112835287063469],[-75.64031186198379,6.1127559794828725],[-75.64015205027731,6.113890169316423],[-75.6398818861399,6.113830480587241],[-75.63939655009607,6.1141355287326],[-75.63875181522563,6.114022253999878],[-75.6388700779855,6.11367887667134],[-75.63862209507424,6.113716168283193],[-75.63863645626589,6.113610139873502],[-75.63824976800116,6.113452147946433],[-75.63778913196091,6.114253472204338],[-75.63786069570351,6.114433359634081],[-75.63810224945036,6.114486739524492],[-75.63805733136977,6.11493506453641],[-75.63833230299987,6.114999143969535],[-75.63779104847337,6.11553428400669],[-75.63784651103222,6.115862226669119],[-75.63813111269899,6.11587685706655],[-75.63815772062316,6.116183931333201],[-75.63795764698634,6.116275013558766],[-75.63777074859672,6.1169094319272475],[-75.63748193903524,6.116810054260283],[-75.637342028253,6.117177921339824],[-75.63699145407736,6.117317906879929],[-75.6369600523334,6.117471903813394],[-75.63746446722212,6.117682584477123],[-75.63761959625573,6.118203418435812],[-75.6374487573041,6.118282251051374],[-75.63755987434406,6.11848678624687],[-75.63751402578782,6.118924639067008],[-75.63761628044972,6.118983112895976],[-75.63770453303455,6.118884257333602],[-75.63847529552976,6.118809978911201],[-75.63872209796185,6.118524522447003],[-75.63893891973586,6.118457453731124],[-75.63966520232314,6.118608361658643],[-75.64013093768138,6.118571828141464],[-75.63996028587277,6.118729485147133],[-75.63970155021192,6.118681054367135],[-75.63940298371901,6.1191431079466385],[-75.63925262760836,6.119101354600739],[-75.63931197469499,6.119770081896293],[-75.63946618945714,6.119978476072955],[-75.63915478846681,6.120069249864832],[-75.63884293061243,6.120637319608069],[-75.63880015468551,6.120118902259714],[-75.63864542217861,6.120137865316315],[-75.63807029224122,6.119742958157283],[-75.63819119670231,6.120076398966712],[-75.63804016101862,6.120614711246871],[-75.63712852312102,6.120512374580686],[-75.63683592209627,6.1209812821678256],[-75.63565054842307,6.120809828819803],[-75.63548643166541,6.121038387495974],[-75.63551109421127,6.121165533753581],[-75.63581068282754,6.121322006269568],[-75.6355695566406,6.121401847747231],[-75.63547091859304,6.1218424358166486],[-75.63533290850599,6.1219001530317705],[-75.63552755756017,6.1219376738553235],[-75.6356914101306,6.122221119592594],[-75.63578561324563,6.122731965536925],[-75.63562128273698,6.12287942243839],[-75.635238631227,6.122907802311835],[-75.63532159849467,6.123330303097946],[-75.63567106310653,6.123483036837163],[-75.63554769870801,6.123962046568509],[-75.63519465999553,6.124108758560333],[-75.63500892322381,6.124587930311453],[-75.6351975503346,6.125107155714675],[-75.63552327780523,6.125227299087699],[-75.63639077662947,6.125004541561253],[-75.63660399077187,6.12570551396505],[-75.63622646341146,6.126024413057391],[-75.6365173154509,6.125921785257008],[-75.6373950339224,6.126231401345257],[-75.63735400186269,6.126843848267334],[-75.6365209681614,6.126708410737203],[-75.63651217476531,6.126901630880364],[-75.6366991855201,6.126964205747367],[-75.63632974186436,6.127233875341592],[-75.63628152825997,6.127671573073216],[-75.63600400899162,6.1280205618610255],[-75.63653982563211,6.127997365014041],[-75.63669988366614,6.127828960745001],[-75.63658374879576,6.1288258449310105],[-75.63665250091151,6.129020447248033],[-75.6362735981724,6.1298527103293345],[-75.63631840569674,6.130524191783243],[-75.63609924643586,6.131325857135343],[-75.63628082748312,6.131647177676487],[-75.6360677528208,6.131857184511226],[-75.63616669032452,6.132617998755576],[-75.63656242138738,6.132440716680153],[-75.63735403755659,6.132386678084901],[-75.63752303179888,6.132694473704557],[-75.63743825716593,6.132768515945205],[-75.63798584289034,6.13279298682151],[-75.63804953741341,6.132589937910514],[-75.63862194263031,6.132654809778508],[-75.6385784978079,6.132767863264083],[-75.6388476067805,6.133147021900799],[-75.63916346176742,6.133364029827536],[-75.63916910176128,6.13358067370731],[-75.63946970677317,6.13370808330941],[-75.63959400509869,6.133996568756084],[-75.63992815271001,6.13405183883326],[-75.6401037222652,6.133787452979655],[-75.64096535641059,6.133466908808715],[-75.64182192041835,6.133839953773306],[-75.64190088629167,6.133344495381096],[-75.6428912795219,6.132941348464128],[-75.64294480854359,6.132701766929684],[-75.6430709508479,6.1326612814225445],[-75.6434728082963,6.133357435370288],[-75.64362176386844,6.132957469373822],[-75.64428267368527,6.132807529506492],[-75.64433111944814,6.1331664968051305],[-75.6446262498386,6.133072089159433],[-75.64470475687862,6.13348338562289],[-75.644447900894,6.1340861721093205],[-75.6439167713568,6.1335752517278435],[-75.64363951095964,6.133833501801753],[-75.64380682094038,6.134206946319515],[-75.64393231386403,6.1351402923780824],[-75.64353062382797,6.13509757157434],[-75.64336356331359,6.135208867022752],[-75.64299260980586,6.135611352579868],[-75.64291008615386,6.135874161228223],[-75.64260735120119,6.136058542254461],[-75.64249788728598,6.136460209385306],[-75.64216907830097,6.136805153350191],[-75.64259783466143,6.137533834574278],[-75.64382792215956,6.137809511346434],[-75.64356341045129,6.138039739981111],[-75.6439377168733,6.138859310933405],[-75.64356663691758,6.139005265538245],[-75.64358580754202,6.139173029732506],[-75.64310761272571,6.139298250462404],[-75.64305021232889,6.138786332507948],[-75.64253387740204,6.138988683274078],[-75.64217941154882,6.13923224775037],[-75.64199962954241,6.139529339253384],[-75.64123210371815,6.139946835805523],[-75.64045476865891,6.140095417032016],[-75.64019193352256,6.140418084394179],[-75.63999655287326,6.140368587870544],[-75.63967638025328,6.140651659881357],[-75.63960993756491,6.1405906077117764],[-75.63909837039272,6.140919298545687],[-75.6385692602102,6.140854949623989],[-75.6388192720636,6.139684579808961],[-75.63922738357604,6.138930713234387],[-75.63872095190959,6.138459239523727],[-75.63897482556992,6.137632970631719],[-75.63921433837335,6.137651285841004],[-75.63922485343998,6.137471245773506],[-75.63945822490709,6.137476517796686],[-75.63946841077387,6.136461213039982],[-75.63926345644285,6.135904041001656],[-75.6381215188137,6.134599243731969],[-75.63783533319746,6.13450136449022],[-75.63743818517978,6.1344887002683715],[-75.637324868796,6.134794285768798],[-75.63646552065214,6.134903030664033],[-75.6363661276063,6.135627561888287],[-75.63556206879892,6.135711436274368],[-75.63543602764076,6.136188710891448],[-75.63602766748815,6.135938852698333],[-75.63624607469126,6.135983763059036],[-75.63610285228688,6.136525033886457],[-75.637422978265,6.136798964363017],[-75.63846399768005,6.136810413415524],[-75.63851604338576,6.1371567191556995],[-75.63870286313434,6.137098390070685],[-75.638713875064,6.137406929062492],[-75.63826859165361,6.137822224224445],[-75.63805218773288,6.137365245471599],[-75.63685689260114,6.138355673681686],[-75.63641200486312,6.138520339943873],[-75.63608110551597,6.138488787556838],[-75.63495464067077,6.138944732330603],[-75.63447132934895,6.138987107989259],[-75.63435941474204,6.1392436297311],[-75.63414297854872,6.139385568170639],[-75.6349586031071,6.139685861600143],[-75.63484430700169,6.141134300690761],[-75.63359674264788,6.140768404062421],[-75.63360000000385,6.1413712478594835],[-75.63510976491075,6.142108571784809],[-75.63550338538117,6.141938316858356],[-75.63566401293491,6.141672712273938],[-75.63582076912184,6.141616559380812],[-75.63749098345718,6.141485644057996],[-75.63768882205574,6.142096860300444],[-75.63749714170473,6.142400546682794],[-75.63823977299195,6.1425934835072304],[-75.63837556866649,6.1424529357547435],[-75.63867296006526,6.142801545210198],[-75.63928219873753,6.142812059495002],[-75.63928504017878,6.143501644788531],[-75.63974575310779,6.143470096778999],[-75.6397897775654,6.144546436679063],[-75.64026888283536,6.144721055640722],[-75.64099080247614,6.144456536265684],[-75.64161581760382,6.144995056140473],[-75.63948459470598,6.147461576910816],[-75.6389225422206,6.147291875521155],[-75.63780635550297,6.147345339794901],[-75.63767638115247,6.147639413280992],[-75.63812713207788,6.14809636758805],[-75.63810895936335,6.148223859105254],[-75.63791435784083,6.148169090325963],[-75.63779705900676,6.148355256727476],[-75.63803138399444,6.1484719201035505]]]}},{"type":"Feature","properties":{"MUNICIPIO":"LA ESTRELLA"},"geometry":{"type":"Polygon","coordinates":[[[-75.63038408326102,6.141789684313946],[-75.63024334790018,6.1416862226771585],[-75.63022062361499,6.141463046355794],[-75.63037227575992,6.141165733460397],[-75.62991047428363,6.141040918720192],[-75.62932810964567,6.140273847287493],[-75.62916138026773,6.139749982043238],[-75.62909111770388,6.138885748532251],[-75.63012919565054,6.139089239144327],[-75.6302636738675,6.138575238343182],[-75.6310724597154,6.138509611081346],[-75.6312086822052,6.138145762068957],[-75.63145836412649,6.138067832515916],[-75.63138545116375,6.1381088056365245],[-75.63150753690238,6.138529752289727],[-75.63188709127795,6.139015526325992],[-75.63152881210507,6.140363610515735],[-75.63119135096343,6.14075297773299],[-75.63082673182035,6.140942715773097],[-75.63038408326102,6.141789684313946]]]}},{"type":"Feature","properties":{"MUNICIPIO":"LA ESTRELLA"},"geometry":{"type":"Polygon","coordinates":[[[-75.64151580664681,6.1297678878180335],[-75.64093455191735,6.129688637487924],[-75.64089513481767,6.1294117593821245],[-75.64070936372325,6.129213781702225],[-75.6405994264813,6.1294507068232384],[-75.64036456095364,6.129547462633937],[-75.63961984638657,6.129190646286429],[-75.63979850006743,6.128965375699179],[-75.63941225958551,6.128168718078335],[-75.64023971404468,6.128113088441816],[-75.6411657652231,6.128229272509941],[-75.64162584937388,6.127944404921576],[-75.64144568163891,6.127664940878979],[-75.64124694925924,6.1276661753658095],[-75.64088303525622,6.127347452599502],[-75.64101770622652,6.1271649042620195],[-75.64127064953988,6.1271070790072875],[-75.64134177442358,6.126936127209971],[-75.64121034753606,6.126796711345833],[-75.64128739353657,6.1266989380733925],[-75.64164677777052,6.126626696649995],[-75.64188043656473,6.126881052132466],[-75.64196037111542,6.126788278397729],[-75.64256493433173,6.126827350383745],[-75.6420920793864,6.127714420254914],[-75.64167044373465,6.1279619468318955],[-75.64180404561681,6.128551469643092],[-75.64231327283329,6.129181640740049],[-75.64151580664681,6.1297678878180335]]]}},{"type":"Feature","properties":{"MUNICIPIO":"LA ESTRELLA"},"geometry":{"type":"Polygon","coordinates":[[[-75.64198966346103,6.1213992766763345],[-75.64160655061818,6.12128351929102],[-75.6410433684734,6.121416814657951],[-75.64126192273251,6.1211240242592515],[-75.64094396052442,6.12058625207514],[-75.64095878884669,6.1198324273980464],[-75.64151323243539,6.11999460843099],[-75.64198803330376,6.120454523659059],[-75.6418689135749,6.120592144318322],[-75.64206988851956,6.120646380836158],[-75.64198966346103,6.1213992766763345]]]}},{"type":"Feature","properties":{"MUNICIPIO":"LA ESTRELLA"},"geometry":{"type":"Polygon","coordinates":[[[-75.65635775865462,6.166104482799134],[-75.65600610483821,6.165355935681951],[-75.6554327444218,6.165591042247505],[-75.65537117140737,6.1653356109282855],[-75.65583829320195,6.1652077797032465],[-75.65613671750874,6.164938802039768],[-75.65725674223792,6.1647632725993935],[-75.65798197146488,6.165071361708089],[-75.65798818883306,6.165578354745219],[-75.6576286941844,6.1653468027304],[-75.65752997190691,6.16572147210661],[-75.65704452389005,6.165642839456863],[-75.65635775865462,6.166104482799134]]]}},{"type":"Feature","properties":{"MUNICIPIO":"MEDELLIN"},"geometry":{"type":"MultiPolygon","coordinates":[[[[-75.64501767871806,6.189842802325004],[-75.64412849812295,6.188747661595202],[-75.64393329107969,6.187952055968923],[-75.64310703683716,6.18775543987502],[-75.64242248972822,6.187192107337563],[-75.6424084998482,6.187568286374213],[-75.64211353429289,6.187756913131908],[-75.64182822528122,6.1877363777552805],[-75.6415971701171,6.1878553371399745],[-75.64133537812214,6.187035006423973],[-75.64123679601254,6.186987935274212],[-75.64100310775311,6.187310030462267],[-75.64048343539743,6.187686908702161],[-75.64060473638777,6.187893677334403],[-75.64037669836151,6.187998933200113],[-75.64001603232862,6.187762058081073],[-75.63940048443403,6.187076258827136],[-75.63922101789932,6.187032288884182],[-75.63910152705665,6.186375457560406],[-75.63939956779579,6.1861908273976685],[-75.63929664146595,6.185221270031428],[-75.63892653187816,6.184377918571994],[-75.6392976080609,6.1834962072309825],[-75.63879630633822,6.183129743118685],[-75.63812648437126,6.1828421867368215],[-75.63802344757504,6.1826434388114215],[-75.63804552774445,6.181949725936869],[-75.63738777397465,6.181668171322734],[-75.63736812599308,6.181131402334827],[-75.63710553942083,6.180348362864171],[-75.63655553859158,6.1794534411515825],[-75.63628437073478,6.178066913344976],[-75.63595464269456,6.177890670977286],[-75.63524723841626,6.177780016063003],[-75.63512299013712,6.177431978020338],[-75.63526910420795,6.176591207743534],[-75.63451742420222,6.175653671730209],[-75.63480667810109,6.1753769173174895],[-75.6349883330672,6.175437727562497],[-75.63521269918137,6.1752942329037825],[-75.63558384771649,6.1746634057216205],[-75.63603463753228,6.174180725161671],[-75.63635545641085,6.174226311908796],[-75.63656981964604,6.1739793949044035],[-75.63717886256266,6.173966260373465],[-75.63765085588152,6.173805271886344],[-75.6379751819382,6.173876982577407],[-75.63813738249137,6.173571228360244],[-75.63923293548567,6.173348723979284],[-75.63978472844872,6.172953325490355],[-75.64038297645443,6.173021598962627],[-75.64050878946183,6.172851832510925],[-75.64109324933327,6.172888610768287],[-75.64141097001786,6.1726741394556575],[-75.64204199628726,6.1726599398219735],[-75.64216731592553,6.172297338032213],[-75.64263534154286,6.172202782409877],[-75.64288316774994,6.171988895534019],[-75.64326638682081,6.172222162096705],[-75.64356875657748,6.171913449458281],[-75.64339060478446,6.171623408553621],[-75.64349010927053,6.171481044834789],[-75.64369943425163,6.171478171534131],[-75.64389541370672,6.171754779155244],[-75.6446016699182,6.171587964535896],[-75.64537100551284,6.171763065370397],[-75.64544377043397,6.1715709115324415],[-75.64631004135892,6.171376615810797],[-75.64672794313203,6.171531117021198],[-75.6477140790589,6.17164844897161],[-75.64748363446172,6.170911055742135],[-75.6469601531635,6.169983370162854],[-75.64620646384911,6.1698975979602],[-75.64605679872707,6.169512278221947],[-75.64605844059419,6.169141621954134],[-75.64624241823081,6.168689578160105],[-75.64593241659216,6.168280546629744],[-75.64543520969747,6.165498455373914],[-75.64656817564851,6.1654486169247456],[-75.64755257590767,6.165689820409736],[-75.64771287078702,6.166309449865722],[-75.64821949981304,6.166832365095213],[-75.64839323303406,6.167351656547137],[-75.64934489838305,6.168089899173726],[-75.6494211544622,6.168480255455471],[-75.64923975215042,6.170685917168378],[-75.64971461208525,6.1717186799752275],[-75.64997807243834,6.171770026313853],[-75.6501323416195,6.171647572871035],[-75.65063909611285,6.171638174531818],[-75.65118230134613,6.171742750334851],[-75.65144735853434,6.17148667420352],[-75.65184253184533,6.171340914586827],[-75.65197028244458,6.170838986747224],[-75.65268854753789,6.17078829145788],[-75.65286664416467,6.171091633984542],[-75.65305599206647,6.171192742887915],[-75.65299963378838,6.1714075349906565],[-75.6531282627285,6.171583377493947],[-75.65357672490705,6.171395967991434],[-75.65370294725282,6.1715009794553275],[-75.653684869722,6.171763856944269],[-75.65385914494304,6.1719014577613445],[-75.65454680202892,6.172029527395131],[-75.65419150083667,6.172541266166617],[-75.65453180372889,6.1726634978188155],[-75.65268391733532,6.173377704306928],[-75.65257542426035,6.173796713977138],[-75.65326253956003,6.173875235136279],[-75.65361817707988,6.173637861684235],[-75.65407772514492,6.173586932929718],[-75.65520691400154,6.173959666384993],[-75.65642747980164,6.173821586291738],[-75.6564167024512,6.172916318897393],[-75.65650530372416,6.172885628481565],[-75.65702892362295,6.1730778297311755],[-75.65710256512394,6.1735935744560315],[-75.65793633799713,6.173975418574102],[-75.6579525970121,6.1741865063009],[-75.65818029777084,6.174504579871374],[-75.65788525805871,6.174623093792435],[-75.65777400320997,6.1750211585348405],[-75.65746312139945,6.175371297460536],[-75.65746617608077,6.175756530593735],[-75.65612806080387,6.176122435024842],[-75.65573515262166,6.176114605046978],[-75.6553501493027,6.176318081884549],[-75.6553090092997,6.176969850873371],[-75.65547999363366,6.178028694001459],[-75.65392328701307,6.17857743476588],[-75.65336777729696,6.1786533707021265],[-75.65362697834017,6.178723391425591],[-75.65390203539438,6.178973965993808],[-75.65451558758903,6.1791614532481525],[-75.65484108434161,6.179597097368164],[-75.6549046246718,6.180168202921839],[-75.65528637370849,6.180346709719367],[-75.65521842494897,6.18061201130348],[-75.65475594102419,6.180498270523628],[-75.65471102660203,6.180735950963925],[-75.6555636388079,6.180811928781691],[-75.65547757531135,6.18131941810064],[-75.65450469556535,6.181419991557978],[-75.65462423202958,6.181574387165687],[-75.65450634533441,6.181669952117479],[-75.65472750599922,6.1817560419261595],[-75.65499622508445,6.182200110627837],[-75.65564074693778,6.182260254429509],[-75.65624904897224,6.182515108091384],[-75.65664079936185,6.182258834044722],[-75.65661990627314,6.182094801634522],[-75.65733252899591,6.181435018370045],[-75.65763049913298,6.181207142305387],[-75.65787904407408,6.181295963983448],[-75.65801896233673,6.181081971525948],[-75.65848476412849,6.181298776212153],[-75.65939339527371,6.181459006374029],[-75.66002705891361,6.181802736378479],[-75.66021061766789,6.181529931407186],[-75.66042888075141,6.181453300532021],[-75.66096213357292,6.181368319990841],[-75.66138798128333,6.181488535449516],[-75.66136570608658,6.180656232244244],[-75.66168721020173,6.180362564723052],[-75.66181445996345,6.179941123974343],[-75.66214584775572,6.179673376054356],[-75.6622274752509,6.179461778137573],[-75.66247722606448,6.179493201261416],[-75.66265359514279,6.179385043049027],[-75.66313342629887,6.17993244911465],[-75.66277794740984,6.180224757702171],[-75.66298613541076,6.181015344783714],[-75.66293158765592,6.181324849705581],[-75.6631308070886,6.181514750015445],[-75.66301266878548,6.181942580873202],[-75.66352790623019,6.182173057739122],[-75.6628688749341,6.182230169376282],[-75.66204122789667,6.181924900451297],[-75.66190981181768,6.18217738134308],[-75.66179248969544,6.182190048841116],[-75.66174541838609,6.182426509020055],[-75.66159866777855,6.182406890143622],[-75.66161496026722,6.182856070685271],[-75.6609278929153,6.183313549647377],[-75.66077967863494,6.184405077766159],[-75.66045177793413,6.184637915159619],[-75.66041019624826,6.184823398783074],[-75.66083679388002,6.185226834713684],[-75.66114301425532,6.185392388907081],[-75.66132191590778,6.185360867358877],[-75.66117029020945,6.1855705066946],[-75.66105473809763,6.185568980371558],[-75.66093694080443,6.1858951882558095],[-75.6612480249692,6.185776806854361],[-75.66139528316994,6.185954495829985],[-75.66167106647976,6.185990151297368],[-75.6615432356819,6.186003963849064],[-75.66165670064646,6.186141626305482],[-75.66148899943045,6.186394143957253],[-75.66166990573777,6.186407369626783],[-75.66176094617248,6.186277772777273],[-75.66192619259853,6.186420711757245],[-75.66185941779393,6.186659664719078],[-75.66225577417921,6.187102543597214],[-75.66216912867985,6.187208918436004],[-75.66290160969278,6.187617976874505],[-75.66295282030076,6.188165131776883],[-75.66321069247205,6.1885120643952],[-75.66393303085309,6.188723233741915],[-75.66410210494857,6.189639587258415],[-75.66421547475518,6.189775243888792],[-75.66446884023559,6.189813011956109],[-75.663961023328,6.18990791086638],[-75.66347420011577,6.1893224710097146],[-75.66259241286704,6.189202520393875],[-75.6624907034765,6.189034052675664],[-75.66264565390233,6.188652014394085],[-75.6624238983707,6.18829506165724],[-75.66199385029117,6.188280127380294],[-75.66118367250132,6.187774813130452],[-75.66057037833505,6.18837713047452],[-75.66005869939602,6.18864579548108],[-75.65940220836225,6.188477081509584],[-75.65911845273645,6.187795190710916],[-75.65852835871412,6.187635146567237],[-75.65836441203594,6.186985826209185],[-75.65795306512042,6.187441233027231],[-75.65768869399413,6.188026813839715],[-75.65730729395972,6.188284841017384],[-75.65697081721142,6.188329114592277],[-75.65655390234852,6.1878884893092145],[-75.65627612299458,6.188212808810229],[-75.65620280961123,6.188825857995611],[-75.65596899384515,6.189239791210824],[-75.65501432368468,6.18868277215196],[-75.65401459857668,6.188778661716915],[-75.6537919517562,6.188234925013307],[-75.65266783579135,6.188662725299164],[-75.65209836667522,6.188168974412513],[-75.65198234076873,6.188336741887177],[-75.65095417863036,6.188047534653653],[-75.65135775158366,6.187328137731768],[-75.65064334004262,6.187665997469677],[-75.65006523715344,6.18817132134075],[-75.64939216490859,6.189171816195371],[-75.64923423035016,6.189657119624152],[-75.64804138607494,6.189236753433094],[-75.64741427306734,6.189130033813761],[-75.64702898522839,6.189275924927106],[-75.64637350046053,6.189766427037025],[-75.64533162290083,6.1900288624592035],[-75.64501767871806,6.189842802325004]]],[[[-75.62765318838042,6.225576442999782],[-75.62652294807879,6.225506107064135],[-75.62536543525941,6.223959274884844],[-75.6250855923041,6.224052650784857],[-75.62464218662946,6.223679475212122],[-75.62408262262188,6.223627773173648],[-75.62377584442363,6.223387745137948],[-75.62342555271779,6.223354326889375],[-75.62298426596494,6.223477939276646],[-75.62259604263606,6.222956300558565],[-75.6215583552955,6.222604303923504],[-75.62140778889557,6.222464403225135],[-75.62151054098925,6.222428468409347],[-75.62146882949824,6.222096205445043],[-75.62192296378127,6.2220424550125495],[-75.6214920166784,6.221610984834605],[-75.6218618689348,6.2215804895771525],[-75.62210929355236,6.221210379029166],[-75.62260617422788,6.220881735216891],[-75.62267493759848,6.220971668053987],[-75.62246044331549,6.22123999929591],[-75.62259196040355,6.221391188365386],[-75.62376237472968,6.222368906064016],[-75.62405682471531,6.222426279125201],[-75.62526637748552,6.221698060235021],[-75.62532795263485,6.221369478810123],[-75.62565029486515,6.220989144553336],[-75.62557747876848,6.221542712882449],[-75.6260203249564,6.221165449595541],[-75.62624487258098,6.221221070992743],[-75.62630162319027,6.221346476374218],[-75.62652101031765,6.222347566570257],[-75.62656996433083,6.223297874103464],[-75.62703962231652,6.223303424426061],[-75.62738778267116,6.222977839284043],[-75.62737538456904,6.222714499258974],[-75.62783309503557,6.222280948502019],[-75.62849177244087,6.2221269131502],[-75.62842681590114,6.222463403357478],[-75.62856186073908,6.222862624145784],[-75.62877599673375,6.222966069545747],[-75.62860365913167,6.223335704581027],[-75.62889985672238,6.223337953964248],[-75.62904742182008,6.222982417122515],[-75.62921263288172,6.223011945842614],[-75.6293163615538,6.222802970519937],[-75.62979587944535,6.222841188806208],[-75.62968569105367,6.223001722985537],[-75.63083989857427,6.2229219620189005],[-75.63096930312547,6.222855928938785],[-75.63084415509039,6.222578854183057],[-75.6312488459279,6.22243659188603],[-75.63128408682054,6.2221911459775345],[-75.63125969655228,6.22163689308521],[-75.631080978254,6.221389630534294],[-75.63085685557309,6.221351999902511],[-75.63088701197347,6.2208586131053405],[-75.63155846322542,6.220869483060649],[-75.631539484372,6.221367263647539],[-75.63217370729309,6.221337291498736],[-75.63242446390592,6.221189752711221],[-75.63297168134496,6.22121626718027],[-75.63328394447495,6.221094287964231],[-75.63383499985174,6.221214536607602],[-75.63444309981274,6.221006312942987],[-75.63402030501778,6.220459046712542],[-75.63392660872871,6.219905864920953],[-75.63414586061391,6.219586626349789],[-75.63436162416616,6.21885817582101],[-75.63448250067505,6.2191609772412475],[-75.63480924528288,6.2192461320417785],[-75.6350253423175,6.218388422196458],[-75.63535366837385,6.218142696247068],[-75.63553858247897,6.218265005930061],[-75.63565905309444,6.218785069157723],[-75.63576969278023,6.219980534141787],[-75.63567568290595,6.220243289636807],[-75.6360285927138,6.220670020185288],[-75.63606602259743,6.221038774237817],[-75.63598639794334,6.221441679937015],[-75.63543452152454,6.221575507371649],[-75.63521162808993,6.221867423596499],[-75.635518245152,6.222330553431135],[-75.63623121643286,6.2220227674990625],[-75.63659079174806,6.221283873953383],[-75.63693323640648,6.221079896292577],[-75.63696970768652,6.220936232288949],[-75.63728015737773,6.221169221538531],[-75.63731193748217,6.220936670013552],[-75.63754009043114,6.220925090399879],[-75.63756726894646,6.2212259399069625],[-75.63796704945553,6.221237379309447],[-75.63872326732579,6.220904312325067],[-75.63909931225298,6.220558186690457],[-75.63926972290828,6.220598654197983],[-75.63912102070093,6.220697599174613],[-75.6391459552587,6.220911059264727],[-75.6385043184327,6.221319256026077],[-75.63815675289617,6.221812970913406],[-75.63794739732676,6.221545554916155],[-75.63754341134832,6.221786183256914],[-75.63669517098305,6.221329254643402],[-75.63654715256222,6.221545397064028],[-75.63655873585859,6.222064574754748],[-75.63637495485803,6.22227616860499],[-75.63603824755229,6.222427427180604],[-75.6359658543188,6.222234586963036],[-75.6356685681537,6.222352743026235],[-75.63572710599895,6.222556073442033],[-75.6356014792676,6.222655368280488],[-75.63528391855812,6.22248841257492],[-75.63490770487056,6.222839822071697],[-75.63470170016139,6.222636328934905],[-75.63435085815478,6.222640017435756],[-75.63417825304352,6.2231393882814094],[-75.63375376660913,6.223147493302325],[-75.63401322206386,6.223899648280821],[-75.63436759063465,6.224351505553969],[-75.63440934375495,6.224907680756705],[-75.63379108079938,6.22523452181427],[-75.63304561959254,6.225023240167894],[-75.63295718756287,6.224934259412064],[-75.63304311032223,6.2247301541821685],[-75.63300729144034,6.22457435580114],[-75.63273139353583,6.224285465315845],[-75.63237131070062,6.2242954641139345],[-75.63221511257524,6.224101971486622],[-75.63197591749751,6.224154857107894],[-75.63171115057662,6.22393319947066],[-75.6314588308284,6.223975902003144],[-75.6314871550845,6.223843860077905],[-75.631145134283,6.223908052371173],[-75.63115166894663,6.223750995551928],[-75.63073699696824,6.223687905284888],[-75.63059892322887,6.22389531976537],[-75.63030054672885,6.223975659110267],[-75.6300605755003,6.223879400396029],[-75.62991277862048,6.22363522446636],[-75.63023799302007,6.224457372705092],[-75.62964259437322,6.224695802644709],[-75.62962734484857,6.224904705122238],[-75.62974787430556,6.225051255703924],[-75.6296032641276,6.2251035172171045],[-75.62935122570241,6.2242608795926],[-75.62908184067467,6.224212735878849],[-75.62916072749582,6.224118075723578],[-75.62900224019745,6.223952381733589],[-75.62856844854515,6.223948942013472],[-75.62837148734397,6.224315032981194],[-75.6283848761815,6.224682758554832],[-75.62799546225702,6.224149260357445],[-75.62784316232208,6.224099803270035],[-75.62734336215449,6.224362825969852],[-75.62726685028446,6.224133203536698],[-75.627076119586,6.2243370150490565],[-75.62712416901765,6.224767060130076],[-75.62756628042494,6.225151130945391],[-75.62765318838042,6.225576442999782]]],[[[-75.56612405471127,6.312845955692163],[-75.56438353586206,6.311897555676583],[-75.56384798493842,6.312054110436691],[-75.56289191157767,6.3120685000181345],[-75.56250195648495,6.311916592805318],[-75.56221313517946,6.312026364967522],[-75.56189550249057,6.311971989380012],[-75.56147865113448,6.312164005851047],[-75.56101759930547,6.31197163367027],[-75.56002697595851,6.312153950257561],[-75.55914576292611,6.312005075491845],[-75.55868216934353,6.312266276360922],[-75.5582925748314,6.312272878309072],[-75.55693837094162,6.311711954225599],[-75.5563084163266,6.311390729939377],[-75.55717088457908,6.310168223934088],[-75.55697805318151,6.310029136970836],[-75.55689360850008,6.309750921132789],[-75.55607794340617,6.309284525832803],[-75.55575721147133,6.308830929445901],[-75.55540450099433,6.308613456852601],[-75.5550086243366,6.308164379015577],[-75.55310680594087,6.307498401495329],[-75.55214170165563,6.307505469205842],[-75.55203081205606,6.307231679936522],[-75.5517549733894,6.30707672105937],[-75.55080139840106,6.307109958425562],[-75.55061131011398,6.306733153171223],[-75.55036565040206,6.306549625937978],[-75.55000370032454,6.306546449634271],[-75.5497869384836,6.30678429175293],[-75.54961120530386,6.306773978972994],[-75.5490723712519,6.306076052777373],[-75.54889203259482,6.306000647693263],[-75.54876399721637,6.306184251237473],[-75.54862874291602,6.306148537185004],[-75.54860156047151,6.305804642135796],[-75.54829724626244,6.306057850579019],[-75.5479628646161,6.305773339539082],[-75.54754417658572,6.305753616989416],[-75.54725930708975,6.3055063509923],[-75.54698093565486,6.305482653652169],[-75.54677194556493,6.305632173687028],[-75.54618881928597,6.305557202769694],[-75.54602816657031,6.305718022776938],[-75.54579398240413,6.305550857752111],[-75.54572234945576,6.3051632077473645],[-75.54535002334762,6.3049059946701576],[-75.54514927788587,6.304573394139092],[-75.54470321736899,6.304423034305065],[-75.5445031904039,6.304202983000971],[-75.54428887359028,6.304346530280809],[-75.54414485257776,6.30430702051585],[-75.5433196095335,6.3037282216846116],[-75.5428712752407,6.303972559430095],[-75.54248871571933,6.303932465314442],[-75.5421998004438,6.30364210338612],[-75.54187895812885,6.30300804606899],[-75.5405714621648,6.302630219938697],[-75.54025163811409,6.302268862400612],[-75.53987779107486,6.302127063326521],[-75.53930269686242,6.30132175878132],[-75.53921964046371,6.300957085956784],[-75.53857640127106,6.300696237444536],[-75.53841673391469,6.300857082306087],[-75.5382471037453,6.3007955442783885],[-75.53816080867949,6.300335859141196],[-75.53795760753654,6.300224669581089],[-75.53736550926102,6.299362027024509],[-75.53702093890074,6.298477206405376],[-75.53655758251841,6.298223886151765],[-75.53603650930546,6.298310217502582],[-75.53590768664056,6.298439343635154],[-75.5361022498489,6.297870732078314],[-75.53584281903366,6.297701129387513],[-75.53632747911237,6.296922591169982],[-75.53609748330872,6.296636334075056],[-75.53599918215157,6.296111216395012],[-75.5355790850487,6.29566674149517],[-75.53539469414186,6.2949978219489084],[-75.53564944420128,6.29504132073427],[-75.53594641515394,6.29489420791848],[-75.53648308712955,6.295144919747121],[-75.53678442170683,6.295145144869926],[-75.5369803870026,6.294743597075402],[-75.53734490052634,6.2946260489347745],[-75.53743681832677,6.29439350192409],[-75.53737799733705,6.2942943626286825],[-75.53707173004109,6.294298086385324],[-75.53646109837504,6.294051656374144],[-75.53612189034868,6.2934659319812685],[-75.5358277087967,6.2933009716780415],[-75.53609768744406,6.293283146515986],[-75.53645044322985,6.292777579414071],[-75.53618854492171,6.292231547630043],[-75.53611716329937,6.291725137868656],[-75.53632538301206,6.291566036864695],[-75.53624267112461,6.291076273541416],[-75.53672638751976,6.290988304520232],[-75.53682409840562,6.29086748610085],[-75.53616014572667,6.2899018702081815],[-75.5361402397533,6.2894949015151935],[-75.5362515942306,6.289217497797612],[-75.53693370504092,6.288832585593806],[-75.53680679878715,6.288577767337279],[-75.53637804783476,6.288741769523441],[-75.53613562559275,6.288583801708683],[-75.53613964382181,6.287586584741808],[-75.53599851023891,6.287433785628754],[-75.5361077725972,6.287378466027234],[-75.53600158679919,6.287054074601837],[-75.5360918107286,6.286887992253532],[-75.53603056042729,6.2860516796882795],[-75.53623848367391,6.2852427937061455],[-75.53616758528588,6.284976687305011],[-75.53645582389132,6.284819513573673],[-75.53658436058114,6.284506553948576],[-75.536751616812,6.284480546497552],[-75.53685646098755,6.284111843952994],[-75.53735367358478,6.28347355571254],[-75.53743897204102,6.2829904919809385],[-75.53729479849399,6.2823359565898365],[-75.53742741062969,6.282020033610061],[-75.53767355243129,6.281878160211037],[-75.53865905528089,6.281766031908353],[-75.53828605028342,6.281665460785506],[-75.53796881966349,6.2814057841986255],[-75.53825764196861,6.280920847929018],[-75.53808096286521,6.28041231028646],[-75.53770881301305,6.280125128023188],[-75.53904292447764,6.27919603346612],[-75.5388981962165,6.278954234931477],[-75.53863330732992,6.278962798373884],[-75.53843843485127,6.279026974779848],[-75.53815562491586,6.279429404775977],[-75.53752299792492,6.279399987043957],[-75.53689818802471,6.278899243484688],[-75.53669754546527,6.278596851904449],[-75.5366282459178,6.277911637497383],[-75.53637046587441,6.277353635752384],[-75.53643843657258,6.277155630916626],[-75.53628337154402,6.27691136126885],[-75.5360234581887,6.276971481292544],[-75.53597687114019,6.2767511665133435],[-75.53622186340918,6.276140693465448],[-75.53653936594665,6.275759868444858],[-75.53487602486646,6.275034397634655],[-75.53543143539903,6.2746583476981845],[-75.5366421036259,6.274182468161208],[-75.53653650487999,6.273769074699809],[-75.53671605823422,6.273339393769794],[-75.5366959602754,6.273115001535281],[-75.5369780695632,6.272550014256358],[-75.53649500201848,6.27224821381081],[-75.53612289562882,6.271493948619877],[-75.53583912791909,6.2712033667887646],[-75.53540217114133,6.2712117555156555],[-75.53513510555884,6.270842785964381],[-75.53421873032465,6.270272365126701],[-75.5343978129557,6.270001213608083],[-75.53413764566301,6.26943604100158],[-75.53418874715538,6.269117672714794],[-75.53403171369615,6.268504874017232],[-75.53379769706659,6.268289383020491],[-75.53359584943153,6.267719847303584],[-75.53321202394841,6.267490397106321],[-75.53310398425592,6.267173211014054],[-75.53281704366131,6.266979910602567],[-75.53266789967367,6.266613053619786],[-75.53206651040541,6.266364466008992],[-75.53215452246505,6.2661617339005256],[-75.53199825047759,6.266143119775769],[-75.53306062969547,6.266054481731992],[-75.53335109773221,6.266274315407388],[-75.53385651745906,6.266268027573825],[-75.53433822852448,6.266530147398201],[-75.53485136314593,6.266527554302496],[-75.5358839220155,6.266215054845216],[-75.53609150896204,6.266346829780727],[-75.5363694940824,6.266139280913286],[-75.53600662091992,6.265719101637244],[-75.53647642778458,6.265693836429966],[-75.53639964885782,6.265296510732412],[-75.53723161391035,6.265187824391055],[-75.5376733579739,6.265273957892035],[-75.53806921949194,6.265107497799021],[-75.53837711773018,6.264845354358306],[-75.53858856571075,6.264433470347017],[-75.53880135069193,6.264468776488858],[-75.53892762113986,6.264369720878207],[-75.53895408307278,6.263790135448766],[-75.53876125167346,6.263197460375756],[-75.5389045313543,6.263097592032899],[-75.53900274675827,6.2627530621027185],[-75.53904688413414,6.262513505529489],[-75.53894124552582,6.262324991375929],[-75.53926525316017,6.262050410130892],[-75.53916400997143,6.2611300094722955],[-75.5395885410926,6.2611536197724424],[-75.54041108813986,6.261483860505296],[-75.54141898160684,6.261709596011881],[-75.54195604139781,6.261505212903735],[-75.54275571974574,6.26160578949284],[-75.54273856755762,6.260357323271036],[-75.54221280132795,6.259848122734666],[-75.54231872749281,6.2592334620573205],[-75.54221082688056,6.259241468957929],[-75.54229867258668,6.258978798154821],[-75.54214534003927,6.258764977425899],[-75.54230956424577,6.258526940778074],[-75.54222292100982,6.258396028487381],[-75.54181239639271,6.258473473696018],[-75.54154817040595,6.2582560777398255],[-75.54167915891901,6.258094226105111],[-75.5416687305193,6.257646896466355],[-75.54132911378669,6.257215047569573],[-75.54072198287572,6.257033467921267],[-75.54044573689296,6.256823371029343],[-75.54021715469733,6.25697616164423],[-75.53992819924014,6.256875860639919],[-75.53942030919266,6.2570211644747475],[-75.53893575102842,6.257008763766729],[-75.53850955649267,6.256541003372665],[-75.53760010742087,6.256764974421288],[-75.53690784432567,6.2570914393176045],[-75.53705584007703,6.256838876025166],[-75.53695375909973,6.256802910909924],[-75.5369831349746,6.2566023658025856],[-75.53642830451022,6.256134660219395],[-75.53674780007773,6.255645596800554],[-75.53696119624853,6.255801028213051],[-75.5373613623834,6.255459764617002],[-75.53756609603738,6.255499569842092],[-75.53764435949537,6.2550222166679035],[-75.5380583912166,6.2548248252831895],[-75.53805077329203,6.254295662967399],[-75.53850366505985,6.254172956036624],[-75.53883629196766,6.253800870100343],[-75.53892772665944,6.253917409471355],[-75.53910209205398,6.25372707640431],[-75.53918640180358,6.253367873658029],[-75.53915981338984,6.253062029736238],[-75.53904206515267,6.252984611010057],[-75.538269460772,6.2528989829290405],[-75.53837292102247,6.252413188637604],[-75.53824199787785,6.252078038991842],[-75.53830211106268,6.251932203561185],[-75.5379677168516,6.251643645541726],[-75.53809292536552,6.251419606356101],[-75.53799962131093,6.251084485429859],[-75.53812504908636,6.250658648971606],[-75.53752097126848,6.250443934197305],[-75.53732177339639,6.2501849985011],[-75.53709266136147,6.250103675574522],[-75.53688366816714,6.249737169251128],[-75.53663201275792,6.249719335944853],[-75.5364978324368,6.2493902593129285],[-75.5380010569569,6.249352058155124],[-75.53817167454415,6.249258469587077],[-75.53833059048041,6.2490797501476125],[-75.53827529654349,6.2487755244950645],[-75.53853535562452,6.248431952572785],[-75.5383682162051,6.248226544073584],[-75.53921519010774,6.247722253724648],[-75.54002264102482,6.246676801134151],[-75.54043953889891,6.246434837811728],[-75.54035514371853,6.246429080365788],[-75.54044639344718,6.246159285687141],[-75.5398937523508,6.2452463660711866],[-75.54001707502952,6.245019387212256],[-75.53975343917737,6.244836985306664],[-75.54020054347349,6.244878296059774],[-75.54047345077285,6.244559911495445],[-75.54049209844447,6.244262712230318],[-75.54037805653805,6.243989234795055],[-75.5399450119875,6.243476175279012],[-75.54006926016915,6.2436445169165795],[-75.53994636290034,6.243769126411163],[-75.53947205780982,6.243489514711723],[-75.53929289905791,6.243135529700704],[-75.53927928003112,6.242664444251337],[-75.53839350260579,6.241808150501974],[-75.53756866901342,6.241222805269765],[-75.53747383939371,6.239768375878157],[-75.53729599433726,6.239578520161237],[-75.53679518079518,6.239398813371615],[-75.53685223467555,6.238947930543742],[-75.53620295132495,6.238350101580225],[-75.53595115208489,6.237969262444654],[-75.53542852660998,6.238122915528831],[-75.53511154176647,6.237998629498468],[-75.53474961984031,6.238128522962163],[-75.53428823555531,6.237711508656446],[-75.53417451952538,6.237719412696775],[-75.53368493762424,6.238513798137298],[-75.53346755862908,6.238587239452198],[-75.53287973989542,6.239145436800126],[-75.53269567401155,6.23911604250109],[-75.53230888642487,6.2394041764590025],[-75.5320305218663,6.239436927086217],[-75.53172955775163,6.2397160272944125],[-75.53164274822393,6.2399668899644345],[-75.52917155362472,6.2399667121515305],[-75.52915351074202,6.2396412606047935],[-75.52874835756793,6.239316908184103],[-75.5285421145558,6.238383481584678],[-75.52811363471044,6.237966773026557],[-75.52735047137895,6.236270874286432],[-75.52703905942579,6.236250464271899],[-75.52658217564444,6.235678014456791],[-75.52590956176995,6.235607918508516],[-75.52572123797736,6.2351530634559165],[-75.52524625912733,6.235001411760926],[-75.5251757315883,6.234844049144781],[-75.5249393775878,6.235141270364415],[-75.52477971927506,6.235126408688923],[-75.52513685526642,6.234208750328659],[-75.52497009443074,6.234027437486016],[-75.5250365481471,6.233819329047469],[-75.52493890406151,6.233724704933879],[-75.52517612450772,6.233529129399162],[-75.5250303372412,6.232890434244937],[-75.52561437644468,6.232821874309415],[-75.5258792085999,6.232438495958018],[-75.52703163090304,6.23159084504809],[-75.52743837521301,6.231898107048943],[-75.52819042037278,6.231661362971123],[-75.52858881786928,6.231377536422802],[-75.52864983728176,6.23107696820318],[-75.52807545092752,6.2311221625032225],[-75.52792447607808,6.230893802202308],[-75.52757470140249,6.230907741931735],[-75.52721607293354,6.230635827180001],[-75.52697312338267,6.230607275991622],[-75.5267804388607,6.230167585839363],[-75.5263909343696,6.2299384094918455],[-75.52603211116218,6.229795895919753],[-75.52547261557851,6.229777933136676],[-75.52593019504648,6.229523268757587],[-75.52630752152815,6.229632423954583],[-75.52690981815456,6.229518482829956],[-75.52744102411934,6.229777274900287],[-75.52754490796639,6.229576937241263],[-75.52813726059286,6.229584065385639],[-75.52830551277165,6.229391609506238],[-75.52800635098741,6.229113805251999],[-75.52787513607801,6.228621016661635],[-75.52806941203343,6.228112450521823],[-75.52806711793993,6.227671658353916],[-75.52788103801339,6.227401843765281],[-75.52796898715566,6.227375964930803],[-75.52861144173175,6.227946439552026],[-75.52895947697915,6.227860080107836],[-75.52929282808876,6.227280546468821],[-75.52942745208202,6.227285048070623],[-75.53020597299455,6.228046277783934],[-75.53078002605717,6.227737842716195],[-75.5310369516187,6.227313003112827],[-75.53162047926344,6.227281036818715],[-75.53214959082075,6.227061172430134],[-75.53231003837435,6.227221177862456],[-75.53226525271191,6.227895306056756],[-75.53236790847306,6.228084893091787],[-75.53323531387841,6.227980187851846],[-75.53378047890757,6.228310537223282],[-75.53399198787947,6.228109224808101],[-75.53410649275631,6.22851978007045],[-75.53457747456078,6.22876045455646],[-75.53481770672511,6.228557170266608],[-75.53509637817808,6.228633696821322],[-75.53547735892316,6.228532894428025],[-75.53618109596896,6.228063220374994],[-75.53638971580061,6.227728641174989],[-75.5370058957453,6.227718436607037],[-75.53723425645445,6.227661848101077],[-75.53733583362393,6.227480306030294],[-75.53817444060547,6.227360967786234],[-75.5384073985128,6.227477330882349],[-75.5386725244253,6.227445215573336],[-75.53963922019324,6.228362856461469],[-75.53977381844484,6.227789297373658],[-75.53955938185423,6.227312065068189],[-75.54001834864964,6.227406191026861],[-75.54020394427071,6.227310219881596],[-75.54045564409982,6.226088286138122],[-75.53999051962231,6.225638001951739],[-75.53952495061804,6.225377036803818],[-75.53907068271452,6.22476771607891],[-75.53949714121433,6.224943524617896],[-75.53991818338909,6.224682444502449],[-75.53994265485736,6.224547003648019],[-75.54046872250944,6.224628385579626],[-75.54086651560438,6.2248080558155205],[-75.54124945222108,6.225247119048352],[-75.54136834367718,6.225115452038256],[-75.54132119348887,6.224978010037365],[-75.5421117544042,6.22468394972525],[-75.54247672805484,6.22431327883112],[-75.54269036932385,6.224648721557575],[-75.54292253306129,6.224736423551607],[-75.54321658765905,6.224625241076315],[-75.54332047303751,6.224702540893972],[-75.54339817204239,6.224500945800406],[-75.54360421605062,6.2244644148199875],[-75.54385300475305,6.224897385459523],[-75.54486794106361,6.225066937632327],[-75.54512086713706,6.2255316205018865],[-75.54551382872607,6.225727812312131],[-75.54605990214814,6.225514791351612],[-75.54634674240044,6.22575451740087],[-75.54667060717546,6.22521817704782],[-75.5468630327537,6.225502313486523],[-75.54726954913403,6.225623018548372],[-75.54739420470773,6.2258847398806765],[-75.54781607896236,6.225996404164265],[-75.54794848152189,6.226310282811537],[-75.54828221369293,6.22623192303009],[-75.54843081500428,6.226334988535377],[-75.5487334577073,6.226047517778962],[-75.54895339598919,6.22603997275461],[-75.54884590983687,6.226314220248605],[-75.5488679952939,6.227605178478313],[-75.548800905192,6.228192788561667],[-75.54864054608987,6.228478682577565],[-75.548660855034,6.228886628514475],[-75.54884460046092,6.229487101384464],[-75.54910632233374,6.229447722680132],[-75.54973555996278,6.229634472940616],[-75.55016745423787,6.229509559711298],[-75.55077318958666,6.2290462639790425],[-75.55094726359802,6.22903848562188],[-75.55095296619197,6.228667033630453],[-75.55121496998443,6.228206866993551],[-75.55160752856942,6.2269163973787585],[-75.55173032013428,6.226099869883115],[-75.55199102727401,6.226586883030555],[-75.5518622917283,6.2267301680436224],[-75.55222590267039,6.22672927597822],[-75.55246984342978,6.2270719255232825],[-75.55333794521758,6.227421345165673],[-75.55393869440547,6.227395595428909],[-75.55402288789898,6.227106877483744],[-75.55410672263082,6.227395148879791],[-75.55448930673566,6.227332780956071],[-75.55479371477325,6.226801117495623],[-75.55508082390321,6.226593722706058],[-75.55550077675922,6.226645344220573],[-75.55591849045099,6.227006857940484],[-75.55624447910898,6.226474064482543],[-75.55631393836097,6.22610143705579],[-75.55930699406848,6.22617365418004],[-75.55924790878883,6.224450518647441],[-75.55958520692569,6.223040043110595],[-75.55976227042865,6.2229685743029854],[-75.56027013553013,6.223140465625498],[-75.56070559514492,6.222703959191563],[-75.56033835047033,6.22188746808012],[-75.55953685061021,6.221331964060857],[-75.55899280571901,6.220734832444139],[-75.5574869838451,6.2195223336374],[-75.55710809833427,6.219308088189342],[-75.55619001932888,6.2191143426185445],[-75.5549076064324,6.218102543754227],[-75.5544694621123,6.217533833004552],[-75.55397379181271,6.217294539261733],[-75.55140060834528,6.214864913504499],[-75.55133133869339,6.2145858631554844],[-75.55149323116093,6.2140024248440495],[-75.55143441036594,6.213807440165782],[-75.55039196999168,6.213684784868576],[-75.54879876177516,6.213788782018679],[-75.5472669150123,6.2145358158821065],[-75.54697857133925,6.214358439793405],[-75.54693528011725,6.21422146897906],[-75.54706770551982,6.214237608387342],[-75.54715293072528,6.213875365530536],[-75.54701392553658,6.213555928638622],[-75.54685801736858,6.2134857055191866],[-75.5471820709724,6.213023062636423],[-75.5471951522028,6.212340518307338],[-75.54762977555731,6.212070835489074],[-75.54778586932564,6.211542985901188],[-75.54748375240112,6.211513845558653],[-75.54738790491338,6.211317965805817],[-75.54747520306935,6.21067349317477],[-75.54762020107839,6.2104339303382465],[-75.54710214821868,6.20991815913032],[-75.54762971846232,6.209604932477419],[-75.54787953940352,6.208445520279411],[-75.54774991897187,6.208180633385966],[-75.54800648193171,6.207860615827273],[-75.54825675020574,6.206807427293137],[-75.54760828288232,6.206325968533805],[-75.5482934422064,6.205633659489566],[-75.54830416791809,6.20507631511605],[-75.54853507014163,6.204368808138691],[-75.54840535509905,6.20426905225552],[-75.54910779469378,6.204251757981428],[-75.55007569494288,6.204050125234795],[-75.5503753619535,6.203844596045778],[-75.55034164152147,6.203211104882793],[-75.54961498456652,6.202191891705589],[-75.5508385226233,6.201871345426836],[-75.55106436605666,6.201595929332962],[-75.55111116820026,6.201308168474444],[-75.551396813026,6.2010161479636645],[-75.55139320897908,6.200731684933489],[-75.55151219691342,6.200641712942436],[-75.55118053316424,6.200687372020059],[-75.5509438725711,6.200902478370574],[-75.55082916979435,6.200834917246709],[-75.55091159872441,6.199330043950549],[-75.55153169775156,6.199343030779814],[-75.55190093808825,6.198957987775689],[-75.55206596284147,6.198528875887653],[-75.55161813841289,6.19819730740208],[-75.55204552063168,6.197345793748373],[-75.5520094063388,6.196747322589757],[-75.55282062016826,6.19592528190582],[-75.55334156964373,6.194948942312302],[-75.5532564913908,6.194712037320212],[-75.55348550353702,6.19468858406404],[-75.55367642864599,6.194101572751239],[-75.55355686224664,6.193549503167936],[-75.55413579948208,6.1933773330384225],[-75.5539408223464,6.19311799232046],[-75.55393001725045,6.192820265984395],[-75.5541606460434,6.192767232663919],[-75.55425098495792,6.192519530661783],[-75.5545165635135,6.1924562554170945],[-75.55429496620566,6.191548599923514],[-75.5540336152747,6.191298474048884],[-75.55418176715388,6.191002560921051],[-75.5538536236747,6.189573047099346],[-75.5539312875663,6.189596473844877],[-75.55394092192974,6.189419890322963],[-75.55388192713042,6.188728003962871],[-75.55368014398283,6.188400041967591],[-75.55381570903693,6.18789387793209],[-75.55358701589307,6.1876463016504974],[-75.55421478319371,6.187777558661111],[-75.55477202173378,6.187550369868652],[-75.55490760579332,6.187379434833548],[-75.55503038868464,6.186763867359573],[-75.55540854926319,6.186094919467508],[-75.55615052442019,6.185514520346521],[-75.55685199553714,6.185548730074438],[-75.5567142767481,6.185446215286054],[-75.55692059919133,6.183731358922119],[-75.55684823961518,6.183625144368223],[-75.55586703696622,6.183519079985896],[-75.55546331316977,6.183268849225809],[-75.5553994388777,6.182973332169425],[-75.55560567226041,6.182344960312215],[-75.55540752496569,6.181672579943696],[-75.5554330922992,6.181246668680661],[-75.55582338127874,6.181299824196436],[-75.55634315343823,6.1811931620547105],[-75.5565280225153,6.181276928219616],[-75.55712052802309,6.1811166330742076],[-75.55810752534789,6.181881466777921],[-75.55841609973942,6.181632651391839],[-75.55944466443009,6.181576008228392],[-75.55937481606196,6.181351211038044],[-75.55886540548951,6.180929930654861],[-75.55881779697893,6.180165704684579],[-75.55845360735897,6.17967960156381],[-75.55626177592002,6.179697025954225],[-75.5568141573253,6.179337059446011],[-75.55727091617463,6.178047534675057],[-75.55736499219957,6.178063422853494],[-75.5575761557812,6.177210649064738],[-75.55781290891167,6.177240260435053],[-75.55795636691354,6.176933173861343],[-75.55889713749575,6.177367693813511],[-75.55917244154094,6.176638392241517],[-75.55955990786174,6.1767699625093515],[-75.55989213761002,6.176683395775353],[-75.55989784314615,6.176532830198416],[-75.55996080108243,6.176602928473448],[-75.56002354198527,6.176178496766597],[-75.559800575213,6.1757878496992396],[-75.5602383015817,6.175974599962084],[-75.56041372218323,6.175942238452269],[-75.56078921747311,6.176190310860573],[-75.56175402455222,6.176346360127642],[-75.56214596468207,6.17631752600704],[-75.56236908179642,6.176088627125657],[-75.56253564702561,6.17625280165171],[-75.5627981437863,6.17629158725489],[-75.5631959584486,6.175877633517792],[-75.56366729876127,6.175718438140962],[-75.56388526063661,6.17612697243495],[-75.56448793761932,6.176265836856038],[-75.56472559296675,6.176465448983441],[-75.565284732331,6.176496732252074],[-75.56576609950702,6.17626394568286],[-75.56606301238551,6.176330574206579],[-75.56631376554624,6.176797274314737],[-75.56710685846333,6.1770696893867205],[-75.56748443635774,6.177342111647557],[-75.56827897473465,6.178380203940301],[-75.56881020571804,6.178784669184369],[-75.56926447461869,6.178824264428742],[-75.57007735461,6.179259735590201],[-75.57033045941746,6.179206397005216],[-75.57122039174872,6.179400670103193],[-75.57164403772316,6.179172127299812],[-75.57272267001163,6.179485457532133],[-75.57360384731311,6.18023028367429],[-75.57419000127092,6.18035548551062],[-75.57443570233195,6.180630670127766],[-75.5751876141722,6.180867608544543],[-75.57539339534354,6.181495548156047],[-75.57610538678362,6.182061191412907],[-75.5769441983018,6.182257624747325],[-75.5792172134476,6.183655399523674],[-75.57952497212189,6.183708912234559],[-75.57990553186796,6.184210619853263],[-75.58015227238144,6.185708597141079],[-75.58049352272774,6.186831766760254],[-75.58164043703422,6.187835725748789],[-75.58290398442777,6.188254227491669],[-75.58326010329694,6.189124264097443],[-75.58237171608873,6.192804596921899],[-75.5808100307568,6.1971715273307355],[-75.58315962850408,6.1958231453809205],[-75.5874963818631,6.1968200569595675],[-75.58838323250843,6.194879392000065],[-75.58984126534621,6.1942005203047845],[-75.59056687348578,6.193767601745499],[-75.59078176215003,6.193481421895821],[-75.59152837285502,6.1931639376360055],[-75.59178717369315,6.193332508353587],[-75.59209357603851,6.194784292347314],[-75.59225528198277,6.195802362274968],[-75.5922077976107,6.196529001458531],[-75.59285324523523,6.196757893759474],[-75.59297503102628,6.196455940313015],[-75.59328709700361,6.196548341688476],[-75.59337715053466,6.1966343235354815],[-75.59331804275445,6.196772984336795],[-75.59362057952748,6.1969353324914795],[-75.59346961399302,6.1971534645015085],[-75.59450479072679,6.1975833729499],[-75.5951594841069,6.197161761374566],[-75.59560820339372,6.197848053875998],[-75.5959374849686,6.198175603575564],[-75.59650239992851,6.198485385915942],[-75.59676920754734,6.1989454345286275],[-75.59817702891976,6.199303896574773],[-75.59847606033205,6.19981328347853],[-75.59907380935995,6.200158147720568],[-75.59997682618798,6.200138737685525],[-75.60125580304562,6.200312883214255],[-75.60150647669653,6.200257496543669],[-75.6021603364403,6.199774297909975],[-75.6025814564097,6.200064885614419],[-75.60301273652826,6.2000887693997555],[-75.60338263737644,6.201080098699878],[-75.60339476232993,6.201400532503996],[-75.60351665872227,6.201666608342104],[-75.60374540242216,6.201818524556578],[-75.60378867286411,6.202294881738812],[-75.60407173226486,6.202738202096689],[-75.60402174630798,6.2030046961294945],[-75.60438009376855,6.20295780707358],[-75.60522105180421,6.203374462026075],[-75.60545726857724,6.2030077372035315],[-75.60590087017782,6.202758732043982],[-75.60580739994488,6.202471564814546],[-75.6063560571494,6.20243310151353],[-75.60644294438153,6.202992405180766],[-75.60676150849201,6.202998691453858],[-75.60668870732766,6.20335721850016],[-75.6068413375864,6.203513912035623],[-75.60682083811336,6.203723369485841],[-75.60730674523094,6.20384828009423],[-75.60771880454506,6.20421680553058],[-75.6079470123953,6.2041736395648455],[-75.60791161685566,6.204365476796181],[-75.60829404399527,6.204567373548731],[-75.60846828601417,6.20487746104462],[-75.60931850675416,6.205162481799704],[-75.60989203197737,6.205638293885999],[-75.61016752500593,6.205518214498851],[-75.61056422136217,6.205654097006576],[-75.61082976938332,6.205508082689836],[-75.61047279432997,6.205856237402551],[-75.610262698335,6.205649016148913],[-75.6099842151738,6.205667099347399],[-75.60986953521396,6.205750032366598],[-75.60994520309295,6.205921794886693],[-75.6093997310559,6.205881305571048],[-75.60926219896861,6.206129370140965],[-75.60868992007123,6.2059298299421],[-75.60811764003968,6.2061524622904605],[-75.60753193276238,6.206127645172467],[-75.60679465460974,6.205641784017077],[-75.60654344666234,6.205943956134357],[-75.60616752132479,6.205820218092904],[-75.60596256645901,6.206190305496884],[-75.60603651143333,6.206824828822269],[-75.60636973859152,6.207152677509802],[-75.60705121849568,6.207383157065728],[-75.60723813742752,6.207905222085474],[-75.6070233859319,6.208821463076556],[-75.60684053433683,6.209009189518284],[-75.6062007059384,6.209245288637747],[-75.60602391237701,6.209577255238232],[-75.60621886827265,6.2096145113807095],[-75.60656727333979,6.209390541522911],[-75.60685448872536,6.2094484699222345],[-75.60747179762787,6.209164010442557],[-75.60755949645906,6.209664708217952],[-75.60809722833984,6.209331775600772],[-75.60828505301316,6.209445063666759],[-75.60875658205059,6.209460087298179],[-75.60801445112374,6.209701480083479],[-75.6076422299179,6.2101239708276665],[-75.60693450645536,6.210289446735285],[-75.60675627126274,6.210192010748131],[-75.60708549453422,6.210767493233398],[-75.60809438348862,6.211682602316627],[-75.60890120944266,6.211965329943876],[-75.60934930510413,6.212736395021437],[-75.60917392859537,6.212664192281721],[-75.60888531788157,6.2122377832325695],[-75.60824034137129,6.212252865651755],[-75.60827198734752,6.2126171346644385],[-75.60863267843187,6.213213288327319],[-75.6077791876387,6.2138294243742545],[-75.60811820327564,6.21424141135705],[-75.60826287359126,6.214682369521248],[-75.60900699194535,6.21460236012604],[-75.60835191354147,6.215330319343956],[-75.60856742676512,6.21520927979529],[-75.60866074576126,6.215688780931704],[-75.60883897075986,6.215946027848831],[-75.60909189026296,6.216000043630789],[-75.60924780806054,6.216446359867832],[-75.60987267496822,6.216693726526083],[-75.60956164008702,6.217067840450725],[-75.60918463691056,6.217274332118598],[-75.6092140355856,6.217431387473445],[-75.6094699926,6.217744840673365],[-75.60995785512007,6.217637945989974],[-75.6101303736689,6.217914358246045],[-75.60996804100284,6.218277926878128],[-75.6107016428952,6.2186833459084],[-75.61219342426003,6.218869146480716],[-75.61217999741977,6.219483818023605],[-75.61245595067393,6.219720370519994],[-75.61334360873794,6.219931523026588],[-75.61375605986746,6.219717177354526],[-75.61449259379874,6.219817804811803],[-75.61477862863036,6.219732556848113],[-75.61483801812302,6.2198573892748135],[-75.61493536333843,6.219828460076804],[-75.61496565785521,6.220093375153208],[-75.61510219557422,6.220211954485977],[-75.61533838212915,6.219824447276615],[-75.61572132064524,6.219729950450176],[-75.61570231346425,6.220128359828509],[-75.61595638085133,6.2206812690420294],[-75.6162207213114,6.2206385570038325],[-75.61622978648103,6.221079958916652],[-75.61641344184439,6.220981737678008],[-75.61696141828581,6.220995780407041],[-75.61723642846981,6.221144487359748],[-75.61724556002362,6.221433387411617],[-75.61777652763614,6.222227430107172],[-75.61739710246557,6.222323339107757],[-75.61753760054906,6.222488926822894],[-75.61819033915694,6.222461600042117],[-75.61821693342304,6.222539849964326],[-75.61731710952783,6.2226193620311765],[-75.61672712894732,6.222374478223509],[-75.6166783721357,6.222450883287044],[-75.61569635448706,6.222377890096984],[-75.61505255838449,6.222502215843873],[-75.61458775178862,6.222463075325601],[-75.61362085350936,6.2230044575643],[-75.6136168991408,6.223120255755152],[-75.61298477288985,6.2229219018996424],[-75.61282023959994,6.222792132808444],[-75.61280379537412,6.222539629265365],[-75.61255494237838,6.222409152730197],[-75.61240804483126,6.222646121145762],[-75.61240651457564,6.223123962634542],[-75.61192178949995,6.222988152165652],[-75.61177935353942,6.223438309010135],[-75.61133365590761,6.2234280853842865],[-75.6116088887389,6.223697667480952],[-75.61171298742971,6.224045774245946],[-75.61118303469593,6.224442152328192],[-75.61154603697914,6.22489325158518],[-75.61129872493672,6.22503281255971],[-75.61117762901394,6.2252793513327065],[-75.61097696725335,6.225357738496938],[-75.61039526828766,6.225067509475491],[-75.61018341957144,6.225212126446401],[-75.61012684725051,6.225395206181701],[-75.60995387420992,6.225394130785157],[-75.60973195422406,6.224941223862331],[-75.60948902791591,6.225187175372214],[-75.60955925316438,6.225810471357809],[-75.60985747206051,6.226581902082484],[-75.60943485115774,6.226549299368342],[-75.60959623865047,6.226994816634236],[-75.60986604653965,6.227094119411734],[-75.60968369414442,6.227967334873433],[-75.60988550884612,6.229055587511831],[-75.61024295105484,6.229286648040376],[-75.6106110133885,6.229236896962309],[-75.61095987797356,6.228055706395564],[-75.611240688702,6.227886682958005],[-75.61154137159676,6.228114683212828],[-75.61192544556634,6.228012486309088],[-75.61217802429773,6.2276014655402365],[-75.61212835092019,6.22710216292934],[-75.61256375968452,6.226965510120998],[-75.61266862030091,6.2268007416876205],[-75.61415546929433,6.227354785223942],[-75.61429150279034,6.227278265719995],[-75.61437710876294,6.227496147644525],[-75.61459746353871,6.227527615986944],[-75.61528662203398,6.2279858185692145],[-75.61545933182492,6.227887733163831],[-75.61591409951916,6.227954518017458],[-75.61604489419236,6.228282787770341],[-75.61617837486108,6.228351536575643],[-75.61513934856242,6.2289544825844185],[-75.61632361339868,6.230247765506795],[-75.61515194385005,6.230401638506169],[-75.61493368658664,6.230716550250451],[-75.61456801874193,6.230670304122189],[-75.61389558544322,6.230999062672334],[-75.61535504800077,6.231176885679594],[-75.61601630383437,6.231594665550134],[-75.61601920846093,6.231795569285772],[-75.61578936394335,6.232078669908619],[-75.6156584512007,6.232879553393717],[-75.61547988429679,6.232848041787272],[-75.615374514911,6.233229925174134],[-75.6155207462569,6.233860975257268],[-75.61578325586605,6.2337811690062015],[-75.61649076649971,6.233187778483749],[-75.61694581774285,6.233046472804207],[-75.61756837236054,6.232556230845916],[-75.61871494290466,6.232595693358077],[-75.61900658121128,6.232844428389476],[-75.62003081950604,6.232922061033194],[-75.62082784146934,6.233479246210172],[-75.62068455851423,6.234694377246474],[-75.62074196389167,6.235077086839392],[-75.62059995634337,6.235736662974664],[-75.62114742329469,6.235941185609486],[-75.62164899410485,6.235969959779744],[-75.62240914262127,6.235832886469505],[-75.62279397975564,6.235511958497049],[-75.6226573819955,6.2358393801937035],[-75.62236532194972,6.236033978364028],[-75.62205146971066,6.2365314014190645],[-75.62165054002256,6.236333512476687],[-75.62079914086573,6.236859065329106],[-75.619955018881,6.236758574653499],[-75.61930911779227,6.23704340834596],[-75.619142014033,6.237302203058526],[-75.61899443237884,6.237336553499842],[-75.61898112466328,6.238166138173211],[-75.61875227791298,6.239231986395031],[-75.6187710623623,6.239444122190796],[-75.61899608209505,6.239702223052563],[-75.61962898712326,6.240059019484868],[-75.62091026270264,6.240278895889221],[-75.62062068986992,6.240636339489067],[-75.62065764712592,6.240732600154186],[-75.62116526266828,6.240566180739389],[-75.62141639988913,6.240746301600831],[-75.62157830506129,6.2407132520686845],[-75.62160475806435,6.240910445714765],[-75.62181070906152,6.241015436542884],[-75.62192834500887,6.241311549591462],[-75.62174733784116,6.241755411177508],[-75.62178292325125,6.241933772998841],[-75.62281455740116,6.241741172011831],[-75.62278653530778,6.242281803235113],[-75.62346933505289,6.2426723643982385],[-75.6228047312546,6.242989613232382],[-75.62260044829725,6.243384343602605],[-75.62272790171026,6.243477798598841],[-75.62295772036916,6.243390352752735],[-75.6229377935271,6.243544077113461],[-75.6223481589147,6.244245745788264],[-75.62276820345438,6.244592759432555],[-75.62321965392945,6.244507542303457],[-75.62331521297227,6.244803805142911],[-75.62363001061401,6.244653594159466],[-75.62369330576038,6.244792103105435],[-75.6232568508759,6.24526828990033],[-75.62312298322675,6.245172628808024],[-75.62302737862653,6.2452300420255416],[-75.62304651331043,6.245344854573577],[-75.62314211993058,6.245316141431158],[-75.62318037987949,6.245450083280417],[-75.62305608851814,6.245469230866317],[-75.62322197621525,6.2458856415294655],[-75.62375702967555,6.245923935051972],[-75.6241382003249,6.2463544391548504],[-75.6246122659051,6.246338569443207],[-75.62489057484964,6.24609684786003],[-75.62549447779153,6.246063928961493],[-75.62582589402497,6.2463734697511795],[-75.62625999271874,6.2464660845380235],[-75.62648575524219,6.246393935583699],[-75.6266561260452,6.246060190281388],[-75.62696046229443,6.245914634874057],[-75.62716039218212,6.245483651381026],[-75.62829214342598,6.245417708412235],[-75.62869825944306,6.246146799340736],[-75.62918541891214,6.246222803828028],[-75.62951803842259,6.246409212840662],[-75.62986302087263,6.246335719722774],[-75.6304999482486,6.2465153209252335],[-75.63062026346795,6.2469979257780786],[-75.63079606236694,6.247082731937157],[-75.63109971494868,6.247574096024238],[-75.6314192173653,6.247788243548319],[-75.63138290918376,6.247968064133079],[-75.63116221761967,6.248136180745128],[-75.63120284937747,6.248340571610232],[-75.63165092252775,6.248597844695359],[-75.63201398314199,6.248600061769276],[-75.63242251405525,6.248872105168998],[-75.63156280332491,6.249529708242652],[-75.63196293829037,6.250322316370735],[-75.63218331943655,6.2504921679714815],[-75.63088895893753,6.249987257398994],[-75.63034907223836,6.250199515497739],[-75.63009344853594,6.2506571198212475],[-75.62933862277654,6.250651595331705],[-75.62941140864079,6.251739623351001],[-75.62962594513053,6.25179383408614],[-75.62956559902587,6.252013122134809],[-75.62968719332171,6.252277382755342],[-75.6300292118505,6.252286382783665],[-75.63028115658331,6.252110049739256],[-75.63088675420347,6.252156715777867],[-75.63152962505242,6.252634519186187],[-75.6320345280376,6.252560035756012],[-75.6317934911938,6.253212145815866],[-75.63150904653095,6.2534181098448505],[-75.63149704766744,6.253564148357357],[-75.63206517881326,6.25432800356293],[-75.63181132006599,6.254664859066455],[-75.63155156304424,6.254784474353398],[-75.63163149080351,6.255252207780275],[-75.63145862354774,6.255319338957195],[-75.63105489748925,6.255264014555622],[-75.63025706892223,6.255482288044118],[-75.6290962781121,6.2547217691932175],[-75.62888928472933,6.254852211058262],[-75.62875649494549,6.255128670592705],[-75.62908837396294,6.25539868414055],[-75.6296557674107,6.256208187156517],[-75.63039831038267,6.256783915720702],[-75.6303409890892,6.257094445237371],[-75.63075016551751,6.257124139677241],[-75.63101539819485,6.257300085242037],[-75.63098459408077,6.257630919602341],[-75.63121211006101,6.2579704099918185],[-75.63177707064494,6.258018130189462],[-75.63209717844829,6.25828115599707],[-75.63235677131024,6.258312701793452],[-75.63094205861466,6.259433792805591],[-75.63057169283186,6.260328778633611],[-75.63016468511168,6.260634640756227],[-75.63017163141345,6.260929796760437],[-75.6296814331961,6.26216119806669],[-75.62923196286353,6.26255007408544],[-75.62926275273938,6.2627877407142645],[-75.62960842861847,6.263342250956439],[-75.63043125586648,6.263863364073706],[-75.62983446859276,6.263880633916542],[-75.62888421459338,6.263552627775338],[-75.62865957536422,6.263280693762937],[-75.62859672240681,6.263629215226337],[-75.62837971994955,6.263838268638724],[-75.62835099079692,6.264219658533296],[-75.62853322658346,6.264393084726198],[-75.62860870063868,6.2647860402573565],[-75.62902613210429,6.264785014210287],[-75.62903397243501,6.26501975286364],[-75.62938741949583,6.2651112241082165],[-75.63002721951214,6.26623830359726],[-75.63000962647108,6.267189774501538],[-75.62976322202806,6.267304462614168],[-75.62887483494757,6.268331258799073],[-75.62852982630204,6.269095658203483],[-75.62876138240223,6.269108981246986],[-75.62908436499546,6.268621371125311],[-75.6296363997936,6.268196799219041],[-75.62998015738188,6.268694501287639],[-75.63022366610181,6.268798862887103],[-75.6296881052344,6.269626768220079],[-75.62979965087364,6.269713155222876],[-75.630117479604,6.269470404949512],[-75.63040779544039,6.269573074008968],[-75.63086534862884,6.270809231749781],[-75.63107791881488,6.271008275968273],[-75.63227899129255,6.271559853348586],[-75.63247442583975,6.271601552093086],[-75.63275731534043,6.271401115269562],[-75.6331868280324,6.271358642098726],[-75.63358176763322,6.271146377300998],[-75.63377916113258,6.2708256392457695],[-75.63403677251513,6.270653142152355],[-75.63504702858312,6.270485553961423],[-75.63548260997283,6.270616596369944],[-75.63565935107306,6.270982456259424],[-75.6364099951148,6.271327863028301],[-75.63652213770371,6.27177792186683],[-75.6372341073332,6.271817188202484],[-75.63707179510897,6.272483337013325],[-75.63712679905356,6.272711422267369],[-75.63777133179633,6.272651897721394],[-75.63836276662454,6.273128781357026],[-75.63821275969964,6.273979834240926],[-75.63758048971646,6.274772565567058],[-75.639081890845,6.274444639187545],[-75.63971455799854,6.274501153439936],[-75.63941119406712,6.275146506967508],[-75.6389033563269,6.2754318235187485],[-75.63886227219011,6.275943497768145],[-75.63832703150368,6.27679582121241],[-75.6387990927847,6.277094777387227],[-75.63902734297044,6.277027676569406],[-75.63919789709392,6.277131725086407],[-75.6398642633566,6.27836193001115],[-75.64034755319534,6.278736493571015],[-75.64055093095553,6.278725717080735],[-75.64105739932243,6.278410176520037],[-75.64129762299629,6.278407919713797],[-75.64177981179674,6.27852463503776],[-75.64224919177967,6.278852841305369],[-75.64318771148234,6.280583971539186],[-75.64339067362913,6.280698267692444],[-75.64433320291577,6.280561360981122],[-75.6444944803051,6.280737017369695],[-75.64458926133169,6.281335697235235],[-75.64499687856234,6.281684251356967],[-75.64504935567456,6.281897108209946],[-75.64448123224378,6.282857045588681],[-75.64299271657221,6.284215849656305],[-75.64260154484688,6.284341754761508],[-75.642161723164,6.284915327270596],[-75.64210529071204,6.284680974545434],[-75.64193750764146,6.284613918398942],[-75.64181675815264,6.284301594494199],[-75.64162456616458,6.284154262574436],[-75.64112866192394,6.284265437554387],[-75.64066224618475,6.284117656307616],[-75.64028831037979,6.285417499766445],[-75.64032516795793,6.284883804851274],[-75.63998979735496,6.284443704026814],[-75.64009167499981,6.2841734481228615],[-75.6398656713083,6.283533526806432],[-75.63923940220515,6.282525444293886],[-75.6392943101775,6.282197900532084],[-75.63915961509024,6.281723707242276],[-75.63968090161225,6.2808880854264135],[-75.63966978467991,6.280098778861267],[-75.63944083947976,6.280025478218918],[-75.63939606420338,6.280165937244679],[-75.63874602585594,6.279879193933547],[-75.63790113793857,6.279899681017298],[-75.63724161835735,6.279410786721186],[-75.63645093184118,6.279303271938872],[-75.6364458100138,6.279562108238271],[-75.63723624755946,6.279666926457267],[-75.63722743669419,6.280310688339306],[-75.63791970259973,6.28064996252856],[-75.63785303223666,6.2813737587767555],[-75.63671801069336,6.28109046350251],[-75.63648185175593,6.280699415810361],[-75.63596402108907,6.281112030499944],[-75.6356986431673,6.281164769199291],[-75.63549074777973,6.280996713607436],[-75.63552506782077,6.280848646272598],[-75.63467925904686,6.280517877728732],[-75.63456282518611,6.280742255092513],[-75.63427618142529,6.280678034471175],[-75.63428243424292,6.27996903999785],[-75.63382931320045,6.279982182918238],[-75.63373785175376,6.27972316972866],[-75.63360636063845,6.279895943026117],[-75.63313396444188,6.279969834804781],[-75.63297322233642,6.280408700312837],[-75.63246869452547,6.280398637373392],[-75.63167197804506,6.28069185475324],[-75.63129385713064,6.281506072464236],[-75.63113062171244,6.280858616820534],[-75.63126714599538,6.280348772421896],[-75.63095561447626,6.279707371015101],[-75.63054393090499,6.279541520843468],[-75.63057547916044,6.278921984639443],[-75.63001036436735,6.278963999986871],[-75.62949867303769,6.279267632827928],[-75.62918734127021,6.279284664042701],[-75.62906422386753,6.2795309354393645],[-75.62911489498022,6.279839219964521],[-75.62887533208168,6.279483928531595],[-75.6283079873283,6.279309786308643],[-75.62815428714089,6.279075631287012],[-75.62794647860753,6.279075524329166],[-75.62750763377973,6.278792190695144],[-75.62677232770697,6.278668379299525],[-75.62556512611792,6.279455061758538],[-75.6251166955805,6.279468155390286],[-75.62471565517917,6.279630779729267],[-75.62454435392735,6.279536496757101],[-75.6242351777907,6.279914281796172],[-75.62420731759934,6.280626498300847],[-75.62449457163122,6.281242772235794],[-75.62450953757028,6.281621939707219],[-75.62495872798739,6.282466237369034],[-75.62492753815009,6.28370998658886],[-75.62513674802749,6.283925264767555],[-75.62507135678877,6.283986248660177],[-75.62483529274881,6.2839991749261195],[-75.62421611835515,6.283642524074384],[-75.62368508404359,6.28366212862201],[-75.62262622192414,6.284149213351904],[-75.62213524722812,6.285251952021729],[-75.62138095687455,6.285433130971467],[-75.62110223786952,6.285466086659325],[-75.61980801469579,6.285137863707765],[-75.61914512941426,6.285195978901086],[-75.61856494477027,6.285068201929521],[-75.61812356653198,6.2853219630864325],[-75.61721388941034,6.285542467593184],[-75.61678378707961,6.285825624859706],[-75.61616693181803,6.285994844608042],[-75.61553878867915,6.2867339888570335],[-75.6154743026252,6.286992664356978],[-75.61567599226825,6.287720789364376],[-75.61533776047905,6.2875898192680735],[-75.61521725308278,6.287066702341874],[-75.61469562011177,6.286893173300218],[-75.61454441818142,6.286647291762175],[-75.61382282775251,6.286591903682415],[-75.61376860547794,6.286434605472203],[-75.61341683642517,6.286245394868247],[-75.61323916859922,6.285836135803585],[-75.61302949744862,6.285760245961684],[-75.61210122755585,6.287324941517364],[-75.61209334950658,6.287400697787343],[-75.61247579494048,6.28721528493044],[-75.61270289526078,6.287350811657928],[-75.61240976776054,6.288239774446061],[-75.61103517334718,6.289589119639668],[-75.61067286387402,6.2894537809469195],[-75.61054359943857,6.289164250348527],[-75.61042461118232,6.289245669935947],[-75.61043189740482,6.2891481539684095],[-75.60995893826507,6.288746388961306],[-75.60998268549783,6.2885211624705155],[-75.6102792893008,6.288277730946261],[-75.61028200951417,6.288039775499325],[-75.61012836241213,6.287808308610318],[-75.6100205619076,6.2877387651694105],[-75.60926510720104,6.288378810617102],[-75.60846994832589,6.2879150663004095],[-75.60817798399391,6.288178635411748],[-75.60791407932199,6.28813800161004],[-75.60674370638527,6.286160945550046],[-75.60619255032125,6.285740314596083],[-75.60555369122717,6.285631525204718],[-75.60566913903153,6.285759634278605],[-75.60568184336948,6.2865515654920925],[-75.60606679328663,6.287460384543762],[-75.60646495606717,6.287922018118056],[-75.60642523668301,6.288393318013044],[-75.60721855179861,6.289124928469115],[-75.60746622904117,6.290742517895417],[-75.60778489024972,6.291118571231901],[-75.60810121388394,6.292450481212531],[-75.60847890559683,6.292871134348349],[-75.60850786870306,6.293514800916257],[-75.6088610091642,6.293857069009778],[-75.60886344512097,6.294156239216439],[-75.60870440441794,6.293937847725104],[-75.60790871749957,6.293753486713727],[-75.60780572093826,6.293792665384952],[-75.60781013360545,6.293960291061206],[-75.60753657261235,6.293941416685011],[-75.60692838919134,6.294371147570009],[-75.60677528244756,6.29424530985867],[-75.60641769091751,6.294548682576811],[-75.60590897651004,6.294544552673667],[-75.60583602099142,6.294441858970617],[-75.60561986080673,6.294867990664252],[-75.60549728728938,6.293856811851661],[-75.60587193843273,6.293464382836021],[-75.60613590735791,6.2928850874133975],[-75.6061630914778,6.292491434955735],[-75.60570372685663,6.292088161599476],[-75.60506581708978,6.290695621444363],[-75.6047746144338,6.290746432378315],[-75.60465106805749,6.290961166638612],[-75.60431541024077,6.290936247636893],[-75.60410131906073,6.291072562698795],[-75.60338052199263,6.290515693242853],[-75.60306244558767,6.2906077632164585],[-75.602895312148,6.29078365257636],[-75.60252229873996,6.2908202911360815],[-75.6021881772976,6.2913510056346],[-75.6019522014802,6.291302309559273],[-75.60179479080801,6.291114112091932],[-75.60135680350152,6.291207671047835],[-75.60124759805784,6.291502861732566],[-75.60100337530734,6.291373663758687],[-75.59998768057213,6.291390513890171],[-75.5997534250137,6.291560422962362],[-75.5998141398426,6.291876412880167],[-75.59962388842655,6.292119835161865],[-75.59948198486121,6.291958084945142],[-75.5990754984036,6.291859226139333],[-75.59873241919398,6.291932311047791],[-75.59822523679814,6.2922795689236],[-75.59771160938838,6.292328622017692],[-75.59741856326187,6.292796403366817],[-75.5973892008946,6.2929301810711396],[-75.59749257720627,6.292950391635854],[-75.59717001095059,6.293276652026245],[-75.59711382125019,6.293572167729133],[-75.59734054260099,6.294026584676128],[-75.5971442837488,6.2939975488193545],[-75.59679787551688,6.29418642867023],[-75.59656513100593,6.294110159203793],[-75.59622808224881,6.294176495946579],[-75.59603151282741,6.294366516896344],[-75.59581148719286,6.294372435376321],[-75.59604109238634,6.295116724935256],[-75.59482461366255,6.295114555138023],[-75.59424003227558,6.294934149831624],[-75.59374790262741,6.295218492355001],[-75.59330207410338,6.295105952162285],[-75.59294113598594,6.295488047950029],[-75.59301565707429,6.295728812232136],[-75.59289107432045,6.295846512487357],[-75.59274340155842,6.295830241536326],[-75.59265575562914,6.295657196957698],[-75.59213233937388,6.295293906591397],[-75.59169022041286,6.295223786458913],[-75.5907106967558,6.295923584924619],[-75.5906380690555,6.29623699792774],[-75.59022745234616,6.295543532805569],[-75.5902667531201,6.2953257908754],[-75.58904926565619,6.294091866189488],[-75.58883811031066,6.294053558183378],[-75.58869325014953,6.294215601950348],[-75.58879517132091,6.294371651805564],[-75.58857564867657,6.294609962274148],[-75.58827877258942,6.294720799058213],[-75.58836237534872,6.295015464360786],[-75.58827093028567,6.2949488950389885],[-75.58805669574859,6.295036377344389],[-75.58747117716604,6.295600803390648],[-75.58716429940856,6.295709949102023],[-75.58693717095404,6.296541926534639],[-75.58632073023342,6.297048892456771],[-75.58655241020374,6.297684877705174],[-75.58690772523707,6.2979681589674446],[-75.58648180791171,6.29814121596549],[-75.58634062855145,6.298473379178601],[-75.58667813289344,6.298268978656797],[-75.5869480115057,6.29851345183058],[-75.5865507347642,6.29888316947625],[-75.58657329766187,6.2991761606582966],[-75.58637159823624,6.299164111487515],[-75.58610916539082,6.299498645379694],[-75.58628241994957,6.299597289074422],[-75.5861847708589,6.29997903680888],[-75.58628494205178,6.300038568105196],[-75.58606417828736,6.300145297320892],[-75.58675051711838,6.300562692640173],[-75.5864674145351,6.300978017514794],[-75.58658346154961,6.301223186552776],[-75.58615385196148,6.301482197169609],[-75.58640732627728,6.301867322924013],[-75.58596417551257,6.30247610203289],[-75.58565992157783,6.302567094332858],[-75.58514130035293,6.30228961456268],[-75.58483839718738,6.302874455771783],[-75.58474404112974,6.302835626964412],[-75.58462785520395,6.302979258315815],[-75.58426476173273,6.302822363746286],[-75.58385519396681,6.303158585578188],[-75.58395460015716,6.303537533332109],[-75.58386675753852,6.304061720480823],[-75.58412387586992,6.304849076238937],[-75.58446687542757,6.304876788439636],[-75.58462231359253,6.305163043703199],[-75.58561826850038,6.305268670321601],[-75.58573352942236,6.305653167142246],[-75.58588414292412,6.305695815405949],[-75.58576096804413,6.3060060375141695],[-75.5860000835727,6.30625358796739],[-75.58563162889006,6.306750917047754],[-75.58602214724641,6.306796512259149],[-75.58603375602905,6.3070337019853575],[-75.58641101373456,6.307098055358039],[-75.58692295646469,6.307596844152015],[-75.58692724640794,6.30773030360079],[-75.58657392409376,6.308033394814816],[-75.58644630952617,6.308768167121288],[-75.5862560300646,6.309105449137693],[-75.58645782729069,6.30924112808362],[-75.58655202545484,6.309518285357619],[-75.58696522101523,6.3095045456298955],[-75.58693668449718,6.309679894052843],[-75.58677300248416,6.309660408904559],[-75.58685814861288,6.309828616282315],[-75.5865068207213,6.309872294625031],[-75.58646766905338,6.310038751780741],[-75.58605026757502,6.31006267040306],[-75.58469462236832,6.309266400662225],[-75.58443485332722,6.309366990496946],[-75.58340350571852,6.309229292640215],[-75.58301426395361,6.3094179469682174],[-75.58261277119772,6.309394867405063],[-75.58231528351624,6.309161684075395],[-75.58164012123373,6.308962995839506],[-75.58095091157728,6.309242548684079],[-75.58054214701775,6.309541203943534],[-75.57940359041771,6.309951143121103],[-75.57867650505227,6.310464541062842],[-75.57796816247156,6.310504744930383],[-75.577641226942,6.310742493346935],[-75.57703685849046,6.310750929811729],[-75.5764569020091,6.311236086320249],[-75.57608347403665,6.311148663249994],[-75.57584098120228,6.310922804856163],[-75.57566742627712,6.31105362949059],[-75.57524085114116,6.310853130649355],[-75.57391308191897,6.310705969841184],[-75.5735074451968,6.310846786014028],[-75.57278038596758,6.310637563795408],[-75.57227263060217,6.310702682713126],[-75.57181906633943,6.310971392717755],[-75.57163469397838,6.310801360317327],[-75.57157511914076,6.310558951162204],[-75.5714031506199,6.310496448376684],[-75.57082846847912,6.310817940769914],[-75.56969474122067,6.310898792804903],[-75.56873388472277,6.312240191777699],[-75.56821720886495,6.312299200145137],[-75.56789860083033,6.312141572617766],[-75.56730564733792,6.312667321973643],[-75.56678796915438,6.312607841126153],[-75.56612405471127,6.312845955692163]],[[-75.53894629405457,6.264481780173774],[-75.53892838472923,6.26441664512933],[-75.53895505309426,6.264555452750024],[-75.53894629405457,6.264481780173774]],[[-75.62839204235355,6.263486491765515],[-75.62802625946775,6.262785124036527],[-75.62808874892714,6.262293793376006],[-75.62776599811372,6.262016700697704],[-75.62772632116373,6.261548471251602],[-75.62729958467025,6.261502223793605],[-75.62723063770164,6.2608814420228125],[-75.6268526182552,6.2605398253091735],[-75.62672517809264,6.260125250786501],[-75.62643540382598,6.259742235439263],[-75.62572258261225,6.258997030872854],[-75.62524920465118,6.2589555886607675],[-75.62485883471788,6.25859621590107],[-75.62337675658684,6.257687113726707],[-75.62339132883916,6.2584561046731295],[-75.62276073228105,6.259533087697942],[-75.62351898964853,6.260330568922534],[-75.62318861736098,6.261158315810101],[-75.6234892918615,6.261851278038846],[-75.62382756993738,6.262108989711031],[-75.62416464821246,6.261836613887446],[-75.62401901598118,6.26160485613879],[-75.62410385925837,6.261557845007744],[-75.62537985048135,6.262150546257076],[-75.62578385095463,6.2621197011299525],[-75.62590956784638,6.262295030072943],[-75.62597682390665,6.262804704967105],[-75.62641184739728,6.263333453427468],[-75.62666040700717,6.263368973661234],[-75.6271707760114,6.262937883770244],[-75.62737494477472,6.262937859125081],[-75.62805415050924,6.263955378205518],[-75.62839204235355,6.263486491765515]],[[-75.53991285976645,6.242913413973045],[-75.53990665169731,6.242911311139623],[-75.53993221264156,6.242918317581454],[-75.53991285976645,6.242913413973045]],[[-75.61624912629684,6.240471137770284],[-75.61626989349472,6.240233434294244],[-75.61626205298863,6.240230596548839],[-75.61626186308594,6.240234200167667],[-75.61624912629684,6.240471137770284]],[[-75.61627796082574,6.237898225233251],[-75.61626884296032,6.2378939400931435],[-75.61628386834306,6.2379042358995775],[-75.61627796082574,6.237898225233251]],[[-75.61512020112403,6.236759840712669],[-75.6149917946974,6.236671323518616],[-75.61490234829542,6.236619201960431],[-75.61498811571384,6.236669454108134],[-75.61512020112403,6.236759840712669]],[[-75.61402099752112,6.236708311969107],[-75.61392725164524,6.236664922172193],[-75.61391296610326,6.236670459023984],[-75.61402099752112,6.236708311969107]]]]}},{"type":"Feature","properties":{"MUNICIPIO":"SABANETA"},"geometry":{"type":"Polygon","coordinates":[[[-75.5979691538194,6.148423101224501],[-75.59819927096288,6.148651951217221],[-75.59859696420467,6.148230578558208],[-75.59889592730433,6.148538861444332],[-75.59883580597274,6.148771418664615],[-75.59907775994833,6.149051715528537],[-75.59994497577176,6.1482858472834145],[-75.6001949979816,6.148573029414865],[-75.59947732755289,6.149202736404967],[-75.59918978601816,6.149629430179218],[-75.59938485103841,6.149913083886198],[-75.60000177608445,6.149862515321176],[-75.60000521622433,6.149950689072004],[-75.60028170184147,6.150041549140162],[-75.60064047792517,6.149490851827415],[-75.60094150864371,6.1496793258968205],[-75.60086249106376,6.149794545113019],[-75.60109002779934,6.149944370765138],[-75.6012857705246,6.1496483597929394],[-75.60128613386985,6.149275027825306],[-75.60148604406253,6.149134111846826],[-75.60170495791323,6.14962813225842],[-75.60178025501976,6.150425201777463],[-75.6019279839477,6.1504511655759595],[-75.60180548421584,6.150588872202683],[-75.60188572613657,6.1508839453172754],[-75.60240406971671,6.151461386067622],[-75.6019757414417,6.152173070524748],[-75.60017409919476,6.150799234946039],[-75.5992161367275,6.151464580898641],[-75.59907519727815,6.1513248536222],[-75.59885435983864,6.151385284756059],[-75.59855569264222,6.15079703743426],[-75.59896202846468,6.150633194296057],[-75.59878981832308,6.1503296697839644],[-75.59902813745428,6.1502197479500555],[-75.5987360792771,6.149913835000973],[-75.5989251607499,6.149599921761864],[-75.59863170767417,6.149465303917974],[-75.59848904283213,6.149797342132537],[-75.59819723766971,6.149798202391426],[-75.59829697386772,6.149751613849929],[-75.59818425101967,6.149514389003033],[-75.59838218883272,6.149308370189346],[-75.59785428150764,6.149117831807235],[-75.5975025258225,6.148691257290524],[-75.5976909071697,6.148537727873883],[-75.59774323672507,6.148225977198476],[-75.59800420384882,6.148229027587543],[-75.5979691538194,6.148423101224501]]]}},{"type":"Feature","properties":{"MUNICIPIO":"SABANETA"},"geometry":{"type":"Polygon","coordinates":[[[-75.61321486094354,6.14494867702149],[-75.61446371313104,6.144418062251023],[-75.61427938547283,6.144396165266501],[-75.6141228112484,6.143797894426896],[-75.61390804085754,6.143677172879504],[-75.61400584676882,6.143400199517457],[-75.61391728327469,6.143243662819503],[-75.61406070704615,6.143263716046185],[-75.61398152909942,6.143136905163929],[-75.6136728104131,6.143456293330904],[-75.61391963699148,6.143714915958275],[-75.6136393980334,6.144003754088937],[-75.61349894261859,6.143631257947731],[-75.61325264306068,6.143848715094999],[-75.61352831318338,6.144120522778541],[-75.61340904954336,6.1442765958414824],[-75.61299023433865,6.144699311731838],[-75.61279644192142,6.144422727841833],[-75.61323669943013,6.143831124928916],[-75.6138233564492,6.1431619300961655],[-75.61414155417584,6.142911456622592],[-75.61358946824357,6.142276881741715],[-75.61351773421764,6.1423403134452235],[-75.61331684403541,6.142081649268771],[-75.613067384992,6.142021542270678],[-75.61329394276837,6.141872109739539],[-75.61328845697237,6.141763751970818],[-75.61271040316548,6.141207034481791],[-75.61242250356747,6.140438289477811],[-75.61307317297228,6.1401859207661404],[-75.61335001236624,6.140523374985117],[-75.6136423442804,6.140560400699052],[-75.61358575436172,6.140662497423101],[-75.61369813591075,6.140827515638383],[-75.61462368328932,6.141411432921027],[-75.6148478053183,6.141363657495102],[-75.6148678540635,6.140815542918201],[-75.61488236192501,6.140789011873175],[-75.61490561327224,6.140781892597083],[-75.61513657827822,6.141394877394561],[-75.61553614370378,6.141866920124296],[-75.6163128618031,6.142159871829783],[-75.61663052538619,6.141764823630086],[-75.6166916914971,6.1407672190011535],[-75.6180312618424,6.140743380550928],[-75.61817900612559,6.140373339561887],[-75.61885070078692,6.14069018285011],[-75.61977727937645,6.140724973728728],[-75.62010605311238,6.140530562485152],[-75.62013548213908,6.140263680245782],[-75.6203171317247,6.140024880879241],[-75.62099925184178,6.139674522934979],[-75.62092404076797,6.13903232388062],[-75.62141217878498,6.13923122042551],[-75.62152441111704,6.139150026608681],[-75.62214447866577,6.13924113677671],[-75.62210726603259,6.139448903460871],[-75.62239932035271,6.13939843196394],[-75.62255491438208,6.1392080412912895],[-75.62292952133673,6.13940281155687],[-75.62355032514911,6.14021080501312],[-75.62370504217851,6.140863393070153],[-75.62396031481775,6.141198239690458],[-75.62255328379965,6.142877525052324],[-75.62256751423206,6.143047307678413],[-75.62292720724787,6.143114675234962],[-75.62329577994593,6.142881436286249],[-75.62331189720217,6.143312793778066],[-75.62347891625818,6.143353331962787],[-75.62431754044755,6.142815786293971],[-75.62403699006276,6.143264100744112],[-75.62383564441909,6.14393802782318],[-75.62399384706785,6.144010479715123],[-75.62436352952491,6.143888361963503],[-75.62478641395833,6.144095002011603],[-75.62479135022687,6.14436067605782],[-75.62448702611172,6.14485429327006],[-75.62503132926678,6.1452785537038395],[-75.62538917186502,6.144870009849758],[-75.62529244555492,6.143642501536411],[-75.62571116899774,6.143309534503382],[-75.62591972796818,6.143539254598334],[-75.62578181364185,6.14436012495281],[-75.6260783306528,6.1451792069644675],[-75.6262227859311,6.145224186161484],[-75.6267037902804,6.145045168055104],[-75.62668766346584,6.1444648924980525],[-75.62682507469442,6.144196309760728],[-75.62685025982681,6.144633815921353],[-75.62704869155763,6.144861686408228],[-75.62720829173104,6.144871521741572],[-75.62695076216527,6.145756108962932],[-75.62705912576399,6.146018765253317],[-75.62748444431284,6.145979833727925],[-75.62769439299892,6.146618413588617],[-75.62758938264314,6.146669617623371],[-75.628103303836,6.147282446152804],[-75.62832012674278,6.147100902428033],[-75.62829002131005,6.148454071468383],[-75.62855403631553,6.148634888185896],[-75.6285235834201,6.1488539978170556],[-75.62863848420328,6.149004175837209],[-75.62882417134688,6.149079357750272],[-75.62954417503435,6.148646834097456],[-75.62995672000334,6.149038849081629],[-75.6302422958939,6.149134471806895],[-75.63110684083395,6.148915578765031],[-75.63250569982387,6.14903736686828],[-75.6326114251789,6.149188647413451],[-75.63273442516947,6.149162005327237],[-75.63276095829481,6.149681721156898],[-75.63402826151432,6.150286356179546],[-75.63402409792505,6.150572209806113],[-75.63342231710871,6.151480014849671],[-75.63294841942582,6.151887762494167],[-75.6320471712418,6.152128813232802],[-75.631764045029,6.152097414799672],[-75.62832325415178,6.152668629169215],[-75.62693830611,6.15313266073855],[-75.62623320164194,6.153520252654315],[-75.6253272033175,6.153514023548955],[-75.62481730901906,6.153689495512041],[-75.6245918795768,6.153914783765428],[-75.62119165541591,6.155904046361374],[-75.61793509268682,6.156887432395354],[-75.60896867110402,6.161856189070899],[-75.6072003700348,6.162536023838947],[-75.60585265994673,6.1627978649460875],[-75.60512526486073,6.163178629765984],[-75.6020883768204,6.160120066186848],[-75.60332231591256,6.15955402922506],[-75.60430670844977,6.158004204738959],[-75.6040719006115,6.157623616023036],[-75.60383893514673,6.15686976282882],[-75.60365616287432,6.155345847630819],[-75.60325554935324,6.15499155267074],[-75.60319079593381,6.155084310718232],[-75.60299563866654,6.155038778268622],[-75.60288115062654,6.15466596554451],[-75.60298835454326,6.154475672722495],[-75.60274086966243,6.154144075203699],[-75.60299103684774,6.153849708237146],[-75.60293036907748,6.153636383094616],[-75.60323916544333,6.153127280154568],[-75.60345725561892,6.151990186832794],[-75.60300545328604,6.151608189933781],[-75.6026431585969,6.1506096036273155],[-75.6025451106719,6.1499144241790615],[-75.60325546254172,6.149297725974712],[-75.60338336461592,6.150247933310032],[-75.6039033322201,6.1510917521449855],[-75.6036441114399,6.151890487718802],[-75.60410951822253,6.1523009353932405],[-75.605097841159,6.1526745552961515],[-75.60509280431278,6.152183968636466],[-75.60533754469023,6.151792568005659],[-75.605123364589,6.15159106470282],[-75.6050947156699,6.150887844959873],[-75.60496963149266,6.150936842876111],[-75.60484056453882,6.150592806973924],[-75.6053134467083,6.150403549090319],[-75.6055900749144,6.1504910393806895],[-75.60585069620193,6.150308428477852],[-75.60608106674236,6.15032112916067],[-75.60615934968018,6.150134955567466],[-75.60645860494361,6.150262854405432],[-75.60671679600514,6.149908266091792],[-75.60706048283855,6.149860863183309],[-75.60721056491447,6.149663077999475],[-75.60697436791176,6.14902705127512],[-75.60728661541629,6.149149980031381],[-75.60737077394299,6.148997772569855],[-75.6072326696841,6.148836010224448],[-75.60720184232038,6.14834327649455],[-75.6076132513,6.148341807842364],[-75.60795769170097,6.148041748669049],[-75.60823924431406,6.148175080815353],[-75.60846253445676,6.147933732809816],[-75.6081948638243,6.147615688101161],[-75.60866200074386,6.147956474185397],[-75.60958452597494,6.147758998687422],[-75.60994163096852,6.148285774536815],[-75.61193051827614,6.14749507527019],[-75.61195924101303,6.148121541021239],[-75.61260066053971,6.148427747633574],[-75.61315223038689,6.148471643871262],[-75.61331832308174,6.148352742447253],[-75.61336300142253,6.148020698190158],[-75.613635092735,6.148175000471528],[-75.61413109845678,6.148888250166536],[-75.61459362258788,6.148757890302949],[-75.61492259484504,6.148508421975722],[-75.61519135676684,6.148548080877893],[-75.61570165619399,6.148138023667563],[-75.61582993085023,6.147685853704037],[-75.61571119618691,6.147041780276313],[-75.61589842513641,6.146791304516141],[-75.61567328070556,6.146339712343355],[-75.6153911614922,6.146262146200441],[-75.6152320287859,6.1458562119581215],[-75.61464620545571,6.146199610374203],[-75.61467950462246,6.145791898708144],[-75.61535918967282,6.145265782135119],[-75.61576814826536,6.145102334891083],[-75.61556207267952,6.144640091335435],[-75.61546094130456,6.1446690045605985],[-75.6154388374394,6.144887179746804],[-75.61507523548043,6.144852388887146],[-75.61328986244585,6.145257552456164],[-75.61321486094354,6.14494867702149]],[[-75.62147801234987,6.1421411994718875],[-75.62152951346292,6.140998413986384],[-75.62096612997482,6.141060668090734],[-75.6209295441676,6.14158158047136],[-75.62077287908569,6.141674954700338],[-75.62147801234987,6.1421411994718875]]]}},{"type":"Feature","properties":{"MUNICIPIO":"SABANETA"},"geometry":{"type":"Polygon","coordinates":[[[-75.60897899484593,6.1432876068223905],[-75.60963204228267,6.142923417296933],[-75.60934708362342,6.141999658978334],[-75.60881874612245,6.142041648196201],[-75.60857999838294,6.142374112979001],[-75.60810922123525,6.1426153557140335],[-75.60791235279564,6.142292442067364],[-75.6076263018151,6.142490038099208],[-75.60732875491348,6.142522930989396],[-75.60712352282533,6.142439432245882],[-75.60727001455578,6.14199360541617],[-75.60712571567969,6.141854108905952],[-75.6068609225459,6.141843597390757],[-75.60687197712033,6.1417260064841015],[-75.60654415064072,6.14177051994083],[-75.60658938823859,6.141576375820931],[-75.60726845575708,6.141341016977804],[-75.60740803593777,6.140921048669455],[-75.60783393688803,6.140446846951459],[-75.60817424232364,6.140659246139284],[-75.60863335239536,6.1402356491765975],[-75.60897333016676,6.140223669942102],[-75.60922358071566,6.140720897176758],[-75.60981149586998,6.140836080383668],[-75.60995407252281,6.140844746145481],[-75.60985004989534,6.140774510652796],[-75.609894041497,6.140448156807229],[-75.61015362167164,6.140446463222399],[-75.61020424408498,6.140218761296748],[-75.61113424966412,6.1403379889436325],[-75.6114009066021,6.1404667538813005],[-75.61138437328822,6.140625383220589],[-75.61162657504566,6.140714974909461],[-75.61141469222196,6.140979849264057],[-75.6114355470276,6.141210207159115],[-75.61159375702582,6.141249192551567],[-75.61176700424667,6.141681767701482],[-75.61137450751391,6.14188600639952],[-75.61134022521827,6.141770639742883],[-75.61092506780977,6.141721001657937],[-75.61086288797698,6.142297868486728],[-75.61108711422669,6.142292132872803],[-75.61117402214927,6.1426774929224885],[-75.61096014439103,6.142642261005956],[-75.61068449902268,6.142948637966429],[-75.61029795047801,6.142111888834726],[-75.6098913619192,6.142417419367181],[-75.6101781542526,6.143552527693288],[-75.61008755697495,6.143575283337693],[-75.6100752002616,6.143808588165413],[-75.61032127169017,6.1440684861140875],[-75.60998607630022,6.144759137944308],[-75.60841631874332,6.144150597042054],[-75.60897899484593,6.1432876068223905]]]}},{"type":"Feature","properties":{"MUNICIPIO":"SABANETA"},"geometry":{"type":"Polygon","coordinates":[[[-75.63026448665734,6.142219055321619],[-75.63038751908232,6.141780456933748],[-75.63024334790018,6.1416862226771585],[-75.63022062361499,6.141463046355794],[-75.63037227575992,6.141165733460397],[-75.62991047428363,6.141040918720192],[-75.62961202750844,6.140547469430029],[-75.62930936457434,6.1402131310762895],[-75.62919287884995,6.140219619869676],[-75.62925245694396,6.140049114696004],[-75.62892014228865,6.140097966965733],[-75.62890940892463,6.1399289718240535],[-75.62920572459612,6.139900214657242],[-75.62909111770388,6.138885748532251],[-75.62821879060242,6.138879161282843],[-75.62805205132453,6.138537436505425],[-75.6284063535907,6.1384243987418134],[-75.62846721590871,6.138139049077199],[-75.6282556162422,6.138013197562782],[-75.62833898100139,6.137778992644614],[-75.6287412604885,6.1377237874186665],[-75.62885331064585,6.137525929159534],[-75.62911903829642,6.1374387728275694],[-75.6292023090329,6.137066524129603],[-75.62943609235815,6.1372213551093315],[-75.6294333267871,6.136797507366484],[-75.62919314967068,6.136705116275107],[-75.62923204009917,6.136551219989464],[-75.63045792929469,6.137200725026661],[-75.63031715874692,6.136700077880067],[-75.63011467695152,6.136513459770479],[-75.6302455763256,6.135599434766761],[-75.63017310070119,6.135493857759897],[-75.63097028858937,6.1353038930468555],[-75.63084403397264,6.137244710963326],[-75.63098153905861,6.137204516958342],[-75.6309604882312,6.137771873758982],[-75.6314045544034,6.13777058487409],[-75.63138545116375,6.1381088056365245],[-75.63165689920073,6.139233744962466],[-75.6314696341163,6.140270052190466],[-75.63099667795342,6.140788303055266],[-75.63106712940294,6.141127545142347],[-75.63135395911128,6.141267946791096],[-75.63113223584266,6.141965880384255],[-75.63055426498832,6.142189844492741],[-75.63026448665734,6.142219055321619]]]}}]}