{"type":"FeatureCollection","features":[{"type":"Feature","properties":{"RIO":0,"N_QUEBRADA":"QUEBRADA LA MAGDALENA"},"geometry":{"type":"LineString","coordinates":[[-75.60254627804238,6.246508045177067],[-75.60133280219087,6.247229504596268],[-75.59855041744625,6.247214473984245],[-75.59755512346554,6.248032797142052],[-75.59555550042221,6.247835203332742],[-75.5934443949018,6.248988463366717],[-75.59164270117255,6.248762666169632],[-75.59011263146841,6.2500648967247985],[-75.58866745056737,6.2498859022744115],[-75.58781074708234,6.253108245295061],[-75.58600154172224,6.252447888232462],[-75.58180243142415,6.252795014622604]]}},{"type":"Feature","properties":{"RIO":0,"N_QUEBRADA":"QUEBRADA LA TEBAIDA"},"geometry":{"type":"LineString","coordinates":[[-75.54023608511176,6.275426544032987],[-75.54423354827416,6.2749148803043955],[-75.54652939271402,6.276893404529064],[-75.54943645296136,6.275795311132436],[-75.55078912037604,6.276595370251101],[-75.55462229670077,6.276420255502353],[-75.55726828840709,6.277250017867023],[-75.55754890206165,6.276079755903924],[-75.56072089726409,6.276607684819671],[-75.56191474426903,6.2777139169111145]]}},{"type":"Feature","properties":{"RIO":0,"N_QUEBRADA":"QUEBRADA ZUÑIGA"},"geometry":{"type":"LineString","coordinates":[[-75.54476709138608,6.1744221443474245],[-75.55077979490214,6.175939742538812],[-75.55503667779621,6.175148383709131],[-75.56175408859114,6.176346354051688],[-75.56366736365432,6.175718432723183],[-75.56472565705172,6.1764654435858],[-75.56606307756721,6.176330569373418],[-75.56895028064538,6.178845414803512],[-75.57272273333085,6.179485452689547],[-75.57587730831085,6.181897278388964]]}},{"type":"Feature","properties":{"RIO":0,"N_QUEBRADA":"QUEBRADA LA MALPASO"},"geometry":{"type":"LineString","coordinates":[[-75.59645554211941,6.293613638488773],[-75.59425492699106,6.292362447963955],[-75.59031801269062,6.28780661593608],[-75.59051304094952,6.285053094540642],[-75.58842494280708,6.283979380592337],[-75.5870639842254,6.282157434294152],[-75.5861024868847,6.278465030326],[-75.58390101320099,6.277876973569897],[-75.58221749434779,6.275621464193533],[-75.58180425028316,6.272531001314749]]}},{"type":"Feature","properties":{"RIO":0,"N_QUEBRADA":"QUEBRADA LA CHUSCALA"},"geometry":{"type":"LineString","coordinates":[[-75.2951965451465,6.425074653371234],[-75.29604528943277,6.4253109375440856],[-75.2952676805265,6.4263833916118385],[-75.29600302232448,6.426555712222399],[-75.29632256008962,6.427484964150785],[-75.29579989841251,6.427829844960974],[-75.29662729769903,6.428283769589134],[-75.29596887202611,6.428896799625354],[-75.29615870223735,6.430371412295578]]}},{"type":"Feature","properties":{"RIO":0,"N_QUEBRADA":"QUEBRADA ANA DIAZ"},"geometry":{"type":"LineString","coordinates":[[-75.61990378901396,6.244214348104675],[-75.61817547769698,6.243664140451397],[-75.61203523668961,6.245725356114575],[-75.60994663580747,6.245616931636155],[-75.60599394164308,6.248288284466891],[-75.60359526822062,6.248505741988693],[-75.60079874211338,6.250202799653431],[-75.5978996805999,6.254341741625347],[-75.59633737081691,6.255000290766878]]}},{"type":"Feature","properties":{"RIO":0,"N_QUEBRADA":"QUEBRADA LA AYURA"},"geometry":{"type":"LineString","coordinates":[[-75.58064968997692,6.170291925010964],[-75.5802363633656,6.171911612438778],[-75.5809459499956,6.174410808325748],[-75.58024702715191,6.176551853923249],[-75.58167707518804,6.182061787857024],[-75.58307460920676,6.183405764837842],[-75.58275958183022,6.1848489807483285],[-75.58357632610047,6.186385604651432],[-75.58289367973191,6.188212020000153]]}},{"type":"Feature","properties":{"RIO":0,"N_QUEBRADA":"QUEBRADA LA PICACHA"},"geometry":{"type":"LineString","coordinates":[[-75.61099452545396,6.23358359889113],[-75.6081647104423,6.233222846959869],[-75.60524420292346,6.234326983505297],[-75.60135701522488,6.233992641716498],[-75.6000968023058,6.233005823163374],[-75.59788667198947,6.233456765451852],[-75.5941926296476,6.238253753828602],[-75.58738702879783,6.238612040840434],[-75.58619211584602,6.239838927543216]]}},{"type":"Feature","properties":{"RIO":0,"N_QUEBRADA":"QUEBRADA LA MATEA"},"geometry":{"type":"LineString","coordinates":[[-75.61560218169242,6.241596791061762],[-75.61384363995862,6.241637001098788],[-75.61292704971794,6.2426432477900216],[-75.60206100512004,6.24053487792396],[-75.59899177795805,6.241606070847698],[-75.5969864451163,6.241474801535843],[-75.59376152835414,6.243305495332286],[-75.59250945978792,6.242154079376415]]}},{"type":"Feature","properties":{"RIO":0,"N_QUEBRADA":"QUEBRADA LA PAULITA"},"geometry":{"type":"LineString","coordinates":[[-75.56162804174744,6.17938564231855],[-75.56383574159086,6.181617562103206],[-75.56563814115076,6.181428929336903],[-75.5673863276539,6.183871038038612],[-75.57207592286618,6.185451538606601],[-75.57367793785274,6.18481318601043],[-75.57756840099516,6.184889251263905],[-75.57883742975407,6.183254508062651]]}},{"type":"Feature","properties":{"RIO":0,"N_QUEBRADA":"QUEBRADA LA TABLAZA"},"geometry":{"type":"LineString","coordinates":[[-75.61370310067026,6.1835770180691325],[-75.61270313776409,6.182922806068973],[-75.61246554980202,6.1805211886968365],[-75.61157308041525,6.180303411785046],[-75.61215747360656,6.17866434671812],[-75.61126602102777,6.177141870875907],[-75.61174374319063,6.175637475762302]]}},{"type":"Feature","properties":{"RIO":0,"N_QUEBRADA":"QUEBRADA LA MILAGROSA"},"geometry":{"type":"LineString","coordinates":[[-75.55381628243762,6.235307141626203],[-75.55504980568651,6.236789112047622],[-75.55419487695329,6.238426014055173],[-75.55481918480035,6.2387659503896575],[-75.55424917028596,6.239967986172276],[-75.55493766220064,6.240348466529457],[-75.55359602352972,6.243042861811583]]}},{"type":"Feature","properties":{"RIO":0,"N_QUEBRADA":"QUEBRADA EL AHORCADO"},"geometry":{"type":"LineString","coordinates":[[-75.55270630980141,6.261414617658123],[-75.55526718149243,6.2607467531337235],[-75.55696622430324,6.26285208241274],[-75.55953347678057,6.264273412458894],[-75.56405280228992,6.263951161406762],[-75.57147868507482,6.265083671884817],[-75.57197623979039,6.265687034849542]]}},{"type":"Feature","properties":{"RIO":0,"N_QUEBRADA":"ALIVIADERO LA MATEA"},"geometry":{"type":"LineString","coordinates":[[-75.59250945978792,6.242154079376415],[-75.59198896173795,6.241787338701693],[-75.5917230361384,6.243435571868667],[-75.59006596873697,6.2445785659882285],[-75.58649507981738,6.243225103407227],[-75.58441464939108,6.245090857904489],[-75.58237745694494,6.243443527636213]]}},{"type":"Feature","properties":{"RIO":0,"N_QUEBRADA":"QUEBRADA LA LOMA 1"},"geometry":{"type":"LineString","coordinates":[[-75.55762007930508,6.220785193321356],[-75.55955849231873,6.218734709183706],[-75.55918384931229,6.2178680033660765],[-75.56026982413542,6.217278449570049],[-75.5609815648556,6.215153923484766],[-75.56185368190653,6.215386964918847],[-75.56308048690175,6.214485841110134]]}},{"type":"Feature","properties":{"RIO":0,"N_QUEBRADA":"QUEBRADA DOÑA MARIA"},"geometry":{"type":"LineString","coordinates":[[-75.59939664177456,6.181724586889286],[-75.59687002622911,6.180779317850891],[-75.59537044499481,6.181225590861258],[-75.59476032632648,6.182722821575496],[-75.59349043498555,6.182369183495771],[-75.59233715738436,6.1809308777306065],[-75.59076913669445,6.18097724915661]]}},{"type":"Feature","properties":{"RIO":0,"N_QUEBRADA":"QUEBRADA MINITAS"},"geometry":{"type":"LineString","coordinates":[[-75.58608213704252,6.298605654647184],[-75.58335933779213,6.297348733775427],[-75.58066812716488,6.2975770283831345],[-75.57865880742601,6.296859865249425],[-75.5784316607073,6.297491139448208],[-75.57533036544511,6.296439087707302],[-75.57572404411835,6.29367613198268]]}},{"type":"Feature","properties":{"RIO":0,"N_QUEBRADA":"QUEBRADA LA CANTERA"},"geometry":{"type":"LineString","coordinates":[[-75.58867953414126,6.298917077530497],[-75.58656520966022,6.297703454277685],[-75.584776876572,6.293845441324505],[-75.58239156227204,6.292004100111751],[-75.58154016823653,6.292096935003613],[-75.57706966168213,6.2878891054069825],[-75.57695853041679,6.286183766207408]]}},{"type":"Feature","properties":{"RIO":0,"N_QUEBRADA":"QUEBRADA LA HONDA"},"geometry":{"type":"LineString","coordinates":[[-75.60224413342367,6.150816776741476],[-75.60516634589958,6.15292227331153],[-75.60742764477496,6.151891581619213],[-75.60880382026293,6.152638033300572],[-75.61039158607853,6.1544508304112036],[-75.60954665419366,6.156771609982011],[-75.6101891702405,6.157566241563734]]}},{"type":"Feature","properties":{"RIO":0,"N_QUEBRADA":"QUEBRADA AGUA FRIA"},"geometry":{"type":"LineString","coordinates":[[-75.63702825594099,6.298175114653364],[-75.63707685312905,6.295471768810199],[-75.63834984929797,6.292985519526094],[-75.63870307378407,6.290390625862444],[-75.6395897584679,6.289916486534615],[-75.64088145856562,6.287305318379947],[-75.6402521537295,6.285654111691288]]}},{"type":"Feature","properties":{"RIO":0,"N_QUEBRADA":"QUEBRADA AGUA FRIA"},"geometry":{"type":"LineString","coordinates":[[-75.62722528192145,6.314877625641951],[-75.62989182343897,6.314999660540091],[-75.62968493173422,6.307748379395039],[-75.6307974629631,6.307171440664657],[-75.63186860950174,6.305152481583133],[-75.6338052060439,6.304039827514747],[-75.63457075428143,6.301894319943089]]}},{"type":"Feature","properties":{"RIO":0,"N_QUEBRADA":"QUEBRADA LA VOLCANA"},"geometry":{"type":"LineString","coordinates":[[-75.55905201292903,6.190220041545881],[-75.5651231983846,6.191786143377704],[-75.5661572556129,6.193917659256778],[-75.56856046305691,6.1959346429700535],[-75.57355031146754,6.19856109524869],[-75.57567290711687,6.198264675658324],[-75.57755658336825,6.199856021534604]]}},{"type":"Feature","properties":{"RIO":0,"N_QUEBRADA":"QUEBRADA LA MOÑONGA"},"geometry":{"type":"LineString","coordinates":[[-75.59945520171613,6.291498572167349],[-75.59925013920781,6.290322758352165],[-75.5965910972625,6.287490960378027],[-75.5957667560205,6.28211675243962],[-75.59382548799037,6.2802123016942675],[-75.59288536261833,6.277281397647712],[-75.59182809152574,6.27719914274799]]}},{"type":"Feature","properties":{"RIO":0,"N_QUEBRADA":"QUEBRADA LA MADERA"},"geometry":{"type":"LineString","coordinates":[[-75.572536339342,6.31074245165689],[-75.56974105856425,6.310870160091512],[-75.56876412316642,6.3122216865230065],[-75.56614671478208,6.31284207147306],[-75.5644226756596,6.311901871795417],[-75.55860960256908,6.312298439457486],[-75.55629357995643,6.3113675210499505]]}},{"type":"Feature","properties":{"RIO":0,"N_QUEBRADA":"QUEBRADA EL DIAMANTE"},"geometry":{"type":"LineString","coordinates":[[-75.29366059481892,6.509378488745439],[-75.2896356922918,6.512646969915331],[-75.28527661112201,6.5133058171936],[-75.28331978957172,6.51564084603686],[-75.27941285408328,6.517542702289827],[-75.27802957432213,6.51753246944453],[-75.27607727824939,6.519479841327022]]}},{"type":"Feature","properties":{"RIO":0,"N_QUEBRADA":"QUEBRADA LA ROSA"},"geometry":{"type":"LineString","coordinates":[[-75.54158433045853,6.29465709286091],[-75.54205602130801,6.29300215472076],[-75.5438977184571,6.292706209104723],[-75.5446848386956,6.291576686798163],[-75.55080292579474,6.29180639569471],[-75.55248529052663,6.291261057464739],[-75.55305912396743,6.29005262004993]]}},{"type":"Feature","properties":{"RIO":0,"N_QUEBRADA":"QUEBRADA EL CURRUCAO"},"geometry":{"type":"LineString","coordinates":[[-75.45629432560486,6.357447634409296],[-75.45784497059309,6.3612346444525345],[-75.45910367898426,6.361853143301861],[-75.45939644237446,6.363358127432318],[-75.46149535693452,6.364190165927494],[-75.46202911526213,6.3660369462799045]]}},{"type":"Feature","properties":{"RIO":0,"N_QUEBRADA":"CAÑO SAN RAFAEL"},"geometry":{"type":"LineString","coordinates":[[-75.54460626940893,6.194953438556463],[-75.54688885078937,6.1953597613954905],[-75.55022203121362,6.198175045794865],[-75.55245266805476,6.197777938466535],[-75.55537643511956,6.198521133943019],[-75.55769499496814,6.197885351371843]]}},{"type":"Feature","properties":{"RIO":0,"N_QUEBRADA":"QUEBRADA SANTA ELENA"},"geometry":{"type":"LineString","coordinates":[[-75.56571220089988,6.249518910676295],[-75.56714856314217,6.250515012914336],[-75.56771131234112,6.252420767312602],[-75.57097220340663,6.253815626533789],[-75.57120540712245,6.2557908523624945],[-75.57245336628114,6.257724811450187]]}},{"type":"Feature","properties":{"RIO":0,"N_QUEBRADA":"QUEBRADA EL SALADO"},"geometry":{"type":"LineString","coordinates":[[-75.43767406116434,6.387054574637242],[-75.43700060277601,6.388248777202166],[-75.43795672820747,6.389226322299562],[-75.43785940817536,6.3904636839417455],[-75.43959665042304,6.391421163226286],[-75.43894383658926,6.392620226102363]]}},{"type":"Feature","properties":{"RIO":0,"N_QUEBRADA":"QUEBRADA TOSCANA"},"geometry":{"type":"LineString","coordinates":[[-75.57515046461376,6.307188528994536],[-75.57388187194213,6.307269256342483],[-75.5724368373694,6.3084996356040275],[-75.56630009564036,6.305929944573696],[-75.56341618073971,6.303816917793378],[-75.55695856931001,6.303444925008191]]}},{"type":"Feature","properties":{"RIO":0,"N_QUEBRADA":"QUEBRADA LA MONTAÑA"},"geometry":{"type":"LineString","coordinates":[[-75.61447104071695,6.313467387274982],[-75.61260768154165,6.312199170906363],[-75.6123300793437,6.311049729713222],[-75.61091494767496,6.3105193541467335],[-75.61140537094577,6.306618361612499],[-75.60886226635681,6.299884833015126]]}},{"type":"Feature","properties":{"RIO":0,"N_QUEBRADA":"QUEBRADA LA CUESTA"},"geometry":{"type":"LineString","coordinates":[[-75.49739515109619,6.397750076103035],[-75.49737451379737,6.396453158111874],[-75.49427544393411,6.393100373838503],[-75.49156209478129,6.392712564873789],[-75.48995760333642,6.391222494315445],[-75.48858041963283,6.391323967036093]]}},{"type":"Feature","properties":{"RIO":0,"N_QUEBRADA":"QUEBRADA LA LOCA"},"geometry":{"type":"LineString","coordinates":[[-75.5523999869502,6.254002240076858],[-75.55410817441246,6.252770951861364],[-75.55506419621638,6.250718419442501],[-75.55666401466252,6.250061450307102],[-75.55802573575198,6.250381732795046],[-75.56294183655125,6.2540386486821635]]}},{"type":"Feature","properties":{"RIO":0,"N_QUEBRADA":"QUEBRADA CHORRO HONDO"},"geometry":{"type":"LineString","coordinates":[[-75.5442202353901,6.248319649089983],[-75.54554509521375,6.246920692021331],[-75.54953949655335,6.246991833002209],[-75.55285583701932,6.2460440990975545],[-75.55435639387186,6.246448221012427],[-75.55521934563252,6.245186657685108]]}},{"type":"Feature","properties":{"RIO":0,"N_QUEBRADA":"QUEBRADA EL HATO"},"geometry":{"type":"LineString","coordinates":[[-75.68297262500872,6.2286724577369785],[-75.68167954873556,6.2282137344403665],[-75.68094526099033,6.226946283850257],[-75.680134227297,6.22721712438725],[-75.67929777373958,6.225397557050138],[-75.67836172206499,6.2251637606667884]]}},{"type":"Feature","properties":{"RIO":0,"N_QUEBRADA":"QUEBRADA EL SALADO"},"geometry":{"type":"LineString","coordinates":[[-75.43920568619316,6.380189377116134],[-75.44060833932475,6.383446112705707],[-75.43982412083498,6.384805544929764],[-75.44026376398865,6.386378663781574],[-75.43860867417882,6.387665682312404],[-75.43767406116434,6.387054574637242]]}},{"type":"Feature","properties":{"RIO":0,"N_QUEBRADA":"QUEBRADA LA ASTILLERA"},"geometry":{"type":"LineString","coordinates":[[-75.68121572017026,6.2438479015101365],[-75.68114702251398,6.240969876947593],[-75.68247808663934,6.2401588924138975],[-75.681694993651,6.2393810065052415],[-75.6809093799343,6.240280884330578],[-75.68009646103786,6.240155749656061]]}},{"type":"Feature","properties":{"RIO":0,"N_QUEBRADA":"QUEBRADA LOS AMIGOS"},"geometry":{"type":"LineString","coordinates":[[-75.64917827205716,6.312802544174948],[-75.64986045194112,6.310933557080134],[-75.65238697540374,6.308542001144051],[-75.65284176395993,6.306369092286412],[-75.65419841653012,6.305780630374734],[-75.6550054239018,6.303928415382793]]}},{"type":"Feature","properties":{"RIO":0,"N_QUEBRADA":"QUEBRADA MINITAS"},"geometry":{"type":"LineString","coordinates":[[-75.57572404411835,6.29367613198268],[-75.57367469210295,6.293003351377767],[-75.57410690964184,6.2917689561667665],[-75.5727420919748,6.291326402446753],[-75.57315133392287,6.290073990737856],[-75.56589402391099,6.286529739944674]]}},{"type":"Feature","properties":{"RIO":0,"N_QUEBRADA":"RIO ABURRA - MEDELLIN"},"geometry":{"type":"LineString","coordinates":[[-75.41427819122947,6.409102495572464],[-75.4138538294331,6.4057615962524395],[-75.41310743940711,6.404782525152087],[-75.41172401249945,6.40579201290822],[-75.41257541138329,6.408356897230545],[-75.41128261040109,6.408912172221571]]}},{"type":"Feature","properties":{"RIO":0,"N_QUEBRADA":"RIO ABURRA - MEDELLIN"},"geometry":{"type":"LineString","coordinates":[[-75.40435017497065,6.41383853853195],[-75.40350025659606,6.414338249778569],[-75.4028200684414,6.4138999018406055],[-75.40297371925386,6.41148317472139],[-75.40167655804011,6.411817130190038],[-75.40153709699553,6.4133674339414695]]}},{"type":"Feature","properties":{"RIO":0,"N_QUEBRADA":"QUEBRADA LA PAVA"},"geometry":{"type":"LineString","coordinates":[[-75.55103449506338,6.142298927024354],[-75.55365678180246,6.144248204761187],[-75.5558751712528,6.143437934786072],[-75.55843775785179,6.143859130442055],[-75.56074047875552,6.142858818153271],[-75.56214529366922,6.143549545775559]]}},{"type":"Feature","properties":{"RIO":0,"N_QUEBRADA":"QUEBRADA LA SECA"},"geometry":{"type":"LineString","coordinates":[[-75.53848220345878,6.348916525906765],[-75.53918026121221,6.3408670812721875],[-75.53857150308409,6.339264129482638],[-75.53634164103995,6.33770387221162],[-75.53450812897806,6.337480618643394],[-75.5346382788025,6.336606285116606]]}},{"type":"Feature","properties":{"RIO":0,"N_QUEBRADA":"QUEBRADA LOS BALSOS"},"geometry":{"type":"LineString","coordinates":[[-75.5595401395081,6.188502306032498],[-75.56970328463007,6.193362178202562],[-75.57101724728494,6.193206833260506],[-75.57538001731949,6.195734705015569],[-75.57785117565953,6.198516312651787],[-75.57755658336825,6.199856021534604]]}},{"type":"Feature","properties":{"RIO":0,"N_QUEBRADA":"QUEBRADA LA GUAYABALA"},"geometry":{"type":"LineString","coordinates":[[-75.58587249259826,6.218971739805869],[-75.58385745587475,6.224392834860293],[-75.58156184409756,6.224910818499089],[-75.57982617767335,6.229122265391369],[-75.57797980901249,6.230382396986475],[-75.5776112722253,6.233989871747411]]}},{"type":"Feature","properties":{"RIO":0,"N_QUEBRADA":"QUEBRADA ALTAVISTA"},"geometry":{"type":"LineString","coordinates":[[-75.59902476804776,6.228530069028961],[-75.59559204298667,6.229368458861416],[-75.59341394567655,6.228239438891863],[-75.5908256323137,6.229430329122926],[-75.59015798652737,6.231398589825509],[-75.58864461080094,6.231632251586526]]}},{"type":"Feature","properties":{"RIO":0,"N_QUEBRADA":"QUEBRADA EL ZANCUDO"},"geometry":{"type":"LineString","coordinates":[[-75.54134166901603,6.286063035961482],[-75.54269379780855,6.286338868289404],[-75.54677906680936,6.284795971685382],[-75.55047509468008,6.285083736199629],[-75.55395031299057,6.286857757392102],[-75.5557918638905,6.288863096686219]]}},{"type":"Feature","properties":{"RIO":0,"N_QUEBRADA":"CAÑO MALPASO"},"geometry":{"type":"LineString","coordinates":[[-75.57867346014642,6.277259135407377],[-75.57817004670926,6.276716146545947],[-75.5753003205928,6.277308631561344],[-75.57334272331303,6.276224539158726],[-75.57297867625762,6.274708683572695],[-75.57000972165042,6.27451856204829]]}},{"type":"Feature","properties":{"RIO":0,"N_QUEBRADA":"QUEBRADA LA MORENO"},"geometry":{"type":"LineString","coordinates":[[-75.57455230688261,6.299482496623897],[-75.5736568962255,6.298534541299972],[-75.5696062431113,6.298304147716103],[-75.56849142790261,6.296644260278317],[-75.56682730690545,6.296447760544922],[-75.56547659755081,6.294937630230398]]}},{"type":"Feature","properties":{"RIO":0,"N_QUEBRADA":"QUEBRADA LAS ESMERALDAS"},"geometry":{"type":"LineString","coordinates":[[-75.55846334468049,6.227493336802255],[-75.56193224927671,6.228947352136147],[-75.56293487229809,6.22885923837438],[-75.56409447648139,6.22751547575691],[-75.56639338430958,6.227591961774678],[-75.56739132548917,6.226964872442455]]}},{"type":"Feature","properties":{"RIO":0,"N_QUEBRADA":"QUEBRADA LAS PLAYAS"},"geometry":{"type":"LineString","coordinates":[[-75.60571565020496,6.2213585984615625],[-75.60402855145723,6.22059361399933],[-75.60339025929105,6.221829532801515],[-75.601582207634,6.222464579333567],[-75.59128366715665,6.220318856328764],[-75.59045197029396,6.224179209484268]]}},{"type":"Feature","properties":{"RIO":0,"N_QUEBRADA":"CAÑO ZAFRA"},"geometry":{"type":"LineString","coordinates":[[-75.6073480696625,6.227094438070068],[-75.6063601104938,6.227296402623187],[-75.60586207518331,6.226574062659513],[-75.60541638196878,6.227434988295342],[-75.60399687251392,6.227698335058162],[-75.60406687803193,6.229336237426651]]}},{"type":"Feature","properties":{"RIO":0,"N_QUEBRADA":"QUEBRADA CAREVIEJA"},"geometry":{"type":"LineString","coordinates":[[-75.54294045476223,6.289758312002905],[-75.5435494143629,6.290563931027152],[-75.5463864097396,6.290967651913716],[-75.54953361361534,6.289646984765467],[-75.5516003457401,6.290438632527865],[-75.55276231875631,6.2900288349831115]]}},{"type":"Feature","properties":{"RIO":0,"N_QUEBRADA":"QUEBRADA MINITAS"},"geometry":{"type":"LineString","coordinates":[[-75.65120293092427,6.156910050763501],[-75.64434531305932,6.154646426726563],[-75.6425739997586,6.153180315901385],[-75.63889779192762,6.152421678258945],[-75.6360630812616,6.150572623453744],[-75.63485547689633,6.150725154081793]]}},{"type":"Feature","properties":{"RIO":0,"N_QUEBRADA":"QUEBRADA LA MINA"},"geometry":{"type":"LineString","coordinates":[[-75.58322812024701,6.1611485339985],[-75.58344700796526,6.162501632294026],[-75.58894948271643,6.168162572138495],[-75.59360080861086,6.170058179664717],[-75.59450808464578,6.171975877335021],[-75.5971492749323,6.174422164658165]]}},{"type":"Feature","properties":{"RIO":0,"N_QUEBRADA":"QUEBRADA CABUYALA"},"geometry":{"type":"LineString","coordinates":[[-75.64601649644436,6.1769475270767975],[-75.6414092176066,6.176097288986986],[-75.63939421126415,6.1768295964467805],[-75.637083177874,6.176582441083345],[-75.636663312448,6.177455521793239],[-75.6353571333067,6.177819333357074]]}},{"type":"Feature","properties":{"RIO":0,"N_QUEBRADA":"QUEBRADA LA SUCIA"},"geometry":{"type":"LineString","coordinates":[[-75.56462920510972,6.196475699973228],[-75.56906378124872,6.1970731097580884],[-75.57233551211226,6.1988968914877525],[-75.57522822153335,6.202473559449755],[-75.57942799453213,6.204272300331048]]}},{"type":"Feature","properties":{"RIO":0,"N_QUEBRADA":"QUEBRADA LA MONTERA"},"geometry":{"type":"LineString","coordinates":[[-75.29401705422747,6.5074031736653035],[-75.29266222893656,6.507393342272714],[-75.29135441076457,6.506211176458323],[-75.28909003269843,6.5065119002652905],[-75.28876509277092,6.505730822699532]]}},{"type":"Feature","properties":{"RIO":0,"N_QUEBRADA":"QUEBRADA CAZA DIANA"},"geometry":{"type":"LineString","coordinates":[[-75.61069053516749,6.2146820674057786],[-75.60945964074843,6.214383692087764],[-75.60810245588618,6.2150577852118545],[-75.60664897560525,6.214148741041885],[-75.60507415320913,6.216420939794431]]}},{"type":"Feature","properties":{"RIO":0,"N_QUEBRADA":"QUEBRADA LA BERMEJALA"},"geometry":{"type":"LineString","coordinates":[[-75.56191474426903,6.2777139169111145],[-75.56343008551362,6.277915252368778],[-75.56405334210548,6.276825447376226],[-75.56539499066332,6.276743037201411],[-75.56852086333721,6.2810531343379274]]}},{"type":"Feature","properties":{"RIO":0,"N_QUEBRADA":"QUEBRADA GUADALAJARA"},"geometry":{"type":"LineString","coordinates":[[-75.56682311633134,6.2030680051466724],[-75.57015922888714,6.204832587762062],[-75.57172647848174,6.204829423674791],[-75.57275052804626,6.203961471888001],[-75.57398245532903,6.204335757615032]]}},{"type":"Feature","properties":{"RIO":0,"N_QUEBRADA":"QUEBRADA ANA DIAZ"},"geometry":{"type":"LineString","coordinates":[[-75.63658047365635,6.250581715601878],[-75.63195082882396,6.2495374243252915],[-75.63245785407369,6.248871780115341],[-75.63128443832477,6.248390579093589],[-75.63060234943892,6.246955056205669]]}},{"type":"Feature","properties":{"RIO":0,"N_QUEBRADA":"QUEBRADA LA ASOMADERA 1"},"geometry":{"type":"LineString","coordinates":[[-75.56285202827124,6.220695971485458],[-75.56368112120639,6.220274756316624],[-75.56403951076675,6.220775125101796],[-75.56455112404674,6.2200576619942485],[-75.56853737062764,6.222735367862411]]}},{"type":"Feature","properties":{"RIO":0,"N_QUEBRADA":"QUEBRADA EL GUAYABO"},"geometry":{"type":"LineString","coordinates":[[-75.30815205795514,6.475263922277198],[-75.30667417767542,6.473147091224675],[-75.30511154307453,6.4722696916651445],[-75.30294823591245,6.473120396050304],[-75.30056612618223,6.472860663457868]]}},{"type":"Feature","properties":{"RIO":0,"N_QUEBRADA":"QUEBRADA LOS AGUACATES"},"geometry":{"type":"LineString","coordinates":[[-75.52142931180164,6.3976319809508215],[-75.51993211407296,6.398307385540731],[-75.5177992895408,6.3972794346647595],[-75.51548357863453,6.397547685002803],[-75.51410790302351,6.396877991441265]]}},{"type":"Feature","properties":{"RIO":0,"N_QUEBRADA":"QUEBRADA LA LOCA"},"geometry":{"type":"LineString","coordinates":[[-75.57698974996991,6.315517414256138],[-75.57552178863756,6.315412543140918],[-75.57513758404339,6.314400980199556],[-75.57380644659675,6.313879154737231],[-75.57282107659701,6.3142070472180425]]}},{"type":"Feature","properties":{"RIO":0,"N_QUEBRADA":"CAÑO LOS ANGELES"},"geometry":{"type":"LineString","coordinates":[[-75.54839957898605,6.193800471188612],[-75.55003464129575,6.194113970094674],[-75.55044126313457,6.195241738787199],[-75.55245330263277,6.196802793641657],[-75.55550196476976,6.1972717309607885]]}},{"type":"Feature","properties":{"RIO":0,"N_QUEBRADA":"QUEBRADA LA JAGUANTANA"},"geometry":{"type":"LineString","coordinates":[[-75.31117094437408,6.517278239539502],[-75.30954241543829,6.518526402492047],[-75.30576156942526,6.518617309561158],[-75.30406296588532,6.5201133263740125],[-75.30268724024666,6.520363578293529]]}},{"type":"Feature","properties":{"RIO":0,"N_QUEBRADA":"QUEBRADA LA GUZMANA"},"geometry":{"type":"LineString","coordinates":[[-75.57231781428442,6.327454527858566],[-75.56956513415797,6.330254190838083],[-75.56621952979233,6.331079299421901],[-75.56266808120702,6.3309292489861395],[-75.56187141465114,6.329048102709212]]}},{"type":"Feature","properties":{"RIO":0,"N_QUEBRADA":"QUEBRADA LA MARIA"},"geometry":{"type":"LineString","coordinates":[[-75.5813626963841,6.2940114807046905],[-75.57962805781753,6.292451092603251],[-75.57655958355785,6.291230978506678],[-75.57736901310754,6.288766794230419],[-75.57063522280151,6.285610614808073]]}},{"type":"Feature","properties":{"RIO":0,"N_QUEBRADA":"QUEBRADA TIERRA GRATA 1"},"geometry":{"type":"LineString","coordinates":[[-75.63238016563588,6.293010987987367],[-75.63111086813416,6.291451988558906],[-75.63167622390431,6.289555870864636],[-75.63107029476657,6.284601252663871],[-75.63160048085541,6.283675979003775]]}},{"type":"Feature","properties":{"RIO":0,"N_QUEBRADA":"QUEBRADA TINAJAS"},"geometry":{"type":"LineString","coordinates":[[-75.57836830989815,6.304407668066136],[-75.57694912227736,6.303566451794173],[-75.57437222660268,6.303918057258416],[-75.56584568816699,6.298734731910673],[-75.56143576276834,6.294857738852275]]}},{"type":"Feature","properties":{"RIO":0,"N_QUEBRADA":"QUEBRADA EL UVITO"},"geometry":{"type":"LineString","coordinates":[[-75.6612132155864,6.2899037570456295],[-75.65707427871968,6.290772852633301],[-75.65439513188123,6.2904441411048815],[-75.65330811699636,6.29006395697179],[-75.65222366123855,6.288178631601298]]}},{"type":"Feature","properties":{"RIO":0,"N_QUEBRADA":"ZANJON AMERICA"},"geometry":{"type":"LineString","coordinates":[[-75.61328089530775,6.248322560084958],[-75.61060714437075,6.250399740056891],[-75.60561187985647,6.252630743284526],[-75.60293028115342,6.252665948722905],[-75.59633737081691,6.255000290766878]]}},{"type":"Feature","properties":{"RIO":0,"N_QUEBRADA":"QUEBRADA EL HATO"},"geometry":{"type":"LineString","coordinates":[[-75.6272353081934,6.2943937160173835],[-75.62612562234484,6.2915695873526065],[-75.62599712098103,6.286095897936597],[-75.62510983586105,6.285500535815151],[-75.62492047301028,6.28371809842327]]}},{"type":"Feature","properties":{"RIO":0,"N_QUEBRADA":"QUEBRADA LA HUESO"},"geometry":{"type":"LineString","coordinates":[[-75.59225545150473,6.255464507059884],[-75.59092115471138,6.253657420006486],[-75.58728868031143,6.253794763755273],[-75.58572765116017,6.252918750114703],[-75.58180243142415,6.252795014622604]]}},{"type":"Feature","properties":{"RIO":0,"N_QUEBRADA":"QUEBRADA LA QUIEBRA"},"geometry":{"type":"LineString","coordinates":[[-75.61447424911246,6.263091147274815],[-75.61440952689188,6.261846897454729],[-75.61348226955458,6.261946331098378],[-75.61211123865733,6.260464884652228],[-75.61170012055169,6.258530587216303]]}},{"type":"Feature","properties":{"RIO":0,"N_QUEBRADA":"QUEBRADA CHACALTAYA"},"geometry":{"type":"LineString","coordinates":[[-75.54590322803116,6.176878886568471],[-75.54916922120499,6.178465774766785],[-75.54952937822604,6.180436049010594],[-75.55056085705785,6.181486152941753],[-75.55311512893583,6.181555797258538]]}},{"type":"Feature","properties":{"RIO":0,"N_QUEBRADA":"QUEBRADA LA ESTRELLA"},"geometry":{"type":"LineString","coordinates":[[-75.64296222728726,6.159690803444052],[-75.64161134257975,6.159347004254014],[-75.63681652061142,6.154564969312582],[-75.63544713893255,6.154292577238248],[-75.63475081232696,6.152930933683188]]}},{"type":"Feature","properties":{"RIO":0,"N_QUEBRADA":"QUEBRADA LA JABALCONA 1"},"geometry":{"type":"LineString","coordinates":[[-75.59640250693003,6.185725447627841],[-75.59344541004658,6.188528100737287],[-75.59158334931858,6.193111267267053],[-75.59051476951367,6.192968407520475],[-75.58805440893236,6.195967096783557]]}},{"type":"Feature","properties":{"RIO":0,"N_QUEBRADA":"QUEBRADA SANIN"},"geometry":{"type":"LineString","coordinates":[[-75.52581779634842,6.195822403156145],[-75.53119217882006,6.197542386800626],[-75.53458899889347,6.200268734777192],[-75.53842709945168,6.200760282113415],[-75.54197852069241,6.199850415231054]]}},{"type":"Feature","properties":{"RIO":0,"N_QUEBRADA":"QUEBRADA ALTAVISTA"},"geometry":{"type":"LineString","coordinates":[[-75.60804185415768,6.222382733440454],[-75.60684736053166,6.224012818732937],[-75.60510289296924,6.223950484240443],[-75.60240005858827,6.226794344440881],[-75.59902476804776,6.228530069028961]]}},{"type":"Feature","properties":{"RIO":0,"N_QUEBRADA":"QUEBRADA LA MALPASO"},"geometry":{"type":"LineString","coordinates":[[-75.58180425028316,6.272531001314749],[-75.57859887515987,6.272435373334332],[-75.57721114048314,6.271174238982027],[-75.57411354963926,6.270497624548225],[-75.57089642260269,6.270529635021373]]}},{"type":"Feature","properties":{"RIO":0,"N_QUEBRADA":"QUEBRADA SANIN"},"geometry":{"type":"LineString","coordinates":[[-75.54599351419975,6.202707542584786],[-75.54982326064999,6.205318547553515],[-75.55343104773068,6.205852790974815],[-75.55634076468479,6.207647538297982],[-75.55841366972483,6.207511229426716]]}},{"type":"Feature","properties":{"RIO":0,"N_QUEBRADA":"QUEBRADA LA MANSION"},"geometry":{"type":"LineString","coordinates":[[-75.55347637891867,6.258049022442331],[-75.55588228031723,6.257211091948801],[-75.5598116090364,6.257156665703211],[-75.56174101550235,6.254387745466846],[-75.56294183655125,6.2540386486821635]]}},{"type":"Feature","properties":{"RIO":0,"N_QUEBRADA":"QUEBRADA LA BERMEJALA"},"geometry":{"type":"LineString","coordinates":[[-75.54592337878178,6.2821476327290675],[-75.54874586177411,6.281467869679716],[-75.55271636418719,6.282003955829067],[-75.55793077090424,6.277946189933205],[-75.56110458630408,6.27816740391969]]}},{"type":"Feature","properties":{"RIO":0,"N_QUEBRADA":"QUEBRADA LA INDIA"},"geometry":{"type":"LineString","coordinates":[[-75.54656319633249,6.233330757234074],[-75.5459206326279,6.234610407270861],[-75.54693344623063,6.2361859598318095],[-75.54568076585882,6.238344653530268],[-75.54487974839746,6.238544237574148]]}},{"type":"Feature","properties":{"RIO":0,"N_QUEBRADA":"QUEBRADA PIEDRAS BLANCAS NORTE"},"geometry":{"type":"LineString","coordinates":[[-75.49605283293604,6.303242248198937],[-75.49630335977461,6.304113493426136],[-75.49750683738772,6.303652626967927],[-75.49937451660941,6.30411322235052],[-75.50051486319094,6.3059548880980465]]}},{"type":"Feature","properties":{"RIO":0,"N_QUEBRADA":"QUEBRADA LA CASCADA"},"geometry":{"type":"LineString","coordinates":[[-75.56837771900139,6.353899801725059],[-75.56817591820332,6.351730811392834],[-75.5669445514314,6.349857872118409],[-75.56678602817658,6.3468951532734685],[-75.56397445689613,6.344383459013969]]}},{"type":"Feature","properties":{"RIO":0,"N_QUEBRADA":"QUEBRADA DEL TIGRE"},"geometry":{"type":"LineString","coordinates":[[-75.44411868926471,6.351894690737505],[-75.44498112158995,6.352576688704976],[-75.44525834862893,6.354797526322141],[-75.44615696430307,6.355150681155758],[-75.44592374134733,6.356057950041674]]}},{"type":"Feature","properties":{"RIO":0,"N_QUEBRADA":"QUEBRADA EL YOLOMBO"},"geometry":{"type":"LineString","coordinates":[[-75.61344073567483,6.323805022236368],[-75.61264342409885,6.324708391214271],[-75.61227993692891,6.327416773123127],[-75.61120499492459,6.327906924368329],[-75.61056009955715,6.329436649612945]]}},{"type":"Feature","properties":{"RIO":0,"N_QUEBRADA":"QUEBRADA LA CULEBRA"},"geometry":{"type":"LineString","coordinates":[[-75.6676928905167,6.311120900602732],[-75.66579347194728,6.307197922652884],[-75.66584012927224,6.305983559291533],[-75.66496433132387,6.305151199783259],[-75.6652300657767,6.3032474368885945]]}},{"type":"Feature","properties":{"RIO":0,"N_QUEBRADA":"QUEBRADA LA LEONARDA"},"geometry":{"type":"LineString","coordinates":[[-75.64943401540064,6.260095027337274],[-75.6473540758556,6.260936798834375],[-75.64049687271714,6.261666577726661],[-75.63865501529352,6.263931315376615],[-75.63877433771971,6.265580540260867]]}},{"type":"Feature","properties":{"RIO":0,"N_QUEBRADA":"QUEBRADA SAN MICHEL"},"geometry":{"type":"LineString","coordinates":[[-75.54874415971835,6.184740283835835],[-75.55127549935287,6.185133393933905],[-75.5518933379896,6.185942224871996],[-75.55451776288511,6.185639746443555],[-75.55812225129617,6.187551343523959]]}},{"type":"Feature","properties":{"RIO":0,"N_QUEBRADA":"ZANJON GUAYAQUIL"},"geometry":{"type":"LineString","coordinates":[[-75.57074873102293,6.244669196520237],[-75.57371538558169,6.245604803636916],[-75.5734780547994,6.246264722218276],[-75.57517742743475,6.246982854409711],[-75.57526454000462,6.249140631374151]]}},{"type":"Feature","properties":{"RIO":0,"N_QUEBRADA":"QUEBRADA LORETO"},"geometry":{"type":"LineString","coordinates":[[-75.56539294553488,6.231422263558064],[-75.56888627358045,6.232428763079592],[-75.56905196761826,6.234701039154618],[-75.57015648756925,6.234637304571335],[-75.5702857307143,6.236339915496563]]}},{"type":"Feature","properties":{"RIO":0,"N_QUEBRADA":"QUEBRADA EL GUADUAL"},"geometry":{"type":"LineString","coordinates":[[-75.35202637805175,6.436134182911356],[-75.34995041915839,6.43481119412553],[-75.34879790381633,6.432152287601886],[-75.34730538298828,6.430842654721689],[-75.34631715883711,6.430883342456181]]}},{"type":"Feature","properties":{"RIO":0,"N_QUEBRADA":"QUEBRADA PLATANITO"},"geometry":{"type":"LineString","coordinates":[[-75.40527551103925,6.406788702623426],[-75.40506240231726,6.40843961404968],[-75.40594181244224,6.410470630939434],[-75.4051237234294,6.4114407933525435],[-75.40524330647776,6.412510242483577]]}},{"type":"Feature","properties":{"RIO":0,"N_QUEBRADA":"QUEBRADA EL MOLINAL"},"geometry":{"type":"LineString","coordinates":[[-75.48106151060222,6.379675283498565],[-75.47776321486532,6.378941181171509],[-75.47629659247272,6.377676161338224],[-75.47568484207545,6.378087298237436],[-75.4736799061394,6.375754543747696]]}},{"type":"Feature","properties":{"RIO":0,"N_QUEBRADA":"QUEBRADA LA POBLADA"},"geometry":{"type":"LineString","coordinates":[[-75.56440541850598,6.211576485579291],[-75.5680907824541,6.210909853068496],[-75.57211984237397,6.212837869003895],[-75.57533137357889,6.213291479199903],[-75.57603210091172,6.212788013865607]]}},{"type":"Feature","properties":{"RIO":0,"N_QUEBRADA":"QUEBRADA SAGRADO CORAZON"},"geometry":{"type":"LineString","coordinates":[[-75.54804539699937,6.197951096945725],[-75.54939289624278,6.199041023299082],[-75.55187026384154,6.19950281665384],[-75.55579710355761,6.199454332737757],[-75.55840994248135,6.198514182509533]]}},{"type":"Feature","properties":{"RIO":0,"N_QUEBRADA":"QUEBRADA LA INDIA 2"},"geometry":{"type":"LineString","coordinates":[[-75.54595093421781,6.21940865255342],[-75.54717894975725,6.2222243124036725],[-75.5458363616022,6.2263755753068075],[-75.54661264900503,6.23046228466404],[-75.54623814317559,6.232798631331661]]}},{"type":"Feature","properties":{"RIO":0,"N_QUEBRADA":"QUEBRADA LA VOLCANA 2"},"geometry":{"type":"LineString","coordinates":[[-75.54099410533902,6.188104588396358],[-75.54371008969677,6.189257704757011],[-75.54785480645681,6.189199616007771],[-75.54960239814369,6.189996442133958],[-75.5507688065864,6.189498486035877]]}},{"type":"Feature","properties":{"RIO":0,"N_QUEBRADA":"QUEBRADA LOS ARADOS"},"geometry":{"type":"LineString","coordinates":[[-75.55001721858426,6.22779920601393],[-75.55013464065652,6.235152987075457],[-75.55152625328353,6.236529000784274],[-75.55090185023141,6.237792603810989],[-75.55187773412572,6.240913092837115]]}},{"type":"Feature","properties":{"RIO":0,"N_QUEBRADA":"QUEBRADA LA GRANDE"},"geometry":{"type":"LineString","coordinates":[[-75.65013746623075,6.15187829580748],[-75.64575396434374,6.151627783735379],[-75.6414780476322,6.148547250303599],[-75.63988201165297,6.149397950656287],[-75.63778261307584,6.1489141799356455]]}},{"type":"Feature","properties":{"RIO":0,"N_QUEBRADA":"QUEBRADA ECHAVARRIA"},"geometry":{"type":"LineString","coordinates":[[-75.58375652465838,6.351615641272981],[-75.58287146645752,6.351860674365199],[-75.58217533061146,6.35119644001323],[-75.58164843731745,6.350496717817102],[-75.58208910058646,6.349885336290513]]}},{"type":"Feature","properties":{"RIO":0,"N_QUEBRADA":"QUEBRADA LA JUSTA"},"geometry":{"type":"LineString","coordinates":[[-75.64741622349014,6.168173972143174],[-75.64133352058874,6.170423806402273],[-75.63886822290824,6.170190123522869],[-75.6349326000363,6.172744214704166],[-75.63347708340402,6.172345900615853]]}},{"type":"Feature","properties":{"RIO":0,"N_QUEBRADA":"CAÑADA HONDA"},"geometry":{"type":"LineString","coordinates":[[-75.60310721356758,6.266229225664796],[-75.59979592774935,6.26423881234922],[-75.59985054770709,6.263314797608441],[-75.5984969627166,6.262977529547852],[-75.59918848291726,6.258939037674451]]}},{"type":"Feature","properties":{"RIO":0,"N_QUEBRADA":"QUEBRADA LA CANTERA RAMAL SUR"},"geometry":{"type":"LineString","coordinates":[[-75.59408173962882,6.301082792959274],[-75.5918514563837,6.300160770625663],[-75.5913737333429,6.2992116536509855],[-75.5895429141116,6.298797917004794],[-75.58881242934095,6.297525826413131]]}},{"type":"Feature","properties":{"RIO":0,"N_QUEBRADA":"QUEBRADA EL PATIO"},"geometry":{"type":"LineString","coordinates":[[-75.65939819049797,6.283678839193951],[-75.6576125064808,6.28360472516374],[-75.65613483885346,6.282295315410572],[-75.65401539745751,6.282392306166608],[-75.65222790367423,6.279670096475425]]}},{"type":"Feature","properties":{"RIO":0,"N_QUEBRADA":"QUEBRADA EL MOLINO"},"geometry":{"type":"LineString","coordinates":[[-75.54215997264251,6.272329741065871],[-75.55106263096589,6.26926970201662],[-75.55607850892602,6.269072736519723],[-75.56143139485546,6.269910307761697],[-75.5617354293963,6.270528290995682]]}},{"type":"Feature","properties":{"RIO":0,"N_QUEBRADA":"QUEBRADA EL ENCANTO"},"geometry":{"type":"LineString","coordinates":[[-75.56304849749415,6.223651262935386],[-75.5676569143013,6.22371427229143],[-75.56865189506914,6.224463530477618],[-75.56967138904187,6.224396445211247],[-75.57021706019746,6.223541698100248]]}},{"type":"Feature","properties":{"RIO":0,"N_QUEBRADA":"QUEBRADA VILLA DEL SOCORRO"},"geometry":{"type":"LineString","coordinates":[[-75.5501259776868,6.29250276534245],[-75.5521890885346,6.2932773150548895],[-75.55481086924374,6.292984718067617],[-75.55660785025019,6.294424311739755],[-75.55847868821711,6.294675177811164]]}},{"type":"Feature","properties":{"RIO":0,"N_QUEBRADA":"QUEBRADA REVENTON"},"geometry":{"type":"LineString","coordinates":[[-75.3341759158902,6.450033105582685],[-75.33298541211275,6.44872449548983],[-75.33165799732772,6.448692342584325],[-75.33243626337821,6.446751989750381],[-75.3316965833417,6.4461644891407035]]}},{"type":"Feature","properties":{"RIO":0,"N_QUEBRADA":"QUEBRADA LA ESE"},"geometry":{"type":"LineString","coordinates":[[-75.36186004767555,6.426461339037921],[-75.36053093869192,6.425254115377078],[-75.35971918608787,6.423023804530177],[-75.35792461257103,6.42270053421223],[-75.3572158144366,6.421745298315944]]}},{"type":"Feature","properties":{"RIO":0,"N_QUEBRADA":"QUEBRADA VALLECITOS"},"geometry":{"type":"LineString","coordinates":[[-75.32087469549691,6.43374999405116],[-75.32110313828305,6.434896743628543],[-75.32004852646294,6.435649140866936],[-75.32098521248015,6.436669876421155],[-75.32068335993665,6.43741610405113]]}},{"type":"Feature","properties":{"RIO":0,"N_QUEBRADA":"QUEBRADA LA TAMBORA"},"geometry":{"type":"LineString","coordinates":[[-75.28508214484089,6.466055051216147],[-75.28635296763305,6.466902910540141],[-75.28731635557178,6.466620844674187],[-75.28757417244627,6.468196970700742],[-75.2887506869573,6.46831674824838]]}},{"type":"Feature","properties":{"RIO":0,"N_QUEBRADA":"QUEBRADA LA PASTORCITA"},"geometry":{"type":"LineString","coordinates":[[-75.53747263485948,6.217992484477103],[-75.53947123582913,6.222228108383796],[-75.5396707401066,6.224180205332618],[-75.54085271892282,6.22570989941809],[-75.54060659788624,6.227190445795815]]}},{"type":"Feature","properties":{"RIO":0,"N_QUEBRADA":"QUEBRADA LA LEJIA"},"geometry":{"type":"LineString","coordinates":[[-75.65728524502188,6.274672563467847],[-75.65677273618117,6.27413019568631],[-75.65631258302783,6.274827724271917],[-75.65290543862582,6.275080298902218],[-75.649916886914,6.274320211272682]]}},{"type":"Feature","properties":{"RIO":0,"N_QUEBRADA":"QUEBRADA LA HUESO"},"geometry":{"type":"LineString","coordinates":[[-75.62116048056222,6.256394395810559],[-75.61973959995385,6.256182846984363],[-75.61833729548827,6.25725823625746],[-75.6156490054196,6.257563822024807],[-75.6132911333094,6.256298137891254]]}},{"type":"Feature","properties":{"RIO":0,"N_QUEBRADA":"QUEBRADA GUAMAL"},"geometry":{"type":"LineString","coordinates":[[-75.4788733206935,6.412653854265708],[-75.47589276211927,6.410347707034921],[-75.47061577851791,6.40391742543902],[-75.47050584920835,6.40299294581487],[-75.46803505492777,6.400682328150047]]}},{"type":"Feature","properties":{"RIO":0,"N_QUEBRADA":"QUEBRADA LA CORRALITA"},"geometry":{"type":"LineString","coordinates":[[-75.61460505373883,6.088251112760293],[-75.61448123821351,6.089791456045877],[-75.6156546426147,6.090877201636848],[-75.6166816588481,6.091462987359537],[-75.6181277580055,6.091066878312537]]}},{"type":"Feature","properties":{"RIO":0,"N_QUEBRADA":"QUEBRADA EL VERGEL"},"geometry":{"type":"LineString","coordinates":[[-75.54481223071146,6.231206515972944],[-75.54328042169469,6.234901378772758],[-75.5433760822928,6.236246283722921],[-75.5425571490781,6.236518971641217],[-75.5435375074907,6.237100054134727]]}},{"type":"Feature","properties":{"RIO":0,"N_QUEBRADA":"QUEBRADA PATIVILCA"},"geometry":{"type":"LineString","coordinates":[[-75.54928806401115,6.248611279589303],[-75.5512263373719,6.248345895159387],[-75.55229468751367,6.247333693167853],[-75.55489764454704,6.247759745260723],[-75.556990800072,6.24673074376563]]}},{"type":"Feature","properties":{"RIO":0,"N_QUEBRADA":"QUEBRADA LA TEBAIDA"},"geometry":{"type":"LineString","coordinates":[[-75.52829988561781,6.281389633491472],[-75.528882195882,6.28194271885667],[-75.53098662261702,6.281597080760056],[-75.53314683683888,6.279605262194642],[-75.5341562410703,6.280577242102697]]}},{"type":"Feature","properties":{"RIO":0,"N_QUEBRADA":"QUEBRADA EL AGUACATE"},"geometry":{"type":"LineString","coordinates":[[-75.55848998123962,6.2869347174730885],[-75.56020872981362,6.2864087985487656],[-75.56087435336379,6.28801130612058],[-75.56391149303307,6.2906989032807195]]}},{"type":"Feature","properties":{"RIO":0,"N_QUEBRADA":"QUEBRADA LAS LAJAS"},"geometry":{"type":"LineString","coordinates":[[-75.28700398029719,6.459208966193914],[-75.28820230612445,6.4601389151855395],[-75.28831024652207,6.4618616117917655],[-75.29015491955661,6.464071474292895]]}},{"type":"Feature","properties":{"RIO":0,"N_QUEBRADA":"QUEBRADA LOS CHORROS"},"geometry":{"type":"LineString","coordinates":[[-75.34300603261136,6.4607109934247795],[-75.34310126768818,6.4592774747822705],[-75.34123733759434,6.457058472560765],[-75.33713541053484,6.455837338468722]]}},{"type":"Feature","properties":{"RIO":0,"N_QUEBRADA":"QUEBRADA LA MIEL"},"geometry":{"type":"LineString","coordinates":[[-75.57393254931324,6.1072103866936365],[-75.57544778556232,6.108246916838651],[-75.57589433013703,6.1096000951685925],[-75.57798253519435,6.110663397281692]]}},{"type":"Feature","properties":{"RIO":0,"N_QUEBRADA":"QUEBRADA LA REPRESA"},"geometry":{"type":"LineString","coordinates":[[-75.46166441250422,6.3854392648161316],[-75.46051539210126,6.384489392574963],[-75.46018668298478,6.3827579841822875],[-75.45949615743632,6.382742580048248]]}},{"type":"Feature","properties":{"RIO":0,"N_QUEBRADA":"QUEBRADA LA POBLADA"},"geometry":{"type":"LineString","coordinates":[[-75.55579705309295,6.2104536210931345],[-75.55942744138399,6.210828596707648],[-75.56099178857538,6.210114886619517],[-75.56251754134983,6.2109973319457055]]}},{"type":"Feature","properties":{"RIO":0,"N_QUEBRADA":"QUEBRADA EL AGUACATILLO"},"geometry":{"type":"LineString","coordinates":[[-75.54087152823115,6.287167438654458],[-75.54269003302687,6.287942400607059],[-75.54777112464798,6.2877823763212355],[-75.55276231875631,6.2900288349831115]]}},{"type":"Feature","properties":{"RIO":0,"N_QUEBRADA":"QUEBRADA DEL BURRO"},"geometry":{"type":"LineString","coordinates":[[-75.54937051442793,6.356416303441167],[-75.55138375432162,6.3501758065584655],[-75.55166822450029,6.342305682906397],[-75.55259395237574,6.3375278904454015]]}},{"type":"Feature","properties":{"RIO":0,"N_QUEBRADA":"QUEBRADA LA TENCHE"},"geometry":{"type":"LineString","coordinates":[[-75.65907138194865,6.292579551212518],[-75.65547146681378,6.292341676277704],[-75.65249375698282,6.290855458218355],[-75.65157123246672,6.2912193945739965]]}},{"type":"Feature","properties":{"RIO":0,"N_QUEBRADA":"CAÑO EL SALADO"},"geometry":{"type":"LineString","coordinates":[[-75.63082904481523,6.254358396505334],[-75.62934124594678,6.253838283016331],[-75.62632012118289,6.2553857565356354],[-75.62420070404012,6.253892476027461]]}},{"type":"Feature","properties":{"RIO":0,"N_QUEBRADA":"QUEBRADA EL YARUMO"},"geometry":{"type":"LineString","coordinates":[[-75.65579716624097,6.325735179545222],[-75.65708987968627,6.323788101663498],[-75.65719184830688,6.320944118070045],[-75.65844853585713,6.3195428257066935]]}},{"type":"Feature","properties":{"RIO":0,"N_QUEBRADA":"QUEBRADA LA AGUADITA 1"},"geometry":{"type":"LineString","coordinates":[[-75.65754854819025,6.263541886222495],[-75.65578938780335,6.2651125290183645],[-75.65518579782152,6.267971869454863],[-75.65427401371524,6.268858786210099]]}},{"type":"Feature","properties":{"RIO":0,"N_QUEBRADA":"QUEBRADA EL HATO 2"},"geometry":{"type":"LineString","coordinates":[[-75.62408532878759,6.285881550128587],[-75.62324733141011,6.284241120343594],[-75.62320562681117,6.2815499742854515],[-75.62449815544932,6.278687911908685]]}},{"type":"Feature","properties":{"RIO":0,"N_QUEBRADA":"QUEBRADA LA RONDA"},"geometry":{"type":"LineString","coordinates":[[-75.63751025303294,6.293355071964591],[-75.63826545721437,6.292476860523718],[-75.6381365729038,6.2906319774752655],[-75.63672704310999,6.2897895085620315]]}},{"type":"Feature","properties":{"RIO":0,"N_QUEBRADA":"QUEBRADA SAN FRANCISCO"},"geometry":{"type":"LineString","coordinates":[[-75.66012347759677,6.2669705581912325],[-75.65966996376834,6.268135896779056],[-75.65757692797122,6.268567398810527],[-75.65430991236411,6.271340649271365]]}},{"type":"Feature","properties":{"RIO":0,"N_QUEBRADA":"QUEBRADA LOS ATAUDES"},"geometry":{"type":"LineString","coordinates":[[-75.5412555110039,6.2582935122492795],[-75.54412435563212,6.258185665228321],[-75.54576439869858,6.259194436983357],[-75.54809080603226,6.2592401947282825]]}},{"type":"Feature","properties":{"RIO":0,"N_QUEBRADA":"QUEBRADA LOS ATAUDES"},"geometry":{"type":"LineString","coordinates":[[-75.54809080603226,6.2592401947282825],[-75.54904882158752,6.259964839102959],[-75.55085663706993,6.259707161307142],[-75.55270630980141,6.261414617658123]]}},{"type":"Feature","properties":{"RIO":0,"N_QUEBRADA":"QUEBRADA GUAYABAL"},"geometry":{"type":"LineString","coordinates":[[-75.37285924536651,6.410342225409331],[-75.37368499291092,6.411254450866753],[-75.37280238114445,6.412004472321413],[-75.37426663635816,6.4143894651808875]]}},{"type":"Feature","properties":{"RIO":0,"N_QUEBRADA":"QUEBRADA LA TAMBORA"},"geometry":{"type":"LineString","coordinates":[[-75.27853592270193,6.459931014148247],[-75.27918485128087,6.460577491643381],[-75.27889553468312,6.461226050718908],[-75.28025947198633,6.4618561867779265]]}},{"type":"Feature","properties":{"RIO":0,"N_QUEBRADA":"QUEBRADA LA MONTERA"},"geometry":{"type":"LineString","coordinates":[[-75.28152847376819,6.495320296215452],[-75.28100704906221,6.495358685415566],[-75.28017284006485,6.493138790731336],[-75.28045831264862,6.4909165153128905]]}},{"type":"Feature","properties":{"RIO":0,"N_QUEBRADA":"QUEBRADA LA ELVIRA"},"geometry":{"type":"LineString","coordinates":[[-75.63235122181591,6.156438723085014],[-75.63200577950805,6.155318602580834],[-75.63062594014174,6.1549246216318245],[-75.62884501185958,6.152647067564082]]}},{"type":"Feature","properties":{"RIO":0,"N_QUEBRADA":"QUEBRADA CHINGUI"},"geometry":{"type":"LineString","coordinates":[[-75.55369596678001,6.1527273750183085],[-75.55576364963409,6.154146228170421],[-75.55693868027058,6.156133022219379],[-75.56410419944682,6.157772533784798]]}},{"type":"Feature","properties":{"RIO":0,"N_QUEBRADA":"QUEBRADA DEL HATO"},"geometry":{"type":"LineString","coordinates":[[-75.48273203235304,6.395720775296092],[-75.48271956949219,6.392749695725298],[-75.48356982090895,6.391936364761794],[-75.48210075514832,6.3884757954357845]]}},{"type":"Feature","properties":{"RIO":0,"N_QUEBRADA":"QUEBRADA LA ARENERA"},"geometry":{"type":"LineString","coordinates":[[-75.46298652557915,6.391533803729403],[-75.46362925047005,6.3899363806181535],[-75.46271541388268,6.388615253726838],[-75.46308209790509,6.386971296343643]]}},{"type":"Feature","properties":{"RIO":0,"N_QUEBRADA":"QUEBRADA FULGENCIO"},"geometry":{"type":"LineString","coordinates":[[-75.42014892251962,6.3860200737346675],[-75.4231896903054,6.388479681078371],[-75.42309361271052,6.3897872849180075],[-75.42193428944341,6.390828384109753]]}},{"type":"Feature","properties":{"RIO":0,"N_QUEBRADA":"QUEBRADA LA ROMERA"},"geometry":{"type":"LineString","coordinates":[[-75.57851341627175,6.101972967708324],[-75.58055325664094,6.1031339653663474],[-75.58713787435207,6.101563805775732],[-75.58804625325182,6.101882792119555]]}},{"type":"Feature","properties":{"RIO":0,"N_QUEBRADA":"QUEBRADA LA PABON 2"},"geometry":{"type":"LineString","coordinates":[[-75.61303697545063,6.208338802280496],[-75.61192954686128,6.2085343200067955],[-75.61049974760182,6.210046232767076],[-75.61065225784296,6.210977322423496]]}},{"type":"Feature","properties":{"RIO":0,"N_QUEBRADA":"QUEBRADA LA LOCA"},"geometry":{"type":"LineString","coordinates":[[-75.56294183655125,6.2540386486821635],[-75.56631810894005,6.256011775476968],[-75.57162353116989,6.256948100953777],[-75.57245336628114,6.257724811450187]]}},{"type":"Feature","properties":{"RIO":0,"N_QUEBRADA":"QUEBRADA SANTA ELENA"},"geometry":{"type":"LineString","coordinates":[[-75.54496042024083,6.239307289560055],[-75.54536776320971,6.2400597793679005],[-75.5470310320151,6.2404153141062135],[-75.54811848987313,6.241990551107863]]}},{"type":"Feature","properties":{"RIO":0,"N_QUEBRADA":"CAÑO BELLO HORIZONTE"},"geometry":{"type":"LineString","coordinates":[[-75.59197648086976,6.283221345571383],[-75.58866860427501,6.279444145632563],[-75.58806207754486,6.277554121860301],[-75.58833304990617,6.2741175203704325]]}},{"type":"Feature","properties":{"RIO":0,"N_QUEBRADA":"QUEBRADA LA CANGREJA"},"geometry":{"type":"LineString","coordinates":[[-75.55206136016673,6.2326823310106665],[-75.55301692654159,6.236252400044115],[-75.55212083157524,6.237325314897851],[-75.55187773412572,6.240913092837115]]}},{"type":"Feature","properties":{"RIO":0,"N_QUEBRADA":"QUEBRADA AVILA 1"},"geometry":{"type":"LineString","coordinates":[[-75.55560364914339,6.229542932188197],[-75.55563296080982,6.231212381693024],[-75.55406701885931,6.233163732233317],[-75.55483703168377,6.2335862958519925]]}},{"type":"Feature","properties":{"RIO":0,"N_QUEBRADA":"QUEBRADA LA RAIZALA"},"geometry":{"type":"LineString","coordinates":[[-75.53251224348823,6.2780689089605035],[-75.53556867540905,6.2773895856723225],[-75.53889219564506,6.27518598101843],[-75.53996629291092,6.275400873484976]]}},{"type":"Feature","properties":{"RIO":0,"N_QUEBRADA":"QUEBRADA SANTA ELENA"},"geometry":{"type":"LineString","coordinates":[[-75.50474926181826,6.222420512403374],[-75.50628282793012,6.2241111177941555],[-75.50581676468764,6.225448940048737],[-75.50910756803206,6.226775462012425]]}},{"type":"Feature","properties":{"RIO":0,"N_QUEBRADA":"QUEBRADA YERBABUENA"},"geometry":{"type":"LineString","coordinates":[[-75.55806964229637,6.215939735334936],[-75.56054539245066,6.212825903384204],[-75.56047584594408,6.212057473812249],[-75.56251754134983,6.2109973319457055]]}},{"type":"Feature","properties":{"RIO":0,"N_QUEBRADA":"QUEBRADA LA DOCTORA"},"geometry":{"type":"LineString","coordinates":[[-75.61690503134339,6.146997480247055],[-75.61847881044127,6.148619061125818],[-75.61808573194415,6.1505980994411384],[-75.61972582837318,6.152326870048922]]}},{"type":"Feature","properties":{"RIO":0,"N_QUEBRADA":"QUEBRADA LAS ANIMAS"},"geometry":{"type":"LineString","coordinates":[[-75.64023013544517,6.147913262375462],[-75.63987486413411,6.1486309532071095],[-75.63798610335999,6.14834445707969],[-75.63778261307584,6.1489141799356455]]}},{"type":"Feature","properties":{"RIO":0,"N_QUEBRADA":"QUEBRADA PIEDRAS BLANCAS"},"geometry":{"type":"LineString","coordinates":[[-75.49870144198121,6.253685879868955],[-75.49884920467696,6.254921529597408],[-75.49784896198338,6.254317771993215],[-75.49761955544533,6.2547472017874925]]}},{"type":"Feature","properties":{"RIO":0,"N_QUEBRADA":"QUEBRADA LA GARCIA"},"geometry":{"type":"LineString","coordinates":[[-75.55887452792284,6.342440435803862],[-75.55683647591243,6.342169659859253],[-75.55579210765967,6.340344320034112],[-75.55259395237574,6.3375278904454015]]}},{"type":"Feature","properties":{"RIO":0,"N_QUEBRADA":"QUEBRADA ARENALES"},"geometry":{"type":"LineString","coordinates":[[-75.42855623139005,6.3753535073245775],[-75.43003812762191,6.3763869687923105],[-75.4297436932178,6.377254562112669],[-75.43028763715911,6.377378382886461]]}},{"type":"Feature","properties":{"RIO":0,"N_QUEBRADA":"QUEBRADA LA CAÑADITA"},"geometry":{"type":"LineString","coordinates":[[-75.67419953881489,6.1821312761091685],[-75.67272092800185,6.182950732493188],[-75.67162138766335,6.182303633564072],[-75.66866382923743,6.182340900389329]]}},{"type":"Feature","properties":{"RIO":0,"N_QUEBRADA":"QUEBRADA SAN FRANCISCO"},"geometry":{"type":"LineString","coordinates":[[-75.57205784187356,6.288862958135294],[-75.57162380245877,6.286798014112809],[-75.57045937291248,6.286398690293197],[-75.57063522280151,6.285610614808073]]}},{"type":"Feature","properties":{"RIO":0,"N_QUEBRADA":"QUEBRADA CHACALTAYA 1"},"geometry":{"type":"LineString","coordinates":[[-75.54672186627259,6.176398432189743],[-75.54984128106314,6.177295582139475],[-75.55154003920082,6.179498866487035],[-75.55472424374106,6.181407082446317]]}},{"type":"Feature","properties":{"RIO":0,"N_QUEBRADA":"CAÑO LADRILLERA"},"geometry":{"type":"LineString","coordinates":[[-75.62539650242469,6.249573731942971],[-75.62480288324114,6.250741650941681],[-75.62270403584155,6.251808060611056],[-75.62214755727007,6.253079070272295]]}},{"type":"Feature","properties":{"RIO":0,"N_QUEBRADA":"QUEBRADA LA GARCIA"},"geometry":{"type":"LineString","coordinates":[[-75.60915012794315,6.290472582390488],[-75.60789999368356,6.289202617206166],[-75.60835048748103,6.288573974582007],[-75.60678066142845,6.286218794498085]]}},{"type":"Feature","properties":{"RIO":0,"N_QUEBRADA":"CAÑO LA POLA"},"geometry":{"type":"LineString","coordinates":[[-75.60112518245032,6.283293529784555],[-75.59838967622257,6.280733586769169],[-75.59697705398352,6.278010616579568],[-75.59616848515988,6.277941478562769]]}},{"type":"Feature","properties":{"RIO":0,"N_QUEBRADA":"QUEBRADA LA CASCADA"},"geometry":{"type":"LineString","coordinates":[[-75.61690805246552,6.284945914140336],[-75.61712740492317,6.283758838219815],[-75.61567553606743,6.281182257589668],[-75.61531599706413,6.276218928335876]]}},{"type":"Feature","properties":{"RIO":0,"N_QUEBRADA":"QUEBRADA LA HUESO"},"geometry":{"type":"LineString","coordinates":[[-75.60804163370999,6.255996770797483],[-75.60562127822188,6.256485576684806],[-75.60193129762267,6.259402230637562],[-75.60051311878752,6.259199873906269]]}},{"type":"Feature","properties":{"RIO":0,"N_QUEBRADA":"QUEBRADA LA LEONARDA 2"},"geometry":{"type":"LineString","coordinates":[[-75.63526081964505,6.263517302263141],[-75.6329279858148,6.2619096333912445],[-75.63016015025866,6.262681918319004],[-75.62803696577602,6.262394553388486]]}},{"type":"Feature","properties":{"RIO":0,"N_QUEBRADA":"CAÑO ANTONIO NARIÑO"},"geometry":{"type":"LineString","coordinates":[[-75.6234563044526,6.2601972105620955],[-75.62248852023355,6.259836096090015],[-75.62081841487117,6.257370882437327],[-75.62116048056222,6.256394395810559]]}},{"type":"Feature","properties":{"RIO":0,"N_QUEBRADA":"QUEBRADA LOS HOYOS"},"geometry":{"type":"LineString","coordinates":[[-75.66442682927811,6.257024858845484],[-75.66356124571928,6.259898691961589],[-75.66402898446731,6.262440903599688],[-75.66332221877063,6.264753046168365]]}},{"type":"Feature","properties":{"RIO":0,"N_QUEBRADA":"QUEBRADA MONTAÑITAS"},"geometry":{"type":"LineString","coordinates":[[-75.66217527258426,6.258174176939935],[-75.66025888289637,6.261701419627382],[-75.66077582780014,6.26364306069391],[-75.66012347759677,6.2669705581912325]]}},{"type":"Feature","properties":{"RIO":0,"N_QUEBRADA":"QUEBRADA LA PEÑA"},"geometry":{"type":"LineString","coordinates":[[-75.63603835258048,6.271509912838336],[-75.6328042803342,6.2732812167829435],[-75.63051021179068,6.273564636279568],[-75.62924656043869,6.276033076613252]]}},{"type":"Feature","properties":{"RIO":0,"N_QUEBRADA":"QUEBRADA LA HONDA"},"geometry":{"type":"LineString","coordinates":[[-75.62849598331367,6.307481583672935],[-75.62956848037008,6.307018386509144],[-75.63068954503073,6.305019735252693],[-75.63044958113541,6.299967432562847]]}},{"type":"Feature","properties":{"RIO":0,"N_QUEBRADA":"QUEBRADA LA LEJIA"},"geometry":{"type":"LineString","coordinates":[[-75.67271430690789,6.284143790265844],[-75.67077506300843,6.283877878464722],[-75.66992353184509,6.2828346473641306],[-75.67036095804616,6.28053616041179]]}},{"type":"Feature","properties":{"RIO":0,"N_QUEBRADA":"QUEBRADA LA IGUANA"},"geometry":{"type":"LineString","coordinates":[[-75.6547175897776,6.324019452354529],[-75.65811007398776,6.3189461652503525],[-75.65872272871299,6.316281282470457],[-75.65810280950276,6.314486674050694]]}},{"type":"Feature","properties":{"RIO":0,"N_QUEBRADA":"QUEBRADA ARRAYANALA"},"geometry":{"type":"LineString","coordinates":[[-75.63475657412695,6.314443905540709],[-75.63484304370151,6.312406132731437],[-75.63672912995011,6.310476522110211],[-75.63633881537217,6.310173075615785]]}},{"type":"Feature","properties":{"RIO":0,"N_QUEBRADA":"QUEBRADA EL HATO"},"geometry":{"type":"LineString","coordinates":[[-75.62584940365473,6.299370890166431],[-75.62592456374179,6.298203181663463],[-75.62731683903863,6.297123715592366],[-75.6272353081934,6.2943937160173835]]}},{"type":"Feature","properties":{"RIO":0,"N_QUEBRADA":"QUEBRADA LA CANTERA"},"geometry":{"type":"LineString","coordinates":[[-75.57695853041679,6.286183766207408],[-75.57342887688338,6.284575441838612],[-75.57162783176483,6.282361928102478],[-75.56837878974608,6.282473352912766]]}},{"type":"Feature","properties":{"RIO":0,"N_QUEBRADA":"QUEBRADA CASTROPOL"},"geometry":{"type":"LineString","coordinates":[[-75.57084966914705,6.215554320955025],[-75.57203749230604,6.216390717609119],[-75.57191747311434,6.218097061981905],[-75.57733986105112,6.218994856832239]]}},{"type":"Feature","properties":{"RIO":0,"N_QUEBRADA":"QUEBRADA JUAN BOBO"},"geometry":{"type":"LineString","coordinates":[[-75.55265427958027,6.295410316257158],[-75.55472554035468,6.2969438245183715],[-75.55802369563656,6.297553035081056],[-75.55880743924999,6.29850208886246]]}},{"type":"Feature","properties":{"RIO":0,"N_QUEBRADA":"QUEBRADA SAN MICHEL"},"geometry":{"type":"LineString","coordinates":[[-75.55812225129617,6.187551343523959],[-75.55958232460316,6.188500930864743],[-75.56514094037033,6.188328277825469],[-75.56616571227956,6.187200707448768]]}},{"type":"Feature","properties":{"RIO":0,"N_QUEBRADA":"QUEBRADA LA SUCIA"},"geometry":{"type":"LineString","coordinates":[[-75.54996956492722,6.1904031333660186],[-75.55856227228789,6.193626764989594],[-75.5601045915374,6.195234606484236],[-75.56320472995846,6.195842018898121]]}},{"type":"Feature","properties":{"RIO":0,"N_QUEBRADA":"QUEBRADA EL HOYO"},"geometry":{"type":"LineString","coordinates":[[-75.29261661267556,6.442072763687102],[-75.29341070234878,6.445739372618485],[-75.29475997461051,6.447961999167165],[-75.29380085771835,6.450543697426071]]}},{"type":"Feature","properties":{"RIO":0,"N_QUEBRADA":"QUEBRADA EL GUAYABO"},"geometry":{"type":"LineString","coordinates":[[-75.31665559896726,6.4852567220331645],[-75.31509381598221,6.484231316867116],[-75.31515889376699,6.48298038681705],[-75.31430959920327,6.481897816061084]]}},{"type":"Feature","properties":{"RIO":0,"N_QUEBRADA":"QUEBRADA SANTA ANA"},"geometry":{"type":"LineString","coordinates":[[-75.56915008111254,6.322236268696836],[-75.56669333836656,6.323357726069954],[-75.56466724696605,6.323432674982276],[-75.56361905886527,6.322065782909837]]}},{"type":"Feature","properties":{"RIO":0,"N_QUEBRADA":"QUEBRADA EL HOYO"},"geometry":{"type":"LineString","coordinates":[[-75.29295081481125,6.456386018491583],[-75.29237934880068,6.459036759831221],[-75.29302340821575,6.458592533981389],[-75.29462238342369,6.459634400403999]]}},{"type":"Feature","properties":{"RIO":0,"N_QUEBRADA":"QUEBRADA OVEJAS"},"geometry":{"type":"LineString","coordinates":[[-75.34501661805815,6.425043590182088],[-75.34574159288648,6.426083794964292],[-75.34541514489632,6.427819645316778],[-75.34711899258198,6.430148229013073]]}},{"type":"Feature","properties":{"RIO":0,"N_QUEBRADA":"RIO ABURRA - MEDELLIN"},"geometry":{"type":"LineString","coordinates":[[-75.41000608302014,6.410313621119727],[-75.40943681850143,6.410830128737839],[-75.40740951892916,6.410153089999094],[-75.40745263405495,6.412028215299352]]}},{"type":"Feature","properties":{"RIO":0,"N_QUEBRADA":"QUEBRADA MIRAFLORES"},"geometry":{"type":"LineString","coordinates":[[-75.62605014985891,6.121057602091432],[-75.62758075241321,6.121947868010127],[-75.62877323580437,6.121500939171285],[-75.63160296197306,6.123321672001688]]}},{"type":"Feature","properties":{"RIO":0,"N_QUEBRADA":"QUEBRADA LA BERMEJALA"},"geometry":{"type":"LineString","coordinates":[[-75.64557886172906,6.135604676629223],[-75.64517596496145,6.136055574674242],[-75.64355062360816,6.135258512339162],[-75.64166452322677,6.135608542408049]]}},{"type":"Feature","properties":{"RIO":0,"N_QUEBRADA":"QUEBRADA CHOCOLATE"},"geometry":{"type":"LineString","coordinates":[[-75.65033818592065,6.1577866073739544],[-75.63976860825414,6.154746884785644],[-75.63670661108736,6.15276892763878],[-75.63470500393139,6.152523808545674]]}},{"type":"Feature","properties":{"RIO":0,"N_QUEBRADA":"QUEBRADA LA SEBASTIANA"},"geometry":{"type":"LineString","coordinates":[[-75.5742947153096,6.166962099827894],[-75.57632431476387,6.1676747261662195],[-75.57715664884996,6.167044721782866],[-75.57988748724223,6.167486822641836]]}},{"type":"Feature","properties":{"RIO":0,"N_QUEBRADA":"QUEBRADA ESMERALDA"},"geometry":{"type":"LineString","coordinates":[[-75.56661119901686,6.107092814105567],[-75.56433601568631,6.108047315716482],[-75.56256721394513,6.113277386425171],[-75.56119208840748,6.115174239677241]]}},{"type":"Feature","properties":{"RIO":0,"N_QUEBRADA":"QUEBRADA LAS CATAS"},"geometry":{"type":"LineString","coordinates":[[-75.49207994598322,6.332416384468627],[-75.49437579289237,6.333598966833175],[-75.49673219606628,6.333095634238127],[-75.49954642723456,6.335316917285611]]}},{"type":"Feature","properties":{"RIO":0,"N_QUEBRADA":"QUEBRADA DEL HATO"},"geometry":{"type":"LineString","coordinates":[[-75.48407358568035,6.405477381051727],[-75.48362684654282,6.403860015196023],[-75.48414476716893,6.402528570043778],[-75.48172463679948,6.398480737003326]]}},{"type":"Feature","properties":{"RIO":0,"N_QUEBRADA":"QUEBRADA EL CHUSCAL"},"geometry":{"type":"LineString","coordinates":[[-75.49414816038515,6.353035765253727],[-75.49658168262015,6.356557387294972],[-75.49674269759755,6.357556888350249],[-75.49539928614857,6.358864348920547]]}},{"type":"Feature","properties":{"RIO":0,"N_QUEBRADA":"QUEBRADA GUASIMALITO"},"geometry":{"type":"LineString","coordinates":[[-75.52271182191359,6.347867081120271],[-75.52124165367688,6.346051095657008],[-75.52033033537842,6.346330612485532],[-75.51932691346285,6.345477330983211]]}},{"type":"Feature","properties":{"RIO":0,"N_QUEBRADA":"QUEBRADA ANDRECITOS"},"geometry":{"type":"LineString","coordinates":[[-75.40779200195914,6.375650014549064],[-75.41167510428093,6.377266077761251],[-75.41456116586454,6.380418498567896],[-75.41682374770821,6.381465252721892]]}},{"type":"Feature","properties":{"RIO":0,"N_QUEBRADA":"QUEBRADA CORREA"},"geometry":{"type":"LineString","coordinates":[[-75.4497579173841,6.3926043078707835],[-75.44890434861752,6.391550009002366],[-75.44648031523593,6.3910071609688455],[-75.4445268121726,6.389511688865601]]}},{"type":"Feature","properties":{"RIO":0,"N_QUEBRADA":"QUEBRADA LA JABALCONA"},"geometry":{"type":"LineString","coordinates":[[-75.58805440893236,6.195967096783557],[-75.58744052366194,6.196942571689145],[-75.5832940460624,6.1958083277878675],[-75.58091293930036,6.196945073503258]]}},{"type":"Feature","properties":{"RIO":0,"N_QUEBRADA":"RIO ABURRA - MEDELLIN"},"geometry":{"type":"LineString","coordinates":[[-75.60650483426267,6.162707237125492],[-75.60367929909643,6.164522467807825],[-75.60237307931162,6.169802652359686],[-75.60082058577972,6.171568784288999]]}},{"type":"Feature","properties":{"RIO":0,"N_QUEBRADA":"RIO ABURRA - MEDELLIN"},"geometry":{"type":"LineString","coordinates":[[-75.58169272435359,6.049570779034626],[-75.58356083883665,6.047563117727164],[-75.58430319426195,6.044151067722903],[-75.5855593042301,6.0424122911528055]]}},{"type":"Feature","properties":{"RIO":0,"N_QUEBRADA":"CAÑO SAN RAFAEL"},"geometry":{"type":"LineString","coordinates":[[-75.54656206281904,6.204612220980178],[-75.54802199270371,6.205542221310975],[-75.55397754960497,6.206708627841014],[-75.55657499808602,6.208316610471596]]}},{"type":"Feature","properties":{"RIO":0,"N_QUEBRADA":"QUEBRADA LA PRESIDENTA"},"geometry":{"type":"LineString","coordinates":[[-75.56025945280356,6.207622955237831],[-75.5630958148784,6.207181685568809],[-75.56531208332767,6.2077687807290065],[-75.56698806680076,6.207199610355363]]}},{"type":"Feature","properties":{"RIO":0,"N_QUEBRADA":"QUEBRADA LA BRUNERA"},"geometry":{"type":"LineString","coordinates":[[-75.61152915619189,6.062604518076176],[-75.6124415832548,6.062775957637679],[-75.61273152962997,6.061813373568773],[-75.61439916708603,6.0618304811525805]]}},{"type":"Feature","properties":{"RIO":0,"N_QUEBRADA":"QUEBRADA SAN MICHEL 1"},"geometry":{"type":"LineString","coordinates":[[-75.54205824175125,6.186355401800855],[-75.54381359937571,6.186347724796957],[-75.54713750168135,6.184682763376278],[-75.54777113944128,6.186033504075591]]}},{"type":"Feature","properties":{"RIO":0,"N_QUEBRADA":"QUEBRADA SAN JOSE"},"geometry":{"type":"LineString","coordinates":[[-75.60662402176379,6.308176174184432],[-75.6059430362528,6.3071460546690545],[-75.60352966750852,6.306110982999564],[-75.60145150188534,6.302261726671496]]}},{"type":"Feature","properties":{"RIO":0,"N_QUEBRADA":"QUEBRADA QUINTANILLA"},"geometry":{"type":"LineString","coordinates":[[-75.59532542067411,6.297655673350992],[-75.59275150217742,6.2921134596808885],[-75.5918854469564,6.290848761569192],[-75.59055469277106,6.290513692641899]]}},{"type":"Feature","properties":{"RIO":0,"N_QUEBRADA":"QUEBRADA LA BUGA"},"geometry":{"type":"LineString","coordinates":[[-75.64064874434709,6.220343702659496],[-75.63921309590971,6.220591908437079],[-75.63816581681176,6.221798127621868],[-75.63690764180649,6.221514869470579]]}},{"type":"Feature","properties":{"RIO":0,"N_QUEBRADA":"QUEBRADA LA GUAYABALA"},"geometry":{"type":"LineString","coordinates":[[-75.59317539975093,6.216323584697998],[-75.58807605500941,6.218432505248765],[-75.58695017644632,6.217796098720542],[-75.58587249259826,6.218971739805869]]}},{"type":"Feature","properties":{"RIO":0,"N_QUEBRADA":"QUEBRADA LA ESPADERA 2"},"geometry":{"type":"LineString","coordinates":[[-75.52371650525899,6.199433726508507],[-75.52260015274742,6.201786403473033],[-75.52286142902041,6.204069995488765],[-75.52159042733267,6.205087285213032]]}},{"type":"Feature","properties":{"RIO":0,"N_QUEBRADA":"COBERTURA ANTIGUA"},"geometry":{"type":"LineString","coordinates":[[-75.5544581075638,6.2397104440572155],[-75.55757560194102,6.242096725800256],[-75.55808371218654,6.244096200893634],[-75.55897535217083,6.244549272983649]]}},{"type":"Feature","properties":{"RIO":0,"N_QUEBRADA":"QUEBRADA LOS CAUCES"},"geometry":{"type":"LineString","coordinates":[[-75.53396993900003,6.223758856879808],[-75.53495756502842,6.223440908278786],[-75.53562734928023,6.224117501332843],[-75.53580672661194,6.225983398349225]]}},{"type":"Feature","properties":{"RIO":0,"N_QUEBRADA":"QUEBRADA EL CHUPADERO"},"geometry":{"type":"LineString","coordinates":[[-75.53209676989087,6.220488502993177],[-75.53385750865073,6.227037874535495],[-75.53399704998166,6.230298473950571],[-75.53508055531765,6.232139017432705]]}},{"type":"Feature","properties":{"RIO":0,"N_QUEBRADA":"QUEBRADA LA ROSA"},"geometry":{"type":"LineString","coordinates":[[-75.53682482125106,6.291716364699631],[-75.54156515250047,6.292821060918678],[-75.54261072130203,6.291906813448429],[-75.54294045476223,6.289758312002905]]}},{"type":"Feature","properties":{"RIO":0,"N_QUEBRADA":"QUEBRADA LA ROSA"},"geometry":{"type":"LineString","coordinates":[[-75.5557918638905,6.288863096686219],[-75.55971151043948,6.289227952277309],[-75.56039518303155,6.2908565277185495],[-75.56327661699709,6.291806700825936]]}},{"type":"Feature","properties":{"RIO":0,"N_QUEBRADA":"QUEBRADA EL CHAMBUL"},"geometry":{"type":"LineString","coordinates":[[-75.56000793279966,6.204669655120559],[-75.56170922127318,6.204362307535854],[-75.56364687839489,6.205780160345517],[-75.56640739618449,6.206370143712002]]}},{"type":"Feature","properties":{"RIO":0,"N_QUEBRADA":"QUEBRADA LAS ANITAS"},"geometry":{"type":"LineString","coordinates":[[-75.49878005419659,6.326949291128469],[-75.50054651287857,6.328691514695115],[-75.50318188764497,6.329235313851235],[-75.50404858601966,6.330282477217422]]}},{"type":"Feature","properties":{"RIO":0,"N_QUEBRADA":"CAÑADA DE LOS VIEJITOS"},"geometry":{"type":"LineString","coordinates":[[-75.56065011591296,6.35173626718884],[-75.56224748734746,6.349409364378902],[-75.56240157695865,6.3475126670235715],[-75.56414709795817,6.345991135873891]]}},{"type":"Feature","properties":{"RIO":0,"N_QUEBRADA":"QUEBRADA EL BARRO"},"geometry":{"type":"LineString","coordinates":[[-75.60914903689425,6.343402023894399],[-75.60762768419497,6.339711063389736],[-75.60646104778142,6.339164412524775],[-75.60562738897364,6.340105669820704]]}},{"type":"Feature","properties":{"RIO":0,"N_QUEBRADA":"QUEBRADA SAN ANTONIO"},"geometry":{"type":"LineString","coordinates":[[-75.42222331636827,6.347989850769756],[-75.42273011189478,6.349417158170214],[-75.42482225919557,6.350644664969021],[-75.42583531615504,6.352863814942911]]}},{"type":"Feature","properties":{"RIO":0,"N_QUEBRADA":"QUEBRADA LOS EXITOS"},"geometry":{"type":"LineString","coordinates":[[-75.59376355258476,6.30704951417523],[-75.59175457933812,6.3068077419941755],[-75.58810538959905,6.308351568919271],[-75.58683674897753,6.307652511702468]]}},{"type":"Feature","properties":{"RIO":0,"N_QUEBRADA":"CAÑO LA MANGUALA"},"geometry":{"type":"LineString","coordinates":[[-75.64681089544028,6.173985332944763],[-75.64101605159398,6.173802851726853],[-75.63832352188255,6.174616320869606],[-75.63789928283403,6.173864881284239]]}},{"type":"Feature","properties":{"RIO":0,"N_QUEBRADA":"QUEBRADA LA ZORRA"},"geometry":{"type":"LineString","coordinates":[[-75.67439263744724,6.179727024786195],[-75.67161363886923,6.1802200018001985],[-75.66666137467814,6.178637350600719],[-75.6655854454213,6.179272238658749]]}},{"type":"Feature","properties":{"RIO":0,"N_QUEBRADA":"QUEBRADA LA ASTILLERA"},"geometry":{"type":"LineString","coordinates":[[-75.67894736624571,6.256196342847161],[-75.67816808128532,6.255404042238979],[-75.67870906992576,6.254661105903227],[-75.67825639808066,6.253963197711142]]}},{"type":"Feature","properties":{"RIO":0,"N_QUEBRADA":"QUEBRADA LA CASCADA"},"geometry":{"type":"LineString","coordinates":[[-75.64887855181573,6.195083626896136],[-75.64834772952914,6.192621528273948],[-75.64888604042157,6.192174248298802],[-75.64826842929745,6.191617186185768]]}},{"type":"Feature","properties":{"RIO":0,"N_QUEBRADA":"QUEBRADA LA CHORRERA"},"geometry":{"type":"LineString","coordinates":[[-75.66163310202856,6.181888147623946],[-75.66112528973487,6.181307602198401],[-75.66002852948742,6.1818026887625965],[-75.65798747320531,6.18114036567212]]}},{"type":"Feature","properties":{"RIO":0,"N_QUEBRADA":"QUEBRADA ARENALA"},"geometry":{"type":"LineString","coordinates":[[-75.60145841675688,6.184765719151174],[-75.59964378806721,6.183483273045892],[-75.60021980008395,6.182482488478864],[-75.59939664177456,6.181724586889286]]}},{"type":"Feature","properties":{"RIO":0,"N_QUEBRADA":"QUEBRADA EL HATO"},"geometry":{"type":"LineString","coordinates":[[-75.56959627841361,6.332547377383677],[-75.56189434972119,6.332656729888148],[-75.55956210280632,6.331282041957504],[-75.55858307509446,6.329420599695756]]}},{"type":"Feature","properties":{"RIO":0,"N_QUEBRADA":"QUEBRADA LA LOCA"},"geometry":{"type":"LineString","coordinates":[[-75.56242757935988,6.322669090114968],[-75.56154640321759,6.323747048242242],[-75.5563387838875,6.325431763122262],[-75.55326792264582,6.324827661227364]]}},{"type":"Feature","properties":{"RIO":0,"N_QUEBRADA":"QUEBRADA LA MONTAÑITA"},"geometry":{"type":"LineString","coordinates":[[-75.63601158754349,6.3088520862184945],[-75.63658324810251,6.3057061539461605],[-75.6410194024662,6.301832590071314],[-75.642533311998,6.299265304002515]]}},{"type":"Feature","properties":{"RIO":0,"N_QUEBRADA":"QUEBRADA CINCO PASOS"},"geometry":{"type":"LineString","coordinates":[[-75.65578176237753,6.278607560284155],[-75.65293958418108,6.277794465263186],[-75.65105476551213,6.275877551503016],[-75.6490746653025,6.275851480587189]]}},{"type":"Feature","properties":{"RIO":0,"N_QUEBRADA":"QUEBRADA LA HERRERA"},"geometry":{"type":"LineString","coordinates":[[-75.54356824686097,6.2943190698351374],[-75.54775697188904,6.294393845908866],[-75.55055770104995,6.295778813311859],[-75.551521896853,6.297503113008716]]}},{"type":"Feature","properties":{"RIO":0,"N_QUEBRADA":"QUEBRADA LA SECA"},"geometry":{"type":"LineString","coordinates":[[-75.60403873061043,6.296602579424369],[-75.60391606437089,6.29543966217632],[-75.60130066682616,6.292092172425945],[-75.60111624816838,6.289670098990889]]}},{"type":"Feature","properties":{"RIO":0,"N_QUEBRADA":"QUEBRADA TRAVESIAS"},"geometry":{"type":"LineString","coordinates":[[-75.64419281734378,6.290165826242756],[-75.64512588491033,6.289277047201024],[-75.6456434642454,6.286515466510862],[-75.64514515489473,6.283164642375778]]}},{"type":"Feature","properties":{"RIO":0,"N_QUEBRADA":"QUEBRADA LA VELASQUEZ"},"geometry":{"type":"LineString","coordinates":[[-75.57511436381915,6.297767681388936],[-75.57113307503488,6.295664067794942],[-75.56839336659935,6.291095784327688],[-75.56545255798228,6.28879690577395]]}},{"type":"Feature","properties":{"RIO":0,"N_QUEBRADA":"ZANJON FERRINI"},"geometry":{"type":"LineString","coordinates":[[-75.5977319239947,6.2687312599380585],[-75.5956178190813,6.268236200352666],[-75.59537534456464,6.269317795335564],[-75.59207926837374,6.269059815378786]]}},{"type":"Feature","properties":{"RIO":0,"N_QUEBRADA":"QUEBRADA PEDREGAL"},"geometry":{"type":"LineString","coordinates":[[-75.62795576042289,6.308915476603446],[-75.62661479147658,6.306429664806968],[-75.6266794764507,6.302554988190691],[-75.62866742351787,6.300106860248916]]}},{"type":"Feature","properties":{"RIO":0,"N_QUEBRADA":"QUEBRADA SAN FRANCISCO"},"geometry":{"type":"LineString","coordinates":[[-75.67935364906953,6.275823976669823],[-75.67792205825663,6.273140417074243],[-75.6766238505704,6.273294543299836],[-75.67520036594144,6.272179418668289]]}},{"type":"Feature","properties":{"RIO":0,"N_QUEBRADA":"QUEBRADA LA SECA"},"geometry":{"type":"LineString","coordinates":[[-75.64760103646266,6.324424236788957],[-75.64969587109435,6.320199797746653],[-75.65150861397726,6.319209955388172],[-75.65220343261348,6.31783455399484]]}},{"type":"Feature","properties":{"RIO":0,"N_QUEBRADA":"QUEBRADA LA BERMEJALA"},"geometry":{"type":"LineString","coordinates":[[-75.63514515214437,6.285401875123078],[-75.63348914890324,6.2811370225610865],[-75.63179087919079,6.278813556204572],[-75.63250938569068,6.2773731127745]]}},{"type":"Feature","properties":{"RIO":0,"N_QUEBRADA":"QUEBRADA ANA DIAZ"},"geometry":{"type":"LineString","coordinates":[[-75.64273539427967,6.250325945473721],[-75.64240529843953,6.2511311928507345],[-75.64107964333881,6.250336175376405],[-75.6380507269237,6.25206598712289]]}},{"type":"Feature","properties":{"RIO":0,"N_QUEBRADA":"CAÑO SANTA MARIA"},"geometry":{"type":"LineString","coordinates":[[-75.57736070322389,6.18956417527157],[-75.57993982973112,6.189304811655792],[-75.58039189893701,6.190273844252744],[-75.58274567513328,6.191225162179519]]}},{"type":"Feature","properties":{"RIO":0,"N_QUEBRADA":"ZANJON GUAYAQUIL"},"geometry":{"type":"LineString","coordinates":[[-75.56616214650847,6.242301124902425],[-75.56639856600123,6.243997946903906],[-75.5676340350248,6.243564836404869],[-75.56911345583434,6.244063751750776]]}},{"type":"Feature","properties":{"RIO":0,"N_QUEBRADA":"QUEBRADA CHILCAGUA"},"geometry":{"type":"LineString","coordinates":[[-75.30841143986952,6.466055083915622],[-75.30801913359039,6.464475111570533],[-75.30506403911807,6.462626258549159],[-75.3034731133751,6.460491809257015]]}},{"type":"Feature","properties":{"RIO":0,"N_QUEBRADA":"QUEBRADA LOS LAURELES"},"geometry":{"type":"LineString","coordinates":[[-75.37860457935436,6.41813625338159],[-75.37785996637189,6.415308142937898],[-75.37837398556661,6.414752683311148],[-75.37768198811784,6.413994773874808]]}},{"type":"Feature","properties":{"RIO":0,"N_QUEBRADA":"QUEBRADA GUAYABAL"},"geometry":{"type":"LineString","coordinates":[[-75.37426663635816,6.4143894651808875],[-75.3744166906877,6.414950150195415],[-75.37551660211449,6.41495037809087],[-75.37545644987695,6.415626914496384]]}},{"type":"Feature","properties":{"RIO":0,"N_QUEBRADA":"QUEBRADA EL SILENCIO"},"geometry":{"type":"LineString","coordinates":[[-75.28788086563051,6.473305546705663],[-75.2873169454898,6.472757276178197],[-75.28681144187438,6.473664021471875],[-75.28577323903507,6.472853565887196]]}},{"type":"Feature","properties":{"RIO":0,"N_QUEBRADA":"RIO ABURRA - MEDELLIN"},"geometry":{"type":"LineString","coordinates":[[-75.32423811560538,6.450760380149254],[-75.32437104002304,6.452557012047742],[-75.32545446912309,6.453116470431127],[-75.3243379658097,6.454922139774096]]}},{"type":"Feature","properties":{"RIO":0,"N_QUEBRADA":"QUEBRADA LOS POMOS"},"geometry":{"type":"LineString","coordinates":[[-75.62856646005794,6.138014971007028],[-75.62990969485703,6.138532602724238],[-75.63241754437571,6.13769289141481],[-75.63338430143018,6.139459375713407]]}},{"type":"Feature","properties":{"RIO":0,"N_QUEBRADA":"QUEBRADA LA CHOCOLATA"},"geometry":{"type":"LineString","coordinates":[[-75.64418477146383,6.156863006141534],[-75.63944177838079,6.15584615517847],[-75.63796750232034,6.154055718689866],[-75.63475081232696,6.152930933683188]]}},{"type":"Feature","properties":{"RIO":0,"N_QUEBRADA":"QUEBRADA LA CANO"},"geometry":{"type":"LineString","coordinates":[[-75.64278557611506,6.10622637528718],[-75.64189954285352,6.106445782101868],[-75.64082445720518,6.105542561896368],[-75.63924075966415,6.106045998275614]]}},{"type":"Feature","properties":{"RIO":0,"N_QUEBRADA":"QUEBRADA LA RAYA"},"geometry":{"type":"LineString","coordinates":[[-75.64291548228321,6.110153594037099],[-75.6410912771187,6.109934196626157],[-75.64039121779685,6.111265372578903],[-75.63948764434356,6.111443451950092]]}},{"type":"Feature","properties":{"RIO":0,"N_QUEBRADA":"QUEBRADA LA SEBASTIANA"},"geometry":{"type":"LineString","coordinates":[[-75.57077259758721,6.163596621679378],[-75.57244992606951,6.165396384137577],[-75.57421253326224,6.165802840363394],[-75.5742947153096,6.166962099827894]]}},{"type":"Feature","properties":{"RIO":0,"N_QUEBRADA":"QUEBRADA LA LUISA"},"geometry":{"type":"LineString","coordinates":[[-75.51417454024704,6.4048457092313935],[-75.50749888903044,6.4016746396002],[-75.50477137162157,6.401167310183269],[-75.50245899222222,6.399041559735006]]}},{"type":"Feature","properties":{"RIO":0,"N_QUEBRADA":"QUEBRADA SECA"},"geometry":{"type":"LineString","coordinates":[[-75.47917345052974,6.329820677165985],[-75.4778874152465,6.332274264536602],[-75.47627547180946,6.333641964116903],[-75.47646526963892,6.334806676669029]]}},{"type":"Feature","properties":{"RIO":0,"N_QUEBRADA":"QUEBRADA LA SEÑORITA"},"geometry":{"type":"LineString","coordinates":[[-75.54704521057329,6.347698787746473],[-75.54573615338344,6.345290675471631],[-75.5460766726968,6.344139205442884],[-75.54475974940091,6.340202524057936]]}},{"type":"Feature","properties":{"RIO":0,"N_QUEBRADA":"QUEBRADA LA SEÑORITA"},"geometry":{"type":"LineString","coordinates":[[-75.54475974940091,6.340202524057936],[-75.54462232454215,6.33677084885046],[-75.54268299503592,6.334733512296023],[-75.54158205415048,6.334543592558544]]}},{"type":"Feature","properties":{"RIO":0,"N_QUEBRADA":"QUEBRADA LA MOLINARES"},"geometry":{"type":"LineString","coordinates":[[-75.56924832248266,6.320510938724073],[-75.5669886114086,6.321510773889695],[-75.56430728480511,6.321356718520243],[-75.56361905886527,6.322065782909837]]}},{"type":"Feature","properties":{"RIO":0,"N_QUEBRADA":"QUEBRADA GUACAMAYAS"},"geometry":{"type":"LineString","coordinates":[[-75.533710971718,6.347792353048767],[-75.53241609545293,6.344849076681155],[-75.53178774028908,6.345164889949355],[-75.53022306803162,6.3438906722399455]]}},{"type":"Feature","properties":{"RIO":0,"N_QUEBRADA":"QUEBRADA EL CEBADERO"},"geometry":{"type":"LineString","coordinates":[[-75.58344824565697,6.0852630742444855],[-75.58471092028991,6.086001609761321],[-75.5864735957629,6.08556623411479],[-75.58709448956891,6.084624749981539]]}},{"type":"Feature","properties":{"RIO":0,"N_QUEBRADA":"QUEBRADA FULGENCIO"},"geometry":{"type":"LineString","coordinates":[[-75.40985762128247,6.369940554067067],[-75.41166258243996,6.371343388716989],[-75.4120918424265,6.373355321423697],[-75.41338985636152,6.374228482054921]]}},{"type":"Feature","properties":{"RIO":0,"N_QUEBRADA":"QUEBRADA LA REPRESA"},"geometry":{"type":"LineString","coordinates":[[-75.45776572467236,6.38240101529782],[-75.45685081229625,6.381268328627712],[-75.45442445314947,6.381005861647536],[-75.45368537812621,6.379578536224635]]}},{"type":"Feature","properties":{"RIO":0,"N_QUEBRADA":"QUEBRADA LA LOMA"},"geometry":{"type":"LineString","coordinates":[[-75.5568941581293,6.222463518789722],[-75.56186207896661,6.218199273047991],[-75.56182215880837,6.215492664523424],[-75.56308048690175,6.214485841110134]]}},{"type":"Feature","properties":{"RIO":0,"N_QUEBRADA":"QUEBRADA LA POBLADA"},"geometry":{"type":"LineString","coordinates":[[-75.53667143738137,6.211073784971116],[-75.53874655823894,6.212394227389426],[-75.54104216005895,6.212387669242216],[-75.54270957701947,6.21087505255205]]}},{"type":"Feature","properties":{"RIO":0,"N_QUEBRADA":"QUEBRADA LA MINA"},"geometry":{"type":"LineString","coordinates":[[-75.62284114616418,6.045427987230898],[-75.62209362368158,6.04617455610791],[-75.62041137196478,6.045145731204892],[-75.62066217487806,6.047818811318742]]}},{"type":"Feature","properties":{"RIO":0,"N_QUEBRADA":"QUEBRADA SAN PEDRO 1"},"geometry":{"type":"LineString","coordinates":[[-75.503995941531,6.2026930299632195],[-75.50206246054756,6.203915830294372],[-75.5008506478524,6.203895878179212],[-75.50031109000848,6.2048900011647685]]}},{"type":"Feature","properties":{"RIO":0,"N_QUEBRADA":"QUEBRADA LA VOLCANA 1"},"geometry":{"type":"LineString","coordinates":[[-75.55186552392853,6.18684357336171],[-75.5543629418002,6.187805806408285],[-75.55730594067742,6.1877124631410965],[-75.55905201292903,6.190220041545881]]}},{"type":"Feature","properties":{"RIO":0,"N_QUEBRADA":"QUEBRADA LA GUAYABALA"},"geometry":{"type":"LineString","coordinates":[[-75.60059784178416,6.204093561042703],[-75.59790525384412,6.204522611425243],[-75.59722422094003,6.205359262401569],[-75.5979449158464,6.211236708414006]]}},{"type":"Feature","properties":{"RIO":0,"N_QUEBRADA":"QUEBRADA LA PABON"},"geometry":{"type":"LineString","coordinates":[[-75.6066740575117,6.210196164118329],[-75.60240719980315,6.212541406896159],[-75.60053407343112,6.212539317283433],[-75.59869125125813,6.213572651756684]]}},{"type":"Feature","properties":{"RIO":0,"N_QUEBRADA":"QUEBRADA ALTAVISTA"},"geometry":{"type":"LineString","coordinates":[[-75.58864461080094,6.231632251586526],[-75.58017590752728,6.231834486705775],[-75.57920459878217,6.233674921719988],[-75.5776112722253,6.233989871747411]]}},{"type":"Feature","properties":{"RIO":0,"N_QUEBRADA":"QUEBRADA DEL ALTO"},"geometry":{"type":"LineString","coordinates":[[-75.49963611006496,6.223572080010766],[-75.5022439120148,6.222691667436041],[-75.50385134393757,6.223095110703539],[-75.50474926181826,6.222420512403374]]}},{"type":"Feature","properties":{"RIO":0,"N_QUEBRADA":"QUEBRADA SANIN"},"geometry":{"type":"LineString","coordinates":[[-75.53417105101056,6.197488156194751],[-75.53628182684275,6.1967559317942875],[-75.53957728151715,6.198740427874609],[-75.5409668475359,6.19884522398476]]}},{"type":"Feature","properties":{"RIO":0,"N_QUEBRADA":"QUEBRADA VICENZA"},"geometry":{"type":"LineString","coordinates":[[-75.54681208714284,6.192641934519141],[-75.54817156266489,6.193068584085666],[-75.5492706247962,6.192342885363973],[-75.55127509375922,6.192993911351292]]}},{"type":"Feature","properties":{"RIO":0,"N_QUEBRADA":"QUEBRADA LA ESPADERA 5"},"geometry":{"type":"LineString","coordinates":[[-75.5230796677302,6.199078196120975],[-75.52167660735391,6.200962304952417],[-75.52228376929062,6.203633297244275],[-75.52159042733267,6.205087285213032]]}},{"type":"Feature","properties":{"RIO":0,"N_QUEBRADA":"QUEBRADA AVILA"},"geometry":{"type":"LineString","coordinates":[[-75.55626323409581,6.233676906361727],[-75.55694980830602,6.235082093619893],[-75.55849543856601,6.235968834880156],[-75.55898862701784,6.23555508681779]]}},{"type":"Feature","properties":{"RIO":0,"N_QUEBRADA":"QUEBRADA LA RAFITA"},"geometry":{"type":"LineString","coordinates":[[-75.53690380123416,6.249369116336868],[-75.53846512767926,6.248688381464444],[-75.54193734817669,6.248975685654564],[-75.5442202353901,6.248319649089983]]}},{"type":"Feature","properties":{"RIO":0,"N_QUEBRADA":"QUEBRADA LA CASTRO 5"},"geometry":{"type":"LineString","coordinates":[[-75.5163867707469,6.253459222311677],[-75.51814825441512,6.252968323367355],[-75.52262613117898,6.253883944777167],[-75.52470921623984,6.253128541247614]]}},{"type":"Feature","properties":{"RIO":0,"N_QUEBRADA":"QUEBRADA LA TEBAIDA"},"geometry":{"type":"LineString","coordinates":[[-75.5341562410703,6.280577242102697],[-75.53578082910391,6.280153789209955],[-75.53770995878054,6.277037611810248],[-75.53996629291092,6.275400873484976]]}},{"type":"Feature","properties":{"RIO":0,"N_QUEBRADA":"QUEBRADA LA CASTRO"},"geometry":{"type":"LineString","coordinates":[[-75.53262905310277,6.238692266332133],[-75.53322549425779,6.237254325335691],[-75.5347961069438,6.236238828951255],[-75.53527999033429,6.236583648674024]]}},{"type":"Feature","properties":{"RIO":0,"N_QUEBRADA":"QUEBRADA LA CASTRO"},"geometry":{"type":"LineString","coordinates":[[-75.51421254933986,6.259971463432751],[-75.5151063546974,6.255325809737633],[-75.51673045133923,6.255321271030925],[-75.51724368679172,6.256193756002503]]}},{"type":"Feature","properties":{"RIO":0,"N_QUEBRADA":"QUEBRADA LAS ANIMAS"},"geometry":{"type":"LineString","coordinates":[[-75.66108320971803,6.136782647842379],[-75.6614139029828,6.137826875322714],[-75.66053726203435,6.140618923250444],[-75.65845177705519,6.142973491066787]]}},{"type":"Feature","properties":{"RIO":0,"N_QUEBRADA":"QUEBRADA LA URIBE"},"geometry":{"type":"LineString","coordinates":[[-75.50315297016056,6.248978663926844],[-75.50308654558329,6.250958810927068],[-75.5017625040736,6.253343648168142],[-75.50229444040721,6.254281109770399]]}},{"type":"Feature","properties":{"RIO":0,"N_QUEBRADA":"QUEBRADA LA GARCIA"},"geometry":{"type":"LineString","coordinates":[[-75.57155284220416,6.34596735336396],[-75.57125326186112,6.345025440188143],[-75.56950067064929,6.344337767065051],[-75.56959833051943,6.342939801248497]]}},{"type":"Feature","properties":{"RIO":0,"N_QUEBRADA":"QUEBRADA LA GARCIA"},"geometry":{"type":"LineString","coordinates":[[-75.60764895573818,6.360164007159191],[-75.60698799100822,6.359974205869854],[-75.60622155461282,6.361384364714907],[-75.6036445908261,6.362067057229446]]}},{"type":"Feature","properties":{"RIO":0,"N_QUEBRADA":"QUEBRADA LA CHAPARRALA"},"geometry":{"type":"LineString","coordinates":[[-75.65222676316165,6.168009557603688],[-75.64968533906905,6.167974563587278],[-75.64709763243565,6.17042690303936],[-75.64369067166695,6.171478132077266]]}},{"type":"Feature","properties":{"RIO":0,"N_QUEBRADA":"QUEBRADA GUAPANTE"},"geometry":{"type":"LineString","coordinates":[[-75.67647599734222,6.244638720408417],[-75.67794189942116,6.243732171238302],[-75.67801284409138,6.244901049708682],[-75.67902580600203,6.24491009561838]]}},{"type":"Feature","properties":{"RIO":0,"N_QUEBRADA":"QUEBRADA LA CAÑADA"},"geometry":{"type":"LineString","coordinates":[[-75.64956750831757,6.185335511841416],[-75.6475457772936,6.185905884318957],[-75.64710211579008,6.1870022430031115],[-75.6443051291615,6.188965054351189]]}},{"type":"Feature","properties":{"RIO":0,"N_QUEBRADA":"QUEBRADA EL ALGARROBO"},"geometry":{"type":"LineString","coordinates":[[-75.64968206361249,6.204023947812186],[-75.64959685553757,6.200650407555597],[-75.65036583323088,6.19927403406578],[-75.64984547456316,6.197728923181532]]}},{"type":"Feature","properties":{"RIO":0,"N_QUEBRADA":"QUEBRADA LA CORNETA"},"geometry":{"type":"LineString","coordinates":[[-75.63511319910475,6.16651923550405],[-75.63374179699566,6.166816732124465],[-75.62968421274508,6.165897027637892],[-75.62564588923316,6.166703074945986]]}},{"type":"Feature","properties":{"RIO":0,"N_QUEBRADA":"QUEBRADA LA MANGUALA"},"geometry":{"type":"LineString","coordinates":[[-75.66307825392458,6.178861284649935],[-75.66077969771156,6.180551249445627],[-75.65834495924038,6.180518129391922],[-75.65798747320531,6.18114036567212]]}},{"type":"Feature","properties":{"RIO":0,"N_QUEBRADA":"QUEBRADA LA MILAGROSA"},"geometry":{"type":"LineString","coordinates":[[-75.55526936606074,6.226361199966507],[-75.5529480430556,6.232484825805381],[-75.55314927045946,6.234941798992201],[-75.55381628243762,6.235307141626203]]}},{"type":"Feature","properties":{"RIO":0,"N_QUEBRADA":"QUEBRADA SANTANA"},"geometry":{"type":"LineString","coordinates":[[-75.56941443474136,6.325301532980621],[-75.5670751689931,6.326789941002019],[-75.56343110003749,6.327625629713232],[-75.56187141465114,6.329048102709212]]}},{"type":"Feature","properties":{"RIO":0,"N_QUEBRADA":"CAÑO X"},"geometry":{"type":"LineString","coordinates":[[-75.56332911896322,6.301992432293982],[-75.5612672074139,6.302960424512235],[-75.56069311770922,6.302095523851236],[-75.5577485242251,6.301182428823224]]}},{"type":"Feature","properties":{"RIO":0,"N_QUEBRADA":"CAÑO MALPASO"},"geometry":{"type":"LineString","coordinates":[[-75.58369126813888,6.282955118084338],[-75.5806601388133,6.280666998534848],[-75.58017358863093,6.27856097883058],[-75.57867346014642,6.277259135407377]]}},{"type":"Feature","properties":{"RIO":0,"N_QUEBRADA":"QUEBRADA SAN FRANCISCO"},"geometry":{"type":"LineString","coordinates":[[-75.66519844482262,6.268867556316616],[-75.663318205265,6.267811409687027],[-75.66216533442255,6.268091096536165],[-75.66117939288644,6.266886769516492]]}},{"type":"Feature","properties":{"RIO":0,"N_QUEBRADA":"QUEBRADA LOS MANGOS"},"geometry":{"type":"LineString","coordinates":[[-75.56573971625329,6.179325672448137],[-75.56649447731587,6.180345304519805],[-75.57204612201964,6.1801820612585],[-75.57587730831085,6.181897278388964]]}},{"type":"Feature","properties":{"RIO":0,"N_QUEBRADA":"QUEBRADA LA HONDA 3"},"geometry":{"type":"LineString","coordinates":[[-75.52902257549376,6.270333963746485],[-75.53016165362904,6.2692008367787],[-75.53055361813331,6.267280277920959],[-75.53242178792512,6.266133482793532]]}},{"type":"Feature","properties":{"RIO":0,"N_QUEBRADA":"COBERTURA EL CHAGUALO 1"},"geometry":{"type":"LineString","coordinates":[[-75.56568754401208,6.258214030393839],[-75.5671211807425,6.259590282790334],[-75.56926132290093,6.260216454263155],[-75.5688134280447,6.261273229010095]]}},{"type":"Feature","properties":{"RIO":0,"N_QUEBRADA":"QUEBRADA EL REMOLINO"},"geometry":{"type":"LineString","coordinates":[[-75.55002184450466,6.26841482261838],[-75.55378651611504,6.267626029390695],[-75.5579030579503,6.267898066929259],[-75.55976700536563,6.267197702528673]]}},{"type":"Feature","properties":{"RIO":0,"N_QUEBRADA":"QUEBRADA LA QUESARIEGA"},"geometry":{"type":"LineString","coordinates":[[-75.42212773611513,6.42386894581653],[-75.42124329031553,6.421436868810912],[-75.41926697580747,6.41957010820147],[-75.41945426157369,6.418521034407303]]}},{"type":"Feature","properties":{"RIO":0,"N_QUEBRADA":"QUEBRADA REVENTON"},"geometry":{"type":"LineString","coordinates":[[-75.34034612155267,6.454424802574917],[-75.33771224394812,6.453657708423385],[-75.33497589017684,6.45153201221063],[-75.3341759158902,6.450033105582685]]}},{"type":"Feature","properties":{"RIO":0,"N_QUEBRADA":"QUEBRADA CORRIENTES"},"geometry":{"type":"LineString","coordinates":[[-75.3705478346954,6.41024375521004],[-75.37144929910508,6.411492513704529],[-75.37120981240352,6.413025788601607],[-75.36971934383618,6.413396129015996]]}},{"type":"Feature","properties":{"RIO":0,"N_QUEBRADA":"QUEBRADA EL PICACHO"},"geometry":{"type":"LineString","coordinates":[[-75.3699356979537,6.420864771809904],[-75.3694825191071,6.419933087212038],[-75.37033669205853,6.418904732008768],[-75.3705550819933,6.4169458890869295]]}},{"type":"Feature","properties":{"RIO":0,"N_QUEBRADA":"QUEBRADA SANTA ROSA"},"geometry":{"type":"LineString","coordinates":[[-75.32687320949191,6.449806969678529],[-75.3258420954546,6.449681774784975],[-75.32560718963235,6.45094742163137],[-75.32423811560538,6.450760380149254]]}},{"type":"Feature","properties":{"RIO":0,"N_QUEBRADA":"QUEBRADA LA CHIQUITA"},"geometry":{"type":"LineString","coordinates":[[-75.35890226741323,6.4598675909577725],[-75.35588031905638,6.459106978260616],[-75.35226212081659,6.4595685890229],[-75.3503593786638,6.458261561899167]]}},{"type":"Feature","properties":{"RIO":0,"N_QUEBRADA":"RIO ABURRA - MEDELLIN"},"geometry":{"type":"LineString","coordinates":[[-75.33059972959794,6.443784203791352],[-75.327489489386,6.44556486808531],[-75.32743466557365,6.4475891936539504],[-75.32532915784219,6.448323895409179]]}},{"type":"Feature","properties":{"RIO":0,"N_QUEBRADA":"QUEBRADA LA PITAYA"},"geometry":{"type":"LineString","coordinates":[[-75.50624939134376,6.383018965056885],[-75.50285931247545,6.38200324272486],[-75.49920969424547,6.382555657166569],[-75.4980710362842,6.381581543722078]]}},{"type":"Feature","properties":{"RIO":0,"N_QUEBRADA":"QUEBRADA EL BARBASCAL"},"geometry":{"type":"LineString","coordinates":[[-75.43155413510569,6.3917850360263575],[-75.432253201878,6.394552819465109],[-75.43115268861153,6.395141065777681],[-75.43274933455832,6.39596819356266]]}},{"type":"Feature","properties":{"RIO":0,"N_QUEBRADA":"QUEBRADA LA PASTORA"},"geometry":{"type":"LineString","coordinates":[[-75.53473182471797,6.21667569333002],[-75.53776308488533,6.223155947136672],[-75.54041198100566,6.22600650691968],[-75.54060659788624,6.227190445795815]]}},{"type":"Feature","properties":{"RIO":0,"N_QUEBRADA":"QUEBRADA LA ESPADERA"},"geometry":{"type":"LineString","coordinates":[[-75.51914597807091,6.209578404254775],[-75.51878705415959,6.212430624947098],[-75.52113903800068,6.21400398734752],[-75.5223363627168,6.218305156395688]]}},{"type":"Feature","properties":{"RIO":0,"N_QUEBRADA":"QUEBRADA LA BOMBA"},"geometry":{"type":"LineString","coordinates":[[-75.29435987466043,6.515681460221387],[-75.2927450564243,6.517070911247424],[-75.29155127495005,6.520281775319066],[-75.2894890915284,6.522848744602284]]}},{"type":"Feature","properties":{"RIO":0,"N_QUEBRADA":"QUEBRADA LA CALIMA 1"},"geometry":{"type":"LineString","coordinates":[[-75.6325875968425,6.240242362774318],[-75.63081239724144,6.238681641971141],[-75.63145064515511,6.238118010647089],[-75.63082952514854,6.23776666940498]]}},{"type":"Feature","properties":{"RIO":0,"N_QUEBRADA":"QUEBRADA EL ASERRADERO"},"geometry":{"type":"LineString","coordinates":[[-75.53642584780961,6.224498625900334],[-75.5370686370921,6.227094287273225],[-75.5390224729006,6.229312784564559],[-75.53907374917436,6.230470121603747]]}},{"type":"Feature","properties":{"RIO":0,"N_QUEBRADA":"QUEBRADA SANIN"},"geometry":{"type":"LineString","coordinates":[[-75.53120725875567,6.189485072864859],[-75.53678445328015,6.192884167468454],[-75.53952520537246,6.195896633427062],[-75.5409668475359,6.19884522398476]]}},{"type":"Feature","properties":{"RIO":0,"N_QUEBRADA":"QUEBRADA BONANZA"},"geometry":{"type":"LineString","coordinates":[[-75.5155379447574,6.219573240138806],[-75.5150994504699,6.221092901655747],[-75.51667435472392,6.223929116493425],[-75.51660835066063,6.228029809757488]]}},{"type":"Feature","properties":{"RIO":0,"N_QUEBRADA":"QUEBRADA SANTA ELENA"},"geometry":{"type":"LineString","coordinates":[[-75.55805623952726,6.246921081985765],[-75.5593169299383,6.247840025734392],[-75.56066234738303,6.24758533761342],[-75.56571220089988,6.249518910676295]]}},{"type":"Feature","properties":{"RIO":0,"N_QUEBRADA":"QUEBRADA SANTA LUCIA"},"geometry":{"type":"LineString","coordinates":[[-75.51123863461983,6.247246357708986],[-75.51228201561396,6.24710023435072],[-75.51363024389423,6.245447217201325],[-75.5153224301967,6.245051388798632]]}},{"type":"Feature","properties":{"RIO":0,"N_QUEBRADA":"QUEBRADA LA LOPEZ"},"geometry":{"type":"LineString","coordinates":[[-75.3246311588414,6.430490897172931],[-75.32569925766819,6.431525954708288],[-75.32550012022817,6.432124903271713],[-75.32815516996739,6.43389416332978]]}},{"type":"Feature","properties":{"RIO":0,"N_QUEBRADA":"QUEBRADA PIEDRAS BLANCAS"},"geometry":{"type":"LineString","coordinates":[[-75.49628260905735,6.271234925586862],[-75.49580120221407,6.272874675876226],[-75.4937073388318,6.273052726934764],[-75.4927899233009,6.274705840067498]]}},{"type":"Feature","properties":{"RIO":0,"N_QUEBRADA":"QUEBRADA CHARCO HONDO"},"geometry":{"type":"LineString","coordinates":[[-75.63090372436537,6.186141593813056],[-75.63466072922112,6.18358633647068],[-75.63537186354175,6.18184390236004],[-75.63718795741362,6.180615380791301]]}},{"type":"Feature","properties":{"RIO":0,"N_QUEBRADA":"QUEBRADA LA VALERIA"},"geometry":{"type":"LineString","coordinates":[[-75.64143128297688,6.09119749650198],[-75.63867946304377,6.09265195576226],[-75.63702563569153,6.095534704549662],[-75.63562277909142,6.096299862795118]]}},{"type":"Feature","properties":{"RIO":0,"N_QUEBRADA":"QUEBRADA LA MARUCHENGA"},"geometry":{"type":"LineString","coordinates":[[-75.58395508722236,6.313854741753837],[-75.58141994483742,6.3139738618680905],[-75.57666651007187,6.311555173644705],[-75.572536339342,6.31074245165689]]}},{"type":"Feature","properties":{"RIO":0,"N_QUEBRADA":"QUEBRADA EL HATO"},"geometry":{"type":"LineString","coordinates":[[-75.55858307509446,6.329420599695756],[-75.55525676246629,6.328987125068994],[-75.55309303508457,6.330858359307262],[-75.55034910834453,6.3292793398086]]}},{"type":"Feature","properties":{"RIO":0,"N_QUEBRADA":"QUEBRADA LA MINA"},"geometry":{"type":"LineString","coordinates":[[-75.60499301255416,6.2643474938699],[-75.6045401228972,6.261609673934721],[-75.60236079000563,6.261174998887751],[-75.60179915406566,6.260285053715254]]}},{"type":"Feature","properties":{"RIO":0,"N_QUEBRADA":"QUEBRADA LAS CATAS"},"geometry":{"type":"LineString","coordinates":[[-75.5048500069238,6.343178044206784],[-75.50518755478613,6.3448574784873],[-75.50667412764813,6.346081733596534],[-75.50852508262338,6.349733673274827]]}},{"type":"Feature","properties":{"RIO":0,"N_QUEBRADA":"QUEBRADA SANTA GERTRUDIZ"},"geometry":{"type":"LineString","coordinates":[[-75.5805327174439,6.106852111338233],[-75.5825966119112,6.106564995094046],[-75.5834016506852,6.107404560730113],[-75.58607858543802,6.106637292688602]]}},{"type":"Feature","properties":{"RIO":0,"N_QUEBRADA":"QUEBRADA LA QUINTANA"},"geometry":{"type":"LineString","coordinates":[[-75.58169490976285,6.2851118185846],[-75.576695387928,6.2831717431560685],[-75.57361301057476,6.281015999734896],[-75.56855851858612,6.280778412150775]]}},{"type":"Feature","properties":{"RIO":0,"N_QUEBRADA":"QUEBRADA LA SALADA"},"geometry":{"type":"LineString","coordinates":[[-75.5284690530927,6.225764391898831],[-75.52840118121492,6.22685868070719],[-75.52935669366423,6.22738064990134],[-75.53018770236784,6.230166595527368]]}},{"type":"Feature","properties":{"RIO":0,"N_QUEBRADA":"QUEBRADA EL TABANO"},"geometry":{"type":"LineString","coordinates":[[-75.4471662967061,6.372045806327112],[-75.44568222514229,6.37599393067035],[-75.44469107732736,6.37697373185121],[-75.44293944844563,6.377038689381779]]}},{"type":"Feature","properties":{"RIO":0,"N_QUEBRADA":"QUEBRADA LA FRISOLA"},"geometry":{"type":"LineString","coordinates":[[-75.69423733742943,6.25564639599555],[-75.693819044394,6.253388344106552],[-75.69266487564866,6.252711128364176],[-75.69296049336204,6.252210343021784]]}},{"type":"Feature","properties":{"RIO":0,"N_QUEBRADA":"QUEBRADA LA MADERA"},"geometry":{"type":"LineString","coordinates":[[-75.58381532289899,6.30929319588397],[-75.58164043746227,6.308962490507224],[-75.57645708157497,6.3112362308498975],[-75.572536339342,6.31074245165689]]}},{"type":"Feature","properties":{"RIO":0,"N_QUEBRADA":"QUEBRADA EL BOLO"},"geometry":{"type":"LineString","coordinates":[[-75.5965079828036,6.198531003678333],[-75.59519186498846,6.19713445900672],[-75.59395652107028,6.19741874845583],[-75.5927740863364,6.196376510657495]]}},{"type":"Feature","properties":{"RIO":0,"N_QUEBRADA":"QUEBRADA LA CHOCHA"},"geometry":{"type":"LineString","coordinates":[[-75.6445469722302,6.152717688034687],[-75.64284228266476,6.15147166599008],[-75.6391638306365,6.15143753041746],[-75.63633957020845,6.150244169670183]]}},{"type":"Feature","properties":{"RIO":0,"N_QUEBRADA":"QUEBRADA LA GARCIA"},"geometry":{"type":"LineString","coordinates":[[-75.62661244968068,6.37588018444939],[-75.62605748537355,6.376154181312024],[-75.625175537843,6.37501245865041],[-75.62451757516702,6.375599817853737]]}},{"type":"Feature","properties":{"RIO":0,"N_QUEBRADA":"QUEBRADA EL CHUMBIMBO"},"geometry":{"type":"LineString","coordinates":[[-75.594649050601,6.285785366081194],[-75.59333684582322,6.28218857106421],[-75.591425106978,6.280216250136471],[-75.59182809152574,6.27719914274799]]}},{"type":"Feature","properties":{"RIO":0,"N_QUEBRADA":"QUEBRADA LA LLORONA 2"},"geometry":{"type":"LineString","coordinates":[[-75.55440472566686,6.2749315277308595],[-75.55662806721914,6.2750040387274755],[-75.55723582528296,6.2743761791457775]]}},{"type":"Feature","properties":{"RIO":0,"N_QUEBRADA":"QUEBRADA EL AHORCADO"},"geometry":{"type":"LineString","coordinates":[[-75.54654569650602,6.2621040852586605],[-75.54769911244482,6.2624173719936005],[-75.54872511617117,6.2617947837970505]]}},{"type":"Feature","properties":{"RIO":0,"N_QUEBRADA":"QUEBRADA SECA"},"geometry":{"type":"LineString","coordinates":[[-75.56961812074536,6.3594671114432675],[-75.56996437595541,6.3577525938405515],[-75.56943087824281,6.3565952261469905]]}},{"type":"Feature","properties":{"RIO":0,"N_QUEBRADA":"QUEBRADA LOS TRANQUILOS"},"geometry":{"type":"LineString","coordinates":[[-75.65281581803985,6.311931364347118],[-75.65362124374943,6.3100171864571895],[-75.65614758521426,6.3086693314697415]]}},{"type":"Feature","properties":{"RIO":0,"N_QUEBRADA":"QUEBRADA LA CHAGUALA"},"geometry":{"type":"LineString","coordinates":[[-75.62191808481985,6.2836932176859035],[-75.62117167129509,6.2797917329364035],[-75.62169443412692,6.275067455310676]]}},{"type":"Feature","properties":{"RIO":0,"N_QUEBRADA":"QUEBRADA PEDREGAL"},"geometry":{"type":"LineString","coordinates":[[-75.62945394668156,6.2955740628994326],[-75.62981322416367,6.2945879233617665],[-75.62873461265944,6.291691888359317]]}},{"type":"Feature","properties":{"RIO":0,"N_QUEBRADA":"QUEBRADA LA GARCIA"},"geometry":{"type":"LineString","coordinates":[[-75.61805509424276,6.3015216312285505],[-75.61661068511067,6.2987205568928335],[-75.61549279243195,6.298413242902834]]}},{"type":"Feature","properties":{"RIO":0,"N_QUEBRADA":"QUEBRADA LAS LAJAS"},"geometry":{"type":"LineString","coordinates":[[-75.41295944687117,6.4171555906215785],[-75.41290900801629,6.415836373684107],[-75.41181066653193,6.4151561957940615]]}},{"type":"Feature","properties":{"RIO":0,"N_QUEBRADA":"QUEBRADA LA SEBASTIANA"},"geometry":{"type":"LineString","coordinates":[[-75.54371975752164,6.154548708698282],[-75.54470459114499,6.1539262694277514],[-75.54557720764704,6.1542396601528555]]}},{"type":"Feature","properties":{"RIO":0,"N_QUEBRADA":"RIO ABURRA - MEDELLIN"},"geometry":{"type":"LineString","coordinates":[[-75.63203029389886,6.0834350675321955],[-75.63098822008625,6.084714769342736],[-75.63273652461183,6.0866816555000005]]}},{"type":"Feature","properties":{"RIO":0,"N_QUEBRADA":"QUEBRADA GARCIA ALTA"},"geometry":{"type":"LineString","coordinates":[[-75.62019186581283,6.362300886769857],[-75.61932789575468,6.3629548323421075],[-75.61798057691051,6.3622250182949625]]}},{"type":"Feature","properties":{"RIO":0,"N_QUEBRADA":"QUEBRADA LA AGUADITA"},"geometry":{"type":"LineString","coordinates":[[-75.54501252566666,6.253422364622773],[-75.54950587387462,6.2522685470678985],[-75.55117920154898,6.2510098841163675]]}},{"type":"Feature","properties":{"RIO":0,"N_QUEBRADA":"QUEBRADA SANTA ELENA"},"geometry":{"type":"LineString","coordinates":[[-75.50312411330953,6.2171086079886795],[-75.50325352483162,6.218554336452787],[-75.50233433370848,6.2188946992604315]]}},{"type":"Feature","properties":{"RIO":0,"N_QUEBRADA":"QUEBRADA LA CHOCHA"},"geometry":{"type":"LineString","coordinates":[[-75.65384814814828,6.1554050448958115],[-75.65226853672453,6.154512865292931],[-75.64934206030026,6.1551026424173845]]}},{"type":"Feature","properties":{"RIO":0,"N_QUEBRADA":"QUEBRADA LA GARCIA"},"geometry":{"type":"LineString","coordinates":[[-75.65494462376886,6.3729979442869595],[-75.65299771416234,6.3725317787977875],[-75.65202898414461,6.371020525521136]]}},{"type":"Feature","properties":{"RIO":0,"N_QUEBRADA":"QUEBRADA LA MERCED"},"geometry":{"type":"LineString","coordinates":[[-75.61531599706413,6.276218928335876],[-75.61431658262426,6.274860711134474],[-75.61308052643233,6.2749094658050675]]}},{"type":"Feature","properties":{"RIO":0,"N_QUEBRADA":"ZANJON GUANTEROS"},"geometry":{"type":"LineString","coordinates":[[-75.56966110388177,6.247272491617408],[-75.57442232841296,6.2489262492622935],[-75.57523571154451,6.249853958213096]]}},{"type":"Feature","properties":{"RIO":0,"N_QUEBRADA":"QUEBRADA MONTE VERDE"},"geometry":{"type":"LineString","coordinates":[[-75.62783497531196,6.243955601326039],[-75.62745658756923,6.245381310308172],[-75.62579108807913,6.2462603148294535]]}},{"type":"Feature","properties":{"RIO":0,"N_QUEBRADA":"QUEBRADA LA PASTIZALA"},"geometry":{"type":"LineString","coordinates":[[-75.59153126371471,6.3019223033616685],[-75.59012524871768,6.301340686396428],[-75.58931450003256,6.299480593514902]]}},{"type":"Feature","properties":{"RIO":0,"N_QUEBRADA":"QUEBRADA LA CALDAS"},"geometry":{"type":"LineString","coordinates":[[-75.29584224119398,6.489655591610543],[-75.29227126334587,6.489028277086342],[-75.29066076470858,6.4901645228482705]]}},{"type":"Feature","properties":{"RIO":0,"N_QUEBRADA":"QUEBRADA LA GARCIA 1"},"geometry":{"type":"LineString","coordinates":[[-75.61634783622817,6.301170718584355],[-75.61507450226635,6.3000373791811946],[-75.61514878135876,6.298223249589762]]}},{"type":"Feature","properties":{"RIO":0,"N_QUEBRADA":"QUEBRADA LAS BRUJAS"},"geometry":{"type":"LineString","coordinates":[[-75.62405841080377,6.2989401674441865],[-75.62367210462641,6.296063884600216],[-75.62203603471605,6.293226183376711]]}},{"type":"Feature","properties":{"RIO":0,"N_QUEBRADA":"QUEBRADA LA ESMERALDA 2"},"geometry":{"type":"LineString","coordinates":[[-75.61688472908388,6.3056596195726256],[-75.61470408817476,6.302677169363657],[-75.61289135176746,6.298186000924269]]}},{"type":"Feature","properties":{"RIO":0,"N_QUEBRADA":"QUEBRADA LA LEONARDA"},"geometry":{"type":"LineString","coordinates":[[-75.62525734401405,6.258962250642721],[-75.62394523701144,6.2574966373605605],[-75.62384261748369,6.256334319822645]]}},{"type":"Feature","properties":{"RIO":0,"N_QUEBRADA":"QUEBRADA LA PRADERA"},"geometry":{"type":"LineString","coordinates":[[-75.61058299518949,6.264714570639963],[-75.61046991212088,6.263476364085573],[-75.60704066899052,6.2586025107165915]]}},{"type":"Feature","properties":{"RIO":0,"N_QUEBRADA":"QUEBRADA LA QUEBRADITA"},"geometry":{"type":"LineString","coordinates":[[-75.64016457682321,6.245837287768813],[-75.63884551244526,6.2486757463309175],[-75.63658047365635,6.250581715601878]]}},{"type":"Feature","properties":{"RIO":0,"N_QUEBRADA":"QUEBRADA LA AGUADITA"},"geometry":{"type":"LineString","coordinates":[[-75.65383738954984,6.260642859341648],[-75.65310352000182,6.2613916526337094],[-75.65318113105391,6.262827223789485]]}},{"type":"Feature","properties":{"RIO":0,"N_QUEBRADA":"QUEBRADA EL LIMO"},"geometry":{"type":"LineString","coordinates":[[-75.64640967779933,6.316848773189951],[-75.64589350880203,6.3156533792919465],[-75.64629546262225,6.312919851475671]]}},{"type":"Feature","properties":{"RIO":0,"N_QUEBRADA":"QUEBRADA LA PUERTA"},"geometry":{"type":"LineString","coordinates":[[-75.64414839202169,6.3067046037018075],[-75.64529150679803,6.305972653102412],[-75.64575064840993,6.303861260776529]]}},{"type":"Feature","properties":{"RIO":0,"N_QUEBRADA":"QUEBRADA LA MONTAÑA"},"geometry":{"type":"LineString","coordinates":[[-75.60794688649878,6.294424883987798],[-75.60722918002472,6.2933049660672875],[-75.60757549653185,6.290878028144526]]}},{"type":"Feature","properties":{"RIO":0,"N_QUEBRADA":"QUEBRADA LA GOMEZ"},"geometry":{"type":"LineString","coordinates":[[-75.60616171566552,6.305160021032575],[-75.60654179216236,6.302003582473709],[-75.60568812038896,6.3002207271434605]]}},{"type":"Feature","properties":{"RIO":0,"N_QUEBRADA":"QUEBRADA LA IGUANA"},"geometry":{"type":"LineString","coordinates":[[-75.60634086172531,6.276551742030792],[-75.60413473718853,6.2753393916074005],[-75.60323154241533,6.275716039376841]]}},{"type":"Feature","properties":{"RIO":0,"N_QUEBRADA":"QUEBRADA LA HONDA"},"geometry":{"type":"LineString","coordinates":[[-75.62962425536116,6.290152041948799],[-75.62920763997077,6.287371419422258],[-75.62982150713424,6.2849052995698305]]}},{"type":"Feature","properties":{"RIO":0,"N_QUEBRADA":"QUEBRADA LA LEONARDA"},"geometry":{"type":"LineString","coordinates":[[-75.63498484350653,6.267779330416896],[-75.63361087257836,6.2673199305679415],[-75.63347079800671,6.267956158641874]]}},{"type":"Feature","properties":{"RIO":0,"N_QUEBRADA":"QUEBRADA ANA DIAZ"},"geometry":{"type":"LineString","coordinates":[[-75.62579108807913,6.2462603148294535],[-75.62139304405204,6.245543109386792],[-75.61990378901396,6.244214348104675]]}},{"type":"Feature","properties":{"RIO":0,"N_QUEBRADA":"QUEBRADA LAS PERRAS"},"geometry":{"type":"LineString","coordinates":[[-75.54765967083277,6.263513164171343],[-75.54925171323464,6.263714133250936],[-75.55105792722843,6.2652682159519495]]}},{"type":"Feature","properties":{"RIO":0,"N_QUEBRADA":"QUEBRADA LA OLLETA 1"},"geometry":{"type":"LineString","coordinates":[[-75.55968812778742,6.1966302097387524],[-75.56355693456725,6.198204667254024],[-75.56402598972528,6.197286240566493]]}},{"type":"Feature","properties":{"RIO":0,"N_QUEBRADA":"QUEBRADA LA SUCIA 2"},"geometry":{"type":"LineString","coordinates":[[-75.56098457477457,6.192400164984174],[-75.56324628651895,6.1936468191955525],[-75.56320472995846,6.195842018898121]]}},{"type":"Feature","properties":{"RIO":0,"N_QUEBRADA":"QUEBRADA SAN JUAN"},"geometry":{"type":"LineString","coordinates":[[-75.55468221446384,6.183745503039597],[-75.55549640471685,6.1831982835143515],[-75.55897848703093,6.183275037460173]]}},{"type":"Feature","properties":{"RIO":0,"N_QUEBRADA":"QUEBRADA LA HERRADURA"},"geometry":{"type":"LineString","coordinates":[[-75.56294494974439,6.285673825760903],[-75.56545313661167,6.2847746881528135],[-75.56653842146228,6.285191541224448]]}},{"type":"Feature","properties":{"RIO":0,"N_QUEBRADA":"QUEBRADA LA LLORONA"},"geometry":{"type":"LineString","coordinates":[[-75.55519366097971,6.275876703514529],[-75.55712533050044,6.275103864675156],[-75.55723582528296,6.2743761791457775]]}},{"type":"Feature","properties":{"RIO":0,"N_QUEBRADA":"QUEBRADA ZUÑIGA"},"geometry":{"type":"LineString","coordinates":[[-75.57977009360988,6.183988447441335],[-75.58050255288195,6.1868447964726325],[-75.58289367973191,6.188212020000153]]}},{"type":"Feature","properties":{"RIO":0,"N_QUEBRADA":"QUEBRADA LA ESE"},"geometry":{"type":"LineString","coordinates":[[-75.36608427407573,6.430039025510082],[-75.36459481094361,6.4299272006930215],[-75.36411320990366,6.428711240407746]]}},{"type":"Feature","properties":{"RIO":0,"N_QUEBRADA":"QUEBRADA LA CHAPA"},"geometry":{"type":"LineString","coordinates":[[-75.28276846447547,6.426676395973004],[-75.28358894933095,6.4265660115753125],[-75.28353643342997,6.426018827025671]]}},{"type":"Feature","properties":{"RIO":0,"N_QUEBRADA":"QUEBRADA DOS QUEBRADAS"},"geometry":{"type":"LineString","coordinates":[[-75.31452814136482,6.4415597653784085],[-75.31483631571808,6.442153576663545],[-75.31593402375044,6.442008001718794]]}},{"type":"Feature","properties":{"RIO":0,"N_QUEBRADA":"QUEBRADA LA TAMBORA"},"geometry":{"type":"LineString","coordinates":[[-75.28025947198633,6.4618561867779265],[-75.28047236141202,6.462418035333781],[-75.28197576692818,6.462383627980795]]}},{"type":"Feature","properties":{"RIO":0,"N_QUEBRADA":"QUEBRADA LAS PEÑAS"},"geometry":{"type":"LineString","coordinates":[[-75.37760337735368,6.4528387705353545],[-75.37521811353217,6.451647083997574],[-75.37461030784057,6.450592794020317]]}},{"type":"Feature","properties":{"RIO":0,"N_QUEBRADA":"QUEBRADA EL GUAYABO"},"geometry":{"type":"LineString","coordinates":[[-75.31003751409233,6.477413541549963],[-75.30870274390807,6.4767330035880475],[-75.30815205795514,6.475263922277198]]}},{"type":"Feature","properties":{"RIO":0,"N_QUEBRADA":"QUEBRADA LA HERRADURA"},"geometry":{"type":"LineString","coordinates":[[-75.28085826261068,6.4566650846063025],[-75.28072593576051,6.457774991314153],[-75.28250036510642,6.458528182093394]]}},{"type":"Feature","properties":{"RIO":0,"N_QUEBRADA":"QUEBRADA EL GUAYABO"},"geometry":{"type":"LineString","coordinates":[[-75.32228520794199,6.485345327879079],[-75.31950417296044,6.485899754394275],[-75.31665559896726,6.4852567220331645]]}},{"type":"Feature","properties":{"RIO":0,"N_QUEBRADA":"QUEBRADA LA QUESARIEGA"},"geometry":{"type":"LineString","coordinates":[[-75.41665972780135,6.413522377404593],[-75.41705999906623,6.4123378024664826],[-75.41558733828015,6.409024688480417]]}},{"type":"Feature","properties":{"RIO":0,"N_QUEBRADA":"QUEBRADA EL BARRO"},"geometry":{"type":"LineString","coordinates":[[-75.35096645444294,6.441297245712987],[-75.35033560796678,6.439828389619382],[-75.35093991342232,6.4387315283254205]]}},{"type":"Feature","properties":{"RIO":0,"N_QUEBRADA":"QUEBRADA PLATANITO"},"geometry":{"type":"LineString","coordinates":[[-75.39670121567138,6.3947687497072305],[-75.39805109875044,6.395767421452512],[-75.39978574982402,6.395837507013504]]}},{"type":"Feature","properties":{"RIO":0,"N_QUEBRADA":"QUEBRADA SANTA ROSA"},"geometry":{"type":"LineString","coordinates":[[-75.3375184615006,6.480690975445001],[-75.33803938416825,6.4803095901937295],[-75.33744206440018,6.4799377758390815]]}},{"type":"Feature","properties":{"RIO":0,"N_QUEBRADA":"QUEBRADA VALLECITOS"},"geometry":{"type":"LineString","coordinates":[[-75.32072233277889,6.437954317303188],[-75.32106338775739,6.4384206411915565],[-75.32153829498424,6.437757777084747]]}},{"type":"Feature","properties":{"RIO":0,"N_QUEBRADA":"QUEBRADA SAN IGNACIO"},"geometry":{"type":"LineString","coordinates":[[-75.37293165880688,6.326568930834751],[-75.37370716638559,6.329278988410792],[-75.37143696025312,6.3306542026284935]]}},{"type":"Feature","properties":{"RIO":0,"N_QUEBRADA":"QUEBRADA CAÑADA LARGA"},"geometry":{"type":"LineString","coordinates":[[-75.41560788590644,6.307476719736649],[-75.41444649067883,6.308372166143994],[-75.41376484412544,6.3081295052274555]]}},{"type":"Feature","properties":{"RIO":0,"N_QUEBRADA":"QUEBRADA SAN IGNACIO"},"geometry":{"type":"LineString","coordinates":[[-75.36448017876825,6.345414092728109],[-75.36375855374423,6.347018136381603],[-75.36225303494217,6.3474486400122805]]}},{"type":"Feature","properties":{"RIO":0,"N_QUEBRADA":"QUEBRADA PANTANO FRIO"},"geometry":{"type":"LineString","coordinates":[[-75.42301997524301,6.314042477866855],[-75.42294127054214,6.313057778909183],[-75.42177384156551,6.3131379402285335]]}},{"type":"Feature","properties":{"RIO":0,"N_QUEBRADA":"QUEBRADA LAS LOMITAS"},"geometry":{"type":"LineString","coordinates":[[-75.60360433210508,6.1433241279378015],[-75.60406307761896,6.145597333384143],[-75.60512418241292,6.146816071099684]]}},{"type":"Feature","properties":{"RIO":0,"N_QUEBRADA":"RIO ABURRA - MEDELLIN"},"geometry":{"type":"LineString","coordinates":[[-75.3316965833417,6.4461644891407035],[-75.33107305809256,6.4459455077192365],[-75.33113139596928,6.444844326310201]]}},{"type":"Feature","properties":{"RIO":0,"N_QUEBRADA":"RIO ABURRA - MEDELLIN"},"geometry":{"type":"LineString","coordinates":[[-75.28577323903507,6.472853565887196],[-75.28558083425602,6.473525054210577],[-75.28422803190836,6.4738392308731605]]}},{"type":"Feature","properties":{"RIO":0,"N_QUEBRADA":"QUEBRADA LA ELVIRA"},"geometry":{"type":"LineString","coordinates":[[-75.63658444058758,6.159940697712449],[-75.63403439191838,6.1590495583436935],[-75.63235122181591,6.156438723085014]]}},{"type":"Feature","properties":{"RIO":0,"N_QUEBRADA":"QUEBRADA LA SIGUIERA"},"geometry":{"type":"LineString","coordinates":[[-75.63509868025349,6.144651406971718],[-75.63420112271179,6.1472455182351435],[-75.63338354443106,6.147772905800229]]}},{"type":"Feature","properties":{"RIO":0,"N_QUEBRADA":"QUEBRADA LA LLORONA"},"geometry":{"type":"LineString","coordinates":[[-75.64775417036246,6.1280067868843515],[-75.64593552111495,6.127966069718467],[-75.6440025886075,6.1291787860903035]]}},{"type":"Feature","properties":{"RIO":0,"N_QUEBRADA":"QUEBRADA LA CULEBRA"},"geometry":{"type":"LineString","coordinates":[[-75.65468846923636,6.122385097678369],[-75.65202868469412,6.121347799209083],[-75.64936934839528,6.1217699026157195]]}},{"type":"Feature","properties":{"RIO":0,"N_QUEBRADA":"QUEBRADA EL SALADO"},"geometry":{"type":"LineString","coordinates":[[-75.58910502838008,6.1273130219517915],[-75.58687596128148,6.128146290567217],[-75.58652291439283,6.129333083161792]]}},{"type":"Feature","properties":{"RIO":0,"N_QUEBRADA":"QUEBRADA LA AZULITA"},"geometry":{"type":"LineString","coordinates":[[-75.51238014744936,6.340383546170852],[-75.51253361122708,6.3421792748226435],[-75.51375277049743,6.343365912061131]]}},{"type":"Feature","properties":{"RIO":0,"N_QUEBRADA":"QUEBRADA LA LUISA"},"geometry":{"type":"LineString","coordinates":[[-75.49891497037594,6.3958329656728266],[-75.49835206416925,6.394048263365128],[-75.49618154364958,6.392355484944425]]}},{"type":"Feature","properties":{"RIO":0,"N_QUEBRADA":"QUEBRADA NIQUIA"},"geometry":{"type":"LineString","coordinates":[[-75.53022306803162,6.3438906722399455],[-75.52855771296434,6.338988005998629],[-75.52871773478417,6.337513293337029]]}},{"type":"Feature","properties":{"RIO":0,"N_QUEBRADA":"QUEBRADA SECA"},"geometry":{"type":"LineString","coordinates":[[-75.47268985246605,6.4025301207503285],[-75.47159881550026,6.401721593069051],[-75.47084072621146,6.399075202410912]]}},{"type":"Feature","properties":{"RIO":0,"N_QUEBRADA":"QUEBRADA SECA"},"geometry":{"type":"LineString","coordinates":[[-75.47745594615486,6.406930422309163],[-75.47637242746242,6.406597572156894],[-75.47268985246605,6.4025301207503285]]}},{"type":"Feature","properties":{"RIO":0,"N_QUEBRADA":"QUEBRADA LA FULGENCIA"},"geometry":{"type":"LineString","coordinates":[[-75.41396541754517,6.380876090257126],[-75.41511859807075,6.3813352348946015],[-75.41596069357762,6.382969911689945]]}},{"type":"Feature","properties":{"RIO":0,"N_QUEBRADA":"QUEBRADA EL CEDRO"},"geometry":{"type":"LineString","coordinates":[[-75.45300317209978,6.412194349787386],[-75.45239282286133,6.411052841716282],[-75.44979948748137,6.4105568662646215]]}},{"type":"Feature","properties":{"RIO":0,"N_QUEBRADA":"QUEBRADA LA FULGENCIA"},"geometry":{"type":"LineString","coordinates":[[-75.41596069357762,6.382969911689945],[-75.41972677134892,6.3866774386185705],[-75.42005612243658,6.388433511640846]]}},{"type":"Feature","properties":{"RIO":0,"N_QUEBRADA":"QUEBRADA MALPASO"},"geometry":{"type":"LineString","coordinates":[[-75.47319373946095,6.3638789933511495],[-75.47282059375392,6.365539678483206],[-75.47345145749051,6.368172943372192]]}},{"type":"Feature","properties":{"RIO":0,"N_QUEBRADA":"QUEBRADA JUAN COJO"},"geometry":{"type":"LineString","coordinates":[[-75.46535806410611,6.376201713914089],[-75.46431704948867,6.3772957962527075],[-75.46454999989231,6.378713179612071]]}},{"type":"Feature","properties":{"RIO":0,"N_QUEBRADA":"QUEBRADA LA CORREA"},"geometry":{"type":"LineString","coordinates":[[-75.44281600892033,6.405351715942702],[-75.44135669800951,6.4036404051259765],[-75.44103813887207,6.401708136500955]]}},{"type":"Feature","properties":{"RIO":0,"N_QUEBRADA":"QUEBRADA EL MATADERO"},"geometry":{"type":"LineString","coordinates":[[-75.45292348293613,6.3655389195331304],[-75.45290911768664,6.371958796943093],[-75.45226602679912,6.374330976842386]]}},{"type":"Feature","properties":{"RIO":0,"N_QUEBRADA":"RIO ABURRA - MEDELLIN"},"geometry":{"type":"LineString","coordinates":[[-75.48267569761045,6.375168747227504],[-75.48269627920834,6.375984910478427],[-75.48209140857838,6.3759131319365325]]}},{"type":"Feature","properties":{"RIO":0,"N_QUEBRADA":"QUEBRADA LA GARCIA"},"geometry":{"type":"LineString","coordinates":[[-75.55259395237574,6.3375278904454015],[-75.54970088715304,6.332767200972275],[-75.54838224749113,6.332044869045858]]}},{"type":"Feature","properties":{"RIO":0,"N_QUEBRADA":"RIO ABURRA - MEDELLIN"},"geometry":{"type":"LineString","coordinates":[[-75.62232137556107,6.051790002856515],[-75.62240405665455,6.052739335498504],[-75.62428759636599,6.0538087587971985]]}},{"type":"Feature","properties":{"RIO":0,"N_QUEBRADA":"RIO ABURRA - MEDELLIN"},"geometry":{"type":"LineString","coordinates":[[-75.61967564415372,6.049144668070413],[-75.61964491282112,6.050488810360031],[-75.62122620666179,6.0508183139896925]]}},{"type":"Feature","properties":{"RIO":0,"N_QUEBRADA":"QUEBRADA LA BOMBA"},"geometry":{"type":"LineString","coordinates":[[-75.29793795980115,6.5118046307379185],[-75.29619161281275,6.515304717235194],[-75.29435987466043,6.515681460221387]]}},{"type":"Feature","properties":{"RIO":0,"N_QUEBRADA":"QUEBRADA SECA 2"},"geometry":{"type":"LineString","coordinates":[[-75.53385913486184,6.292267239322377],[-75.53542920749382,6.2942770327504425],[-75.53710350147442,6.298593254742269]]}},{"type":"Feature","properties":{"RIO":0,"N_QUEBRADA":"QUEBRADA SECA"},"geometry":{"type":"LineString","coordinates":[[-75.52823414873266,6.2915651598228495],[-75.52978751742339,6.293230969213139],[-75.52989040205424,6.294546493610167]]}},{"type":"Feature","properties":{"RIO":0,"N_QUEBRADA":"CAÑO ALIADAS 1"},"geometry":{"type":"LineString","coordinates":[[-75.61288505868121,6.223599606500055],[-75.61184518154653,6.222581308158888],[-75.61248966594036,6.2217348950133795]]}},{"type":"Feature","properties":{"RIO":0,"N_QUEBRADA":"QUEBRADA LA MALPASO"},"geometry":{"type":"LineString","coordinates":[[-75.60979595273395,6.309938501867497],[-75.60739995482784,6.308170386426937],[-75.60549648027654,6.3056209164448775]]}},{"type":"Feature","properties":{"RIO":0,"N_QUEBRADA":"QUEBRADA LOS NARANJOS"},"geometry":{"type":"LineString","coordinates":[[-75.64759459276358,6.223115985733008],[-75.64696256443361,6.2221424743208456],[-75.64570492335994,6.221828308980207]]}},{"type":"Feature","properties":{"RIO":0,"N_QUEBRADA":"QUEBRADA LA CAÑADITA"},"geometry":{"type":"LineString","coordinates":[[-75.63377934310405,6.225473518755393],[-75.63321053204444,6.223790569717798],[-75.63207648821255,6.2232543752273255]]}},{"type":"Feature","properties":{"RIO":0,"N_QUEBRADA":"QUEBRADA ALTAVISTA"},"geometry":{"type":"LineString","coordinates":[[-75.63603114711523,6.2206662327665505],[-75.63595958192629,6.221437372159664],[-75.6334270007533,6.2223903114205745]]}},{"type":"Feature","properties":{"RIO":0,"N_QUEBRADA":"QUEBRADA LA PICACHA"},"geometry":{"type":"LineString","coordinates":[[-75.63131883271444,6.232750516750321],[-75.62981619224155,6.232749402791971],[-75.62972138779993,6.2337651069420605]]}},{"type":"Feature","properties":{"RIO":0,"N_QUEBRADA":"QUEBRADA SANTA BARBARA 1"},"geometry":{"type":"LineString","coordinates":[[-75.50034778311418,6.224535996902992],[-75.50245848988737,6.2247284800174825],[-75.50573661990346,6.226786454864131]]}},{"type":"Feature","properties":{"RIO":0,"N_QUEBRADA":"QUEBRADA AVILA 2"},"geometry":{"type":"LineString","coordinates":[[-75.55692982430476,6.230927722068577],[-75.55657844314895,6.232579109642786],[-75.55483703168377,6.2335862958519925]]}},{"type":"Feature","properties":{"RIO":0,"N_QUEBRADA":"QUEBRADA SANTA TERESA"},"geometry":{"type":"LineString","coordinates":[[-75.49578235119778,6.214911107542015],[-75.49803290869386,6.214384532404605],[-75.49892936878577,6.2124378697513185]]}},{"type":"Feature","properties":{"RIO":0,"N_QUEBRADA":"QUEBRADA LA AGUADITA"},"geometry":{"type":"LineString","coordinates":[[-75.55117920154898,6.2510098841163675],[-75.55471874008073,6.249477852799808],[-75.55744307010465,6.247052082497801]]}},{"type":"Feature","properties":{"RIO":0,"N_QUEBRADA":"QUEBRADA LA LOCA"},"geometry":{"type":"LineString","coordinates":[[-75.53665034094054,6.257283398440517],[-75.53850962100313,6.256541007489478],[-75.54236269675222,6.2574060799148015]]}},{"type":"Feature","properties":{"RIO":0,"N_QUEBRADA":"QUEBRADA LA CASTRO 2"},"geometry":{"type":"LineString","coordinates":[[-75.52804589877006,6.243337267328693],[-75.52929162121627,6.244161910050731],[-75.53018921399999,6.2434044503187085]]}},{"type":"Feature","properties":{"RIO":0,"N_QUEBRADA":"QUEBRADA SANTA LUCIA"},"geometry":{"type":"LineString","coordinates":[[-75.52758566319474,6.232008257147969],[-75.52910214607326,6.2315350751634595],[-75.52988077558041,6.230189218441573]]}},{"type":"Feature","properties":{"RIO":0,"N_QUEBRADA":"QUEBRADA EL PLACER"},"geometry":{"type":"LineString","coordinates":[[-75.49772824468562,6.2215362648236825],[-75.49827762633517,6.221977343550367],[-75.49925690608009,6.221517344966623]]}},{"type":"Feature","properties":{"RIO":0,"N_QUEBRADA":"QUEBRADA LAS ANTENAS"},"geometry":{"type":"LineString","coordinates":[[-75.49277480396478,6.217937104866814],[-75.49527055412118,6.2181744026756265],[-75.49591602344562,6.218999131335336]]}},{"type":"Feature","properties":{"RIO":0,"N_QUEBRADA":"QUEBRADA LA MEDITADORA"},"geometry":{"type":"LineString","coordinates":[[-75.52635298185014,6.2384598944894964],[-75.52602983506983,6.235218087521152],[-75.52720831439805,6.232983370687987]]}},{"type":"Feature","properties":{"RIO":0,"N_QUEBRADA":"QUEBRADA LA POBLADA"},"geometry":{"type":"LineString","coordinates":[[-75.5532282776218,6.210223938513639],[-75.55436922804091,6.2098649688410585],[-75.55579705309295,6.2104536210931345]]}},{"type":"Feature","properties":{"RIO":0,"N_QUEBRADA":"QUEBRADA LA PICACHA"},"geometry":{"type":"LineString","coordinates":[[-75.58619211584602,6.239838927543216],[-75.58457027378275,6.2401767172514635],[-75.58237745694494,6.243443527636213]]}},{"type":"Feature","properties":{"RIO":0,"N_QUEBRADA":"QUEBRADA LOS CHAGUALONES"},"geometry":{"type":"LineString","coordinates":[[-75.55289180772179,6.352084360693884],[-75.55325193414586,6.3510274987445525],[-75.55411319206668,6.350973178420026]]}},{"type":"Feature","properties":{"RIO":0,"N_QUEBRADA":"QUEBRADA LOS CHAGUALONES"},"geometry":{"type":"LineString","coordinates":[[-75.55228342397028,6.355602030605151],[-75.55185289023255,6.3540116943008345],[-75.55289180772179,6.352084360693884]]}},{"type":"Feature","properties":{"RIO":0,"N_QUEBRADA":"QUEBRADA LA DOCTORA"},"geometry":{"type":"LineString","coordinates":[[-75.62052782943434,6.153244595175153],[-75.61845354125045,6.1554432739513185],[-75.61803993267274,6.156922981476583]]}},{"type":"Feature","properties":{"RIO":0,"N_QUEBRADA":"QUEBRADA PIEDRA SENTADA"},"geometry":{"type":"LineString","coordinates":[[-75.57479160713348,6.345917929328386],[-75.57260223531645,6.343759097213069],[-75.57250755748703,6.3424308465732855]]}},{"type":"Feature","properties":{"RIO":0,"N_QUEBRADA":"QUEBRADA CANALONA"},"geometry":{"type":"LineString","coordinates":[[-75.65516200001453,6.153609313931499],[-75.65192795742004,6.152988866038089],[-75.65096666287586,6.1519082358110895]]}},{"type":"Feature","properties":{"RIO":0,"N_QUEBRADA":"QUEBRADA LA CHOCHA"},"geometry":{"type":"LineString","coordinates":[[-75.67575988040554,6.148823631904434],[-75.67357873525498,6.1485931872890855],[-75.67003279562229,6.150375521753617]]}},{"type":"Feature","properties":{"RIO":0,"N_QUEBRADA":"QUEBRADA EL SALADITO"},"geometry":{"type":"LineString","coordinates":[[-75.49465231865933,6.306150023487828],[-75.49541518137751,6.3086044743078835],[-75.49702003771831,6.309736882721308]]}},{"type":"Feature","properties":{"RIO":0,"N_QUEBRADA":"QUEBRADA PIEDRAS BLANCAS"},"geometry":{"type":"LineString","coordinates":[[-75.5039251702167,6.3019423427016905],[-75.50345991630643,6.3025080061525065],[-75.50498427355168,6.304455987333758]]}},{"type":"Feature","properties":{"RIO":0,"N_QUEBRADA":"QUEBRADA LA SELVA"},"geometry":{"type":"LineString","coordinates":[[-75.48482454208259,6.291004535732687],[-75.4863361972545,6.2909603135847965],[-75.48836296514838,6.2895754091275915]]}},{"type":"Feature","properties":{"RIO":0,"N_QUEBRADA":"QUEBRADA LA OLAYA"},"geometry":{"type":"LineString","coordinates":[[-75.52286836533827,6.286052350716724],[-75.52181418939435,6.284698496240223],[-75.51992302976596,6.2843807429928615]]}},{"type":"Feature","properties":{"RIO":0,"N_QUEBRADA":"QUEBRADA PACHELLY"},"geometry":{"type":"LineString","coordinates":[[-75.56479856330782,6.349998410983516],[-75.56481598201306,6.3467876531700345],[-75.56414709795817,6.345991135873891]]}},{"type":"Feature","properties":{"RIO":0,"N_QUEBRADA":"QUEBRADA LA GARCIA"},"geometry":{"type":"LineString","coordinates":[[-75.57457396386434,6.352642495958272],[-75.57265960835488,6.3520322172220975],[-75.57291912303928,6.351111917360794]]}},{"type":"Feature","properties":{"RIO":0,"N_QUEBRADA":"QUEBRADA EL OSO"},"geometry":{"type":"LineString","coordinates":[[-75.62861384447248,6.3575204383619015],[-75.62800682870687,6.358828699739136],[-75.62616388753432,6.358719314137642]]}},{"type":"Feature","properties":{"RIO":0,"N_QUEBRADA":"QUEBRADA MERIZALDE"},"geometry":{"type":"LineString","coordinates":[[-75.55772975913908,6.352368934992362],[-75.55814241865536,6.3506648458431565],[-75.55966494872155,6.349125331692632]]}},{"type":"Feature","properties":{"RIO":0,"N_QUEBRADA":"QUEBRADA LA CHIQUITA"},"geometry":{"type":"LineString","coordinates":[[-75.57294974304003,6.355189659437131],[-75.57215131810976,6.352451953249285],[-75.57131809420791,6.3520483218531565]]}},{"type":"Feature","properties":{"RIO":0,"N_QUEBRADA":"QUEBRADA EL OSO"},"geometry":{"type":"LineString","coordinates":[[-75.63447291987279,6.3456326144779736],[-75.63470088706305,6.346197856649192],[-75.63316320278126,6.347080277561115]]}},{"type":"Feature","properties":{"RIO":0,"N_QUEBRADA":"QUEBRADA EL OSO"},"geometry":{"type":"LineString","coordinates":[[-75.63280749115894,6.347784071164262],[-75.63085089426245,6.3496595765801525],[-75.63042906467348,6.352093441160882]]}},{"type":"Feature","properties":{"RIO":0,"N_QUEBRADA":"QUEBRADA GARCIA ALTA"},"geometry":{"type":"LineString","coordinates":[[-75.62541379526502,6.360194360214021],[-75.62520106423788,6.3611049605884915],[-75.62401804993529,6.360765543183683]]}},{"type":"Feature","properties":{"RIO":0,"N_QUEBRADA":"QUEBRADA EL BARCINO"},"geometry":{"type":"LineString","coordinates":[[-75.66531056010166,6.2170445633628635],[-75.66519700881382,6.215139969014063],[-75.66696400937779,6.215275245684902]]}},{"type":"Feature","properties":{"RIO":0,"N_QUEBRADA":"QUEBRADA EL POTRERO"},"geometry":{"type":"LineString","coordinates":[[-75.43649252023607,6.364190305018134],[-75.43702775983408,6.366260442444834],[-75.43831436480531,6.3668797401506465]]}},{"type":"Feature","properties":{"RIO":0,"N_QUEBRADA":"QUEBRADA ARENALES"},"geometry":{"type":"LineString","coordinates":[[-75.43084990526097,6.380683578424848],[-75.43232741060542,6.381544343107132],[-75.43358354919043,6.3813773999247205]]}},{"type":"Feature","properties":{"RIO":0,"N_QUEBRADA":"QUEBRADA EL HATO"},"geometry":{"type":"LineString","coordinates":[[-75.68558349932587,6.2308425807018155],[-75.68523031095962,6.229703741464036],[-75.68388167249793,6.229373083319694]]}},{"type":"Feature","properties":{"RIO":0,"N_QUEBRADA":"QUEBRADA GUASIMAL"},"geometry":{"type":"LineString","coordinates":[[-75.62437252663206,6.317688846094473],[-75.62369492230305,6.318775314231276],[-75.62258194566922,6.3190516607339955]]}},{"type":"Feature","properties":{"RIO":0,"N_QUEBRADA":"QUEBRADA EL SALTO"},"geometry":{"type":"LineString","coordinates":[[-75.43466477290748,6.356297119718826],[-75.43442456198676,6.357130296313356],[-75.43560125856304,6.3594504761087824]]}},{"type":"Feature","properties":{"RIO":0,"N_QUEBRADA":"QUEBRADA EL SALTO"},"geometry":{"type":"LineString","coordinates":[[-75.43162004856508,6.3509625896747774],[-75.43179353284827,6.351909738349454],[-75.43333259921792,6.353087856782937]]}},{"type":"Feature","properties":{"RIO":0,"N_QUEBRADA":"CAÑO NEGRO"},"geometry":{"type":"LineString","coordinates":[[-75.66971022889348,6.253693295613065],[-75.67024468969225,6.251654602789111],[-75.67388755914845,6.2506346989225285]]}},{"type":"Feature","properties":{"RIO":0,"N_QUEBRADA":"QUEBRADA DEL VOLCAN"},"geometry":{"type":"LineString","coordinates":[[-75.68602517764042,6.216473537101972],[-75.68183295391121,6.213502161041098],[-75.68162154599099,6.2114196142539395]]}},{"type":"Feature","properties":{"RIO":0,"N_QUEBRADA":"QUEBRADA LA LIMONA 1"},"geometry":{"type":"LineString","coordinates":[[-75.66568928665137,6.173647301788624],[-75.66325717779324,6.174659294409622],[-75.66049663384241,6.1729925462491595]]}},{"type":"Feature","properties":{"RIO":0,"N_QUEBRADA":"QUEBRADA OLIVARES"},"geometry":{"type":"LineString","coordinates":[[-75.61946392921607,6.1764575382761855],[-75.61980673201762,6.173303273979636],[-75.61877718871827,6.171228097399802]]}},{"type":"Feature","properties":{"RIO":0,"N_QUEBRADA":"QUEBRADA LA OSPINA"},"geometry":{"type":"LineString","coordinates":[[-75.65076358791731,6.161824172337655],[-75.62601762119073,6.1652761098999225],[-75.62564588923316,6.166703074945986]]}},{"type":"Feature","properties":{"RIO":0,"N_QUEBRADA":"QUEBRADA LA ASTILLERA"},"geometry":{"type":"LineString","coordinates":[[-75.68009646103786,6.240155749656061],[-75.68034486028431,6.2377287517049895],[-75.67969872382638,6.237614927510761]]}},{"type":"Feature","properties":{"RIO":0,"N_QUEBRADA":"QUEBRADA DOÑA MARIA"},"geometry":{"type":"LineString","coordinates":[[-75.67770721082492,6.225591709305976],[-75.67837569201181,6.225777004329548],[-75.67836172206499,6.2251637606667884]]}},{"type":"Feature","properties":{"RIO":0,"N_QUEBRADA":"QUEBRADA DOÑA MARIA"},"geometry":{"type":"LineString","coordinates":[[-75.67836172206499,6.2251637606667884],[-75.67718638546087,6.224416334826792],[-75.67868069167028,6.222683354426388]]}},{"type":"Feature","properties":{"RIO":0,"N_QUEBRADA":"QUEBRADA DOÑA MARIA"},"geometry":{"type":"LineString","coordinates":[[-75.67508561410763,6.215477609066297],[-75.67405435700957,6.214324634149935],[-75.67294326900922,6.2148123886127395]]}},{"type":"Feature","properties":{"RIO":0,"N_QUEBRADA":"QUEBRADA DOÑA MARIA"},"geometry":{"type":"LineString","coordinates":[[-75.67294326900922,6.2148123886127395],[-75.67204378649751,6.213202914905636],[-75.67084389524435,6.213785278280186]]}},{"type":"Feature","properties":{"RIO":0,"N_QUEBRADA":"QUEBRADA BARRO AZUL"},"geometry":{"type":"LineString","coordinates":[[-75.66743534117434,6.1855105819108065],[-75.66611870644377,6.186563058296371],[-75.66506711729194,6.186078120611533]]}},{"type":"Feature","properties":{"RIO":0,"N_QUEBRADA":"QUEBRADA LA LIMONA 1"},"geometry":{"type":"LineString","coordinates":[[-75.66938160592247,6.1738988965703765],[-75.6662401539844,6.1746086307373265],[-75.66568928665137,6.173647301788624]]}},{"type":"Feature","properties":{"RIO":0,"N_QUEBRADA":"QUEBRADA LA CHAPARRALA"},"geometry":{"type":"LineString","coordinates":[[-75.66118662182355,6.167530023663788],[-75.66002108447259,6.1685980240463305],[-75.65819390711455,6.168374932652915]]}},{"type":"Feature","properties":{"RIO":0,"N_QUEBRADA":"QUEBRADA LA SARDINA"},"geometry":{"type":"LineString","coordinates":[[-75.63570571508056,6.167970894401904],[-75.63204476193656,6.1704566026877234],[-75.63053626255196,6.170593194618241]]}},{"type":"Feature","properties":{"RIO":0,"N_QUEBRADA":"QUEBRADA LA TABLAZA"},"geometry":{"type":"LineString","coordinates":[[-75.61815797865613,6.187301497099107],[-75.61754313594837,6.1864912442540785],[-75.61427642090135,6.185404167845402]]}},{"type":"Feature","properties":{"RIO":0,"N_QUEBRADA":"QUEBRADA LA VALERIA"},"geometry":{"type":"LineString","coordinates":[[-75.66709756397098,6.089655950925077],[-75.66696203521737,6.088843057415605],[-75.66585138675373,6.0885516867397405]]}},{"type":"Feature","properties":{"RIO":0,"N_QUEBRADA":"QUEBRADA LA CHISPA"},"geometry":{"type":"LineString","coordinates":[[-75.60582873689725,6.310688664493121],[-75.60416692923312,6.3089173632859845],[-75.60303751808445,6.308781834749076]]}},{"type":"Feature","properties":{"RIO":0,"N_QUEBRADA":"QUEBRADA LA ORTEGA"},"geometry":{"type":"LineString","coordinates":[[-75.57916276261967,6.327605681677754],[-75.57871243576557,6.329282643308396],[-75.57918350306105,6.3306210461525625]]}},{"type":"Feature","properties":{"RIO":0,"N_QUEBRADA":"QUEBRADA LA AGUACATALA 1"},"geometry":{"type":"LineString","coordinates":[[-75.5417390291027,6.176907030019286],[-75.54270888511142,6.177349924456991],[-75.54300103198021,6.1788092202143465]]}},{"type":"Feature","properties":{"RIO":0,"N_QUEBRADA":"QUEBRADA SAN MICHEL"},"geometry":{"type":"LineString","coordinates":[[-75.53897845591167,6.185297370078588],[-75.54255428772915,6.185044624758415],[-75.54444275710794,6.183520856082616]]}},{"type":"Feature","properties":{"RIO":0,"N_QUEBRADA":"QUEBRADA CURENA"},"geometry":{"type":"LineString","coordinates":[[-75.54687728404842,6.312442991265785],[-75.55074156933381,6.312751870163385],[-75.5515500956183,6.3121236967609065]]}},{"type":"Feature","properties":{"RIO":0,"N_QUEBRADA":"QUEBRADA LAS HAMACAS"},"geometry":{"type":"LineString","coordinates":[[-75.61743909304742,6.294230227357751],[-75.61681101212604,6.291510158469034],[-75.61574257699701,6.290192966225118]]}},{"type":"Feature","properties":{"RIO":0,"N_QUEBRADA":"QUEBRADA LA PALMA"},"geometry":{"type":"LineString","coordinates":[[-75.64437443669783,6.274816124698405],[-75.64308232452944,6.275340556930958],[-75.64279585368047,6.276745776873963]]}},{"type":"Feature","properties":{"RIO":0,"N_QUEBRADA":"QUEBRADA LA CULEBRA"},"geometry":{"type":"LineString","coordinates":[[-75.6558254297482,6.2978047603201945],[-75.65260888524249,6.296616993429483],[-75.65155590598883,6.294606480690882]]}},{"type":"Feature","properties":{"RIO":0,"N_QUEBRADA":"CAÑO LA CABAÑA"},"geometry":{"type":"LineString","coordinates":[[-75.61795979052029,6.264938124725992],[-75.61824017883613,6.262600067459122],[-75.61947829196009,6.261875767707331]]}},{"type":"Feature","properties":{"RIO":0,"N_QUEBRADA":"CAÑO LOS SAUCES"},"geometry":{"type":"LineString","coordinates":[[-75.62166218724688,6.251131849920131],[-75.61980255076915,6.251845044932639],[-75.61970750910051,6.252876781504779]]}},{"type":"Feature","properties":{"RIO":0,"N_QUEBRADA":"QUEBRADA LA QUIEBRA 1"},"geometry":{"type":"LineString","coordinates":[[-75.61498702450396,6.26784478442795],[-75.61425370099055,6.265978052026236],[-75.61469129155026,6.2649524249985875]]}},{"type":"Feature","properties":{"RIO":0,"N_QUEBRADA":"QUEBRADA MANANTIALES"},"geometry":{"type":"LineString","coordinates":[[-75.63774841089365,6.312188975049458],[-75.64145558982634,6.308958403593791],[-75.64373452831578,6.304960535297309]]}},{"type":"Feature","properties":{"RIO":0,"N_QUEBRADA":"QUEBRADA LA SAPERA"},"geometry":{"type":"LineString","coordinates":[[-75.63837544553516,6.27307587060608],[-75.63795805586244,6.275461423970166],[-75.63658677465965,6.2768194996930315]]}},{"type":"Feature","properties":{"RIO":0,"N_QUEBRADA":"QUEBRADA LA CALDAS"},"geometry":{"type":"LineString","coordinates":[[-75.29066076470858,6.4901645228482705],[-75.28931274530736,6.489877648895576],[-75.28885295262738,6.49040900191861]]}},{"type":"Feature","properties":{"RIO":0,"N_QUEBRADA":"QUEBRADA AGUAS CALIENTES"},"geometry":{"type":"LineString","coordinates":[[-75.32632123375015,6.435756730831137],[-75.32776558341939,6.436031861008074],[-75.33007742249845,6.439072553790746]]}},{"type":"Feature","properties":{"RIO":0,"N_QUEBRADA":"QUEBRADA LAS LAJAS"},"geometry":{"type":"LineString","coordinates":[[-75.41644898912702,6.421739072366601],[-75.41611892926572,6.420307004111059],[-75.41474234884946,6.418960005935991]]}},{"type":"Feature","properties":{"RIO":0,"N_QUEBRADA":"CAÑO SAN GERMAN"},"geometry":{"type":"LineString","coordinates":[[-75.58537202435336,6.268743131806799],[-75.58785929490263,6.267803198955398],[-75.58855085627982,6.266146597829515]]}},{"type":"Feature","properties":{"RIO":0,"N_QUEBRADA":"CAÑO PRIMAVERA 1"},"geometry":{"type":"LineString","coordinates":[[-75.63178830449193,6.274719535601563],[-75.63057680013546,6.275423757271065],[-75.63065310801454,6.276031701724323]]}},{"type":"Feature","properties":{"RIO":0,"N_QUEBRADA":"CAÑO SAN CRISTOBAL"},"geometry":{"type":"LineString","coordinates":[[-75.64894828435641,6.279544905742587],[-75.64766995960842,6.281551649758812],[-75.64603230729078,6.282125470542697]]}},{"type":"Feature","properties":{"RIO":0,"N_QUEBRADA":"QUEBRADA LA PUERTA"},"geometry":{"type":"LineString","coordinates":[[-75.61633365498626,6.287509090024796],[-75.61433241586589,6.283885935556899],[-75.61209828109114,6.281896725299785]]}},{"type":"Feature","properties":{"RIO":0,"N_QUEBRADA":"QUEBRADA LA LEONARDA 1"},"geometry":{"type":"LineString","coordinates":[[-75.63241025587183,6.265173361049664],[-75.63109004648291,6.263757513235741],[-75.62804204519774,6.262538097884457]]}},{"type":"Feature","properties":{"RIO":0,"N_QUEBRADA":"QUEBRADA LA FLORIDA"},"geometry":{"type":"LineString","coordinates":[[-75.59567900182618,6.302000405149714],[-75.59076387299113,6.298381049022059],[-75.5892441219389,6.2960663947250115]]}},{"type":"Feature","properties":{"RIO":0,"N_QUEBRADA":"QUEBRADA LAS PALACIOS"},"geometry":{"type":"LineString","coordinates":[[-75.65217443194553,6.285076853547397],[-75.65053038899671,6.286068161012366],[-75.64893318250546,6.285393428254694]]}},{"type":"Feature","properties":{"RIO":0,"N_QUEBRADA":"CAÑO EL MORRO"},"geometry":{"type":"LineString","coordinates":[[-75.61961901820578,6.270709054382695],[-75.61883558084648,6.272166835514557],[-75.61928860847543,6.273009895059456]]}},{"type":"Feature","properties":{"RIO":0,"N_QUEBRADA":"QUEBRADA LAS HAMACAS"},"geometry":{"type":"LineString","coordinates":[[-75.61329665349682,6.287017248168162],[-75.61122752071893,6.285193281740197],[-75.61126264935332,6.284029747989031]]}},{"type":"Feature","properties":{"RIO":0,"N_QUEBRADA":"CAÑO LOS SAUCES 1"},"geometry":{"type":"LineString","coordinates":[[-75.62203716895621,6.247946448950734],[-75.62138583416134,6.249581428684988],[-75.62166218724688,6.251131849920131]]}},{"type":"Feature","properties":{"RIO":0,"N_QUEBRADA":"QUEBRADA LA CULEBRA"},"geometry":{"type":"LineString","coordinates":[[-75.56284327750649,6.306872795398102],[-75.55844964077866,6.306796784036899],[-75.55709600960904,6.307361464147602]]}},{"type":"Feature","properties":{"RIO":0,"N_QUEBRADA":"QUEBRADA LA CRISTALINA"},"geometry":{"type":"LineString","coordinates":[[-75.6561524868736,6.3174564675382365],[-75.65730472601706,6.315942983024313],[-75.65692385569776,6.313363924128346]]}},{"type":"Feature","properties":{"RIO":0,"N_QUEBRADA":"QUEBRADA LA CAÑADA"},"geometry":{"type":"LineString","coordinates":[[-75.53786217409102,6.321683536550559],[-75.53740886598757,6.322737697117546],[-75.53839776426445,6.323677179227135]]}},{"type":"Feature","properties":{"RIO":0,"N_QUEBRADA":"QUEBRADA PEDREGAL"},"geometry":{"type":"LineString","coordinates":[[-75.62756836234476,6.289499098410133],[-75.62649502575319,6.284191956056587],[-75.62729729144071,6.281316786707737]]}},{"type":"Feature","properties":{"RIO":0,"N_QUEBRADA":"CAÑADA HONDA"},"geometry":{"type":"LineString","coordinates":[[-75.60506932950372,6.268561389500949],[-75.60485413727129,6.267395614885228],[-75.60310721356758,6.266229225664796]]}},{"type":"Feature","properties":{"RIO":0,"N_QUEBRADA":"QUEBRADA LA PEÑA"},"geometry":{"type":"LineString","coordinates":[[-75.65806054756924,6.307815894188694],[-75.65716022345515,6.307262998764447],[-75.65591392815527,6.307617047130083]]}},{"type":"Feature","properties":{"RIO":0,"N_QUEBRADA":"QUEBRADA LA TENCHE"},"geometry":{"type":"LineString","coordinates":[[-75.65157123246672,6.2912193945739965],[-75.65003516501541,6.290532799361921],[-75.6484283891461,6.290912324974237]]}},{"type":"Feature","properties":{"RIO":0,"N_QUEBRADA":"QUEBRADA EL UVITO"},"geometry":{"type":"LineString","coordinates":[[-75.66586896979712,6.289191737218426],[-75.66461121878372,6.288419564386654],[-75.6612132155864,6.2899037570456295]]}},{"type":"Feature","properties":{"RIO":0,"N_QUEBRADA":"QUEBRADA LA PUERTA"},"geometry":{"type":"LineString","coordinates":[[-75.64213504119951,6.310051734151922],[-75.64296051710004,6.30776579556656],[-75.64414839202169,6.3067046037018075]]}},{"type":"Feature","properties":{"RIO":0,"N_QUEBRADA":"QUEBRADA LA BOLSA"},"geometry":{"type":"LineString","coordinates":[[-75.63654986620922,6.3012681426482695],[-75.63790563298159,6.299762186030906],[-75.6395689665347,6.299401490394453]]}},{"type":"Feature","properties":{"RIO":0,"N_QUEBRADA":"QUEBRADA LAS HAMACAS"},"geometry":{"type":"LineString","coordinates":[[-75.62152065332528,6.300504663996141],[-75.62159480581481,6.298490413817852],[-75.62074983606695,6.297132230988064]]}},{"type":"Feature","properties":{"RIO":0,"N_QUEBRADA":"QUEBRADA LA CORCOVADA"},"geometry":{"type":"LineString","coordinates":[[-75.61289962623823,6.308631844204342],[-75.61191471675126,6.305883538919528],[-75.61220334085371,6.302465091391799]]}},{"type":"Feature","properties":{"RIO":0,"N_QUEBRADA":"CAÑO PAJARITO"},"geometry":{"type":"LineString","coordinates":[[-75.61434040671053,6.293188260486976],[-75.61398131694268,6.292002203956753],[-75.61193084460191,6.290543879855245]]}},{"type":"Feature","properties":{"RIO":0,"N_QUEBRADA":"QUEBRADA LA GARCIA"},"geometry":{"type":"LineString","coordinates":[[-75.61364003559962,6.2947559079819175],[-75.61228230788784,6.293946013411341],[-75.6109363400199,6.291451209201942]]}},{"type":"Feature","properties":{"RIO":0,"N_QUEBRADA":"QUEBRADA EL PATIO"},"geometry":{"type":"LineString","coordinates":[[-75.67116652486837,6.286967762660724],[-75.66944958358096,6.287079606622139],[-75.66794088905313,6.286195438437713]]}},{"type":"Feature","properties":{"RIO":0,"N_QUEBRADA":"QUEBRADA CINCO PASOS"},"geometry":{"type":"LineString","coordinates":[[-75.66335137782714,6.279833372100613],[-75.6605745218875,6.2788674131173074],[-75.65798972046665,6.279918344941803]]}},{"type":"Feature","properties":{"RIO":0,"N_QUEBRADA":"QUEBRADA CINCO PASOS"},"geometry":{"type":"LineString","coordinates":[[-75.65798972046665,6.279918344941803],[-75.65633500241542,6.279758319327513],[-75.65578176237753,6.278607560284155]]}},{"type":"Feature","properties":{"RIO":0,"N_QUEBRADA":"QUEBRADA LA IGUANA"},"geometry":{"type":"LineString","coordinates":[[-75.58277252630221,6.260437443256241],[-75.57878227800892,6.258931557284607],[-75.57409693233707,6.259889748016022]]}},{"type":"Feature","properties":{"RIO":0,"N_QUEBRADA":"QUEBRADA LA GOMEZ"},"geometry":{"type":"LineString","coordinates":[[-75.59616848515988,6.277941478562769],[-75.59297143918886,6.274210124300325],[-75.59471008319022,6.272363617768459]]}},{"type":"Feature","properties":{"RIO":0,"N_QUEBRADA":"QUEBRADA PEDREGAL"},"geometry":{"type":"LineString","coordinates":[[-75.62871162667011,6.285868870333384],[-75.62942027850353,6.280581748187975],[-75.62829139861928,6.279304917227415]]}},{"type":"Feature","properties":{"RIO":0,"N_QUEBRADA":"QUEBRADA LA IGUANA"},"geometry":{"type":"LineString","coordinates":[[-75.64267655074697,6.279590615694562],[-75.64174668534217,6.278480475631472],[-75.64037116305767,6.278710923009678]]}},{"type":"Feature","properties":{"RIO":0,"N_QUEBRADA":"QUEBRADA LA IGUANA"},"geometry":{"type":"LineString","coordinates":[[-75.64824654617621,6.284554325101789],[-75.64755322701247,6.284106851590702],[-75.64764861283787,6.282786903109183]]}},{"type":"Feature","properties":{"RIO":0,"N_QUEBRADA":"QUEBRADA LA POTRERA"},"geometry":{"type":"LineString","coordinates":[[-75.64701225457259,6.263198589317843],[-75.64571322137344,6.264934060501312],[-75.64587839213533,6.266350281918393]]}},{"type":"Feature","properties":{"RIO":0,"N_QUEBRADA":"QUEBRADA LA ARENERA"},"geometry":{"type":"LineString","coordinates":[[-75.66332221877063,6.264753046168365],[-75.66295600243235,6.266435837774563],[-75.66117939288644,6.266886769516492]]}},{"type":"Feature","properties":{"RIO":0,"N_QUEBRADA":"QUEBRADA LA LEJIA"},"geometry":{"type":"LineString","coordinates":[[-75.66023218699355,6.275665489698199],[-75.65892628180553,6.276175605280985],[-75.65728524502188,6.274672563467847]]}},{"type":"Feature","properties":{"RIO":0,"N_QUEBRADA":"QUEBRADA ANA DIAZ"},"geometry":{"type":"LineString","coordinates":[[-75.66459321475969,6.2500119736438196],[-75.66277499154586,6.248656221297765],[-75.65912872385478,6.24803129237747]]}},{"type":"Feature","properties":{"RIO":0,"N_QUEBRADA":"QUEBRADA LA HUESO"},"geometry":{"type":"LineString","coordinates":[[-75.59918848291726,6.258939037674451],[-75.59382918709066,6.257673852965372],[-75.59225545150473,6.255464507059884]]}},{"type":"Feature","properties":{"RIO":0,"N_QUEBRADA":"QUEBRADA LA LEONARDA"},"geometry":{"type":"LineString","coordinates":[[-75.62903871107937,6.264806113942782],[-75.62808137519636,6.264199238834227],[-75.62804204519774,6.262538097884457]]}},{"type":"Feature","properties":{"RIO":0,"N_QUEBRADA":"QUEBRADA EL SALADO"},"geometry":{"type":"LineString","coordinates":[[-75.63289964799316,6.252655137424131],[-75.63029118562773,6.252109167283861],[-75.62931063565175,6.252633162155713]]}},{"type":"Feature","properties":{"RIO":0,"N_QUEBRADA":"QUEBRADA MONTE VERDE"},"geometry":{"type":"LineString","coordinates":[[-75.63097816166375,6.242934306051692],[-75.62981525847064,6.243944110213009],[-75.62783497531196,6.243955601326039]]}},{"type":"Feature","properties":{"RIO":0,"N_QUEBRADA":"QUEBRADA ANA DIAZ"},"geometry":{"type":"LineString","coordinates":[[-75.59633737081691,6.255000290766878],[-75.5933312767779,6.2559884271885995],[-75.59225545150473,6.255464507059884]]}},{"type":"Feature","properties":{"RIO":0,"N_QUEBRADA":"QUEBRADA LA ASOMADERA"},"geometry":{"type":"LineString","coordinates":[[-75.57021706019746,6.223541698100248],[-75.57253724154738,6.225455004969464],[-75.57638403077218,6.225830187320699]]}},{"type":"Feature","properties":{"RIO":0,"N_QUEBRADA":"QUEBRADA LA AGUACATALA 2"},"geometry":{"type":"LineString","coordinates":[[-75.54620838312168,6.182563459142918],[-75.54827355232115,6.183584380853271],[-75.55142753463358,6.182884678802684]]}},{"type":"Feature","properties":{"RIO":0,"N_QUEBRADA":"QUEBRADA LA PAULITA 3"},"geometry":{"type":"LineString","coordinates":[[-75.55656348801958,6.1766623860431755],[-75.56106595692752,6.177900759589839],[-75.56162804174744,6.17938564231855]]}},{"type":"Feature","properties":{"RIO":0,"N_QUEBRADA":"QUEBRADA EL INDIO"},"geometry":{"type":"LineString","coordinates":[[-75.56739132548917,6.226964872442455],[-75.56903093412222,6.227048306692597],[-75.57561626549938,6.231764180359917]]}},{"type":"Feature","properties":{"RIO":0,"N_QUEBRADA":"QUEBRADA LA SUCIA 3"},"geometry":{"type":"LineString","coordinates":[[-75.56082026193789,6.196218829418822],[-75.56288229756291,6.197544211115775],[-75.56402598972528,6.197286240566493]]}},{"type":"Feature","properties":{"RIO":0,"N_QUEBRADA":"QUEBRADA LA OLLETA"},"geometry":{"type":"LineString","coordinates":[[-75.56474294162209,6.198449756156217],[-75.57296277937336,6.202219886071059],[-75.57398245532903,6.204335757615032]]}},{"type":"Feature","properties":{"RIO":0,"N_QUEBRADA":"COBERTURA CALLE 43"},"geometry":{"type":"LineString","coordinates":[[-75.56939448760161,6.243366176816633],[-75.57012309892677,6.243683126985565],[-75.56987859292997,6.244333506714221]]}},{"type":"Feature","properties":{"RIO":0,"N_QUEBRADA":"QUEBRADA EL MOLINO"},"geometry":{"type":"LineString","coordinates":[[-75.52613180177838,6.276044458137558],[-75.52768890043706,6.276348125983441],[-75.53122781498834,6.275274941500968]]}},{"type":"Feature","properties":{"RIO":0,"N_QUEBRADA":"QUEBRADA EL AHORCADO"},"geometry":{"type":"LineString","coordinates":[[-75.54872511617117,6.2617947837970505],[-75.55123095438364,6.26254907678644],[-75.55270630980141,6.261414617658123]]}},{"type":"Feature","properties":{"RIO":0,"N_QUEBRADA":"QUEBRADA LA AGUACATALA"},"geometry":{"type":"LineString","coordinates":[[-75.57554225187118,6.192133799945901],[-75.57605360296306,6.193250374404581],[-75.58125834841877,6.196006599762309]]}},{"type":"Feature","properties":{"RIO":0,"N_QUEBRADA":"QUEBRADA EL INDIO"},"geometry":{"type":"LineString","coordinates":[[-75.55675333068324,6.223415209670251],[-75.55896928935475,6.224628014606074],[-75.56031126114443,6.224287893427632]]}},{"type":"Feature","properties":{"RIO":0,"N_QUEBRADA":"QUEBRADA LORETO"},"geometry":{"type":"LineString","coordinates":[[-75.56195544648664,6.230441174515255],[-75.56354444497421,6.230412407775483],[-75.56539294553488,6.231422263558064]]}},{"type":"Feature","properties":{"RIO":0,"N_QUEBRADA":"QUEBRADA LA ESE"},"geometry":{"type":"LineString","coordinates":[[-75.36411320990366,6.428711240407746],[-75.36163525011165,6.426958987530961],[-75.36186004767555,6.426461339037921]]}},{"type":"Feature","properties":{"RIO":0,"N_QUEBRADA":"QUEBRADA CINCO REALES"},"geometry":{"type":"LineString","coordinates":[[-75.31902996435299,6.471391762325292],[-75.31814634759068,6.470896999680629],[-75.31786488020262,6.469573181203995]]}},{"type":"Feature","properties":{"RIO":0,"N_QUEBRADA":"QUEBRADA DOS QUEBRADAS"},"geometry":{"type":"LineString","coordinates":[[-75.3073170964318,6.3912408377318615],[-75.30837655375672,6.390898961551983],[-75.30920241723308,6.391906686954852]]}},{"type":"Feature","properties":{"RIO":0,"N_QUEBRADA":"QUEBRADA LA AGUADA"},"geometry":{"type":"LineString","coordinates":[[-75.40342588613065,6.393763186421059],[-75.40447140735658,6.394653306491593],[-75.40408955529976,6.395896133565114]]}},{"type":"Feature","properties":{"RIO":0,"N_QUEBRADA":"QUEBRADA LA QUIEBRA"},"geometry":{"type":"LineString","coordinates":[[-75.30887836045298,6.438038468289497],[-75.30988637851652,6.438162545276831],[-75.31003128876475,6.439309202643302]]}},{"type":"Feature","properties":{"RIO":0,"N_QUEBRADA":"QUEBRADA LA QUIEBRA"},"geometry":{"type":"LineString","coordinates":[[-75.30823713551553,6.434955688727951],[-75.30889387428059,6.435793392604391],[-75.30877409807752,6.437818862727619]]}},{"type":"Feature","properties":{"RIO":0,"N_QUEBRADA":"QUEBRADA CHILCAGUA"},"geometry":{"type":"LineString","coordinates":[[-75.31336369620819,6.469702775204399],[-75.31170606410483,6.467454093305272],[-75.30841143986952,6.466055083915622]]}},{"type":"Feature","properties":{"RIO":0,"N_QUEBRADA":"QUEBRADA SAN ANTONIO"},"geometry":{"type":"LineString","coordinates":[[-75.39331141358505,6.417371558634237],[-75.3920354773921,6.415244767982071],[-75.39272500818898,6.4137968616526315]]}},{"type":"Feature","properties":{"RIO":0,"N_QUEBRADA":"QUEBRADA EL SILENCIO"},"geometry":{"type":"LineString","coordinates":[[-75.30256773271272,6.482886438914842],[-75.29904057148343,6.481185528579467],[-75.29684509534059,6.479116965184531]]}},{"type":"Feature","properties":{"RIO":0,"N_QUEBRADA":"QUEBRADA LA CHOCONA"},"geometry":{"type":"LineString","coordinates":[[-75.39598969638999,6.435381380664337],[-75.39475267376031,6.434197694932614],[-75.39405417702707,6.431072134787604]]}},{"type":"Feature","properties":{"RIO":0,"N_QUEBRADA":"QUEBRADA SALADITO"},"geometry":{"type":"LineString","coordinates":[[-75.42741163926163,6.438923749447371],[-75.42743316561001,6.437135570880553],[-75.42599634129316,6.435568915189063]]}},{"type":"Feature","properties":{"RIO":0,"N_QUEBRADA":"QUEBRADA DOS QUEBRADAS"},"geometry":{"type":"LineString","coordinates":[[-75.31593402375044,6.442008001718794],[-75.31642245786392,6.442633150627255],[-75.31821787061679,6.442737839053135]]}},{"type":"Feature","properties":{"RIO":0,"N_QUEBRADA":"QUEBRADA SANTA ROSA"},"geometry":{"type":"LineString","coordinates":[[-75.33015989572368,6.453142907492035],[-75.32924727468351,6.452911125041887],[-75.32947373323248,6.451669003121836]]}},{"type":"Feature","properties":{"RIO":0,"N_QUEBRADA":"QUEBRADA LA TAMBORA"},"geometry":{"type":"LineString","coordinates":[[-75.28197576692818,6.462383627980795],[-75.28301140981037,6.462942890327577],[-75.28307203181666,6.463889586529438]]}},{"type":"Feature","properties":{"RIO":0,"N_QUEBRADA":"QUEBRADA DE QUINTERO"},"geometry":{"type":"LineString","coordinates":[[-75.31456487441605,6.388622852975545],[-75.31416028182346,6.390152811168778],[-75.31510328743006,6.391611528085564]]}},{"type":"Feature","properties":{"RIO":0,"N_QUEBRADA":"QUEBRADA LA CHIQUITA"},"geometry":{"type":"LineString","coordinates":[[-75.30497456257426,6.401643925974485],[-75.30568834152568,6.402064692437195],[-75.30518597017534,6.402956269866691]]}},{"type":"Feature","properties":{"RIO":0,"N_QUEBRADA":"QUEBRADA DOS QUEBRADAS"},"geometry":{"type":"LineString","coordinates":[[-75.3080011893134,6.420699634046848],[-75.30726785821828,6.421009742236205],[-75.30751696955569,6.4224552644878266]]}},{"type":"Feature","properties":{"RIO":0,"N_QUEBRADA":"QUEBRADA PLATANITO"},"geometry":{"type":"LineString","coordinates":[[-75.39315897622397,6.3890905398317965],[-75.3946997533548,6.390350307571151],[-75.39447010723977,6.391268848002982]]}},{"type":"Feature","properties":{"RIO":0,"N_QUEBRADA":"QUEBRADA LAS PEÑAS"},"geometry":{"type":"LineString","coordinates":[[-75.36981955978129,6.449771845530778],[-75.36922355457382,6.449000142313303],[-75.36791502491032,6.449029786372652]]}},{"type":"Feature","properties":{"RIO":0,"N_QUEBRADA":"QUEBRADA LA AGUADA"},"geometry":{"type":"LineString","coordinates":[[-75.39338773259891,6.380583803274806],[-75.39327492943795,6.382393845418802],[-75.39423519829255,6.383538071367996]]}},{"type":"Feature","properties":{"RIO":0,"N_QUEBRADA":"QUEBRADA LA HERRADURA"},"geometry":{"type":"LineString","coordinates":[[-75.28449254158708,6.458395318666598],[-75.28417350295437,6.459038212642266],[-75.28497149109856,6.459718556849909]]}},{"type":"Feature","properties":{"RIO":0,"N_QUEBRADA":"QUEBRADA LOS LAURELES"},"geometry":{"type":"LineString","coordinates":[[-75.37854515033143,6.431654995564597],[-75.37795422269615,6.429925124708733],[-75.37855552200678,6.428994502464072]]}},{"type":"Feature","properties":{"RIO":0,"N_QUEBRADA":"QUEBRADA LA CRUZ"},"geometry":{"type":"LineString","coordinates":[[-75.36677628817554,6.397220503838644],[-75.3682310673872,6.398678211968052],[-75.36883231183958,6.4006881716209385]]}},{"type":"Feature","properties":{"RIO":0,"N_QUEBRADA":"QUEBRADA LA CANTERA"},"geometry":{"type":"LineString","coordinates":[[-75.36734559534793,6.42179133380114],[-75.36892969214198,6.4182267235473915],[-75.36867862328359,6.416799680452094]]}},{"type":"Feature","properties":{"RIO":0,"N_QUEBRADA":"QUEBRADA CORRIENTES"},"geometry":{"type":"LineString","coordinates":[[-75.37142055788577,6.406087109756311],[-75.37199622900297,6.406611271946782],[-75.37100904403441,6.409001029905577]]}},{"type":"Feature","properties":{"RIO":0,"N_QUEBRADA":"QUEBRADA LA HERRADURA"},"geometry":{"type":"LineString","coordinates":[[-75.28497149109856,6.459718556849909],[-75.28633612607284,6.465157602836309],[-75.28960594872586,6.465514436091062]]}},{"type":"Feature","properties":{"RIO":0,"N_QUEBRADA":"QUEBRADA EL HOYO"},"geometry":{"type":"LineString","coordinates":[[-75.33948101528901,6.442225105205595],[-75.33808976100543,6.442089050580251],[-75.33677234848795,6.443490910535311]]}},{"type":"Feature","properties":{"RIO":0,"N_QUEBRADA":"QUEBRADA LOS PERROS"},"geometry":{"type":"LineString","coordinates":[[-75.36701397956612,6.434828577304107],[-75.36485679973642,6.4326200868877415],[-75.3630758340554,6.431855742230608]]}},{"type":"Feature","properties":{"RIO":0,"N_QUEBRADA":"QUEBRADA LOS PERROS"},"geometry":{"type":"LineString","coordinates":[[-75.36948226479593,6.438971869686638],[-75.36887383083086,6.436645854372416],[-75.36701397956612,6.434828577304107]]}},{"type":"Feature","properties":{"RIO":0,"N_QUEBRADA":"QUEBRADA DOS QUEBRADAS"},"geometry":{"type":"LineString","coordinates":[[-75.32078950656982,6.443967008972898],[-75.32198552087827,6.448623420286373],[-75.32281003337341,6.449333857464966]]}},{"type":"Feature","properties":{"RIO":0,"N_QUEBRADA":"QUEBRADA LIMPIA"},"geometry":{"type":"LineString","coordinates":[[-75.54674638780745,6.356864889864884],[-75.54396068525799,6.356603883042524],[-75.54284369029263,6.355507230553489]]}},{"type":"Feature","properties":{"RIO":0,"N_QUEBRADA":"QUEBRADA LA GOMEZ"},"geometry":{"type":"LineString","coordinates":[[-75.37082085916605,6.400635082416002],[-75.37158553188266,6.403577607192793],[-75.37065988808368,6.403968256589918]]}},{"type":"Feature","properties":{"RIO":0,"N_QUEBRADA":"QUEBRADA SANTA ROSA"},"geometry":{"type":"LineString","coordinates":[[-75.32947373323248,6.451669003121836],[-75.32796677930152,6.449956615460437],[-75.32687320949191,6.449806969678529]]}},{"type":"Feature","properties":{"RIO":0,"N_QUEBRADA":"QUEBRADA LA QUESARIEGA"},"geometry":{"type":"LineString","coordinates":[[-75.43712217069344,6.434052494869961],[-75.43513839501828,6.432946561542787],[-75.43450579939507,6.431482623429565]]}},{"type":"Feature","properties":{"RIO":0,"N_QUEBRADA":"QUEBRADA DE MEDELLIN"},"geometry":{"type":"LineString","coordinates":[[-75.29388719004963,6.490993197584751],[-75.29290646481287,6.490199322915948],[-75.29162302621316,6.490873021781125]]}},{"type":"Feature","properties":{"RIO":0,"N_QUEBRADA":"QUEBRADA LA TAMBORA"},"geometry":{"type":"LineString","coordinates":[[-75.28307203181666,6.463889586529438],[-75.28504966818964,6.464310811251827],[-75.28532207026107,6.465208512667303]]}},{"type":"Feature","properties":{"RIO":0,"N_QUEBRADA":"QUEBRADA EL HOYO"},"geometry":{"type":"LineString","coordinates":[[-75.29399382587759,6.452966086720475],[-75.2940910240709,6.4542187371140045],[-75.29295081481125,6.456386018491583]]}},{"type":"Feature","properties":{"RIO":0,"N_QUEBRADA":"QUEBRADA EL TAMBO"},"geometry":{"type":"LineString","coordinates":[[-75.31119933360705,6.465135037934768],[-75.30617142297346,6.461488716812168],[-75.30657638268003,6.459741939079259]]}},{"type":"Feature","properties":{"RIO":0,"N_QUEBRADA":"QUEBRADA SANTA ROSA"},"geometry":{"type":"LineString","coordinates":[[-75.33256679622693,6.454410052252349],[-75.33093593360715,6.454248550610104],[-75.33015989572368,6.453142907492035]]}},{"type":"Feature","properties":{"RIO":0,"N_QUEBRADA":"QUEBRADA DE MEDELLIN"},"geometry":{"type":"LineString","coordinates":[[-75.2990681064352,6.494926335454759],[-75.29912007165092,6.4927455686646445],[-75.29714800328865,6.492032677909694]]}},{"type":"Feature","properties":{"RIO":0,"N_QUEBRADA":"QUEBRADA EL GUAYABO"},"geometry":{"type":"LineString","coordinates":[[-75.28819519046014,6.47085730105151],[-75.28692109537245,6.4717981197396615],[-75.28543532621696,6.471011215189401]]}},{"type":"Feature","properties":{"RIO":0,"N_QUEBRADA":"QUEBRADA EL GUAYABO"},"geometry":{"type":"LineString","coordinates":[[-75.29769210356457,6.471715591998869],[-75.29421160138028,6.470910508818114],[-75.28948804023295,6.471676861271056]]}},{"type":"Feature","properties":{"RIO":0,"N_QUEBRADA":"QUEBRADA PLATANITO"},"geometry":{"type":"LineString","coordinates":[[-75.41008860613174,6.401788446641757],[-75.41044259968137,6.403669409770919],[-75.40973436948083,6.404053141614504]]}},{"type":"Feature","properties":{"RIO":0,"N_QUEBRADA":"QUEBRADA SANTA ROSA"},"geometry":{"type":"LineString","coordinates":[[-75.33713168193836,6.478385287187859],[-75.33748791407993,6.477599396767639],[-75.33691685592417,6.476948181218158]]}},{"type":"Feature","properties":{"RIO":0,"N_QUEBRADA":"QUEBRADA LAS PEÑAS"},"geometry":{"type":"LineString","coordinates":[[-75.36646372022278,6.449564253266595],[-75.36452954803357,6.449183149870623],[-75.36416794643144,6.448143612105425]]}},{"type":"Feature","properties":{"RIO":0,"N_QUEBRADA":"QUEBRADA LA QUESARIEGA"},"geometry":{"type":"LineString","coordinates":[[-75.41945426157369,6.418521034407303],[-75.41894283648473,6.418086861259128],[-75.41961009232794,6.417300864671891]]}},{"type":"Feature","properties":{"RIO":0,"N_QUEBRADA":"QUEBRADA BAUTISTA"},"geometry":{"type":"LineString","coordinates":[[-75.38880668969362,6.318365536847997],[-75.38851496282854,6.318936087495897],[-75.38985014767557,6.320627928627222]]}},{"type":"Feature","properties":{"RIO":0,"N_QUEBRADA":"QUEBRADA DE ARCE"},"geometry":{"type":"LineString","coordinates":[[-75.33890957768196,6.331515566929402],[-75.33802932088133,6.332532623571951],[-75.33817585079473,6.333742324288897]]}},{"type":"Feature","properties":{"RIO":0,"N_QUEBRADA":"QUEBRADA DE ARCE"},"geometry":{"type":"LineString","coordinates":[[-75.33951887983184,6.324052497322145],[-75.33931106789576,6.325258308389305],[-75.34055267490366,6.326269125483786]]}},{"type":"Feature","properties":{"RIO":0,"N_QUEBRADA":"QUEBRADA LA AHUYAMERA"},"geometry":{"type":"LineString","coordinates":[[-75.57449014828721,6.148945536169498],[-75.57503591837904,6.148723848809441],[-75.57625092908948,6.150052285031615]]}},{"type":"Feature","properties":{"RIO":0,"N_QUEBRADA":"QUEBRADA LA MIEL"},"geometry":{"type":"LineString","coordinates":[[-75.57898025589277,6.115795564041935],[-75.58014843978717,6.118625964803443],[-75.57952476967101,6.119695091162459]]}},{"type":"Feature","properties":{"RIO":0,"N_QUEBRADA":"QUEBRADA CARRIQUE"},"geometry":{"type":"LineString","coordinates":[[-75.58907020659787,6.112876093147992],[-75.58829744778318,6.113906850953578],[-75.58836499517447,6.115398212899053]]}},{"type":"Feature","properties":{"RIO":0,"N_QUEBRADA":"QUEBRADA OVEJAS"},"geometry":{"type":"LineString","coordinates":[[-75.39870523464909,6.3225125215057805],[-75.39820375438143,6.32282040329495],[-75.39846867817072,6.325945630072116]]}},{"type":"Feature","properties":{"RIO":0,"N_QUEBRADA":"QUEBRADA OVEJAS"},"geometry":{"type":"LineString","coordinates":[[-75.34579183600246,6.421344794418197],[-75.34595145597326,6.423236384074753],[-75.34501661805815,6.425043590182088]]}},{"type":"Feature","properties":{"RIO":0,"N_QUEBRADA":"QUEBRADA MONTAÑITA"},"geometry":{"type":"LineString","coordinates":[[-75.33759041092775,6.397026390821997],[-75.33951054738216,6.396121725364307],[-75.34097824530215,6.396900489589023]]}},{"type":"Feature","properties":{"RIO":0,"N_QUEBRADA":"QUEBRADA EL CEDRON"},"geometry":{"type":"LineString","coordinates":[[-75.3680314975858,6.374744623017957],[-75.36649810868987,6.3765852626555555],[-75.36608992334892,6.378635806919711]]}},{"type":"Feature","properties":{"RIO":0,"N_QUEBRADA":"QUEBRADA OVEJAS"},"geometry":{"type":"LineString","coordinates":[[-75.34785603141646,6.395342104326582],[-75.34830330865259,6.396214738479275],[-75.34784084128424,6.398845556146601]]}},{"type":"Feature","properties":{"RIO":0,"N_QUEBRADA":"QUEBRADA LA CEFORA"},"geometry":{"type":"LineString","coordinates":[[-75.48558346516785,6.418183777068998],[-75.48537097755587,6.416777902976114],[-75.48756558786673,6.412289669340842]]}},{"type":"Feature","properties":{"RIO":0,"N_QUEBRADA":"QUEBRADA MONTAÑITA"},"geometry":{"type":"LineString","coordinates":[[-75.34307054216819,6.397778121798443],[-75.34523500708586,6.397414728520309],[-75.34784084128424,6.398845556146601]]}},{"type":"Feature","properties":{"RIO":0,"N_QUEBRADA":"QUEBRADA MINA HONDA"},"geometry":{"type":"LineString","coordinates":[[-75.56743435815105,6.169510921216261],[-75.57152092254779,6.169183501840351],[-75.57304309130933,6.171394550408426]]}},{"type":"Feature","properties":{"RIO":0,"N_QUEBRADA":"ZANJA EL AGUA DE LAS CHILAS"},"geometry":{"type":"LineString","coordinates":[[-75.60145819107662,6.313586994243741],[-75.60018274899089,6.314537928763835],[-75.59890502850077,6.316986045408948]]}},{"type":"Feature","properties":{"RIO":0,"N_QUEBRADA":"QUEBRADA LA BONITA"},"geometry":{"type":"LineString","coordinates":[[-75.63012533915418,6.135231189295298],[-75.63140779173654,6.135202014424516],[-75.63226716501086,6.136006076945363]]}},{"type":"Feature","properties":{"RIO":0,"N_QUEBRADA":"QUEBRADA LAS LOMITAS"},"geometry":{"type":"LineString","coordinates":[[-75.60572087740049,6.147992582402796],[-75.6076933652899,6.1498658601315155],[-75.61067595717815,6.151248423363827]]}},{"type":"Feature","properties":{"RIO":0,"N_QUEBRADA":"QUEBRADA CIEN PESOS"},"geometry":{"type":"LineString","coordinates":[[-75.59362950217546,6.146800171744624],[-75.59486302417555,6.148622880610206],[-75.59781220068115,6.150708939573335]]}},{"type":"Feature","properties":{"RIO":0,"N_QUEBRADA":"QUEBRADA SEMINARISTA"},"geometry":{"type":"LineString","coordinates":[[-75.53779823309591,6.381677507114449],[-75.53761615819852,6.379563184932342],[-75.53858940424774,6.377487940688124]]}},{"type":"Feature","properties":{"RIO":0,"N_QUEBRADA":"QUEBRADA LA CULEBRA"},"geometry":{"type":"LineString","coordinates":[[-75.63909167994531,6.12676840363539],[-75.63636244187036,6.1265496511400634],[-75.63433166302745,6.128228350756249]]}},{"type":"Feature","properties":{"RIO":0,"N_QUEBRADA":"QUEBRADA LA TABLACITA"},"geometry":{"type":"LineString","coordinates":[[-75.61502447540182,6.114690536414819],[-75.61732764064789,6.116505380721272],[-75.62049894532285,6.116597956014072]]}},{"type":"Feature","properties":{"RIO":0,"N_QUEBRADA":"QUEBRADA LA AGUACATALA"},"geometry":{"type":"LineString","coordinates":[[-75.64126321296207,6.102109202242694],[-75.64043444067973,6.101492224003264],[-75.63896302783606,6.102360418009929]]}},{"type":"Feature","properties":{"RIO":0,"N_QUEBRADA":"QUEBRADA LA LLORONA"},"geometry":{"type":"LineString","coordinates":[[-75.6440025886075,6.1291787860903035],[-75.64142062977348,6.130533736052679],[-75.64116326123022,6.130111035282798]]}},{"type":"Feature","properties":{"RIO":0,"N_QUEBRADA":"QUEBRADA PALOSANTO"},"geometry":{"type":"LineString","coordinates":[[-75.64608844971772,6.117704960909058],[-75.64531711896032,6.117180053114789],[-75.64419748224896,6.117680451607255]]}},{"type":"Feature","properties":{"RIO":0,"N_QUEBRADA":"QUEBRADA LA SIGUIERA"},"geometry":{"type":"LineString","coordinates":[[-75.63830373330472,6.142480704798781],[-75.63601518590309,6.143453164670764],[-75.63509868025349,6.144651406971718]]}},{"type":"Feature","properties":{"RIO":0,"N_QUEBRADA":"QUEBRADA CHORRO FRIO"},"geometry":{"type":"LineString","coordinates":[[-75.54590498801414,6.165657828696944],[-75.54747433624871,6.166768245096957],[-75.54910408616935,6.166823109127366]]}},{"type":"Feature","properties":{"RIO":0,"N_QUEBRADA":"QUEBRADA CHINGUI"},"geometry":{"type":"LineString","coordinates":[[-75.56410419944682,6.157772533784798],[-75.56517234584902,6.158412710754842],[-75.56510463330011,6.159451586305046]]}},{"type":"Feature","properties":{"RIO":0,"N_QUEBRADA":"QUEBRADA RISARALDA"},"geometry":{"type":"LineString","coordinates":[[-75.55172231264726,6.129361178209393],[-75.55468458955474,6.128377398181693],[-75.55648410159073,6.128999473352806]]}},{"type":"Feature","properties":{"RIO":0,"N_QUEBRADA":"QUEBRADA LA PAVA"},"geometry":{"type":"LineString","coordinates":[[-75.56497047258789,6.143728976091012],[-75.56721384016035,6.143432435768323],[-75.56874210775793,6.141856149210744]]}},{"type":"Feature","properties":{"RIO":0,"N_QUEBRADA":"QUEBRADA LA CUMBRE"},"geometry":{"type":"LineString","coordinates":[[-75.55880526755533,6.120733683660099],[-75.55771170481091,6.123720024378401],[-75.55803708277612,6.124715440633745]]}},{"type":"Feature","properties":{"RIO":0,"N_QUEBRADA":"QUEBRADA LA HONDA"},"geometry":{"type":"LineString","coordinates":[[-75.55465665691585,6.171627599374723],[-75.55619488765835,6.172066815198812],[-75.55824300110224,6.171331060936938]]}},{"type":"Feature","properties":{"RIO":0,"N_QUEBRADA":"QUEBRADA MINA HONDA"},"geometry":{"type":"LineString","coordinates":[[-75.56273785362403,6.168966663345177],[-75.56566663815661,6.169862038785451],[-75.56743435815105,6.169510921216261]]}},{"type":"Feature","properties":{"RIO":0,"N_QUEBRADA":"QUEBRADA EL PALO"},"geometry":{"type":"LineString","coordinates":[[-75.56132541860835,6.118467714916011],[-75.56142141115119,6.119511304795646],[-75.56294060919096,6.120290615257691]]}},{"type":"Feature","properties":{"RIO":0,"N_QUEBRADA":"QUEBRADA LA AYURA"},"geometry":{"type":"LineString","coordinates":[[-75.56584743639678,6.136074657112962],[-75.56668035875964,6.136515538149175],[-75.56728722415313,6.135877416847435]]}},{"type":"Feature","properties":{"RIO":0,"N_QUEBRADA":"QUEBRADA EL ATRAVESADO"},"geometry":{"type":"LineString","coordinates":[[-75.55858802231317,6.150969602768556],[-75.56023226134234,6.151596021194818],[-75.56399899017298,6.154844961480988]]}},{"type":"Feature","properties":{"RIO":0,"N_QUEBRADA":"QUEBRADA LA HONDA"},"geometry":{"type":"LineString","coordinates":[[-75.57217626861355,6.1760733014123765],[-75.5745364620602,6.176134078131344],[-75.57694176103303,6.177752957651376]]}},{"type":"Feature","properties":{"RIO":0,"N_QUEBRADA":"QUEBRADA LA PAVA"},"geometry":{"type":"LineString","coordinates":[[-75.57175382089251,6.142453630610532],[-75.57287493280386,6.141791212231843],[-75.57395566167393,6.142097647007646]]}},{"type":"Feature","properties":{"RIO":0,"N_QUEBRADA":"QUEBRADA LA PITAYA"},"geometry":{"type":"LineString","coordinates":[[-75.49141007560627,6.377252928287855],[-75.48971430594972,6.376223850282398],[-75.48939720723389,6.375190324213899]]}},{"type":"Feature","properties":{"RIO":0,"N_QUEBRADA":"QUEBRADA LA PITAYA"},"geometry":{"type":"LineString","coordinates":[[-75.49671778746018,6.380265407607754],[-75.49662152059345,6.378677388215811],[-75.49559004309761,6.378321795278864]]}},{"type":"Feature","properties":{"RIO":0,"N_QUEBRADA":"QUEBRADA EL CHUSCAL"},"geometry":{"type":"LineString","coordinates":[[-75.4924679800631,6.380033923956622],[-75.49210656426627,6.3793688606340675],[-75.4896334978206,6.3790668735969085]]}},{"type":"Feature","properties":{"RIO":0,"N_QUEBRADA":"QUEBRADA LA SUCIA"},"geometry":{"type":"LineString","coordinates":[[-75.50577675138345,6.376198460863206],[-75.50267201366718,6.372894580531468],[-75.50156055485577,6.372992639680264]]}},{"type":"Feature","properties":{"RIO":0,"N_QUEBRADA":"QUEBRADA GUASIMAL"},"geometry":{"type":"LineString","coordinates":[[-75.52850862698074,6.380864811344566],[-75.52713789523979,6.379418376044256],[-75.52624756140564,6.376457803506107]]}},{"type":"Feature","properties":{"RIO":0,"N_QUEBRADA":"QUEBRADA CHACHAFRUTO"},"geometry":{"type":"LineString","coordinates":[[-75.4727955073818,6.331026629761933],[-75.47203158741776,6.3327656705513435],[-75.47266266166045,6.334574697016265]]}},{"type":"Feature","properties":{"RIO":0,"N_QUEBRADA":"QUEBRADA POTRERITO"},"geometry":{"type":"LineString","coordinates":[[-75.49998572692365,6.415204027519539],[-75.49912763522902,6.413548759608205],[-75.49938897194785,6.410204586234055]]}},{"type":"Feature","properties":{"RIO":0,"N_QUEBRADA":"QUEBRADA LAS QUEBRADITAS"},"geometry":{"type":"LineString","coordinates":[[-75.50214394929274,6.40666387160523],[-75.50210719964637,6.404886269396307],[-75.50057708157087,6.4031718770664705]]}},{"type":"Feature","properties":{"RIO":0,"N_QUEBRADA":"QUEBRADA LA TOLDA"},"geometry":{"type":"LineString","coordinates":[[-75.53149675517463,6.389087933633901],[-75.52888732485461,6.387238962757277],[-75.52594869807113,6.383247480841626]]}},{"type":"Feature","properties":{"RIO":0,"N_QUEBRADA":"QUEBRADA EL CHUSCAL"},"geometry":{"type":"LineString","coordinates":[[-75.45897874790289,6.327444387600959],[-75.46000096333647,6.327803059711541],[-75.46059320011273,6.329130013007241]]}},{"type":"Feature","properties":{"RIO":0,"N_QUEBRADA":"QUEBRADA LOS AGUACATES"},"geometry":{"type":"LineString","coordinates":[[-75.48790713914043,6.377233186023384],[-75.4884342141123,6.376423314241177],[-75.48783179863293,6.3742021432547595]]}},{"type":"Feature","properties":{"RIO":0,"N_QUEBRADA":"QUEBRADA GUASIMAL"},"geometry":{"type":"LineString","coordinates":[[-75.52526797589948,6.371855185919691],[-75.52397075968068,6.370836834021025],[-75.52362508532129,6.369314129719459]]}},{"type":"Feature","properties":{"RIO":0,"N_QUEBRADA":"QUEBRADA LA CHIQUITA"},"geometry":{"type":"LineString","coordinates":[[-75.52934081233751,6.308400457020075],[-75.53043251861581,6.309365459071137],[-75.53051873230044,6.311864029966323]]}},{"type":"Feature","properties":{"RIO":0,"N_QUEBRADA":"QUEBRADA DEL HATO"},"geometry":{"type":"LineString","coordinates":[[-75.48116906543744,6.413150874225223],[-75.48343469042317,6.409917183006552],[-75.48353884970244,6.408719084883114]]}},{"type":"Feature","properties":{"RIO":0,"N_QUEBRADA":"QUEBRADA LA TRINIDAD"},"geometry":{"type":"LineString","coordinates":[[-75.51530661983713,6.317514225378726],[-75.51610506720702,6.318716702991664],[-75.51782515780492,6.319284480057784]]}},{"type":"Feature","properties":{"RIO":0,"N_QUEBRADA":"QUEBRADA EL MOLINAL"},"geometry":{"type":"LineString","coordinates":[[-75.48247280721502,6.384420718208359],[-75.48093866929139,6.381825681059246],[-75.48147436536075,6.381083987626215]]}},{"type":"Feature","properties":{"RIO":0,"N_QUEBRADA":"RIO ABURRA - MEDELLIN"},"geometry":{"type":"LineString","coordinates":[[-75.63338354443106,6.147772905800229],[-75.63422589560054,6.148700094096462],[-75.63398243513963,6.150788114285773]]}},{"type":"Feature","properties":{"RIO":0,"N_QUEBRADA":"QUEBRADA NIQUIA"},"geometry":{"type":"LineString","coordinates":[[-75.52968048694106,6.367389411390406],[-75.52847818620754,6.366144315415287],[-75.52841613621943,6.364662165426795]]}},{"type":"Feature","properties":{"RIO":0,"N_QUEBRADA":"QUEBRADA LA LOCA"},"geometry":{"type":"LineString","coordinates":[[-75.57020998994997,6.315484995560297],[-75.56874799638642,6.315251570240824],[-75.56820266291173,6.316219128268796]]}},{"type":"Feature","properties":{"RIO":0,"N_QUEBRADA":"QUEBRADA LA LOCA"},"geometry":{"type":"LineString","coordinates":[[-75.57200028200839,6.314002239886065],[-75.57045005536553,6.314343238906772],[-75.57020998994997,6.315484995560297]]}},{"type":"Feature","properties":{"RIO":0,"N_QUEBRADA":"QUEBRADA EL CAIMITO"},"geometry":{"type":"LineString","coordinates":[[-75.44274770356336,6.410441367249019],[-75.44157888865547,6.407974765952453],[-75.44058906030881,6.407618706263442]]}},{"type":"Feature","properties":{"RIO":0,"N_QUEBRADA":"QUEBRADA EL AHORCADO"},"geometry":{"type":"LineString","coordinates":[[-75.45379019956295,6.401656087977136],[-75.45167439896461,6.401015256088442],[-75.4500763077265,6.4016385878229665]]}},{"type":"Feature","properties":{"RIO":0,"N_QUEBRADA":"QUEBRADA LA JABALCONA"},"geometry":{"type":"LineString","coordinates":[[-75.60268711746014,6.190807447593448],[-75.60049321524754,6.189395565942246],[-75.59920307105365,6.189392202994707]]}},{"type":"Feature","properties":{"RIO":0,"N_QUEBRADA":"QUEBRADA LA FULGENCIA"},"geometry":{"type":"LineString","coordinates":[[-75.40700074323838,6.377828245508374],[-75.41201287348292,6.381112251343899],[-75.41302747183204,6.380845348574092]]}},{"type":"Feature","properties":{"RIO":0,"N_QUEBRADA":"QUEBRADA JUAN COJO"},"geometry":{"type":"LineString","coordinates":[[-75.4626028488296,6.341361216570008],[-75.4606095293274,6.3438008622943665],[-75.46136738202051,6.3483175527291715]]}},{"type":"Feature","properties":{"RIO":0,"N_QUEBRADA":"QUEBRADA EL UMBI"},"geometry":{"type":"LineString","coordinates":[[-75.46652842838361,6.35502301027106],[-75.46570696921334,6.3563427945696125],[-75.46588687870413,6.357839036684868]]}},{"type":"Feature","properties":{"RIO":0,"N_QUEBRADA":"QUEBRADA LOS ORTEGAS"},"geometry":{"type":"LineString","coordinates":[[-75.47090476093082,6.388348572630437],[-75.46976733675413,6.385635665870795],[-75.46734739908743,6.383321391640564]]}},{"type":"Feature","properties":{"RIO":0,"N_QUEBRADA":"QUEBRADA EL RINCON"},"geometry":{"type":"LineString","coordinates":[[-75.41340398139602,6.387908150041037],[-75.41530804348112,6.388766412096599],[-75.41624763773868,6.388363997237628]]}},{"type":"Feature","properties":{"RIO":0,"N_QUEBRADA":"QUEBRADA LA CORREA"},"geometry":{"type":"LineString","coordinates":[[-75.44042814934551,6.400438001663629],[-75.43926991035173,6.400120970401103],[-75.4379274648264,6.3981631967310255]]}},{"type":"Feature","properties":{"RIO":0,"N_QUEBRADA":"QUEBRADA EL PORTACHUELO"},"geometry":{"type":"LineString","coordinates":[[-75.47292538623111,6.378551209045235],[-75.47197867816669,6.377049240664397],[-75.46941923086698,6.376170731906546]]}},{"type":"Feature","properties":{"RIO":0,"N_QUEBRADA":"QUEBRADA EL CAIMITO"},"geometry":{"type":"LineString","coordinates":[[-75.43274088228833,6.401457769573979],[-75.43102294843096,6.400979019371969],[-75.43075077771337,6.400302668104464]]}},{"type":"Feature","properties":{"RIO":0,"N_QUEBRADA":"QUEBRADA URIBE"},"geometry":{"type":"LineString","coordinates":[[-75.45777547262666,6.395297107873432],[-75.45610615082471,6.392592976606838],[-75.45344856150447,6.390826337040768]]}},{"type":"Feature","properties":{"RIO":0,"N_QUEBRADA":"QUEBRADA LA ARENERA"},"geometry":{"type":"LineString","coordinates":[[-75.46277038634867,6.396149446257661],[-75.46198699739848,6.394015715994254],[-75.46298652557915,6.391533803729403]]}},{"type":"Feature","properties":{"RIO":0,"N_QUEBRADA":"QUEBRADA EL UMBI"},"geometry":{"type":"LineString","coordinates":[[-75.46330611029624,6.359045941902718],[-75.46311684398182,6.360428335521396],[-75.46163736285224,6.361428840071593]]}},{"type":"Feature","properties":{"RIO":0,"N_QUEBRADA":"QUEBRADA JUAN COJO"},"geometry":{"type":"LineString","coordinates":[[-75.46239687972295,6.363154458586495],[-75.46375470062543,6.365746820839892],[-75.46387670394374,6.367722211427681]]}},{"type":"Feature","properties":{"RIO":0,"N_QUEBRADA":"QUEBRADA MARIA IGNACIO"},"geometry":{"type":"LineString","coordinates":[[-75.40597330051598,6.380007972239167],[-75.40731995729021,6.383813282689732],[-75.41332773824183,6.387242391137685]]}},{"type":"Feature","properties":{"RIO":0,"N_QUEBRADA":"QUEBRADA LA SILVA"},"geometry":{"type":"LineString","coordinates":[[-75.44417065955201,6.427299226935219],[-75.44333341785047,6.426627689245859],[-75.44080264276182,6.426716165711684]]}},{"type":"Feature","properties":{"RIO":0,"N_QUEBRADA":"QUEBRADA QUEBRADITAS"},"geometry":{"type":"LineString","coordinates":[[-75.45800711207457,6.376052491835083],[-75.45870919912923,6.377094256375884],[-75.45845574891679,6.378038737108981]]}},{"type":"Feature","properties":{"RIO":0,"N_QUEBRADA":"QUEBRADA EL RINCON"},"geometry":{"type":"LineString","coordinates":[[-75.41789668523242,6.388725716674201],[-75.41961867531852,6.389651801021455],[-75.42055976912243,6.389355528486071]]}},{"type":"Feature","properties":{"RIO":0,"N_QUEBRADA":"RIO ABURRA - MEDELLIN"},"geometry":{"type":"LineString","coordinates":[[-75.42435331327168,6.399801219017798],[-75.42304014567006,6.401438677751521],[-75.42121441864539,6.400416967634978]]}},{"type":"Feature","properties":{"RIO":0,"N_QUEBRADA":"RIO ABURRA - MEDELLIN"},"geometry":{"type":"LineString","coordinates":[[-75.42680988897362,6.401584131279683],[-75.42602007079492,6.401601827895677],[-75.42518015150685,6.399872449097921]]}},{"type":"Feature","properties":{"RIO":0,"N_QUEBRADA":"RIO ABURRA - MEDELLIN"},"geometry":{"type":"LineString","coordinates":[[-75.44784238668174,6.387329497631962],[-75.44178201009063,6.386502321438405],[-75.44110731405038,6.387604383432019]]}},{"type":"Feature","properties":{"RIO":0,"N_QUEBRADA":"RIO ABURRA - MEDELLIN"},"geometry":{"type":"LineString","coordinates":[[-75.4525737757787,6.3840714155405776],[-75.45233146598095,6.385899660808167],[-75.44965925858708,6.386734904152939]]}},{"type":"Feature","properties":{"RIO":0,"N_QUEBRADA":"QUEBRADA LA CALABACERA"},"geometry":{"type":"LineString","coordinates":[[-75.60630355225298,6.197687323169033],[-75.60263196438696,6.196553691222679],[-75.60122986129302,6.195139431860856]]}},{"type":"Feature","properties":{"RIO":0,"N_QUEBRADA":"QUEBRADA LA JABALCONA"},"geometry":{"type":"LineString","coordinates":[[-75.60524404718083,6.192044361702919],[-75.60386771960182,6.192074922824769],[-75.60268711746014,6.190807447593448]]}},{"type":"Feature","properties":{"RIO":0,"N_QUEBRADA":"QUEBRADA MANDALAY"},"geometry":{"type":"LineString","coordinates":[[-75.63757263895769,6.08077081621108],[-75.63454887888093,6.083115942971261],[-75.63203029389886,6.0834350675321955]]}},{"type":"Feature","properties":{"RIO":0,"N_QUEBRADA":"QUEBRADA LA PIEDRAHITA"},"geometry":{"type":"LineString","coordinates":[[-75.64841806374581,6.0668677498197825],[-75.6465854253945,6.065965541079795],[-75.64515990856883,6.066806886240229]]}},{"type":"Feature","properties":{"RIO":0,"N_QUEBRADA":"QUEBRADA EL ZARZO"},"geometry":{"type":"LineString","coordinates":[[-75.62826021602967,6.067261787309632],[-75.63003865227728,6.066851573599985],[-75.63172827408201,6.067742250913421]]}},{"type":"Feature","properties":{"RIO":0,"N_QUEBRADA":"QUEBRADA EL PEÑOL"},"geometry":{"type":"LineString","coordinates":[[-75.59521699484225,6.096176712277451],[-75.60197548525237,6.094304513902673],[-75.60364838588107,6.095713929855546]]}},{"type":"Feature","properties":{"RIO":0,"N_QUEBRADA":"QUEBRADA LA PULGARINA 1"},"geometry":{"type":"LineString","coordinates":[[-75.54254411875003,6.223795768051117],[-75.54264844109076,6.225832729725335],[-75.5417254908323,6.2271704797593666]]}},{"type":"Feature","properties":{"RIO":0,"N_QUEBRADA":"QUEBRADA LOS CAUNCES 1"},"geometry":{"type":"LineString","coordinates":[[-75.54507060045768,6.219423982770385],[-75.54580534869504,6.222751759112666],[-75.54446946750507,6.225957246139231]]}},{"type":"Feature","properties":{"RIO":0,"N_QUEBRADA":"QUEBRADA LA ESPADERA"},"geometry":{"type":"LineString","coordinates":[[-75.5100794286018,6.197400204697695],[-75.51038105443469,6.1987899183833886],[-75.51137137534313,6.199569735585338]]}},{"type":"Feature","properties":{"RIO":0,"N_QUEBRADA":"ESCORRENTIA LA LOQUITA"},"geometry":{"type":"LineString","coordinates":[[-75.53475036462177,6.247117655987205],[-75.53460732281046,6.245744712343758],[-75.53553302289181,6.245021444637988]]}},{"type":"Feature","properties":{"RIO":0,"N_QUEBRADA":"QUEBRADA LA CASTRO"},"geometry":{"type":"LineString","coordinates":[[-75.53540683192918,6.2365113883796965],[-75.5362807745866,6.234497955103606],[-75.53833227972068,6.232639665717768]]}},{"type":"Feature","properties":{"RIO":0,"N_QUEBRADA":"QUEBRADA EL GUAMO"},"geometry":{"type":"LineString","coordinates":[[-75.50511470671451,6.238032574783836],[-75.50674787863882,6.237595360691867],[-75.50770811055988,6.238066345616341]]}},{"type":"Feature","properties":{"RIO":0,"N_QUEBRADA":"QUEBRADA ESCOPETERIA"},"geometry":{"type":"LineString","coordinates":[[-75.55657570637584,6.195754782998375],[-75.55876616559256,6.19689463160015],[-75.55986566307601,6.1990598111108115]]}},{"type":"Feature","properties":{"RIO":0,"N_QUEBRADA":"QUEBRADA LA ESPADERA 1"},"geometry":{"type":"LineString","coordinates":[[-75.51552271409035,6.197164558749402],[-75.51562924867929,6.200404184765366],[-75.51682905122794,6.202815268145549]]}},{"type":"Feature","properties":{"RIO":0,"N_QUEBRADA":"QUEBRADA LA TABLACITA"},"geometry":{"type":"LineString","coordinates":[[-75.61135214036928,6.110583479145626],[-75.61215573089852,6.109941558060931],[-75.61176476691914,6.109197004712542]]}},{"type":"Feature","properties":{"RIO":0,"N_QUEBRADA":"QUEBRADA LA ROMERA"},"geometry":{"type":"LineString","coordinates":[[-75.61127949540467,6.097908868263872],[-75.61264365128329,6.096899409594426],[-75.61436194864919,6.098246200163118]]}},{"type":"Feature","properties":{"RIO":0,"N_QUEBRADA":"QUEBRADA LA CHUSCALA"},"geometry":{"type":"LineString","coordinates":[[-75.63629433107671,6.084951422998864],[-75.6343707279291,6.085058916589362],[-75.63273652461183,6.0866816555000005]]}},{"type":"Feature","properties":{"RIO":0,"N_QUEBRADA":"QUEBRADA LA GORRIONA"},"geometry":{"type":"LineString","coordinates":[[-75.61364240172091,6.101739522428592],[-75.61514550019982,6.102611399804787],[-75.61653192496823,6.101913662930324]]}},{"type":"Feature","properties":{"RIO":0,"N_QUEBRADA":"QUEBRADA LA LEJIA"},"geometry":{"type":"LineString","coordinates":[[-75.64110284479221,6.064669862761348],[-75.64040723884686,6.065705788166432],[-75.63921362565173,6.065959899930921]]}},{"type":"Feature","properties":{"RIO":0,"N_QUEBRADA":"QUEBRADA LA SALADA"},"geometry":{"type":"LineString","coordinates":[[-75.62873709540087,6.04974795538527],[-75.62908611858605,6.050373567213975],[-75.62831255884691,6.0513941673332186]]}},{"type":"Feature","properties":{"RIO":0,"N_QUEBRADA":"QUEBRADA LA SALADA"},"geometry":{"type":"LineString","coordinates":[[-75.63008107910503,6.038417687995934],[-75.63050976744455,6.042128666294133],[-75.62939569600782,6.044520534415479]]}},{"type":"Feature","properties":{"RIO":0,"N_QUEBRADA":"QUEBRADA LA MIEL"},"geometry":{"type":"LineString","coordinates":[[-75.60486675739206,6.080256643744107],[-75.60502570858465,6.081166880116758],[-75.60623182484322,6.081607711107024]]}},{"type":"Feature","properties":{"RIO":0,"N_QUEBRADA":"QUEBRADA LA MIEL"},"geometry":{"type":"LineString","coordinates":[[-75.59144550878565,6.069542241043565],[-75.59355559757812,6.069916599729769],[-75.59422410414248,6.070753009317715]]}},{"type":"Feature","properties":{"RIO":0,"N_QUEBRADA":"QUEBRADA LA AHUMADA"},"geometry":{"type":"LineString","coordinates":[[-75.59110276636446,6.090885184432108],[-75.59222350924887,6.091239737996104],[-75.59334842585491,6.090202112836262]]}},{"type":"Feature","properties":{"RIO":0,"N_QUEBRADA":"QUEBRADA LA CORRALITA"},"geometry":{"type":"LineString","coordinates":[[-75.62163189212913,6.091004946035125],[-75.62270426678171,6.090791812583827],[-75.62303265259688,6.091395723757526]]}},{"type":"Feature","properties":{"RIO":0,"N_QUEBRADA":"QUEBRADA LA BRUNERA"},"geometry":{"type":"LineString","coordinates":[[-75.62633902786753,6.058567340913332],[-75.62666074156117,6.057402518286425],[-75.6272515702638,6.0575282697173884]]}},{"type":"Feature","properties":{"RIO":0,"N_QUEBRADA":"QUEBRADA LA BRUNERA"},"geometry":{"type":"LineString","coordinates":[[-75.60531027918215,6.062812113358294],[-75.60682760397233,6.062575515226879],[-75.60761136407042,6.063206051693214]]}},{"type":"Feature","properties":{"RIO":0,"N_QUEBRADA":"QUEBRADA LA CLARA"},"geometry":{"type":"LineString","coordinates":[[-75.60606246494461,6.043944922850651],[-75.60723182082089,6.043980388593081],[-75.61027132237541,6.046055511973106]]}},{"type":"Feature","properties":{"RIO":0,"N_QUEBRADA":"RIO ABURRA - MEDELLIN"},"geometry":{"type":"LineString","coordinates":[[-75.63376888292942,6.090582353997753],[-75.63426673755235,6.091341212017165],[-75.63328233432243,6.092501471904926]]}},{"type":"Feature","properties":{"RIO":0,"N_QUEBRADA":"RIO ABURRA - MEDELLIN"},"geometry":{"type":"LineString","coordinates":[[-75.63102149264532,6.063931984673407],[-75.63213005993188,6.064401679027618],[-75.63217709347866,6.065455899296658]]}},{"type":"Feature","properties":{"RIO":0,"N_QUEBRADA":"QUEBRADA SAN JACINTO"},"geometry":{"type":"LineString","coordinates":[[-75.28212567892294,6.520584717323647],[-75.27852121533604,6.520467316100334],[-75.27607727824939,6.519479841327022]]}},{"type":"Feature","properties":{"RIO":0,"N_QUEBRADA":"QUEBRADA LA FRONTERA"},"geometry":{"type":"LineString","coordinates":[[-75.54873811792491,6.303889659604254],[-75.55214683346341,6.306211314267658],[-75.55261145652368,6.307487133700245]]}},{"type":"Feature","properties":{"RIO":0,"N_QUEBRADA":"QUEBRADA SECA"},"geometry":{"type":"LineString","coordinates":[[-75.55261145652368,6.307487133700245],[-75.55500869236806,6.308164387552244],[-75.55726166989547,6.309981199054485]]}},{"type":"Feature","properties":{"RIO":0,"N_QUEBRADA":"QUEBRADA SECA 1"},"geometry":{"type":"LineString","coordinates":[[-75.5332761866961,6.291272667284737],[-75.53525729900821,6.2918357627871435],[-75.5364575371902,6.2940484414867335]]}},{"type":"Feature","properties":{"RIO":0,"N_QUEBRADA":"QUEBRADA LA AZUCENA"},"geometry":{"type":"LineString","coordinates":[[-75.50163286883277,6.206919243331964],[-75.50097084932716,6.208644154097407],[-75.49921548952072,6.210213970075425]]}},{"type":"Feature","properties":{"RIO":0,"N_QUEBRADA":"QUEBRADA LA FLORECITA"},"geometry":{"type":"LineString","coordinates":[[-75.59457936275051,6.370526808988544],[-75.59387179980519,6.369120699645961],[-75.59433911322495,6.368743203373526]]}},{"type":"Feature","properties":{"RIO":0,"N_QUEBRADA":"CAÑO FILO SECO"},"geometry":{"type":"LineString","coordinates":[[-75.62834215904464,6.224667969283858],[-75.62845305084771,6.223256201809602],[-75.62722399721746,6.222818579465525]]}},{"type":"Feature","properties":{"RIO":0,"N_QUEBRADA":"CAÑO MANYANET"},"geometry":{"type":"LineString","coordinates":[[-75.61387015693028,6.216097633729486],[-75.61331822687944,6.218183086986681],[-75.61105345914635,6.219732235405063]]}},{"type":"Feature","properties":{"RIO":0,"N_QUEBRADA":"QUEBRADA LA AVICOLA"},"geometry":{"type":"LineString","coordinates":[[-75.49209973048772,6.215727389703199],[-75.49400988323534,6.212285604578101],[-75.49638155642086,6.210877721164131]]}},{"type":"Feature","properties":{"RIO":0,"N_QUEBRADA":"QUEBRADA VICENZA"},"geometry":{"type":"LineString","coordinates":[[-75.54374126494008,6.192937313749555],[-75.54574447616677,6.192290747007518],[-75.54681208714284,6.192641934519141]]}},{"type":"Feature","properties":{"RIO":0,"N_QUEBRADA":"CAÑO ALIADAS"},"geometry":{"type":"LineString","coordinates":[[-75.60939837007693,6.224030218414074],[-75.60870711601466,6.222370436731893],[-75.60804185415768,6.222382733440454]]}},{"type":"Feature","properties":{"RIO":0,"N_QUEBRADA":"QUEBRADA EL PELON"},"geometry":{"type":"LineString","coordinates":[[-75.61653844178817,6.210352631081175],[-75.61439079907862,6.208307728364024],[-75.61413707894431,6.206226916170272]]}},{"type":"Feature","properties":{"RIO":0,"N_QUEBRADA":"CAÑO EL RINCON"},"geometry":{"type":"LineString","coordinates":[[-75.60539093234402,6.208378869243599],[-75.60329252946748,6.210314007340576],[-75.59971678281656,6.210683111117978]]}},{"type":"Feature","properties":{"RIO":0,"N_QUEBRADA":"CAÑO SANIN"},"geometry":{"type":"LineString","coordinates":[[-75.60089589552078,6.205456601303827],[-75.60033198530918,6.206965982792432],[-75.60140762635342,6.209557255989119]]}},{"type":"Feature","properties":{"RIO":0,"N_QUEBRADA":"CAÑO MALLORCA"},"geometry":{"type":"LineString","coordinates":[[-75.59165444484209,6.2088728638149995],[-75.59031476942657,6.210409846800385],[-75.5884518548492,6.209157992996802]]}},{"type":"Feature","properties":{"RIO":0,"N_QUEBRADA":"QUEBRADA LA AGUADA"},"geometry":{"type":"LineString","coordinates":[[-75.62927418660392,6.240605560477736],[-75.62664419419536,6.238771773145396],[-75.62563181628495,6.235041915640786]]}},{"type":"Feature","properties":{"RIO":0,"N_QUEBRADA":"QUEBRADA BUENAVISTA"},"geometry":{"type":"LineString","coordinates":[[-75.59774481946883,6.299866789256109],[-75.59836758566698,6.297756594194912],[-75.59741645129924,6.296001672320556]]}},{"type":"Feature","properties":{"RIO":0,"N_QUEBRADA":"CAÑO PANORAMA"},"geometry":{"type":"LineString","coordinates":[[-75.59868482110205,6.220003399029549],[-75.59285509567198,6.217785379029734],[-75.59317539975093,6.216323584697998]]}},{"type":"Feature","properties":{"RIO":0,"N_QUEBRADA":"QUEBRADA LA PEÑA"},"geometry":{"type":"LineString","coordinates":[[-75.63940371717884,6.211521307549362],[-75.63686101543924,6.213181921267436],[-75.63669833269847,6.214315136779324]]}},{"type":"Feature","properties":{"RIO":0,"N_QUEBRADA":"QUEBRADA LOS PINOS"},"geometry":{"type":"LineString","coordinates":[[-75.63394776644378,6.209963636946032],[-75.63470564030457,6.212184207358453],[-75.63402512921758,6.215343299279598]]}},{"type":"Feature","properties":{"RIO":0,"N_QUEBRADA":"QUEBRADA LA BUGA"},"geometry":{"type":"LineString","coordinates":[[-75.6528232763003,6.218810253791435],[-75.65085977745242,6.220294814027733],[-75.64828414883547,6.2207956369817525]]}},{"type":"Feature","properties":{"RIO":0,"N_QUEBRADA":"QUEBRADA LOS NARANJOS"},"geometry":{"type":"LineString","coordinates":[[-75.65139025134309,6.223367363617479],[-75.65043778388274,6.222770093195424],[-75.64911853726086,6.223042211264571]]}},{"type":"Feature","properties":{"RIO":0,"N_QUEBRADA":"QUEBRADA SANTA RITA"},"geometry":{"type":"LineString","coordinates":[[-75.60406687803193,6.229336237426651],[-75.60019428971462,6.229444781403993],[-75.59902476804776,6.228530069028961]]}},{"type":"Feature","properties":{"RIO":0,"N_QUEBRADA":"QUEBRADA CAZA DIANA"},"geometry":{"type":"LineString","coordinates":[[-75.60471735757208,6.216553348624862],[-75.60327902381962,6.216530888267263],[-75.60201260357269,6.214536918519941]]}},{"type":"Feature","properties":{"RIO":0,"N_QUEBRADA":"QUEBRADA ALTAVISTA"},"geometry":{"type":"LineString","coordinates":[[-75.62445907900286,6.223188941719963],[-75.62295595477191,6.223379630637279],[-75.62037787896944,6.222192224000116]]}},{"type":"Feature","properties":{"RIO":0,"N_QUEBRADA":"QUEBRADA LA GUACHARACA"},"geometry":{"type":"LineString","coordinates":[[-75.62858844770284,6.211143875916048],[-75.62840037968677,6.213294465138665],[-75.62717217179285,6.215546159939944]]}},{"type":"Feature","properties":{"RIO":0,"N_QUEBRADA":"QUEBRADA ALTAVISTA"},"geometry":{"type":"LineString","coordinates":[[-75.62581356105422,6.222612012411792],[-75.62456303373163,6.222468179000076],[-75.62445907900286,6.223188941719963]]}},{"type":"Feature","properties":{"RIO":0,"N_QUEBRADA":"QUEBRADA LA PICACHA"},"geometry":{"type":"LineString","coordinates":[[-75.62939215351479,6.234014704878901],[-75.62873889298955,6.233724444627035],[-75.62761716492703,6.234876488330992]]}},{"type":"Feature","properties":{"RIO":0,"N_QUEBRADA":"QUEBRADA LA CAPILLITA"},"geometry":{"type":"LineString","coordinates":[[-75.60627846233992,6.1985536245560615],[-75.60693996497238,6.199270440944702],[-75.6062310858977,6.201401258723976]]}},{"type":"Feature","properties":{"RIO":0,"N_QUEBRADA":"QUEBRADA EL CACHO"},"geometry":{"type":"LineString","coordinates":[[-75.61065225784296,6.210977322423496],[-75.60963567226938,6.211683479897076],[-75.60995166415047,6.213045177873438]]}},{"type":"Feature","properties":{"RIO":0,"N_QUEBRADA":"QUEBRADA CAZA DIANA"},"geometry":{"type":"LineString","coordinates":[[-75.60201260357269,6.214536918519941],[-75.60057165270915,6.214551011771751],[-75.59982850246128,6.215487132117303]]}},{"type":"Feature","properties":{"RIO":0,"N_QUEBRADA":"QUEBRADA CHORRO OSCURO 1"},"geometry":{"type":"LineString","coordinates":[[-75.53797078815406,6.282556137058992],[-75.53935412521938,6.284901224284633],[-75.54134166901603,6.286063035961482]]}},{"type":"Feature","properties":{"RIO":0,"N_QUEBRADA":"QUEBRADA EL YARUMO"},"geometry":{"type":"LineString","coordinates":[[-75.49265983468531,6.216984138904367],[-75.49501521332819,6.215987495593747],[-75.50024952117117,6.218298080209869]]}},{"type":"Feature","properties":{"RIO":0,"N_QUEBRADA":"QUEBRADA LA AGUADA"},"geometry":{"type":"LineString","coordinates":[[-75.51275558389817,6.222197260573404],[-75.51568346705206,6.226491018521571],[-75.51555580351774,6.227189071054621]]}},{"type":"Feature","properties":{"RIO":0,"N_QUEBRADA":"QUEBRADA CHORRO HONDO 1"},"geometry":{"type":"LineString","coordinates":[[-75.53442662361347,6.252625139769944],[-75.53638990979695,6.252792652263639],[-75.53721921371447,6.251939576090035]]}},{"type":"Feature","properties":{"RIO":0,"N_QUEBRADA":"QUEBRADA LA PLANTA"},"geometry":{"type":"LineString","coordinates":[[-75.54127229104756,6.245190308837186],[-75.54672980205693,6.241948549079342],[-75.54756764617512,6.242453302889223]]}},{"type":"Feature","properties":{"RIO":0,"N_QUEBRADA":"QUEBRADA LA PRESIDENTA"},"geometry":{"type":"LineString","coordinates":[[-75.54646492807186,6.206348294067877],[-75.54976198496242,6.206387102717112],[-75.55395320503615,6.207645647864766]]}},{"type":"Feature","properties":{"RIO":0,"N_QUEBRADA":"QUEBRADA LOS PINOS"},"geometry":{"type":"LineString","coordinates":[[-75.49675657575004,6.192930070191919],[-75.49360498608817,6.192065966510551],[-75.49260002322126,6.192510382418225]]}},{"type":"Feature","properties":{"RIO":0,"N_QUEBRADA":"QUEBRADA CAREVIEJA 1"},"geometry":{"type":"LineString","coordinates":[[-75.53910836932712,6.2879872889100215],[-75.54054348987117,6.288220896248977],[-75.54164241668272,6.28933201504119]]}},{"type":"Feature","properties":{"RIO":0,"N_QUEBRADA":"QUEBRADA LA PALENCIA"},"geometry":{"type":"LineString","coordinates":[[-75.56042887658852,6.242780955345682],[-75.56031713452704,6.243921643853291],[-75.56571220089988,6.249518910676295]]}},{"type":"Feature","properties":{"RIO":0,"N_QUEBRADA":"QUEBRADA LA PIÑUELA"},"geometry":{"type":"LineString","coordinates":[[-75.55688367651594,6.2825098675463265],[-75.55989741276963,6.280699495109779],[-75.56110458630408,6.27816740391969]]}},{"type":"Feature","properties":{"RIO":0,"N_QUEBRADA":"QUEBRADA SANTA BARBARA"},"geometry":{"type":"LineString","coordinates":[[-75.50661848854485,6.227198960150768],[-75.50823726224512,6.227631103057728],[-75.50910756803206,6.226775462012425]]}},{"type":"Feature","properties":{"RIO":0,"N_QUEBRADA":"QUEBRADA LA MARUCHA"},"geometry":{"type":"LineString","coordinates":[[-75.50105628469326,6.230985461518368],[-75.50136471443312,6.229820329382955],[-75.5001116662492,6.2274852896723765]]}},{"type":"Feature","properties":{"RIO":0,"N_QUEBRADA":"QUEBRADA LA MARUCHA"},"geometry":{"type":"LineString","coordinates":[[-75.55377341008077,6.192758104661137],[-75.55626506389592,6.194756413411081],[-75.55657570637584,6.195754782998375]]}},{"type":"Feature","properties":{"RIO":0,"N_QUEBRADA":"QUEBRADA EL GUAMO"},"geometry":{"type":"LineString","coordinates":[[-75.50770811055988,6.238066345616341],[-75.51069437626523,6.239685050780701],[-75.51438815621918,6.239764977897707]]}},{"type":"Feature","properties":{"RIO":0,"N_QUEBRADA":"QUEBRADA CANTARRANA"},"geometry":{"type":"LineString","coordinates":[[-75.51753304190643,6.236325756932472],[-75.52089064590672,6.235094615494735],[-75.52206804702024,6.233761399455683]]}},{"type":"Feature","properties":{"RIO":0,"N_QUEBRADA":"QUEBRADA LA PALENCIA 4"},"geometry":{"type":"LineString","coordinates":[[-75.56127411400689,6.234619992039113],[-75.56168028900045,6.236024934902601],[-75.56066754672003,6.237240899357866]]}},{"type":"Feature","properties":{"RIO":0,"N_QUEBRADA":"QUEBRADA YERBABUENA"},"geometry":{"type":"LineString","coordinates":[[-75.55184943598606,6.220685814428311],[-75.55475017753906,6.219933290742535],[-75.55560977462487,6.218206609939249]]}},{"type":"Feature","properties":{"RIO":0,"N_QUEBRADA":"QUEBRADA EL ZANCUDO"},"geometry":{"type":"LineString","coordinates":[[-75.53497846263646,6.284025999982881],[-75.53769099128489,6.285953322221746],[-75.53985244104449,6.285879385146954]]}},{"type":"Feature","properties":{"RIO":0,"N_QUEBRADA":"QUEBRADA LA LOCA"},"geometry":{"type":"LineString","coordinates":[[-75.53022615843618,6.260136864196724],[-75.53205851163024,6.259050067684996],[-75.53337323335629,6.259122732130896]]}},{"type":"Feature","properties":{"RIO":0,"N_QUEBRADA":"QUEBRADA LA LOCA"},"geometry":{"type":"LineString","coordinates":[[-75.54236269675222,6.2574060799148015],[-75.54548133438377,6.257710204815984],[-75.5471325346583,6.256279518353634]]}},{"type":"Feature","properties":{"RIO":0,"N_QUEBRADA":"QUEBRADA LA CASTRO 2"},"geometry":{"type":"LineString","coordinates":[[-75.52533740949859,6.244536143181755],[-75.52621464374398,6.243564352866308],[-75.52804589877006,6.243337267328693]]}},{"type":"Feature","properties":{"RIO":0,"N_QUEBRADA":"CAÑADA DEL CURA"},"geometry":{"type":"LineString","coordinates":[[-75.52321259759773,6.248626427533989],[-75.52566169652528,6.248788174025275],[-75.52653432628823,6.248003852374067]]}},{"type":"Feature","properties":{"RIO":0,"N_QUEBRADA":"QUEBRADA LA CASTRO 2"},"geometry":{"type":"LineString","coordinates":[[-75.52165781714552,6.247578991098603],[-75.52261725846047,6.247852246108009],[-75.52330417804743,6.247132289074093]]}},{"type":"Feature","properties":{"RIO":0,"N_QUEBRADA":"QUEBRADA EL CHIQUERO"},"geometry":{"type":"LineString","coordinates":[[-75.50576779247724,6.232838962421308],[-75.50880122825335,6.230334764794972],[-75.51061336030185,6.227114178826267]]}},{"type":"Feature","properties":{"RIO":0,"N_QUEBRADA":"QUEBRADA SANTA ELENA"},"geometry":{"type":"LineString","coordinates":[[-75.51061336030185,6.227114178826267],[-75.51370484081603,6.225940162011256],[-75.51555580351774,6.227189071054621]]}},{"type":"Feature","properties":{"RIO":0,"N_QUEBRADA":"QUEBRADA LOS CAUNCES 1"},"geometry":{"type":"LineString","coordinates":[[-75.54446946750507,6.225957246139231],[-75.54399969142337,6.228494093017168],[-75.54231166593905,6.229605130148434]]}},{"type":"Feature","properties":{"RIO":0,"N_QUEBRADA":"QUEBRADA LA SECA"},"geometry":{"type":"LineString","coordinates":[[-75.52635659536352,6.221962510412813],[-75.52641408047934,6.2251045423034235],[-75.52729721057194,6.22597014996406]]}},{"type":"Feature","properties":{"RIO":0,"N_QUEBRADA":"QUEBRADA SANTA ELENA"},"geometry":{"type":"LineString","coordinates":[[-75.50266070914776,6.221022433962485],[-75.50332354590711,6.221641597031722],[-75.50371710870058,6.221176035901519]]}},{"type":"Feature","properties":{"RIO":0,"N_QUEBRADA":"QUEBRADA LA VOLCANA"},"geometry":{"type":"LineString","coordinates":[[-75.54083210337811,6.186833836810612],[-75.54663335963437,6.188365850084981],[-75.54803642713824,6.187564257734947]]}},{"type":"Feature","properties":{"RIO":0,"N_QUEBRADA":"QUEBRADA LA MARUCHA"},"geometry":{"type":"LineString","coordinates":[[-75.54604332511734,6.190636693024136],[-75.54705156824309,6.190190750407655],[-75.55036551613306,6.190961342827563]]}},{"type":"Feature","properties":{"RIO":0,"N_QUEBRADA":"QUEBRADA LA PRESIDENTA"},"geometry":{"type":"LineString","coordinates":[[-75.57129938516302,6.207667635734527],[-75.57495677521021,6.208021967514556],[-75.57603210091172,6.212788013865607]]}},{"type":"Feature","properties":{"RIO":0,"N_QUEBRADA":"QUEBRADA LA PLANTA"},"geometry":{"type":"LineString","coordinates":[[-75.53840119406692,6.248213182253162],[-75.54109808451686,6.246099783373263],[-75.54127229104756,6.245190308837186]]}},{"type":"Feature","properties":{"RIO":0,"N_QUEBRADA":"QUEBRADA LA MATEA"},"geometry":{"type":"LineString","coordinates":[[-75.59250945978792,6.242154079376415],[-75.59027909094041,6.239806814368065],[-75.58619211584602,6.239838927543216]]}},{"type":"Feature","properties":{"RIO":0,"N_QUEBRADA":"QUEBRADA LA SABANETICA"},"geometry":{"type":"LineString","coordinates":[[-75.62282135871621,6.150527653069875],[-75.62233368074907,6.151945411388867],[-75.62052782943434,6.153244595175153]]}},{"type":"Feature","properties":{"RIO":0,"N_QUEBRADA":"QUEBRADA MINITAS"},"geometry":{"type":"LineString","coordinates":[[-75.61589244227079,6.353452323691573],[-75.61477535914823,6.354461656291518],[-75.61317897511385,6.353294519131733]]}},{"type":"Feature","properties":{"RIO":0,"N_QUEBRADA":"QUEBRADA LA LOPEZ"},"geometry":{"type":"LineString","coordinates":[[-75.33473938607271,6.436664817530557],[-75.33626591112174,6.437079389874853],[-75.33733577285011,6.438947919724988]]}},{"type":"Feature","properties":{"RIO":0,"N_QUEBRADA":"QUEBRADA EL GUSANO"},"geometry":{"type":"LineString","coordinates":[[-75.60003396020882,6.131616169850537],[-75.60245738094261,6.131703638711643],[-75.60343524733295,6.132508629245028]]}},{"type":"Feature","properties":{"RIO":0,"N_QUEBRADA":"QUEBRADA LA SABANETICA"},"geometry":{"type":"LineString","coordinates":[[-75.61985756623602,6.140200579859345],[-75.62082353415043,6.142850532358941],[-75.62024940566538,6.144253549961411]]}},{"type":"Feature","properties":{"RIO":0,"N_QUEBRADA":"QUEBRADA DOÑA ANA"},"geometry":{"type":"LineString","coordinates":[[-75.60754439155403,6.138218166127861],[-75.6081121628152,6.139091033152992],[-75.60916261202846,6.1389705081862385]]}},{"type":"Feature","properties":{"RIO":0,"N_QUEBRADA":"QUEBRADA LA SABANETICA"},"geometry":{"type":"LineString","coordinates":[[-75.62024940566538,6.144253549961411],[-75.62078492614756,6.14603363332772],[-75.62207810683722,6.1466580070914025]]}},{"type":"Feature","properties":{"RIO":0,"N_QUEBRADA":"QUEBRADA LA CORAZONA"},"geometry":{"type":"LineString","coordinates":[[-75.67034546998407,6.147349505597443],[-75.66684468425714,6.146609059679758],[-75.66407554241023,6.147498933660429]]}},{"type":"Feature","properties":{"RIO":0,"N_QUEBRADA":"QUEBRADA LA GRANDE"},"geometry":{"type":"LineString","coordinates":[[-75.66360914286294,6.143113358620027],[-75.66081265493217,6.144250140446978],[-75.65872911405543,6.147501045663927]]}},{"type":"Feature","properties":{"RIO":0,"N_QUEBRADA":"QUEBRADA LAS ANIMAS"},"geometry":{"type":"LineString","coordinates":[[-75.66309634055254,6.133203287711439],[-75.66039206342249,6.135396886592703],[-75.66108320971803,6.136782647842379]]}},{"type":"Feature","properties":{"RIO":0,"N_QUEBRADA":"QUEBRADA LAS ANIMAS"},"geometry":{"type":"LineString","coordinates":[[-75.65678507497222,6.145244979373191],[-75.65620362043445,6.147325575941278],[-75.65669882000815,6.148508140438402]]}},{"type":"Feature","properties":{"RIO":0,"N_QUEBRADA":"QUEBRADA PIEDRAS BLANCAS"},"geometry":{"type":"LineString","coordinates":[[-75.50908672027721,6.340739846458652],[-75.51074027733564,6.344107369226415],[-75.51030398645185,6.348457708150407]]}},{"type":"Feature","properties":{"RIO":0,"N_QUEBRADA":"QUEBRADA LA MINA"},"geometry":{"type":"LineString","coordinates":[[-75.49386318577092,6.298428376741469],[-75.49748519949009,6.300021388138841],[-75.49980225182529,6.302432177957738]]}},{"type":"Feature","properties":{"RIO":0,"N_QUEBRADA":"QUEBRADA LA JUSTINA"},"geometry":{"type":"LineString","coordinates":[[-75.48505328659665,6.312808905172588],[-75.48584623627397,6.314508435150351],[-75.48674787017087,6.314632289750418]]}},{"type":"Feature","properties":{"RIO":0,"N_QUEBRADA":"QUEBRADA EL MOLINO"},"geometry":{"type":"LineString","coordinates":[[-75.47883246830506,6.246811898237028],[-75.47941579416734,6.246894131908204],[-75.47953101215369,6.247932083992143]]}},{"type":"Feature","properties":{"RIO":0,"N_QUEBRADA":"QUEBRADA EL ROSARIO"},"geometry":{"type":"LineString","coordinates":[[-75.49455703880905,6.2694829548081445],[-75.49544988744661,6.269303992372836],[-75.4966569197286,6.270885400125047]]}},{"type":"Feature","properties":{"RIO":0,"N_QUEBRADA":"QUEBRADA PIEDRAS BLANCAS"},"geometry":{"type":"LineString","coordinates":[[-75.49802236423808,6.264454731385824],[-75.49867024069354,6.266635774118033],[-75.49835352261319,6.268278233825355]]}},{"type":"Feature","properties":{"RIO":0,"N_QUEBRADA":"QUEBRADA CHORRILLOS"},"geometry":{"type":"LineString","coordinates":[[-75.5141699431223,6.286912927885423],[-75.51380306631654,6.2889913810041245],[-75.51518673424124,6.290910470145267]]}},{"type":"Feature","properties":{"RIO":0,"N_QUEBRADA":"QUEBRADA DEL HIGUERON"},"geometry":{"type":"LineString","coordinates":[[-75.60020530802336,6.381554954645138],[-75.59750935822163,6.380838064710878],[-75.59530067372944,6.378043935949523]]}},{"type":"Feature","properties":{"RIO":0,"N_QUEBRADA":"QUEBRADA LA PORQUERA"},"geometry":{"type":"LineString","coordinates":[[-75.65772173245188,6.378925986258798],[-75.6557733429428,6.379929749638448],[-75.65364504521551,6.3792988423409245]]}},{"type":"Feature","properties":{"RIO":0,"N_QUEBRADA":"QUEBRADA LA PAJITA"},"geometry":{"type":"LineString","coordinates":[[-75.59331179547056,6.408021609243039],[-75.59260183085645,6.409775133321803],[-75.59363536947353,6.411081698439665]]}},{"type":"Feature","properties":{"RIO":0,"N_QUEBRADA":"QUEBRADA MONTAÑITA"},"geometry":{"type":"LineString","coordinates":[[-75.59086262143086,6.372630108874931],[-75.58812568399374,6.372867093931945],[-75.58704826303838,6.373773460707071]]}},{"type":"Feature","properties":{"RIO":0,"N_QUEBRADA":"QUEBRADA EL CLAVEL"},"geometry":{"type":"LineString","coordinates":[[-75.65550549072798,6.377707424119659],[-75.65189176224322,6.378335931287157],[-75.64971784721102,6.377816735417879]]}},{"type":"Feature","properties":{"RIO":0,"N_QUEBRADA":"QUEBRADA GARCIA ALTA"},"geometry":{"type":"LineString","coordinates":[[-75.65015027981288,6.352167277690615],[-75.64665352588175,6.351210801002747],[-75.64426312553121,6.353213303693601]]}},{"type":"Feature","properties":{"RIO":0,"N_QUEBRADA":"QUEBRADA LA AGUADA"},"geometry":{"type":"LineString","coordinates":[[-75.58809821296909,6.385129183999992],[-75.58950059588724,6.381709487023647],[-75.58862600388736,6.376625683742422]]}},{"type":"Feature","properties":{"RIO":0,"N_QUEBRADA":"QUEBRADA LA CHIQUITA"},"geometry":{"type":"LineString","coordinates":[[-75.57965611746167,6.386025853732381],[-75.57866506831503,6.384987285634738],[-75.57895077645139,6.383477375488259]]}},{"type":"Feature","properties":{"RIO":0,"N_QUEBRADA":"QUEBRADA EL ARENAL"},"geometry":{"type":"LineString","coordinates":[[-75.62490001819963,6.356995966887357],[-75.62270098737423,6.357305731605692],[-75.6211236754308,6.3553157942529985]]}},{"type":"Feature","properties":{"RIO":0,"N_QUEBRADA":"QUEBRADA LA GARCIA"},"geometry":{"type":"LineString","coordinates":[[-75.66066954939119,6.3755749035699045],[-75.66059674451338,6.374759789809592],[-75.65907221031895,6.37435088491843]]}},{"type":"Feature","properties":{"RIO":0,"N_QUEBRADA":"QUEBRADA LA CALLE"},"geometry":{"type":"LineString","coordinates":[[-75.5614373951314,6.372790022988983],[-75.56622325017494,6.3709745016036035],[-75.56682443837059,6.368684187995385]]}},{"type":"Feature","properties":{"RIO":0,"N_QUEBRADA":"QUEBRADA LA FLORECITA"},"geometry":{"type":"LineString","coordinates":[[-75.59433911322495,6.368743203373526],[-75.59404527586254,6.367937983128022],[-75.59171044429216,6.367526921096984]]}},{"type":"Feature","properties":{"RIO":0,"N_QUEBRADA":"QUEBRADA PIEDRA SENTADA"},"geometry":{"type":"LineString","coordinates":[[-75.58555822644439,6.355212157905421],[-75.58466357511784,6.353664325904075],[-75.58320435382676,6.353162872509241]]}},{"type":"Feature","properties":{"RIO":0,"N_QUEBRADA":"QUEBRADA LA FLORECITA"},"geometry":{"type":"LineString","coordinates":[[-75.58034829018783,6.363310283033683],[-75.57962864129438,6.36349920591599],[-75.57828468822676,6.3622851714634505]]}},{"type":"Feature","properties":{"RIO":0,"N_QUEBRADA":"QUEBRADA MINITAS"},"geometry":{"type":"LineString","coordinates":[[-75.61745255470497,6.353659908976037],[-75.61644230475744,6.353133405317996],[-75.61617707104665,6.353589383900642]]}},{"type":"Feature","properties":{"RIO":0,"N_QUEBRADA":"QUEBRADA LA CHIQUITA"},"geometry":{"type":"LineString","coordinates":[[-75.58084744802207,6.370651776017903],[-75.58096536010807,6.369595452921618],[-75.58018672457366,6.368863905620509]]}},{"type":"Feature","properties":{"RIO":0,"N_QUEBRADA":"CAÑO NARANJITO"},"geometry":{"type":"LineString","coordinates":[[-75.66198429606872,6.185257553575508],[-75.66036510712821,6.186688830897112],[-75.65834043630106,6.187019785483229]]}},{"type":"Feature","properties":{"RIO":0,"N_QUEBRADA":"QUEBRADA CABUYALA 1"},"geometry":{"type":"LineString","coordinates":[[-75.65575305334066,6.176473503403803],[-75.65359535420495,6.1771090290014445],[-75.65309197775164,6.17814318856854]]}},{"type":"Feature","properties":{"RIO":0,"N_QUEBRADA":"QUEBRADA MONTAÑITA"},"geometry":{"type":"LineString","coordinates":[[-75.59315926537309,6.372986785387829],[-75.59191431447012,6.372243900622675],[-75.59086262143086,6.372630108874931]]}},{"type":"Feature","properties":{"RIO":0,"N_QUEBRADA":"QUEBRADA LA CHIQUITA"},"geometry":{"type":"LineString","coordinates":[[-75.58137449452974,6.372896687027264],[-75.58078109049124,6.372560145193913],[-75.58123663576706,6.371208139884248]]}},{"type":"Feature","properties":{"RIO":0,"N_QUEBRADA":"QUEBRADA LA CHIQUITA"},"geometry":{"type":"LineString","coordinates":[[-75.57884922962464,6.367762849929816],[-75.57774081268757,6.366015432626348],[-75.57807098193761,6.365462834873809]]}},{"type":"Feature","properties":{"RIO":0,"N_QUEBRADA":"QUEBRADA LA AVELINA"},"geometry":{"type":"LineString","coordinates":[[-75.57418356202821,6.337720440613154],[-75.57300423499088,6.337384562335615],[-75.57238946601214,6.338162760862262]]}},{"type":"Feature","properties":{"RIO":0,"N_QUEBRADA":"QUEBRADA LA CHIQUITA"},"geometry":{"type":"LineString","coordinates":[[-75.5806459347956,6.3754400781713185],[-75.58048786093012,6.374313093796484],[-75.58137449452974,6.372896687027264]]}},{"type":"Feature","properties":{"RIO":0,"N_QUEBRADA":"QUEBRADA LA GARCIA"},"geometry":{"type":"LineString","coordinates":[[-75.61624223871146,6.363440059166823],[-75.61557111872774,6.362633613581605],[-75.61417293240069,6.362613129094136]]}},{"type":"Feature","properties":{"RIO":0,"N_QUEBRADA":"QUEBRADA EL SALADO"},"geometry":{"type":"LineString","coordinates":[[-75.42840497152459,6.3241985053141265],[-75.4288627190457,6.325772945413703],[-75.42794565663964,6.325652532034404]]}},{"type":"Feature","properties":{"RIO":0,"N_QUEBRADA":"QUEBRADA EL TABANO"},"geometry":{"type":"LineString","coordinates":[[-75.4495522356587,6.335396889296841],[-75.44926696112238,6.3394422301881015],[-75.45134130797834,6.343025036193844]]}},{"type":"Feature","properties":{"RIO":0,"N_QUEBRADA":"QUEBRADA LA ROSA"},"geometry":{"type":"LineString","coordinates":[[-75.43721036939183,6.354313270931501],[-75.43641520211239,6.357834608953944],[-75.43747334989516,6.360342567932632]]}},{"type":"Feature","properties":{"RIO":0,"N_QUEBRADA":"QUEBRADA LA LIMONA"},"geometry":{"type":"LineString","coordinates":[[-75.64369067166695,6.171478132077266],[-75.64325762500398,6.172222123765699],[-75.63789928283403,6.173864881284239]]}},{"type":"Feature","properties":{"RIO":0,"N_QUEBRADA":"QUEBRADA LA LIMONA"},"geometry":{"type":"LineString","coordinates":[[-75.65487586686069,6.171947593161101],[-75.65312846254359,6.171583332474649],[-75.6527503247702,6.1708289218665815]]}},{"type":"Feature","properties":{"RIO":0,"N_QUEBRADA":"QUEBRADA LA REVENTONA"},"geometry":{"type":"LineString","coordinates":[[-75.65620730862749,6.0992304528523045],[-75.6555714974324,6.097703590559115],[-75.65385223432303,6.096978653278071]]}},{"type":"Feature","properties":{"RIO":0,"N_QUEBRADA":"QUEBRADA EL SALTO"},"geometry":{"type":"LineString","coordinates":[[-75.43333259921792,6.353087856782937],[-75.43430808424097,6.354063072675499],[-75.43466477290748,6.356297119718826]]}},{"type":"Feature","properties":{"RIO":0,"N_QUEBRADA":"QUEBRADA LARGA"},"geometry":{"type":"LineString","coordinates":[[-75.68444031005559,6.210014054693642],[-75.68436537136522,6.210773241575528],[-75.68311324524541,6.211331156838068]]}},{"type":"Feature","properties":{"RIO":0,"N_QUEBRADA":"QUEBRADA BARRO AZUL"},"geometry":{"type":"LineString","coordinates":[[-75.66238874935988,6.18808810812655],[-75.66096296320008,6.1893139226688065],[-75.66022110098739,6.191942709452473]]}},{"type":"Feature","properties":{"RIO":0,"N_QUEBRADA":"QUEBRADA LA VERDE"},"geometry":{"type":"LineString","coordinates":[[-75.64173053910204,6.192221704203166],[-75.64233986146508,6.191423049817945],[-75.6418443830901,6.1894760045558135]]}},{"type":"Feature","properties":{"RIO":0,"N_QUEBRADA":"QUEBRADA CAJONES"},"geometry":{"type":"LineString","coordinates":[[-75.67586494430617,6.222906675185943],[-75.67721666673236,6.221659312803512],[-75.67886166762112,6.222024180195295]]}},{"type":"Feature","properties":{"RIO":0,"N_QUEBRADA":"QUEBRADA LA ZULIA 1"},"geometry":{"type":"LineString","coordinates":[[-75.63698349075597,6.197585429728753],[-75.63875559202162,6.196765319978338],[-75.63947202961535,6.195136643505156]]}},{"type":"Feature","properties":{"RIO":0,"N_QUEBRADA":"QUEBRADA EL BUEY"},"geometry":{"type":"LineString","coordinates":[[-75.64886338570412,6.184438329747442],[-75.64547896323502,6.185522417788131],[-75.64283489803094,6.187533804186673]]}},{"type":"Feature","properties":{"RIO":0,"N_QUEBRADA":"QUEBRADA LA FRISOLA"},"geometry":{"type":"LineString","coordinates":[[-75.69336815465948,6.267379979115145],[-75.69420920847928,6.265248127592958],[-75.69374305746754,6.264225628235179]]}},{"type":"Feature","properties":{"RIO":0,"N_QUEBRADA":"QUEBRADA DE LA LOMA"},"geometry":{"type":"LineString","coordinates":[[-75.68753319925865,6.214269177422491],[-75.68560367875303,6.213991321577811],[-75.68521552019877,6.213237463215495]]}},{"type":"Feature","properties":{"RIO":0,"N_QUEBRADA":"CAÑO PRADITO"},"geometry":{"type":"LineString","coordinates":[[-75.64903698943876,6.18679883422522],[-75.64700056270523,6.188442076673597],[-75.64681185581122,6.1894200200772165]]}},{"type":"Feature","properties":{"RIO":0,"N_QUEBRADA":"QUEBRADA LA FRISOLA"},"geometry":{"type":"LineString","coordinates":[[-75.69141595801514,6.274352404220896],[-75.69092263311245,6.273067361797116],[-75.69155265688646,6.271793575782371]]}},{"type":"Feature","properties":{"RIO":0,"N_QUEBRADA":"QUEBRADA LA ASTILLERA 1"},"geometry":{"type":"LineString","coordinates":[[-75.68128146139227,6.273438684492828],[-75.68073973929367,6.272184321816708],[-75.68126601378259,6.270966047955943]]}},{"type":"Feature","properties":{"RIO":0,"N_QUEBRADA":"QUEBRADA LA ASTILLERA"},"geometry":{"type":"LineString","coordinates":[[-75.67882044037094,6.252186108500788],[-75.67888477672624,6.250957488825214],[-75.67963952959005,6.250859767525865]]}},{"type":"Feature","properties":{"RIO":0,"N_QUEBRADA":"QUEBRADA DOÑA MARIA"},"geometry":{"type":"LineString","coordinates":[[-75.6884388159364,6.2466996331726845],[-75.68836703857853,6.245896752690973],[-75.68760719897169,6.245831536488475]]}},{"type":"Feature","properties":{"RIO":0,"N_QUEBRADA":"QUEBRADA HONDA"},"geometry":{"type":"LineString","coordinates":[[-75.67009246792897,6.216079258325607],[-75.66986560128403,6.215258423368744],[-75.67084389524435,6.213785278280186]]}},{"type":"Feature","properties":{"RIO":0,"N_QUEBRADA":"QUEBRADA HONDA"},"geometry":{"type":"LineString","coordinates":[[-75.66850499315349,6.218204833419772],[-75.66859587019849,6.217336133846556],[-75.66923790800496,6.217232172460986]]}},{"type":"Feature","properties":{"RIO":0,"N_QUEBRADA":"QUEBRADA EL BARCINO"},"geometry":{"type":"LineString","coordinates":[[-75.65598627851007,6.225115392810571],[-75.6586131867719,6.2243788189685665],[-75.65928434692427,6.221896052262353]]}},{"type":"Feature","properties":{"RIO":0,"N_QUEBRADA":"QUEBRADA LARGA"},"geometry":{"type":"LineString","coordinates":[[-75.68650517088328,6.202111287932647],[-75.68534580526956,6.202590457801596],[-75.68553778933106,6.203356963040061]]}},{"type":"Feature","properties":{"RIO":0,"N_QUEBRADA":"QUEBRADA DOÑA MARIA"},"geometry":{"type":"LineString","coordinates":[[-75.67886166762112,6.222024180195295],[-75.67954542177645,6.222271233698407],[-75.67997795211332,6.221538724562725]]}},{"type":"Feature","properties":{"RIO":0,"N_QUEBRADA":"QUEBRADA DE LA LOMA"},"geometry":{"type":"LineString","coordinates":[[-75.69868924406056,6.211981299783639],[-75.69709379782661,6.211493513933984],[-75.69450862359612,6.212137591808783]]}},{"type":"Feature","properties":{"RIO":0,"N_QUEBRADA":"QUEBRADA LARGA"},"geometry":{"type":"LineString","coordinates":[[-75.67458495919038,6.211766163928724],[-75.67367259645947,6.2124380702558435],[-75.6726189553935,6.211858412940459]]}},{"type":"Feature","properties":{"RIO":0,"N_QUEBRADA":"QUEBRADA LARGA"},"geometry":{"type":"LineString","coordinates":[[-75.67557283768585,6.211385427955625],[-75.67503163639026,6.212089855787298],[-75.67458495919038,6.211766163928724]]}},{"type":"Feature","properties":{"RIO":0,"N_QUEBRADA":"QUEBRADA EL HATO"},"geometry":{"type":"LineString","coordinates":[[-75.60364950255769,6.333041736794577],[-75.60348501178767,6.331842636121458],[-75.60236090501336,6.331573462355904]]}},{"type":"Feature","properties":{"RIO":0,"N_QUEBRADA":"QUEBRADA LA VERDE"},"geometry":{"type":"LineString","coordinates":[[-75.64088550450053,6.203536291653661],[-75.64194435302669,6.202474866107821],[-75.64190672299722,6.201258187002573]]}},{"type":"Feature","properties":{"RIO":0,"N_QUEBRADA":"QUEBRADA LA VERDE"},"geometry":{"type":"LineString","coordinates":[[-75.6418443830901,6.1894760045558135],[-75.64165526485296,6.187919113029484],[-75.64241417889514,6.187160188872922]]}},{"type":"Feature","properties":{"RIO":0,"N_QUEBRADA":"QUEBRADA LA ISABELA"},"geometry":{"type":"LineString","coordinates":[[-75.64062556955753,6.189913886644954],[-75.64080680668702,6.188298923228292],[-75.63988463720204,6.186386108643857]]}},{"type":"Feature","properties":{"RIO":0,"N_QUEBRADA":"QUEBRADA EL BUEY"},"geometry":{"type":"LineString","coordinates":[[-75.65311092508881,6.184514253656965],[-75.65212922965213,6.184975639280551],[-75.64942059434635,6.184370792206685]]}},{"type":"Feature","properties":{"RIO":0,"N_QUEBRADA":"QUEBRADA LA CAÑADITA"},"geometry":{"type":"LineString","coordinates":[[-75.66866382923743,6.182340900389329],[-75.66740338792177,6.182210107532887],[-75.66596202119048,6.179660249754099]]}},{"type":"Feature","properties":{"RIO":0,"N_QUEBRADA":"QUEBRADA DOÑA MARIA"},"geometry":{"type":"LineString","coordinates":[[-75.63968223774275,6.186387155959101],[-75.63893425608462,6.184432440752327],[-75.63930177847786,6.183508050916111]]}},{"type":"Feature","properties":{"RIO":0,"N_QUEBRADA":"CAÑO LA MANGUALA"},"geometry":{"type":"LineString","coordinates":[[-75.66140892221166,6.175671697999261],[-75.65920860478029,6.175345118537355],[-75.65823494957543,6.174513123500876]]}},{"type":"Feature","properties":{"RIO":0,"N_QUEBRADA":"CAÑO LA MANGUALA"},"geometry":{"type":"LineString","coordinates":[[-75.65823494957543,6.174513123500876],[-75.65719486791379,6.173848355115856],[-75.65271381285973,6.173714026852776]]}},{"type":"Feature","properties":{"RIO":0,"N_QUEBRADA":"QUEBRADA LA CORNETA"},"geometry":{"type":"LineString","coordinates":[[-75.65490415761815,6.164470708150479],[-75.64986423955342,6.165556892859186],[-75.64850707411185,6.164685373000086]]}},{"type":"Feature","properties":{"RIO":0,"N_QUEBRADA":"QUEBRADA LA JUSTA"},"geometry":{"type":"LineString","coordinates":[[-75.62968700531984,6.170115445629682],[-75.62711861408478,6.171765395427712],[-75.62494408988984,6.171739857622983]]}},{"type":"Feature","properties":{"RIO":0,"N_QUEBRADA":"QUEBRADA DOÑA MARIA"},"geometry":{"type":"LineString","coordinates":[[-75.62917657622828,6.173659950555948],[-75.62654665232516,6.173162566307874],[-75.62494408988984,6.171739857622983]]}},{"type":"Feature","properties":{"RIO":0,"N_QUEBRADA":"QUEBRADA DOÑA MARIA"},"geometry":{"type":"LineString","coordinates":[[-75.6148895910526,6.174063624741727],[-75.61039000117822,6.1744232977108435],[-75.60919463851468,6.175558745790841]]}},{"type":"Feature","properties":{"RIO":0,"N_QUEBRADA":"QUEBRADA CAÑADA HONDA"},"geometry":{"type":"LineString","coordinates":[[-75.65164069130695,6.074975557712074],[-75.65246527794795,6.075242514564977],[-75.65266112003094,6.077012592088715]]}},{"type":"Feature","properties":{"RIO":0,"N_QUEBRADA":"QUEBRADA LA MADERA"},"geometry":{"type":"LineString","coordinates":[[-75.60571610006413,6.308715390965753],[-75.60461309359845,6.307026003900245],[-75.60202714890298,6.306870791842625]]}},{"type":"Feature","properties":{"RIO":0,"N_QUEBRADA":"QUEBRADA LA QUEBRADITA"},"geometry":{"type":"LineString","coordinates":[[-75.58616243416913,6.307666546652179],[-75.58514097130293,6.307947238756741],[-75.58521985322446,6.308573161083224]]}},{"type":"Feature","properties":{"RIO":0,"N_QUEBRADA":"QUEBRADA LA QUEBRADITA"},"geometry":{"type":"LineString","coordinates":[[-75.59007755305214,6.306432578643865],[-75.58925288266927,6.307321897913176],[-75.58683674897753,6.307652511702468]]}},{"type":"Feature","properties":{"RIO":0,"N_QUEBRADA":"QUEBRADA LA MARUCHENGA"},"geometry":{"type":"LineString","coordinates":[[-75.58863402922442,6.313907943985856],[-75.58492420195952,6.314374403649569],[-75.58395508722236,6.313854741753837]]}},{"type":"Feature","properties":{"RIO":0,"N_QUEBRADA":"QUEBRADA LA CASCADA"},"geometry":{"type":"LineString","coordinates":[[-75.56567244573581,6.361117054475941],[-75.56780433774733,6.357159987514299],[-75.56837771900139,6.353899801725059]]}},{"type":"Feature","properties":{"RIO":0,"N_QUEBRADA":"QUEBRADA LA SOFIA"},"geometry":{"type":"LineString","coordinates":[[-75.58461895286733,6.326598549927812],[-75.58253162433311,6.327955187448101],[-75.58070832714621,6.331877821516266]]}},{"type":"Feature","properties":{"RIO":0,"N_QUEBRADA":"QUEBRADA GRANDE"},"geometry":{"type":"LineString","coordinates":[[-75.63722637296574,6.335623241692077],[-75.63597887201692,6.3336673228574325],[-75.6334878307698,6.332284649399759]]}},{"type":"Feature","properties":{"RIO":0,"N_QUEBRADA":"QUEBRADA EL HATO"},"geometry":{"type":"LineString","coordinates":[[-75.64799022602946,6.332990352714974],[-75.6482495372848,6.3344431529751715],[-75.64634745405236,6.335585698012342]]}},{"type":"Feature","properties":{"RIO":0,"N_QUEBRADA":"QUEBRADA EL HATO"},"geometry":{"type":"LineString","coordinates":[[-75.64348794403165,6.334912056365454],[-75.64269012263914,6.334068193100517],[-75.64157954080446,6.334090591854731]]}},{"type":"Feature","properties":{"RIO":0,"N_QUEBRADA":"QUEBRADA EL HATO"},"geometry":{"type":"LineString","coordinates":[[-75.61611707742006,6.334308515639476],[-75.61434238500004,6.334818896845406],[-75.61401365190453,6.335956803972153]]}},{"type":"Feature","properties":{"RIO":0,"N_QUEBRADA":"QUEBRADA GUASIMAL"},"geometry":{"type":"LineString","coordinates":[[-75.61701240533294,6.327629264210319],[-75.61606393722631,6.327864891889527],[-75.61567185133265,6.328914203889729]]}},{"type":"Feature","properties":{"RIO":0,"N_QUEBRADA":"QUEBRADA EL HATO"},"geometry":{"type":"LineString","coordinates":[[-75.59717574671787,6.333116231422028],[-75.59547841980384,6.332602940945134],[-75.59390650115797,6.333315312316877]]}},{"type":"Feature","properties":{"RIO":0,"N_QUEBRADA":"QUEBRADA CURENA"},"geometry":{"type":"LineString","coordinates":[[-75.5515500956183,6.3121236967609065],[-75.55371514492306,6.312025473049103],[-75.5551511316931,6.313196013249863]]}},{"type":"Feature","properties":{"RIO":0,"N_QUEBRADA":"QUEBRADA LA SECA"},"geometry":{"type":"LineString","coordinates":[[-75.65383952345536,6.31368979547201],[-75.65610351123115,6.312258289979378],[-75.65686250531465,6.310166934552633]]}},{"type":"Feature","properties":{"RIO":0,"N_QUEBRADA":"QUEBRADA POPALITO"},"geometry":{"type":"LineString","coordinates":[[-75.29743331292941,6.477398523159185],[-75.29623470042367,6.476902808356395],[-75.29653046473089,6.47540381375126]]}},{"type":"Feature","properties":{"RIO":0,"N_QUEBRADA":"QUEBRADA LA LOLITA"},"geometry":{"type":"LineString","coordinates":[[-75.5895433878682,6.301860594846135],[-75.58877442244524,6.300552201218821],[-75.58780757408333,6.300415864193622]]}},{"type":"Feature","properties":{"RIO":0,"N_QUEBRADA":"QUEBRADA LA AGUADA"},"geometry":{"type":"LineString","coordinates":[[-75.64957303072865,6.264441984366554],[-75.64994783755232,6.268825400597928],[-75.6490349144644,6.272289666437319]]}},{"type":"Feature","properties":{"RIO":0,"N_QUEBRADA":"QUEBRADA BOLILLALA"},"geometry":{"type":"LineString","coordinates":[[-75.6184237659164,6.260493300117038],[-75.61755938556796,6.258896803944088],[-75.61514028063907,6.259498622117439]]}},{"type":"Feature","properties":{"RIO":0,"N_QUEBRADA":"QUEBRADA LA AGUADA"},"geometry":{"type":"LineString","coordinates":[[-75.62426736842812,6.271537307164572],[-75.62377911572798,6.268048648722009],[-75.62428096438224,6.26738012953581]]}},{"type":"Feature","properties":{"RIO":0,"N_QUEBRADA":"QUEBRADA GUAGUITA"},"geometry":{"type":"LineString","coordinates":[[-75.6111749500426,6.287903928598749],[-75.61080894477968,6.285750803611163],[-75.60908613949263,6.283185436984425]]}},{"type":"Feature","properties":{"RIO":0,"N_QUEBRADA":"CAÑO BOCATOMA"},"geometry":{"type":"LineString","coordinates":[[-75.64411387058885,6.291348633537315],[-75.64525619711377,6.29225038187239],[-75.64620423301122,6.291797263062166]]}},{"type":"Feature","properties":{"RIO":0,"N_QUEBRADA":"QUEBRADA LA QUIEBRA"},"geometry":{"type":"LineString","coordinates":[[-75.61876928583328,6.268876431676465],[-75.6159819857984,6.263460208337571],[-75.61447424911246,6.263091147274815]]}},{"type":"Feature","properties":{"RIO":0,"N_QUEBRADA":"QUEBRADA LORETO"},"geometry":{"type":"LineString","coordinates":[[-75.57042534424244,6.23640250252084],[-75.57406835140866,6.237815596006664],[-75.57357401659897,6.239263201050409]]}},{"type":"Feature","properties":{"RIO":0,"N_QUEBRADA":"QUEBRADA AGUAS CALIENTES"},"geometry":{"type":"LineString","coordinates":[[-75.32408032641304,6.432233682376118],[-75.32552874150942,6.43318023899049],[-75.32560981960309,6.434174550069136]]}},{"type":"Feature","properties":{"RIO":0,"N_QUEBRADA":"QUEBRADA BETANIA 1"},"geometry":{"type":"LineString","coordinates":[[-75.62163544355748,6.2406907406034255],[-75.6210656147995,6.240709113342232],[-75.6200779433828,6.243785638614259]]}},{"type":"Feature","properties":{"RIO":0,"N_QUEBRADA":"ESCORRENTIA"},"geometry":{"type":"LineString","coordinates":[[-75.60517407703843,6.290432478490385],[-75.6044913610526,6.288266826811843],[-75.60539044873791,6.285498084285237]]}},{"type":"Feature","properties":{"RIO":0,"N_QUEBRADA":"QUEBRADA LA GOMEZ"},"geometry":{"type":"LineString","coordinates":[[-75.60615368315155,6.292772752458739],[-75.6051245982438,6.290760311236045],[-75.60437086050455,6.290623364877002]]}},{"type":"Feature","properties":{"RIO":0,"N_QUEBRADA":"QUEBRADA LA CULEBRA"},"geometry":{"type":"LineString","coordinates":[[-75.65824477787149,6.299536570324128],[-75.6562570484623,6.298826142346643],[-75.6558254297482,6.2978047603201945]]}},{"type":"Feature","properties":{"RIO":0,"N_QUEBRADA":"QUEBRADA LA HONDA"},"geometry":{"type":"LineString","coordinates":[[-75.5410486057485,6.267943059830823],[-75.54762659502019,6.267140161400029],[-75.54967306284293,6.267589644104535]]}},{"type":"Feature","properties":{"RIO":0,"N_QUEBRADA":"CAÑO PRIMAVERA"},"geometry":{"type":"LineString","coordinates":[[-75.63687918429527,6.272924893400299],[-75.63410244425775,6.27478859907226],[-75.63339481491244,6.276400497570575]]}},{"type":"Feature","properties":{"RIO":0,"N_QUEBRADA":"CAÑO PAJARITO"},"geometry":{"type":"LineString","coordinates":[[-75.61193084460191,6.290543879855245],[-75.6106491076616,6.290422844255442],[-75.60815962470241,6.287366756609744]]}},{"type":"Feature","properties":{"RIO":0,"N_QUEBRADA":"QUEBRADA EL POTRERO"},"geometry":{"type":"LineString","coordinates":[[-75.6594575456752,6.287407998577241],[-75.65817188541136,6.288353826592467],[-75.65576584586566,6.288323890474396]]}},{"type":"Feature","properties":{"RIO":0,"N_QUEBRADA":"QUEBRADA LA HUESO 1"},"geometry":{"type":"LineString","coordinates":[[-75.62926704144623,6.260259200692238],[-75.62807500462634,6.258297110273229],[-75.6268190224057,6.257634234626178]]}},{"type":"Feature","properties":{"RIO":0,"N_QUEBRADA":"QUEBRADA LA CAMPIÑA"},"geometry":{"type":"LineString","coordinates":[[-75.61106222441161,6.289471771179007],[-75.6078190767371,6.284793720654043],[-75.60622291639446,6.283859149283918]]}},{"type":"Feature","properties":{"RIO":0,"N_QUEBRADA":"QUEBRADA LA CANTERA RAMAL SUR"},"geometry":{"type":"LineString","coordinates":[[-75.58590368208642,6.293251189971998],[-75.58296955160164,6.28971036045715],[-75.57695853041679,6.286183766207408]]}},{"type":"Feature","properties":{"RIO":0,"N_QUEBRADA":"CAÑO LOS PAVONIS"},"geometry":{"type":"LineString","coordinates":[[-75.63843520902225,6.244883108636876],[-75.63603508836289,6.246166160412696],[-75.63480112688387,6.24597497322121]]}},{"type":"Feature","properties":{"RIO":0,"N_QUEBRADA":"QUEBRADA JUAN XXIII"},"geometry":{"type":"LineString","coordinates":[[-75.61281366173228,6.267081664710573],[-75.61370548708001,6.26366801179975],[-75.61447424911246,6.263091147274815]]}},{"type":"Feature","properties":{"RIO":0,"N_QUEBRADA":"QUEBRADA LA ARENERA"},"geometry":{"type":"LineString","coordinates":[[-75.66708053943958,6.258295215032772],[-75.66579430527734,6.259749576984409],[-75.66591528652039,6.26074431660889]]}},{"type":"Feature","properties":{"RIO":0,"N_QUEBRADA":"QUEBRADA EL PATIO"},"geometry":{"type":"LineString","coordinates":[[-75.65222790367423,6.279670096475425],[-75.64869858394829,6.27753661395999],[-75.64786563165045,6.275977200118282]]}},{"type":"Feature","properties":{"RIO":0,"N_QUEBRADA":"CAÑO NARANJAL"},"geometry":{"type":"LineString","coordinates":[[-75.65597350140908,6.302807526243377],[-75.65461579503412,6.302149356586349],[-75.65444945964106,6.30133880146566]]}},{"type":"Feature","properties":{"RIO":0,"N_QUEBRADA":"QUEBRADA LAS PALACIOS"},"geometry":{"type":"LineString","coordinates":[[-75.65587744807374,6.28494571167079],[-75.65431797714129,6.285942229098426],[-75.65298706286674,6.285297332642673]]}},{"type":"Feature","properties":{"RIO":0,"N_QUEBRADA":"QUEBRADA EL PATIO"},"geometry":{"type":"LineString","coordinates":[[-75.66794088905313,6.286195438437713],[-75.6632237220086,6.286006537603234],[-75.65939819049797,6.283678839193951]]}},{"type":"Feature","properties":{"RIO":0,"N_QUEBRADA":"ZANJON FERRINI"},"geometry":{"type":"LineString","coordinates":[[-75.59972149182427,6.27014718226914],[-75.59892644061806,6.268621684878427],[-75.5977319239947,6.2687312599380585]]}},{"type":"Feature","properties":{"RIO":0,"N_QUEBRADA":"QUEBRADA LA CAMPIÑA"},"geometry":{"type":"LineString","coordinates":[[-75.60441901219966,6.282774197535654],[-75.60332753651163,6.281846537920125],[-75.60239998701189,6.28222876305315]]}},{"type":"Feature","properties":{"RIO":0,"N_QUEBRADA":"QUEBRADA LA CORCOVADA"},"geometry":{"type":"LineString","coordinates":[[-75.60239998701189,6.28222876305315],[-75.60039963365575,6.280404419142615],[-75.59979890806203,6.278591532710078]]}},{"type":"Feature","properties":{"RIO":0,"N_QUEBRADA":"QUEBRADA LA POTRERA"},"geometry":{"type":"LineString","coordinates":[[-75.6417737326833,6.271940709252097],[-75.64095061951885,6.272289644110628],[-75.64079403081597,6.273378316883979]]}},{"type":"Feature","properties":{"RIO":0,"N_QUEBRADA":"QUEBRADA AGUA FRIA"},"geometry":{"type":"LineString","coordinates":[[-75.63998661910831,6.284459337241574],[-75.63915954480471,6.28163204992772],[-75.64037116305767,6.278710923009678]]}},{"type":"Feature","properties":{"RIO":0,"N_QUEBRADA":"QUEBRADA ROMEDALA"},"geometry":{"type":"LineString","coordinates":[[-75.6625693930526,6.254079380647959],[-75.65999737433155,6.253460210018355],[-75.65688380837781,6.254832610171749]]}},{"type":"Feature","properties":{"RIO":0,"N_QUEBRADA":"RIO ABURRA - MEDELLIN"},"geometry":{"type":"LineString","coordinates":[[-75.58001598871023,6.24693377477976],[-75.58021160132962,6.248582712948005],[-75.57899386375496,6.250937855917318]]}},{"type":"Feature","properties":{"RIO":0,"N_QUEBRADA":"CAÑO LOS SAUCES"},"geometry":{"type":"LineString","coordinates":[[-75.62340247948681,6.24959255309901],[-75.62286233017491,6.250798185171945],[-75.62166218724688,6.251131849920131]]}},{"type":"Feature","properties":{"RIO":0,"N_QUEBRADA":"QUEBRADA BETANIA"},"geometry":{"type":"LineString","coordinates":[[-75.62588806574311,6.241420370542092],[-75.62456699536848,6.242663285498433],[-75.62333396105902,6.24267498808154]]}},{"type":"Feature","properties":{"RIO":0,"N_QUEBRADA":"QUEBRADA LA FRANCIA"},"geometry":{"type":"LineString","coordinates":[[-75.55040513113943,6.30056780459481],[-75.55191946903146,6.301292700030614],[-75.55750315759556,6.301736848937609]]}},{"type":"Feature","properties":{"RIO":0,"N_QUEBRADA":"QUEBRADA SANTA CRUZ"},"geometry":{"type":"LineString","coordinates":[[-75.55709012507602,6.291568887455537],[-75.55981903922414,6.293446655507105],[-75.5608794473748,6.295220271889738]]}},{"type":"Feature","properties":{"RIO":0,"N_QUEBRADA":"QUEBRADA LA PAULITA 1"},"geometry":{"type":"LineString","coordinates":[[-75.55309637452672,6.1770233532303385],[-75.5554176511203,6.177765038644858],[-75.5577566476954,6.179634026244938]]}},{"type":"Feature","properties":{"RIO":0,"N_QUEBRADA":"QUEBRADA CARRIZAL"},"geometry":{"type":"LineString","coordinates":[[-75.5359103887435,6.184144532462445],[-75.53752204530848,6.182591984214653],[-75.54194184503977,6.180638712063384]]}},{"type":"Feature","properties":{"RIO":0,"N_QUEBRADA":"QUEBRADA CARRIZAL RAMAL 1"},"geometry":{"type":"LineString","coordinates":[[-75.53664068868159,6.180441995758715],[-75.53741117725451,6.18132292092642],[-75.54194184503977,6.180638712063384]]}},{"type":"Feature","properties":{"RIO":0,"N_QUEBRADA":"COBERTURA EL CHAGUALO"},"geometry":{"type":"LineString","coordinates":[[-75.5688134280447,6.261273229010095],[-75.57232337014796,6.261896245709519],[-75.5729221797134,6.2625866395998315]]}},{"type":"Feature","properties":{"RIO":0,"N_QUEBRADA":"QUEBRADA LA HONDA"},"geometry":{"type":"LineString","coordinates":[[-75.55976700536563,6.267197702528673],[-75.5615975258355,6.268986916418399],[-75.56203272572415,6.270649785930338]]}},{"type":"Feature","properties":{"RIO":0,"N_QUEBRADA":"QUEBRADA LA HONDA"},"geometry":{"type":"LineString","coordinates":[[-75.55201899368458,6.26724492106382],[-75.55793823451206,6.265757494143024],[-75.55976700536563,6.267197702528673]]}},{"type":"Feature","properties":{"RIO":0,"N_QUEBRADA":"QUEBRADA LOS MANGOS"},"geometry":{"type":"LineString","coordinates":[[-75.56129126810991,6.17744822482736],[-75.56288007607293,6.178800583707879],[-75.56573971625329,6.179325672448137]]}},{"type":"Feature","properties":{"RIO":0,"N_QUEBRADA":"QUEBRADA SAN MICHEL"},"geometry":{"type":"LineString","coordinates":[[-75.54444275710794,6.183520856082616],[-75.54602917526104,6.18278813581478],[-75.54681473104704,6.184001047193548]]}},{"type":"Feature","properties":{"RIO":0,"N_QUEBRADA":"QUEBRADA CASTROPOL"},"geometry":{"type":"LineString","coordinates":[[-75.5653703942882,6.217887378615546],[-75.56725732870629,6.215848610146921],[-75.57084966914705,6.215554320955025]]}},{"type":"Feature","properties":{"RIO":0,"N_QUEBRADA":"QUEBRADA LA ESE"},"geometry":{"type":"LineString","coordinates":[[-75.36889432800528,6.431483990883896],[-75.36774014178226,6.431812985179221],[-75.3669003177668,6.431035380182954]]}},{"type":"Feature","properties":{"RIO":0,"N_QUEBRADA":"QUEBRADA LAS VICTORIAS"},"geometry":{"type":"LineString","coordinates":[[-75.31674749570617,6.511844200812968],[-75.31524398106583,6.51141009632296],[-75.31501538799088,6.510731795768848]]}},{"type":"Feature","properties":{"RIO":0,"N_QUEBRADA":"QUEBRADA LAS PEÑAS"},"geometry":{"type":"LineString","coordinates":[[-75.36398207331206,6.448081018539245],[-75.36160548943708,6.449083140597906],[-75.3620174537269,6.450069537195432]]}},{"type":"Feature","properties":{"RIO":0,"N_QUEBRADA":"QUEBRADA REVENTON"},"geometry":{"type":"LineString","coordinates":[[-75.35502119740171,6.4683208510088175],[-75.35512974921087,6.46704929803822],[-75.35406460404704,6.46568637365512]]}},{"type":"Feature","properties":{"RIO":0,"N_QUEBRADA":"QUEBRADA EL RINCON"},"geometry":{"type":"LineString","coordinates":[[-75.34954819793114,6.438738024389385],[-75.34982005857084,6.438020159634817],[-75.3487145541194,6.435994496707147]]}},{"type":"Feature","properties":{"RIO":0,"N_QUEBRADA":"QUEBRADA MALPASO"},"geometry":{"type":"LineString","coordinates":[[-75.37750737096893,6.441168424684519],[-75.3721409446703,6.436977062284489],[-75.37149292203254,6.437159304825256]]}},{"type":"Feature","properties":{"RIO":0,"N_QUEBRADA":"QUEBRADA LA QUIEBRA"},"geometry":{"type":"LineString","coordinates":[[-75.2768639073754,6.4353213336652875],[-75.27873194505217,6.437259894096623],[-75.28012610831428,6.43699314531936]]}},{"type":"Feature","properties":{"RIO":0,"N_QUEBRADA":"QUEBRADA LA CHUSCALA"},"geometry":{"type":"LineString","coordinates":[[-75.3023833099593,6.428593286957628],[-75.30349077704055,6.428195374681062],[-75.30363727062387,6.428957373887286]]}},{"type":"Feature","properties":{"RIO":0,"N_QUEBRADA":"QUEBRADA LOS TOTUMOS"},"geometry":{"type":"LineString","coordinates":[[-75.4080275323345,6.440734612276903],[-75.40870147509908,6.438538762215162],[-75.40840795451248,6.436532326248464]]}},{"type":"Feature","properties":{"RIO":0,"N_QUEBRADA":"QUEBRADA CINCO REALES"},"geometry":{"type":"LineString","coordinates":[[-75.31939486633765,6.458227243053914],[-75.32013662446472,6.457167224987472],[-75.3212232801347,6.457135498193657]]}},{"type":"Feature","properties":{"RIO":0,"N_QUEBRADA":"QUEBRADA VALLECITOS"},"geometry":{"type":"LineString","coordinates":[[-75.32153829498424,6.437757777084747],[-75.32224164649445,6.440283973698612],[-75.32451203828404,6.44370671592598]]}},{"type":"Feature","properties":{"RIO":0,"N_QUEBRADA":"QUEBRADA VALLECITOS"},"geometry":{"type":"LineString","coordinates":[[-75.32453589685399,6.44381096090201],[-75.32535592366214,6.445995019338248],[-75.32478663932659,6.447320734067432]]}},{"type":"Feature","properties":{"RIO":0,"N_QUEBRADA":"QUEBRADA LA AMOLADORA"},"geometry":{"type":"LineString","coordinates":[[-75.29137191997813,6.452352335824613],[-75.29081597805929,6.454775673093517],[-75.29140312554111,6.45634545331347]]}},{"type":"Feature","properties":{"RIO":0,"N_QUEBRADA":"QUEBRADA LA AMOLADORA"},"geometry":{"type":"LineString","coordinates":[[-75.29055680920385,6.446057319317384],[-75.29106403709707,6.448005587493985],[-75.2903958802218,6.448683656012371]]}},{"type":"Feature","properties":{"RIO":0,"N_QUEBRADA":"QUEBRADA DOS QUEBRADAS"},"geometry":{"type":"LineString","coordinates":[[-75.30802572225554,6.429468593920154],[-75.3086809521982,6.430631386327452],[-75.30979453829144,6.430775463716375]]}},{"type":"Feature","properties":{"RIO":0,"N_QUEBRADA":"QUEBRADA LA GOMEZ"},"geometry":{"type":"LineString","coordinates":[[-75.3693407103382,6.390813255796076],[-75.36933436039199,6.391879653503684],[-75.37074666358563,6.393346327078163]]}},{"type":"Feature","properties":{"RIO":0,"N_QUEBRADA":"QUEBRADA LAS LAJAS"},"geometry":{"type":"LineString","coordinates":[[-75.2867350319256,6.451249222443526],[-75.28740694805907,6.454955188986995],[-75.28697986825907,6.456588083835546]]}},{"type":"Feature","properties":{"RIO":0,"N_QUEBRADA":"QUEBRADA EL NIÑO"},"geometry":{"type":"LineString","coordinates":[[-75.32344351353647,6.436419305300466],[-75.32499814157002,6.439441945683828],[-75.32667890373939,6.43925120044049]]}},{"type":"Feature","properties":{"RIO":0,"N_QUEBRADA":"QUEBRADA LA HERRADURA"},"geometry":{"type":"LineString","coordinates":[[-75.2828190121571,6.458657882570174],[-75.28400368511888,6.457909639393496],[-75.28449254158708,6.458395318666598]]}},{"type":"Feature","properties":{"RIO":0,"N_QUEBRADA":"QUEBRADA EL CHOCHO"},"geometry":{"type":"LineString","coordinates":[[-75.38368741233452,6.441213025627917],[-75.38385495094796,6.43833551698361],[-75.38495256735686,6.436520693714696]]}},{"type":"Feature","properties":{"RIO":0,"N_QUEBRADA":"QUEBRADA CARBONERAL"},"geometry":{"type":"LineString","coordinates":[[-75.4167576941493,6.419879658524056],[-75.41549351690378,6.418719532919608],[-75.41474234884946,6.418960005935991]]}},{"type":"Feature","properties":{"RIO":0,"N_QUEBRADA":"QUEBRADA EL PAVO"},"geometry":{"type":"LineString","coordinates":[[-75.40059390878538,6.342690087162972],[-75.39952828690608,6.343688705329498],[-75.3982498752394,6.342624383122359]]}},{"type":"Feature","properties":{"RIO":0,"N_QUEBRADA":"QUEBRADA DEL MEDIO"},"geometry":{"type":"LineString","coordinates":[[-75.29043658596247,6.412628251941876],[-75.29076184706966,6.413923715969096],[-75.2901313813449,6.414405844372338]]}},{"type":"Feature","properties":{"RIO":0,"N_QUEBRADA":"QUEBRADA EL FRISOL"},"geometry":{"type":"LineString","coordinates":[[-75.35865176065704,6.39369004927333],[-75.35854593793098,6.396279318889493],[-75.35973908489838,6.397775149880785]]}},{"type":"Feature","properties":{"RIO":0,"N_QUEBRADA":"QUEBRADA DE COROZAL"},"geometry":{"type":"LineString","coordinates":[[-75.3986772267283,6.423773098968243],[-75.39679621685922,6.421743247239926],[-75.39759596132137,6.419857313297141]]}},{"type":"Feature","properties":{"RIO":0,"N_QUEBRADA":"QUEBRADA EL HIGUERON"},"geometry":{"type":"LineString","coordinates":[[-75.39260769852655,6.381848949646902],[-75.3930328368819,6.383211366258741],[-75.39423519829255,6.383538071367996]]}},{"type":"Feature","properties":{"RIO":0,"N_QUEBRADA":"QUEBRADA LA RAIMUNDA"},"geometry":{"type":"LineString","coordinates":[[-75.4187968022895,6.426077900221988],[-75.41879470707131,6.424268119560002],[-75.41644898912702,6.421739072366601]]}},{"type":"Feature","properties":{"RIO":0,"N_QUEBRADA":"QUEBRADA AGUAS FRIAS"},"geometry":{"type":"LineString","coordinates":[[-75.31042160868574,6.497958035604482],[-75.30857369749546,6.497212054249685],[-75.3069617122278,6.497649326267956]]}},{"type":"Feature","properties":{"RIO":0,"N_QUEBRADA":"QUEBRADA LAS PEÑAS"},"geometry":{"type":"LineString","coordinates":[[-75.33687370051375,6.446346749211998],[-75.33621542245827,6.444966125293427],[-75.33444849190322,6.44414676303035]]}},{"type":"Feature","properties":{"RIO":0,"N_QUEBRADA":"QUEBRADA SAN NICOLAS"},"geometry":{"type":"LineString","coordinates":[[-75.35840154785127,6.309439508918074],[-75.35750097516845,6.310865471153318],[-75.35784824329826,6.31149405405765]]}},{"type":"Feature","properties":{"RIO":0,"N_QUEBRADA":"QUEBRADA SAN NICOLAS"},"geometry":{"type":"LineString","coordinates":[[-75.36049169405372,6.302285576748912],[-75.36075386035307,6.303875668412059],[-75.3600441878066,6.304390778435378]]}},{"type":"Feature","properties":{"RIO":0,"N_QUEBRADA":"QUEBRADA LA CEJITA"},"geometry":{"type":"LineString","coordinates":[[-75.31523055334983,6.371453325864035],[-75.31590498618722,6.371215815621347],[-75.31629984652426,6.37218433861158]]}},{"type":"Feature","properties":{"RIO":0,"N_QUEBRADA":"QUEBRADA OVEJAS"},"geometry":{"type":"LineString","coordinates":[[-75.40279402700024,6.261748688669099],[-75.40403163446726,6.2622368826491766],[-75.404691353065,6.263619625650452]]}},{"type":"Feature","properties":{"RIO":0,"N_QUEBRADA":"QUEBRADA DE ARCE"},"geometry":{"type":"LineString","coordinates":[[-75.33941118153888,6.31398890537376],[-75.33900105018664,6.315743079011981],[-75.34011706235422,6.316511645228475]]}},{"type":"Feature","properties":{"RIO":0,"N_QUEBRADA":"QUEBRADA AGUAS CALIENTES"},"geometry":{"type":"LineString","coordinates":[[-75.33007742249845,6.439072553790746],[-75.33206207865267,6.440752452806778],[-75.3339829202908,6.441183610062249]]}},{"type":"Feature","properties":{"RIO":0,"N_QUEBRADA":"QUEBRADA OVEJAS"},"geometry":{"type":"LineString","coordinates":[[-75.39951827313294,6.319340558832174],[-75.40064385505875,6.320665790174438],[-75.4003055735271,6.321584815925211]]}},{"type":"Feature","properties":{"RIO":0,"N_QUEBRADA":"QUEBRADA LA CHAPA"},"geometry":{"type":"LineString","coordinates":[[-75.34213969191548,6.393167600592645],[-75.34395756218368,6.39264407246446],[-75.34624359100538,6.390783377585428]]}},{"type":"Feature","properties":{"RIO":0,"N_QUEBRADA":"QUEBRADA OVEJAS"},"geometry":{"type":"LineString","coordinates":[[-75.4060972258659,6.308102111005782],[-75.40576379141262,6.307710145791309],[-75.40534510815134,6.308324396892281]]}},{"type":"Feature","properties":{"RIO":0,"N_QUEBRADA":"QUEBRADA LA AYURA"},"geometry":{"type":"LineString","coordinates":[[-75.57913116616064,6.160608801062533],[-75.5804489379503,6.161972995879948],[-75.58046243658457,6.168162827323999]]}},{"type":"Feature","properties":{"RIO":0,"N_QUEBRADA":"QUEBRADA CHORRO FRIO"},"geometry":{"type":"LineString","coordinates":[[-75.54910408616935,6.166823109127366],[-75.55366600887321,6.16658182677523],[-75.55439697524564,6.165656512250617]]}},{"type":"Feature","properties":{"RIO":0,"N_QUEBRADA":"QUEBRADA LAS LOMITAS"},"geometry":{"type":"LineString","coordinates":[[-75.61162544297085,6.153394727363674],[-75.61241114238001,6.155957778420599],[-75.6101891702405,6.157566241563734]]}},{"type":"Feature","properties":{"RIO":0,"N_QUEBRADA":"QUEBRADA LA TABLACITA"},"geometry":{"type":"LineString","coordinates":[[-75.62956229845003,6.126691903676391],[-75.6306605455802,6.127328100722291],[-75.63220779609864,6.127030980801604]]}},{"type":"Feature","properties":{"RIO":0,"N_QUEBRADA":"QUEBRADA CIEN PESOS"},"geometry":{"type":"LineString","coordinates":[[-75.60203220829897,6.153813363216667],[-75.60361594991387,6.15549972239427],[-75.60650483426267,6.162707237125492]]}},{"type":"Feature","properties":{"RIO":0,"N_QUEBRADA":"QUEBRADA LA BERMEJALA"},"geometry":{"type":"LineString","coordinates":[[-75.6365335408747,6.132934211337651],[-75.63417265178995,6.133049255903818],[-75.63244877175883,6.135183267740995]]}},{"type":"Feature","properties":{"RIO":0,"N_QUEBRADA":"QUEBRADA LA LLORONA"},"geometry":{"type":"LineString","coordinates":[[-75.64042154982354,6.130871632825648],[-75.63869786613562,6.132326356914846],[-75.6365335408747,6.132934211337651]]}},{"type":"Feature","properties":{"RIO":0,"N_QUEBRADA":"QUEBRADA PALOSANTO"},"geometry":{"type":"LineString","coordinates":[[-75.63938940806412,6.1194967872228005],[-75.63760650212154,6.11889549876742],[-75.63607054106916,6.11566718471307]]}},{"type":"Feature","properties":{"RIO":0,"N_QUEBRADA":"QUEBRADA LA RAYA"},"geometry":{"type":"LineString","coordinates":[[-75.63948764434356,6.111443451950092],[-75.63759543906731,6.111450753094156],[-75.6350649327564,6.113062493332031]]}},{"type":"Feature","properties":{"RIO":0,"N_QUEBRADA":"QUEBRADA LA CANO"},"geometry":{"type":"LineString","coordinates":[[-75.65080244601818,6.104203471686266],[-75.64951404940908,6.10366994230446],[-75.64866680533414,6.104070388744727]]}},{"type":"Feature","properties":{"RIO":0,"N_QUEBRADA":"QUEBRADA BELLAVISTA"},"geometry":{"type":"LineString","coordinates":[[-75.64153864831832,6.099783360918613],[-75.6403837247509,6.099634979090675],[-75.63853629695555,6.100743812380747]]}},{"type":"Feature","properties":{"RIO":0,"N_QUEBRADA":"QUEBRADA LA SUCIA"},"geometry":{"type":"LineString","coordinates":[[-75.55521725018887,6.156353529822476],[-75.55818635638171,6.158325354793211],[-75.55985819625701,6.15724211294546]]}},{"type":"Feature","properties":{"RIO":0,"N_QUEBRADA":"QUEBRADA HIGUERON"},"geometry":{"type":"LineString","coordinates":[[-75.5660293678886,6.1165749608340825],[-75.5660498164221,6.117345071554563],[-75.56489186811544,6.118239746393391]]}},{"type":"Feature","properties":{"RIO":0,"N_QUEBRADA":"QUEBRADA LA FEDERACION"},"geometry":{"type":"LineString","coordinates":[[-75.54492074799533,6.156940336198938],[-75.5489687908702,6.158495439758042],[-75.55015997357665,6.160635342113312]]}},{"type":"Feature","properties":{"RIO":0,"N_QUEBRADA":"QUEBRADA LA MIEL"},"geometry":{"type":"LineString","coordinates":[[-75.56765471913957,6.104783987103243],[-75.56868268474723,6.104306517893106],[-75.57188009624589,6.10603552806022]]}},{"type":"Feature","properties":{"RIO":0,"N_QUEBRADA":"QUEBRADA EL ATRAVESADO"},"geometry":{"type":"LineString","coordinates":[[-75.5456956901211,6.141055896814423],[-75.54703656812495,6.141753099989615],[-75.54919850423482,6.145287752054831]]}},{"type":"Feature","properties":{"RIO":0,"N_QUEBRADA":"QUEBRADA LA MIEL"},"geometry":{"type":"LineString","coordinates":[[-75.57552381687672,6.131768024832076],[-75.5760111774146,6.132004015207921],[-75.57541523271507,6.132818188812077]]}},{"type":"Feature","properties":{"RIO":0,"N_QUEBRADA":"QUEBRADA LA AYURA"},"geometry":{"type":"LineString","coordinates":[[-75.55701219396542,6.105560762359719],[-75.5565600932985,6.107779429014978],[-75.55846700785423,6.110983567132791]]}},{"type":"Feature","properties":{"RIO":0,"N_QUEBRADA":"QUEBRADA EL ATRAVESADO"},"geometry":{"type":"LineString","coordinates":[[-75.55590358595042,6.150097592224749],[-75.55770910900203,6.15118045985476],[-75.55858802231317,6.150969602768556]]}},{"type":"Feature","properties":{"RIO":0,"N_QUEBRADA":"QUEBRADA LA SEBASTIANA"},"geometry":{"type":"LineString","coordinates":[[-75.55813631826626,6.161843258757453],[-75.56144862861781,6.163085294333361],[-75.5632295935604,6.164966879842678]]}},{"type":"Feature","properties":{"RIO":0,"N_QUEBRADA":"QUEBRADA GUASIMAL"},"geometry":{"type":"LineString","coordinates":[[-75.53251093137676,6.388329415106248],[-75.53251979087207,6.383193590693806],[-75.5318038211666,6.381903970837279]]}},{"type":"Feature","properties":{"RIO":0,"N_QUEBRADA":"QUEBRADA EL COCOROLLO"},"geometry":{"type":"LineString","coordinates":[[-75.5035627581472,6.378357847413047],[-75.49949815336123,6.374936318254973],[-75.49700061008976,6.374105235674685]]}},{"type":"Feature","properties":{"RIO":0,"N_QUEBRADA":"QUEBRADA LA PITAYA"},"geometry":{"type":"LineString","coordinates":[[-75.49478019131234,6.377742306135687],[-75.4930362806645,6.376505344255872],[-75.49141007560627,6.377252928287855]]}},{"type":"Feature","properties":{"RIO":0,"N_QUEBRADA":"QUEBRADA LA VETA"},"geometry":{"type":"LineString","coordinates":[[-75.51461112642885,6.383086480019819],[-75.51385110180738,6.38176780017867],[-75.5101627047014,6.3789674289129685]]}},{"type":"Feature","properties":{"RIO":0,"N_QUEBRADA":"QUEBRADA LA TOLDA"},"geometry":{"type":"LineString","coordinates":[[-75.52235680027212,6.3787702462164715],[-75.52148913482337,6.37575657912652],[-75.5178034086265,6.371654218910756]]}},{"type":"Feature","properties":{"RIO":0,"N_QUEBRADA":"QUEBRADA LA TOLDA"},"geometry":{"type":"LineString","coordinates":[[-75.52271903563678,6.388073223964245],[-75.5228168648263,6.386039400420628],[-75.52139249858293,6.383034608741745]]}},{"type":"Feature","properties":{"RIO":0,"N_QUEBRADA":"QUEBRADA LOS AGUACATES"},"geometry":{"type":"LineString","coordinates":[[-75.49633474636775,6.389552471792221],[-75.4931974635678,6.385637678172885],[-75.49306414093975,6.384216733442591]]}},{"type":"Feature","properties":{"RIO":0,"N_QUEBRADA":"QUEBRADA LOS AGUACATES"},"geometry":{"type":"LineString","coordinates":[[-75.50049123442648,6.390598087837735],[-75.4986066403252,6.389733229921609],[-75.49807423224563,6.390165419680233]]}},{"type":"Feature","properties":{"RIO":0,"N_QUEBRADA":"QUEBRADA LOS AGUACATES"},"geometry":{"type":"LineString","coordinates":[[-75.50801898972841,6.39467382384443],[-75.50112856853234,6.391648793891809],[-75.50049123442648,6.390598087837735]]}},{"type":"Feature","properties":{"RIO":0,"N_QUEBRADA":"QUEBRADA LA LUISA"},"geometry":{"type":"LineString","coordinates":[[-75.51460262398697,6.408979362272063],[-75.51524552076856,6.408925553265152],[-75.5151019529701,6.407781208921973]]}},{"type":"Feature","properties":{"RIO":0,"N_QUEBRADA":"QUEBRADA RIO DE LOS ESCOBAR"},"geometry":{"type":"LineString","coordinates":[[-75.53354571348225,6.374609967306467],[-75.5313036532681,6.372863078258295],[-75.52719602380664,6.371734228814411]]}},{"type":"Feature","properties":{"RIO":0,"N_QUEBRADA":"QUEBRADA EL CHUSCAL"},"geometry":{"type":"LineString","coordinates":[[-75.47398220723045,6.3373922704314785],[-75.47441805415271,6.338200957797325],[-75.4760970724212,6.33833909566115]]}},{"type":"Feature","properties":{"RIO":0,"N_QUEBRADA":"QUEBRADA LA MINA"},"geometry":{"type":"LineString","coordinates":[[-75.47906011095694,6.397757474068809],[-75.47916117594649,6.394072801667678],[-75.48007097946503,6.39265710541975]]}},{"type":"Feature","properties":{"RIO":0,"N_QUEBRADA":"RIO ABURRA - MEDELLIN"},"geometry":{"type":"LineString","coordinates":[[-75.50222748214135,6.352398465059931],[-75.50094154215898,6.353198484482879],[-75.5004929384884,6.354646891634693]]}},{"type":"Feature","properties":{"RIO":0,"N_QUEBRADA":"RIO ABURRA - MEDELLIN"},"geometry":{"type":"LineString","coordinates":[[-75.63218892270558,6.12566186689525],[-75.63270531380451,6.125910112505042],[-75.63230840480713,6.126218101687079]]}},{"type":"Feature","properties":{"RIO":0,"N_QUEBRADA":"QUEBRADA RAMO"},"geometry":{"type":"LineString","coordinates":[[-75.5434085158768,6.347869334978718],[-75.54291807022788,6.346733740125684],[-75.54397120598472,6.345505282080845]]}},{"type":"Feature","properties":{"RIO":0,"N_QUEBRADA":"QUEBRADA LAS BRUJAS"},"geometry":{"type":"LineString","coordinates":[[-75.54784007662464,6.32604027595995],[-75.54995414674823,6.326922791163321],[-75.55088243856542,6.328472210282307]]}},{"type":"Feature","properties":{"RIO":0,"N_QUEBRADA":"QUEBRADA LA LOCA"},"geometry":{"type":"LineString","coordinates":[[-75.56492958696965,6.320730825734294],[-75.5634335228457,6.320943860713175],[-75.56242757935988,6.322669090114968]]}},{"type":"Feature","properties":{"RIO":0,"N_QUEBRADA":"QUEBRADA MANGA ARRIBA"},"geometry":{"type":"LineString","coordinates":[[-75.46620228097335,6.36131086796127],[-75.46540088676629,6.362987929260022],[-75.46626714262842,6.365591228352482]]}},{"type":"Feature","properties":{"RIO":0,"N_QUEBRADA":"QUEBRADA LA LLORONA"},"geometry":{"type":"LineString","coordinates":[[-75.6107556667021,6.197849334752606],[-75.60951537242617,6.197215124134661],[-75.60938382974696,6.196170540935176]]}},{"type":"Feature","properties":{"RIO":0,"N_QUEBRADA":"RIO ABURRA - MEDELLIN"},"geometry":{"type":"LineString","coordinates":[[-75.42184422124411,6.40437706926485],[-75.41908973076553,6.405129302902525],[-75.41781963381639,6.406593003228059]]}},{"type":"Feature","properties":{"RIO":0,"N_QUEBRADA":"QUEBRADA GUAMAL"},"geometry":{"type":"LineString","coordinates":[[-75.48100003248048,6.416628611626981],[-75.48120599746088,6.415766165563795],[-75.4788733206935,6.412653854265708]]}},{"type":"Feature","properties":{"RIO":0,"N_QUEBRADA":"QUEBRADA LA CORREA"},"geometry":{"type":"LineString","coordinates":[[-75.4570408624914,6.427174681678837],[-75.45673808751118,6.426526110700045],[-75.45473067398551,6.426129238619349]]}},{"type":"Feature","properties":{"RIO":0,"N_QUEBRADA":"QUEBRADA EL AHORCADO"},"geometry":{"type":"LineString","coordinates":[[-75.4449904729884,6.398002104660533],[-75.44346767227898,6.397164171387947],[-75.44319132400453,6.395776158579212]]}},{"type":"Feature","properties":{"RIO":0,"N_QUEBRADA":"QUEBRADA JUAN COJO"},"geometry":{"type":"LineString","coordinates":[[-75.45945253870417,6.35841310610993],[-75.4608069588688,6.3620198735049645],[-75.46228677585457,6.362822452875784]]}},{"type":"Feature","properties":{"RIO":0,"N_QUEBRADA":"QUEBRADA LA SILVA"},"geometry":{"type":"LineString","coordinates":[[-75.42948888620408,6.412111376942369],[-75.42821446213246,6.41096928312837],[-75.42782138591275,6.409224276669653]]}},{"type":"Feature","properties":{"RIO":0,"N_QUEBRADA":"QUEBRADA EL INCENDIO"},"geometry":{"type":"LineString","coordinates":[[-75.4445268121726,6.389511688865601],[-75.44397458533518,6.388554850321943],[-75.44105287574057,6.387836344542051]]}},{"type":"Feature","properties":{"RIO":0,"N_QUEBRADA":"QUEBRADA LA QUEBRADITA"},"geometry":{"type":"LineString","coordinates":[[-75.44605069782642,6.426118624257733],[-75.44656243649537,6.421361367090528],[-75.4473762371018,6.420352786528347]]}},{"type":"Feature","properties":{"RIO":0,"N_QUEBRADA":"QUEBRADA EL INCENDIO"},"geometry":{"type":"LineString","coordinates":[[-75.44557554511877,6.392852692597827],[-75.44395251164687,6.390871645655561],[-75.4445268121726,6.389511688865601]]}},{"type":"Feature","properties":{"RIO":0,"N_QUEBRADA":"QUEBRADA FULGENCIO"},"geometry":{"type":"LineString","coordinates":[[-75.42430126092515,6.39324482570725],[-75.42485782423114,6.394266483605241],[-75.42430467121584,6.395143741045255]]}},{"type":"Feature","properties":{"RIO":0,"N_QUEBRADA":"RIO ABURRA - MEDELLIN"},"geometry":{"type":"LineString","coordinates":[[-75.42121441864539,6.400416967634978],[-75.42030806281343,6.401511724211068],[-75.42184422124411,6.40437706926485]]}},{"type":"Feature","properties":{"RIO":0,"N_QUEBRADA":"RIO ABURRA - MEDELLIN"},"geometry":{"type":"LineString","coordinates":[[-75.43252812810387,6.39785186892306],[-75.43043838041909,6.397988750126557],[-75.42932441128114,6.400035701753353]]}},{"type":"Feature","properties":{"RIO":0,"N_QUEBRADA":"QUEBRADA LA LLORONA"},"geometry":{"type":"LineString","coordinates":[[-75.60878411439325,6.195785429218465],[-75.60794725825151,6.194190903978575],[-75.60562381273215,6.19243235168097]]}},{"type":"Feature","properties":{"RIO":0,"N_QUEBRADA":"QUEBRADA SANTA GERTRUDIZ"},"geometry":{"type":"LineString","coordinates":[[-75.58607858543802,6.106637292688602],[-75.58798045633164,6.105752106113649],[-75.58878903400678,6.10606123703979]]}},{"type":"Feature","properties":{"RIO":0,"N_QUEBRADA":"QUEBRADA LA ROMERA"},"geometry":{"type":"LineString","coordinates":[[-75.60826708390316,6.096182832441855],[-75.61064791070126,6.096390337712212],[-75.6112345728464,6.097844343072139]]}},{"type":"Feature","properties":{"RIO":0,"N_QUEBRADA":"QUEBRADA LOS CAUNCES"},"geometry":{"type":"LineString","coordinates":[[-75.54360849063595,6.224629453956111],[-75.54387200548788,6.22561925528209],[-75.54231166593905,6.229605130148434]]}},{"type":"Feature","properties":{"RIO":0,"N_QUEBRADA":"QUEBRADA LA LOCA 1"},"geometry":{"type":"LineString","coordinates":[[-75.5338169100218,6.259954289129142],[-75.53622846469997,6.259219029421784],[-75.53665034094054,6.257283398440517]]}},{"type":"Feature","properties":{"RIO":0,"N_QUEBRADA":"QUEBRADA ÑATO 1"},"geometry":{"type":"LineString","coordinates":[[-75.52353332073798,6.243301240048837],[-75.52528504067688,6.241182099981812],[-75.5241061172848,6.239419927225362]]}},{"type":"Feature","properties":{"RIO":0,"N_QUEBRADA":"QUEBRADA LA CONCHA"},"geometry":{"type":"LineString","coordinates":[[-75.5522152656367,6.215275290341264],[-75.55306244272175,6.214448126140767],[-75.55306332827449,6.213217186438284]]}},{"type":"Feature","properties":{"RIO":0,"N_QUEBRADA":"CAÑO LOS ANGELES"},"geometry":{"type":"LineString","coordinates":[[-75.55583360135748,6.197331817908066],[-75.5567712261923,6.197002318295147],[-75.55769499496814,6.197885351371843]]}},{"type":"Feature","properties":{"RIO":0,"N_QUEBRADA":"QUEBRADA LA TABLACITA"},"geometry":{"type":"LineString","coordinates":[[-75.60975574610704,6.11279498344848],[-75.61013440732545,6.112002544045822],[-75.61096103740444,6.112024027947542]]}},{"type":"Feature","properties":{"RIO":0,"N_QUEBRADA":"QUEBRADA LA SALADA"},"geometry":{"type":"LineString","coordinates":[[-75.62639542656059,6.052442641914568],[-75.62724293118647,6.053906012868244],[-75.6267854222726,6.054613759104003]]}},{"type":"Feature","properties":{"RIO":0,"N_QUEBRADA":"QUEBRADA LA ROMERA"},"geometry":{"type":"LineString","coordinates":[[-75.60289394721576,6.100563396390098],[-75.60410526096635,6.099724832194463],[-75.6046094446026,6.100147381083719]]}},{"type":"Feature","properties":{"RIO":0,"N_QUEBRADA":"QUEBRADA LA ROMERA"},"geometry":{"type":"LineString","coordinates":[[-75.60183995761133,6.10198812217604],[-75.60178274865221,6.101074595664118],[-75.60242176950646,6.100794666530086]]}},{"type":"Feature","properties":{"RIO":0,"N_QUEBRADA":"QUEBRADA LA MIEL"},"geometry":{"type":"LineString","coordinates":[[-75.59546035513537,6.071328870558564],[-75.59577373796982,6.07268506967446],[-75.59723616625612,6.073755261657922]]}},{"type":"Feature","properties":{"RIO":0,"N_QUEBRADA":"QUEBRADA LA AHUMADA"},"geometry":{"type":"LineString","coordinates":[[-75.58841259975097,6.090044524856872],[-75.5892111337107,6.089756585405526],[-75.59025035459304,6.090731555714276]]}},{"type":"Feature","properties":{"RIO":0,"N_QUEBRADA":"QUEBRADA LA CLARA"},"geometry":{"type":"LineString","coordinates":[[-75.61547195097452,6.04725240635852],[-75.61660111810103,6.047077601613864],[-75.61774732471993,6.048179687318662]]}},{"type":"Feature","properties":{"RIO":0,"N_QUEBRADA":"QUEBRADA LA MINA"},"geometry":{"type":"LineString","coordinates":[[-75.62406839557985,6.039718525007396],[-75.62548191936422,6.040926781761335],[-75.62461003177876,6.04158008341992]]}},{"type":"Feature","properties":{"RIO":0,"N_QUEBRADA":"QUEBRADA LA MINA"},"geometry":{"type":"LineString","coordinates":[[-75.62461003177876,6.04158008341992],[-75.62420053912646,6.044079075946494],[-75.62286588294471,6.045198770432865]]}},{"type":"Feature","properties":{"RIO":0,"N_QUEBRADA":"QUEBRADA DE MANDIJUI"},"geometry":{"type":"LineString","coordinates":[[-75.2880563453591,6.5086607487401755],[-75.28288538359872,6.508549878388027],[-75.28090687459252,6.50932643469414]]}},{"type":"Feature","properties":{"RIO":0,"N_QUEBRADA":"QUEBRADA SECA 1"},"geometry":{"type":"LineString","coordinates":[[-75.5364575371902,6.2940484414867335],[-75.5409875840802,6.295970897894241],[-75.54204070983738,6.298353826902814]]}},{"type":"Feature","properties":{"RIO":0,"N_QUEBRADA":"CAÑO EL SALADITO"},"geometry":{"type":"LineString","coordinates":[[-75.6095921775141,6.21368104657437],[-75.60771044584887,6.2127312525085125],[-75.60508511095509,6.212913685551703]]}},{"type":"Feature","properties":{"RIO":0,"N_QUEBRADA":"QUEBRADA EL QUICUYO"},"geometry":{"type":"LineString","coordinates":[[-75.6330934727119,6.350926574762599],[-75.62934854336768,6.356938428067957],[-75.62895378221496,6.359163949326952]]}},{"type":"Feature","properties":{"RIO":0,"N_QUEBRADA":"QUEBRADA BELLAVISTA"},"geometry":{"type":"LineString","coordinates":[[-75.6162468137552,6.213417158457188],[-75.61466778471366,6.217985909164712],[-75.61566675908881,6.219774908686142]]}},{"type":"Feature","properties":{"RIO":0,"N_QUEBRADA":"QUEBRADA LA PRESIDENTA"},"geometry":{"type":"LineString","coordinates":[[-75.5305514089229,6.205178722314941],[-75.53122300389157,6.206276759030584],[-75.53470121832834,6.205986089284815]]}},{"type":"Feature","properties":{"RIO":0,"N_QUEBRADA":"QUEBRADA LA GUAYABALA ORIENTAL"},"geometry":{"type":"LineString","coordinates":[[-75.5884518548492,6.209157992996802],[-75.58673103165196,6.212723064048077],[-75.58587249259826,6.218971739805869]]}},{"type":"Feature","properties":{"RIO":0,"N_QUEBRADA":"CAÑO LA GRANJA"},"geometry":{"type":"LineString","coordinates":[[-75.63771093890696,6.228309327774845],[-75.63588081478974,6.228693958457921],[-75.63318822207773,6.23282828008738]]}},{"type":"Feature","properties":{"RIO":0,"N_QUEBRADA":"QUEBRADA MASAMAGREL"},"geometry":{"type":"LineString","coordinates":[[-75.58530516361131,6.27030065607769],[-75.58590549222083,6.271371912167124],[-75.58530871893788,6.271820927397044]]}},{"type":"Feature","properties":{"RIO":0,"N_QUEBRADA":"QUEBRADA LA BUGA"},"geometry":{"type":"LineString","coordinates":[[-75.63605993641166,6.222416424284217],[-75.6350712588134,6.222999526930712],[-75.63311440330399,6.222647087551837]]}},{"type":"Feature","properties":{"RIO":0,"N_QUEBRADA":"CAÑADA HONDA"},"geometry":{"type":"LineString","coordinates":[[-75.55874752712003,6.35315672060265],[-75.55944474197393,6.350385741576418],[-75.56077671012284,6.349391524529442]]}},{"type":"Feature","properties":{"RIO":0,"N_QUEBRADA":"QUEBRADA QUINTANILLA"},"geometry":{"type":"LineString","coordinates":[[-75.5905534547923,6.290513586848922],[-75.58648697847629,6.287645094488006],[-75.58566400982852,6.288357480185789]]}},{"type":"Feature","properties":{"RIO":0,"N_QUEBRADA":"QUEBRADA LA MOÑONGA"},"geometry":{"type":"LineString","coordinates":[[-75.59182809152574,6.27719914274799],[-75.58909450194358,6.273347410231017],[-75.5878636016056,6.2733763062603405]]}},{"type":"Feature","properties":{"RIO":0,"N_QUEBRADA":"QUEBRADA ALTAVISTA"},"geometry":{"type":"LineString","coordinates":[[-75.61647459247013,6.221495306339875],[-75.6159071534179,6.222160113229673],[-75.61437228938473,6.222083348253484]]}},{"type":"Feature","properties":{"RIO":0,"N_QUEBRADA":"CAÑO LA MOTA"},"geometry":{"type":"LineString","coordinates":[[-75.60005852099228,6.216478610870911],[-75.59942044967677,6.21611196513195],[-75.59982850246128,6.215487132117303]]}},{"type":"Feature","properties":{"RIO":0,"N_QUEBRADA":"QUEBRADA LA PICACHA"},"geometry":{"type":"LineString","coordinates":[[-75.6184149279661,6.236821387128287],[-75.61556252000672,6.236639884334464],[-75.61350416451894,6.235287143947868]]}},{"type":"Feature","properties":{"RIO":0,"N_QUEBRADA":"QUEBRADA LA PICACHA"},"geometry":{"type":"LineString","coordinates":[[-75.63584112330707,6.232381538773191],[-75.63529782182104,6.232947550612722],[-75.63318822207773,6.23282828008738]]}},{"type":"Feature","properties":{"RIO":0,"N_QUEBRADA":"QUEBRADA LA ESPADERA 3"},"geometry":{"type":"LineString","coordinates":[[-75.5212184425972,6.199748248153189],[-75.52021289811348,6.201532104027325],[-75.52113025859693,6.205558740237035]]}},{"type":"Feature","properties":{"RIO":0,"N_QUEBRADA":"CAÑO HUASIPUNGO"},"geometry":{"type":"LineString","coordinates":[[-75.55432503821535,6.190924116113542],[-75.55597299598354,6.191103417798387],[-75.5582845489234,6.190078991969658]]}},{"type":"Feature","properties":{"RIO":0,"N_QUEBRADA":"QUEBRADA SANTA LUCIA"},"geometry":{"type":"LineString","coordinates":[[-75.5073025425115,6.211946531715266],[-75.50630792034738,6.213744156112175],[-75.50345434536518,6.215136270083786]]}},{"type":"Feature","properties":{"RIO":0,"N_QUEBRADA":"QUEBRADA LA POBLADA"},"geometry":{"type":"LineString","coordinates":[[-75.54838542130749,6.20976046189567],[-75.54990305628829,6.209631240394632],[-75.55173013906644,6.210498394100933]]}},{"type":"Feature","properties":{"RIO":0,"N_QUEBRADA":"QUEBRADA LA CHIRIMOLLA"},"geometry":{"type":"LineString","coordinates":[[-75.51952278680858,6.232863691797351],[-75.5198655335578,6.230881181300346],[-75.52189268298687,6.229442845025515]]}},{"type":"Feature","properties":{"RIO":0,"N_QUEBRADA":"QUEBRADA GALLINAZA"},"geometry":{"type":"LineString","coordinates":[[-75.53951538669097,6.239289998160867],[-75.5409540328257,6.238122192769664],[-75.54496042024083,6.239307289560055]]}},{"type":"Feature","properties":{"RIO":0,"N_QUEBRADA":"QUEBRADA GALLINAZA 1"},"geometry":{"type":"LineString","coordinates":[[-75.53608030460875,6.241563556855148],[-75.5374703537767,6.241313215093669],[-75.53855708280246,6.239477740393337]]}},{"type":"Feature","properties":{"RIO":0,"N_QUEBRADA":"QUEBRADA LA LOQUITA"},"geometry":{"type":"LineString","coordinates":[[-75.5359017587099,6.245930119106733],[-75.54020060777965,6.244878298724552],[-75.54023479285486,6.243195672374894]]}},{"type":"Feature","properties":{"RIO":0,"N_QUEBRADA":"QUEBRADA LA ÑATA"},"geometry":{"type":"LineString","coordinates":[[-75.52206006462822,6.242406619184102],[-75.52296029117907,6.241160670486196],[-75.5227891651203,6.238056861282642]]}},{"type":"Feature","properties":{"RIO":0,"N_QUEBRADA":"QUEBRADA LA CASTRO 6"},"geometry":{"type":"LineString","coordinates":[[-75.52253688795122,6.26140126333535],[-75.52350709222868,6.259811978098902],[-75.52373980131037,6.257227735051451]]}},{"type":"Feature","properties":{"RIO":0,"N_QUEBRADA":"QUEBRADA SANTA LUCIA"},"geometry":{"type":"LineString","coordinates":[[-75.5249078208561,6.232963686420903],[-75.52703178353475,6.231590804250799],[-75.52758566319474,6.232008257147969]]}},{"type":"Feature","properties":{"RIO":0,"N_QUEBRADA":"QUEBRADA RAMAL COLEGIATURA"},"geometry":{"type":"LineString","coordinates":[[-75.54417613027792,6.209270966918597],[-75.54662781006543,6.208511791550884],[-75.54838542130749,6.20976046189567]]}},{"type":"Feature","properties":{"RIO":0,"N_QUEBRADA":"QUEBRADA LA CUENCA 1"},"geometry":{"type":"LineString","coordinates":[[-75.5465687148865,6.211823242906162],[-75.54990276895586,6.210680002392024],[-75.55118922194023,6.211079264707289]]}},{"type":"Feature","properties":{"RIO":0,"N_QUEBRADA":"QUEBRADA YERBALIT"},"geometry":{"type":"LineString","coordinates":[[-75.54884699457257,6.218228005946249],[-75.54990818636733,6.218488495027606],[-75.5535469893573,6.216355098240459]]}},{"type":"Feature","properties":{"RIO":0,"N_QUEBRADA":"QUEBRADA CANTARRANA"},"geometry":{"type":"LineString","coordinates":[[-75.52206804702024,6.233761399455683],[-75.52367672310963,6.232774913016008],[-75.5249078208561,6.232963686420903]]}},{"type":"Feature","properties":{"RIO":0,"N_QUEBRADA":"QUEBRADA SANTA ELENA"},"geometry":{"type":"LineString","coordinates":[[-75.5191896887423,6.228584036034912],[-75.51997873348589,6.228266369244479],[-75.52153816370144,6.229312699577559]]}},{"type":"Feature","properties":{"RIO":0,"N_QUEBRADA":"QUEBRADA EL CHUPADERO"},"geometry":{"type":"LineString","coordinates":[[-75.5289003965249,6.213539510493293],[-75.52934445871202,6.215505270187686],[-75.53037399293977,6.216148483778785]]}},{"type":"Feature","properties":{"RIO":0,"N_QUEBRADA":"QUEBRADA LA ESPADERA"},"geometry":{"type":"LineString","coordinates":[[-75.52421864932171,6.224416404137627],[-75.52324683156003,6.225924508885987],[-75.52441390383109,6.22932983493069]]}},{"type":"Feature","properties":{"RIO":0,"N_QUEBRADA":"QUEBRADA EL CEDRO"},"geometry":{"type":"LineString","coordinates":[[-75.4848879394021,6.199555290381977],[-75.48661632097567,6.200697715668806],[-75.4886712491802,6.2001503476255895]]}},{"type":"Feature","properties":{"RIO":0,"N_QUEBRADA":"QUEBRADA VICENZA"},"geometry":{"type":"LineString","coordinates":[[-75.55127509375922,6.192993911351292],[-75.5537198586064,6.19359893729319],[-75.55630173923691,6.1956348655073334]]}},{"type":"Feature","properties":{"RIO":0,"N_QUEBRADA":"QUEBRADA LA PRESIDENTA"},"geometry":{"type":"LineString","coordinates":[[-75.56698806680076,6.207199610355363],[-75.5703827605373,6.208244216399129],[-75.57129938516302,6.207667635734527]]}},{"type":"Feature","properties":{"RIO":0,"N_QUEBRADA":"QUEBRADA LA CANGREJA"},"geometry":{"type":"LineString","coordinates":[[-75.55093866330157,6.228805859683505],[-75.5509836537004,6.23146727611604],[-75.55206136016673,6.2326823310106665]]}},{"type":"Feature","properties":{"RIO":0,"N_QUEBRADA":"QUEBRADA LA GARCIA"},"geometry":{"type":"LineString","coordinates":[[-75.61766527137782,6.365466493260723],[-75.61648926149176,6.365543491125358],[-75.61663992659099,6.36425697406405]]}},{"type":"Feature","properties":{"RIO":0,"N_QUEBRADA":"QUEBRADA LA LOPEZ"},"geometry":{"type":"LineString","coordinates":[[-75.32140627752091,6.423975846016499],[-75.32196673055996,6.424501267019828],[-75.3217049630345,6.425634843676467]]}},{"type":"Feature","properties":{"RIO":0,"N_QUEBRADA":"QUEBRADA LA LOPEZ"},"geometry":{"type":"LineString","coordinates":[[-75.32449904989991,6.429162140632542],[-75.32504816483403,6.430054997131371],[-75.3246311588414,6.430490897172931]]}},{"type":"Feature","properties":{"RIO":0,"N_QUEBRADA":"QUEBRADA SALINAS"},"geometry":{"type":"LineString","coordinates":[[-75.50782165208088,6.314060565972355],[-75.50569640183022,6.315238474456519],[-75.5056620967152,6.316302875529472]]}},{"type":"Feature","properties":{"RIO":0,"N_QUEBRADA":"QUEBRADA LA GRANDE"},"geometry":{"type":"LineString","coordinates":[[-75.65872911405543,6.147501045663927],[-75.65777326809267,6.14868872416393],[-75.65669882000815,6.148508140438402]]}},{"type":"Feature","properties":{"RIO":0,"N_QUEBRADA":"QUEBRADA LA PANADERIA"},"geometry":{"type":"LineString","coordinates":[[-75.49896169774658,6.331052411451662],[-75.49978080090813,6.33022449965579],[-75.5018047036516,6.3313143827765535]]}},{"type":"Feature","properties":{"RIO":0,"N_QUEBRADA":"QUEBRADA LA JUSTINA"},"geometry":{"type":"LineString","coordinates":[[-75.48973308658199,6.317212016424155],[-75.4909112544186,6.318278770922925],[-75.49174718319578,6.318112603261816]]}},{"type":"Feature","properties":{"RIO":0,"N_QUEBRADA":"QUEBRADA LAS ANIMAS"},"geometry":{"type":"LineString","coordinates":[[-75.49521648893341,6.30641780987733],[-75.49643389539227,6.307066246662549],[-75.49984426688347,6.306881782866978]]}},{"type":"Feature","properties":{"RIO":0,"N_QUEBRADA":"QUEBRADA TIBURSIO"},"geometry":{"type":"LineString","coordinates":[[-75.49925821789293,6.27629294745646],[-75.4955361310223,6.277101406561681],[-75.49565338792382,6.2765812204225675]]}},{"type":"Feature","properties":{"RIO":0,"N_QUEBRADA":"QUEBRADA LA FEVRE"},"geometry":{"type":"LineString","coordinates":[[-75.51930309642921,6.269002413715119],[-75.5178801537046,6.270480861773132],[-75.51637096541322,6.270594659891805]]}},{"type":"Feature","properties":{"RIO":0,"N_QUEBRADA":"QUEBRADA PIEDRAS BLANCAS"},"geometry":{"type":"LineString","coordinates":[[-75.49555774234415,6.283576038554453],[-75.49640345721669,6.28445196242882],[-75.49687013208745,6.283874221125846]]}},{"type":"Feature","properties":{"RIO":0,"N_QUEBRADA":"QUEBRADA LA GARCIA"},"geometry":{"type":"LineString","coordinates":[[-75.62862196832283,6.373965256925122],[-75.62817609935361,6.375563738608417],[-75.62704111838644,6.37555223580609]]}},{"type":"Feature","properties":{"RIO":0,"N_QUEBRADA":"QUEBRADA LA GARCIA"},"geometry":{"type":"LineString","coordinates":[[-75.6036445908261,6.362067057229446],[-75.59947322102472,6.361227650832579],[-75.59875292212605,6.360121881328171]]}},{"type":"Feature","properties":{"RIO":0,"N_QUEBRADA":"QUEBRADA HOLANDA"},"geometry":{"type":"LineString","coordinates":[[-75.62583784929086,6.353081713457081],[-75.6240071542955,6.352675071938795],[-75.62087021825174,6.353537121697518]]}},{"type":"Feature","properties":{"RIO":0,"N_QUEBRADA":"QUEBRADA HOLANDA"},"geometry":{"type":"LineString","coordinates":[[-75.6292759252317,6.351782336254131],[-75.62744709522569,6.351729480508334],[-75.62620597689828,6.353057838013453]]}},{"type":"Feature","properties":{"RIO":0,"N_QUEBRADA":"QUEBRADA CHACHAFRUTO"},"geometry":{"type":"LineString","coordinates":[[-75.55746497130468,6.387826014368851],[-75.55842403971705,6.388491488483063],[-75.56140260590642,6.38851838137438]]}},{"type":"Feature","properties":{"RIO":0,"N_QUEBRADA":"QUEBRADA LA AVELINA"},"geometry":{"type":"LineString","coordinates":[[-75.58797940780791,6.337667816651051],[-75.58681315382508,6.33727757742952],[-75.58574358728423,6.337947858769515]]}},{"type":"Feature","properties":{"RIO":0,"N_QUEBRADA":"QUEBRADA LA GARCIA"},"geometry":{"type":"LineString","coordinates":[[-75.5819787920043,6.355262043473169],[-75.57840956725254,6.355534127118654],[-75.57840122179837,6.354201176010712]]}},{"type":"Feature","properties":{"RIO":0,"N_QUEBRADA":"QUEBRADA MINITAS"},"geometry":{"type":"LineString","coordinates":[[-75.61835321480434,6.352508513061557],[-75.61721690097166,6.35279487039916],[-75.61751967525659,6.353280032836807]]}},{"type":"Feature","properties":{"RIO":0,"N_QUEBRADA":"QUEBRADA MINITAS"},"geometry":{"type":"LineString","coordinates":[[-75.61317897511385,6.353294519131733],[-75.6123429272033,6.352569334791465],[-75.61125480376555,6.352766641616098]]}},{"type":"Feature","properties":{"RIO":0,"N_QUEBRADA":"QUEBRADA LA GALLINAZA"},"geometry":{"type":"LineString","coordinates":[[-75.60783700297891,6.366823990190772],[-75.60707078779615,6.363240679171143],[-75.6036445908261,6.362067057229446]]}},{"type":"Feature","properties":{"RIO":0,"N_QUEBRADA":"QUEBRADA ENCENILLAL"},"geometry":{"type":"LineString","coordinates":[[-75.63777271949208,6.35970008349814],[-75.63681732171895,6.359341197847479],[-75.63672320170771,6.358545343336379]]}},{"type":"Feature","properties":{"RIO":0,"N_QUEBRADA":"QUEBRADA ARENALES"},"geometry":{"type":"LineString","coordinates":[[-75.4176915672735,6.364088313289323],[-75.41779169370425,6.366206514847579],[-75.41830214980223,6.366343810438035]]}},{"type":"Feature","properties":{"RIO":0,"N_QUEBRADA":"QUEBRADA EL SALADO"},"geometry":{"type":"LineString","coordinates":[[-75.42480182596587,6.347536386400816],[-75.42543457899811,6.34964195641329],[-75.42639471231695,6.350239129578034]]}},{"type":"Feature","properties":{"RIO":0,"N_QUEBRADA":"QUEBRADA SAN ANTONIO"},"geometry":{"type":"LineString","coordinates":[[-75.42175308902227,6.343661869116006],[-75.42260452496734,6.344603677119551],[-75.4218572405811,6.345017212416934]]}},{"type":"Feature","properties":{"RIO":0,"N_QUEBRADA":"QUEBRADA EL HATO"},"geometry":{"type":"LineString","coordinates":[[-75.69240875207484,6.229480133907833],[-75.69082901874171,6.22889024459896],[-75.68776119142635,6.230178903643867]]}},{"type":"Feature","properties":{"RIO":0,"N_QUEBRADA":"CAÑO RODRIGO ARROYAVE"},"geometry":{"type":"LineString","coordinates":[[-75.6524656507678,6.194609850880848],[-75.65162318813408,6.193322434355058],[-75.65227791321281,6.190517952083791]]}},{"type":"Feature","properties":{"RIO":0,"N_QUEBRADA":"QUEBRADA LA CHISPA"},"geometry":{"type":"LineString","coordinates":[[-75.60303751808445,6.308781834749076],[-75.60040826011448,6.308592155753687],[-75.5969264162782,6.307077619756121]]}},{"type":"Feature","properties":{"RIO":0,"N_QUEBRADA":"QUEBRADA JAMUNDI"},"geometry":{"type":"LineString","coordinates":[[-75.41807140932747,6.354324008889419],[-75.4186468341717,6.356134158023142],[-75.42021453919152,6.357293866077243]]}},{"type":"Feature","properties":{"RIO":0,"N_QUEBRADA":"QUEBRADA EL TABANO"},"geometry":{"type":"LineString","coordinates":[[-75.45073195477755,6.366610854618074],[-75.4503795368536,6.368529638374161],[-75.44871957835731,6.369750101413545]]}},{"type":"Feature","properties":{"RIO":0,"N_QUEBRADA":"QUEBRADA EL TABANO"},"geometry":{"type":"LineString","coordinates":[[-75.44293944844563,6.377038689381779],[-75.44158977963406,6.37707055230542],[-75.44134386660474,6.378042299629711]]}},{"type":"Feature","properties":{"RIO":0,"N_QUEBRADA":"QUEBRADA LA SORBETANA"},"geometry":{"type":"LineString","coordinates":[[-75.65402758412974,6.221046924196938],[-75.65478539961804,6.21975293164711],[-75.65733021311502,6.218547314673682]]}},{"type":"Feature","properties":{"RIO":0,"N_QUEBRADA":"QUEBRADA LA ISABELA"},"geometry":{"type":"LineString","coordinates":[[-75.63201265452464,6.19806809319873],[-75.63474039978429,6.196838569282348],[-75.63570345115279,6.194508916706286]]}},{"type":"Feature","properties":{"RIO":0,"N_QUEBRADA":"QUEBRADA EL ESTABLO"},"geometry":{"type":"LineString","coordinates":[[-75.64783731945138,6.207381751420208],[-75.6462876664301,6.203845135770651],[-75.64642380411709,6.201180848534406]]}},{"type":"Feature","properties":{"RIO":0,"N_QUEBRADA":"QUEBRADA DOÑA MARIA"},"geometry":{"type":"LineString","coordinates":[[-75.68343560167713,6.238367480905922],[-75.68172662642009,6.237694808898742],[-75.68084036474565,6.23595091580775]]}},{"type":"Feature","properties":{"RIO":0,"N_QUEBRADA":"QUEBRADA LOS ORGANOS"},"geometry":{"type":"LineString","coordinates":[[-75.65848444834567,6.19789544242741],[-75.65980394457327,6.198671971535264],[-75.66163048724628,6.198619061082704]]}},{"type":"Feature","properties":{"RIO":0,"N_QUEBRADA":"QUEBRADA LA CHAPARRALA"},"geometry":{"type":"LineString","coordinates":[[-75.66149057031421,6.16552097680115],[-75.66102756738024,6.166756101191376],[-75.65819390711455,6.168374932652915]]}},{"type":"Feature","properties":{"RIO":0,"N_QUEBRADA":"QUEBRADA EL ZANJON DEL ALTO DE LA LOMA"},"geometry":{"type":"LineString","coordinates":[[-75.6202149549494,6.179441174285249],[-75.61619976505293,6.178531585320356],[-75.61275309894272,6.176031766672292]]}},{"type":"Feature","properties":{"RIO":0,"N_QUEBRADA":"QUEBRADA MARGERITA"},"geometry":{"type":"LineString","coordinates":[[-75.6225867165054,6.192757226849824],[-75.62136676310415,6.192051652485836],[-75.62052003896855,6.190211474932738]]}},{"type":"Feature","properties":{"RIO":0,"N_QUEBRADA":"QUEBRADA LA MOLINA"},"geometry":{"type":"LineString","coordinates":[[-75.62055472440397,6.195965912697916],[-75.61944978163733,6.192950859538229],[-75.61683879837035,6.19117621274085]]}},{"type":"Feature","properties":{"RIO":0,"N_QUEBRADA":"QUEBRADA LOS OSPINA"},"geometry":{"type":"LineString","coordinates":[[-75.6698393431449,6.161629617659927],[-75.66814158863514,6.159924890791423],[-75.66695076539924,6.159912224437666]]}},{"type":"Feature","properties":{"RIO":0,"N_QUEBRADA":"QUEBRADA GUAPANTE"},"geometry":{"type":"LineString","coordinates":[[-75.66705385188288,6.253817806668718],[-75.6690721398752,6.253365200578631],[-75.6694616992024,6.2502730695760595]]}},{"type":"Feature","properties":{"RIO":0,"N_QUEBRADA":"QUEBRADA LA ASTILLERA"},"geometry":{"type":"LineString","coordinates":[[-75.67853062739852,6.247724764894221],[-75.67833042354268,6.245568466552268],[-75.67902580600203,6.24491009561838]]}},{"type":"Feature","properties":{"RIO":0,"N_QUEBRADA":"QUEBRADA DOÑA MARIA"},"geometry":{"type":"LineString","coordinates":[[-75.68879483748563,6.24821827943252],[-75.68904085355219,6.247219431442304],[-75.6884388159364,6.2466996331726845]]}},{"type":"Feature","properties":{"RIO":0,"N_QUEBRADA":"QUEBRADA DOÑA MARIA"},"geometry":{"type":"LineString","coordinates":[[-75.68760719897169,6.245831536488475],[-75.68778590266945,6.245075148243924],[-75.6859200961318,6.242734435026068]]}},{"type":"Feature","properties":{"RIO":0,"N_QUEBRADA":"QUEBRADA CAJONES"},"geometry":{"type":"LineString","coordinates":[[-75.66264138152808,6.238901601562122],[-75.66369677491365,6.238567065667723],[-75.6645595434699,6.239321972820663]]}},{"type":"Feature","properties":{"RIO":0,"N_QUEBRADA":"QUEBRADA EL BARCINO"},"geometry":{"type":"LineString","coordinates":[[-75.6629826150778,6.218090209368884],[-75.66330214003911,6.217261173579139],[-75.6643593072006,6.2172380745175975]]}},{"type":"Feature","properties":{"RIO":0,"N_QUEBRADA":"QUEBRADA DOÑA MARIA"},"geometry":{"type":"LineString","coordinates":[[-75.67846607265535,6.22968106624263],[-75.67911504068002,6.228742264809412],[-75.67865838958826,6.227724429250864]]}},{"type":"Feature","properties":{"RIO":0,"N_QUEBRADA":"QUEBRADA EL CARATEJO"},"geometry":{"type":"LineString","coordinates":[[-75.6909685389054,6.193674980458687],[-75.69089820065322,6.195481562478931],[-75.69236460261955,6.196317496742062]]}},{"type":"Feature","properties":{"RIO":0,"N_QUEBRADA":"QUEBRADA DOÑA MARIA"},"geometry":{"type":"LineString","coordinates":[[-75.67066172284824,6.2127040877580875],[-75.6687838908487,6.21019578293002],[-75.66918123269204,6.209464504118366]]}},{"type":"Feature","properties":{"RIO":0,"N_QUEBRADA":"QUEBRADA LA OSPINA"},"geometry":{"type":"LineString","coordinates":[[-75.62564588923316,6.166703074945986],[-75.6200699559957,6.169331974666488],[-75.61920849418476,6.171582744407703]]}},{"type":"Feature","properties":{"RIO":0,"N_QUEBRADA":"QUEBRADA LA VALERIA"},"geometry":{"type":"LineString","coordinates":[[-75.64993037505015,6.092948455124653],[-75.64945797267558,6.09353626509141],[-75.64823157078898,6.093222776343473]]}},{"type":"Feature","properties":{"RIO":0,"N_QUEBRADA":"QUEBRADA LA SORBETANA"},"geometry":{"type":"LineString","coordinates":[[-75.6596063269842,6.2178120568375865],[-75.6618606746498,6.217401772968801],[-75.66175081846488,6.216524891854785]]}},{"type":"Feature","properties":{"RIO":0,"N_QUEBRADA":"QUEBRADA DOÑA MARIA"},"geometry":{"type":"LineString","coordinates":[[-75.6443051291615,6.188965054351189],[-75.64392430057934,6.187933830296754],[-75.64283489803094,6.187533804186673]]}},{"type":"Feature","properties":{"RIO":0,"N_QUEBRADA":"QUEBRADA LA OSPINA"},"geometry":{"type":"LineString","coordinates":[[-75.66473159292953,6.160541041629294],[-75.66105017589929,6.16177455510907],[-75.65446359837028,6.161456001007591]]}},{"type":"Feature","properties":{"RIO":0,"N_QUEBRADA":"QUEBRADA LA JUSTA"},"geometry":{"type":"LineString","coordinates":[[-75.6524206504529,6.166899618905176],[-75.64938290398646,6.166910274946702],[-75.64741622349014,6.168173972143174]]}},{"type":"Feature","properties":{"RIO":0,"N_QUEBRADA":"QUEBRADA LA CORNETA"},"geometry":{"type":"LineString","coordinates":[[-75.64331190806917,6.164630150971043],[-75.63706466993528,6.164331943387052],[-75.63511319910475,6.16651923550405]]}},{"type":"Feature","properties":{"RIO":0,"N_QUEBRADA":"QUEBRADA DOÑA MARIA"},"geometry":{"type":"LineString","coordinates":[[-75.60919463851468,6.175558745790841],[-75.6068742347401,6.175641561268986],[-75.6037311958704,6.1775247421583135]]}},{"type":"Feature","properties":{"RIO":0,"N_QUEBRADA":"QUEBRADA ARENALA"},"geometry":{"type":"LineString","coordinates":[[-75.6063970167025,6.184896651272209],[-75.60406643605684,6.184023321477705],[-75.60145841675688,6.184765719151174]]}},{"type":"Feature","properties":{"RIO":0,"N_QUEBRADA":"QUEBRADA LA VALERIA"},"geometry":{"type":"LineString","coordinates":[[-75.65326925656628,6.092869502779558],[-75.65222230242486,6.0933154725692],[-75.65194417511633,6.0928325180816625]]}},{"type":"Feature","properties":{"RIO":0,"N_QUEBRADA":"QUEBRADA GUARANI"},"geometry":{"type":"LineString","coordinates":[[-75.59941769856889,6.306241874132242],[-75.59679452000572,6.306321867508265],[-75.5945338514112,6.307717049410897]]}},{"type":"Feature","properties":{"RIO":0,"N_QUEBRADA":"QUEBRADA LA MADERA"},"geometry":{"type":"LineString","coordinates":[[-75.5945338514112,6.307717049410897],[-75.59381254693896,6.308447873492064],[-75.59038750665182,6.308850677733025]]}},{"type":"Feature","properties":{"RIO":0,"N_QUEBRADA":"QUEBRADA EL PICACHO"},"geometry":{"type":"LineString","coordinates":[[-75.5887786763675,6.305390066830545],[-75.58753711531467,6.305592594791992],[-75.5867833579219,6.3067586147512396]]}},{"type":"Feature","properties":{"RIO":0,"N_QUEBRADA":"QUEBRADA LA PICACHITA"},"geometry":{"type":"LineString","coordinates":[[-75.5914090423441,6.311781961723809],[-75.59014738945689,6.312108839926459],[-75.58863402922442,6.313907943985856]]}},{"type":"Feature","properties":{"RIO":0,"N_QUEBRADA":"QUEBRADA EL HATO"},"geometry":{"type":"LineString","coordinates":[[-75.58656208006596,6.334909263441816],[-75.58609976456505,6.334443917737641],[-75.5843252950775,6.334862354771956]]}},{"type":"Feature","properties":{"RIO":0,"N_QUEBRADA":"QUEBRADA LA SOFIA"},"geometry":{"type":"LineString","coordinates":[[-75.58686733979489,6.323823780381085],[-75.58502855814095,6.32508790672376],[-75.58461895286733,6.326598549927812]]}},{"type":"Feature","properties":{"RIO":0,"N_QUEBRADA":"QUEBRADA SANTANA"},"geometry":{"type":"LineString","coordinates":[[-75.57231557210298,6.324505685724478],[-75.5714192053711,6.325303972418186],[-75.56941443474136,6.325301532980621]]}},{"type":"Feature","properties":{"RIO":0,"N_QUEBRADA":"QUEBRADA EL HATO"},"geometry":{"type":"LineString","coordinates":[[-75.61345886743734,6.33717223537572],[-75.61283688092512,6.336341018386997],[-75.61242823741316,6.337524475618693]]}},{"type":"Feature","properties":{"RIO":0,"N_QUEBRADA":"QUEBRADA EL LIMO"},"geometry":{"type":"LineString","coordinates":[[-75.64629546262225,6.312919851475671],[-75.64721624749559,6.310687069992908],[-75.64688952566092,6.3069127021412]]}},{"type":"Feature","properties":{"RIO":0,"N_QUEBRADA":"QUEBRADA LA AGUACATALA"},"geometry":{"type":"LineString","coordinates":[[-75.55191548566476,6.182310342234107],[-75.55459433123686,6.18235810755569],[-75.55612589960053,6.18127089776656]]}},{"type":"Feature","properties":{"RIO":0,"N_QUEBRADA":"QUEBRADA SEMINARISTA"},"geometry":{"type":"LineString","coordinates":[[-75.5379994384614,6.386433407076045],[-75.5373754816935,6.383106011922396],[-75.53779823309591,6.381677507114449]]}},{"type":"Feature","properties":{"RIO":0,"N_QUEBRADA":"QUEBRADA LA MERCED"},"geometry":{"type":"LineString","coordinates":[[-75.61752902471605,6.279003825477982],[-75.61718615686782,6.2775101936809],[-75.61531599706413,6.276218928335876]]}},{"type":"Feature","properties":{"RIO":0,"N_QUEBRADA":"QUEBRADA LA SALADA"},"geometry":{"type":"LineString","coordinates":[[-75.61955417705364,6.247707001246661],[-75.61872245065607,6.249552959319126],[-75.618743573903,6.253519238135296]]}},{"type":"Feature","properties":{"RIO":0,"N_QUEBRADA":"CAÑO EL PORVENIR"},"geometry":{"type":"LineString","coordinates":[[-75.6071964200816,6.280050584444701],[-75.60710248010508,6.278700692688717],[-75.6081734935266,6.277604716439541]]}},{"type":"Feature","properties":{"RIO":0,"N_QUEBRADA":"QUEBRADA LA HONDA"},"geometry":{"type":"LineString","coordinates":[[-75.62975051278801,6.295809663057436],[-75.63031067901352,6.2940424368082],[-75.62962425536116,6.290152041948799]]}},{"type":"Feature","properties":{"RIO":0,"N_QUEBRADA":"QUEBRADA LA AGUACATALA"},"geometry":{"type":"LineString","coordinates":[[-75.56616571227956,6.187200707448768],[-75.5736062451539,6.18958935033753],[-75.57519863943423,6.191732279830712]]}},{"type":"Feature","properties":{"RIO":0,"N_QUEBRADA":"COBERTURA CALLE 31"},"geometry":{"type":"LineString","coordinates":[[-75.56990534230117,6.230512364287668],[-75.56991285543485,6.2312119157145185],[-75.575646504849,6.23346710544112]]}},{"type":"Feature","properties":{"RIO":0,"N_QUEBRADA":"QUEBRADA LA POTRERA"},"geometry":{"type":"LineString","coordinates":[[-75.6449659651918,6.268724243461196],[-75.64431951042025,6.270542942857383],[-75.6417737326833,6.271940709252097]]}},{"type":"Feature","properties":{"RIO":0,"N_QUEBRADA":"CAÑO LAS PLAYAS"},"geometry":{"type":"LineString","coordinates":[[-75.65071726176883,6.2814951481349],[-75.64896073428619,6.281429066324914],[-75.64764637865639,6.282647639055086]]}},{"type":"Feature","properties":{"RIO":0,"N_QUEBRADA":"QUEBRADA CASCUA"},"geometry":{"type":"LineString","coordinates":[[-75.62084174582355,6.283079091661514],[-75.6196550286377,6.27725864576502],[-75.6157172844661,6.2738043055742825]]}},{"type":"Feature","properties":{"RIO":0,"N_QUEBRADA":"QUEBRADA LOS ALCAZARES"},"geometry":{"type":"LineString","coordinates":[[-75.60657217548798,6.261192175386971],[-75.60602159836789,6.26129212915562],[-75.60497166240549,6.25943007630786]]}},{"type":"Feature","properties":{"RIO":0,"N_QUEBRADA":"QUEBRADA LA CORCOVADA"},"geometry":{"type":"LineString","coordinates":[[-75.61016267363162,6.29985817989256],[-75.6087773179386,6.296685702055711],[-75.60871431629012,6.294522952791841]]}},{"type":"Feature","properties":{"RIO":0,"N_QUEBRADA":"QUEBRADA LA LEJIA"},"geometry":{"type":"LineString","coordinates":[[-75.6703579553623,6.280533811231223],[-75.6694459114755,6.279328220219747],[-75.66978785861262,6.278032987649458]]}},{"type":"Feature","properties":{"RIO":0,"N_QUEBRADA":"QUEBRADA LA LEJIA"},"geometry":{"type":"LineString","coordinates":[[-75.6662812839489,6.27770678990849],[-75.66387806378893,6.277288178483162],[-75.66409562167232,6.276439472091022]]}},{"type":"Feature","properties":{"RIO":0,"N_QUEBRADA":"QUEBRADA LA IGUANA"},"geometry":{"type":"LineString","coordinates":[[-75.5862239325424,6.263903977979525],[-75.5847517873006,6.261534653964383],[-75.58277252630221,6.260437443256241]]}},{"type":"Feature","properties":{"RIO":0,"N_QUEBRADA":"QUEBRADA LA GOMEZ"},"geometry":{"type":"LineString","coordinates":[[-75.601594808901,6.2862830994233025],[-75.60084652455355,6.28455911643483],[-75.59894057949661,6.284122475380457]]}},{"type":"Feature","properties":{"RIO":0,"N_QUEBRADA":"QUEBRADA EL HATO"},"geometry":{"type":"LineString","coordinates":[[-75.62492047301028,6.28371809842327],[-75.6241525546796,6.280429579798702],[-75.62449815544932,6.278687911908685]]}},{"type":"Feature","properties":{"RIO":0,"N_QUEBRADA":"QUEBRADA LA HUESO"},"geometry":{"type":"LineString","coordinates":[[-75.6325098359039,6.258578086023992],[-75.63068866931455,6.257248737257356],[-75.6268190224057,6.257634234626178]]}},{"type":"Feature","properties":{"RIO":0,"N_QUEBRADA":"QUEBRADA LORETO 1"},"geometry":{"type":"LineString","coordinates":[[-75.5623866266214,6.231400829349659],[-75.5636994621735,6.231936724151356],[-75.56539294553488,6.231422263558064]]}},{"type":"Feature","properties":{"RIO":0,"N_QUEBRADA":"COBERTURA CALLE 36"},"geometry":{"type":"LineString","coordinates":[[-75.56878818841147,6.235381482163963],[-75.5688119568238,6.236038129207035],[-75.5702857307143,6.236339915496563]]}},{"type":"Feature","properties":{"RIO":0,"N_QUEBRADA":"QUEBRADA EL MOLINO"},"geometry":{"type":"LineString","coordinates":[[-75.5624073033557,6.271887941985894],[-75.56628508555785,6.273348162005553],[-75.5695420454526,6.276505649822754]]}},{"type":"Feature","properties":{"RIO":0,"N_QUEBRADA":"QUEBRADA LOS ATAUDES"},"geometry":{"type":"LineString","coordinates":[[-75.5376651332249,6.2602031264286575],[-75.54017458098535,6.259951557554524],[-75.540835647135,6.259099341977196]]}},{"type":"Feature","properties":{"RIO":0,"N_QUEBRADA":"QUEBRADA LA AGUACATALA"},"geometry":{"type":"LineString","coordinates":[[-75.55612589960053,6.18127089776656],[-75.5604182355352,6.182303386305225],[-75.56043447766253,6.183496204089163]]}},{"type":"Feature","properties":{"RIO":0,"N_QUEBRADA":"QUEBRADA LA CHAPA"},"geometry":{"type":"LineString","coordinates":[[-75.2812740875824,6.42902648082558],[-75.28225662083494,6.428459421330014],[-75.28276846447547,6.426676395973004]]}},{"type":"Feature","properties":{"RIO":0,"N_QUEBRADA":"QUEBRADA EL GUANABANO"},"geometry":{"type":"LineString","coordinates":[[-75.41212179443613,6.432517999566689],[-75.41219941607012,6.431455196288544],[-75.41045797662903,6.4284332677662]]}},{"type":"Feature","properties":{"RIO":0,"N_QUEBRADA":"QUEBRADA EL VIENTO"},"geometry":{"type":"LineString","coordinates":[[-75.31834821905055,6.4039339086188],[-75.31695857308313,6.405396695621675],[-75.31416338338194,6.406614628038463]]}},{"type":"Feature","properties":{"RIO":0,"N_QUEBRADA":"QUEBRADA LA HERRADURA"},"geometry":{"type":"LineString","coordinates":[[-75.2823989642681,6.453666916360692],[-75.2826051218152,6.455634747588033],[-75.28117400674236,6.456291152030144]]}},{"type":"Feature","properties":{"RIO":0,"N_QUEBRADA":"QUEBRADA EL CHOCHO"},"geometry":{"type":"LineString","coordinates":[[-75.3533727075948,6.44555056081111],[-75.35152061242482,6.445972801464214],[-75.34984491316486,6.444816606179107]]}},{"type":"Feature","properties":{"RIO":0,"N_QUEBRADA":"QUEBRADA LA QUESARIEGA"},"geometry":{"type":"LineString","coordinates":[[-75.4395640927315,6.437012847852499],[-75.4384210682483,6.436692763252985],[-75.43784738046834,6.435333982163246]]}},{"type":"Feature","properties":{"RIO":0,"N_QUEBRADA":"QUEBRADA LA CHIQUITA"},"geometry":{"type":"LineString","coordinates":[[-75.36897659968406,6.461843369909542],[-75.3679990677947,6.461739763730995],[-75.36765991011094,6.46240480241056]]}},{"type":"Feature","properties":{"RIO":0,"N_QUEBRADA":"QUEBRADA YARUMITO"},"geometry":{"type":"LineString","coordinates":[[-75.30415709551468,6.463615430833367],[-75.30263371471125,6.46105184625975],[-75.3027471339392,6.459756244427064]]}},{"type":"Feature","properties":{"RIO":0,"N_QUEBRADA":"QUEBRADA SANTA ROSA"},"geometry":{"type":"LineString","coordinates":[[-75.33438293251716,6.463322804815936],[-75.3324434322594,6.460003007295319],[-75.33261397430508,6.45797732915622]]}},{"type":"Feature","properties":{"RIO":0,"N_QUEBRADA":"QUEBRADA LA PALMA"},"geometry":{"type":"LineString","coordinates":[[-75.38338987336012,6.300751522725309],[-75.3827027003678,6.301325484121511],[-75.3830140596404,6.302131507856527]]}},{"type":"Feature","properties":{"RIO":0,"N_QUEBRADA":"QUEBRADA EL PEÑASCO"},"geometry":{"type":"LineString","coordinates":[[-75.33747675652009,6.42396242415509],[-75.33852165035265,6.423728684982517],[-75.3393471124122,6.424401634520454]]}},{"type":"Feature","properties":{"RIO":0,"N_QUEBRADA":"QUEBRADA LA CHORRERA"},"geometry":{"type":"LineString","coordinates":[[-75.3303035431538,6.396706738193028],[-75.32977552773082,6.395471228409635],[-75.3281367404857,6.395647248533063]]}},{"type":"Feature","properties":{"RIO":0,"N_QUEBRADA":"QUEBRADA PIEDRAS BLANCAS"},"geometry":{"type":"LineString","coordinates":[[-75.32149464599264,6.396759144232447],[-75.3211199913659,6.398975994512257],[-75.3227328703701,6.400297016106095]]}},{"type":"Feature","properties":{"RIO":0,"N_QUEBRADA":"QUEBRADA LA PAVA"},"geometry":{"type":"LineString","coordinates":[[-75.56214529366922,6.143549545775559],[-75.5633994523753,6.143820508562591],[-75.56426189672037,6.14305864531326]]}},{"type":"Feature","properties":{"RIO":0,"N_QUEBRADA":"QUEBRADA LA AYURA"},"geometry":{"type":"LineString","coordinates":[[-75.56243179944207,6.131617712808738],[-75.5636720731193,6.13261295562701],[-75.56427083637078,6.134360350667913]]}},{"type":"Feature","properties":{"RIO":0,"N_QUEBRADA":"QUEBRADA LA MIEL"},"geometry":{"type":"LineString","coordinates":[[-75.57959416581501,6.119892375311046],[-75.5809327808511,6.120846333835176],[-75.5806928027034,6.122200290221615]]}},{"type":"Feature","properties":{"RIO":0,"N_QUEBRADA":"QUEBRADA EL ATRAVESADO"},"geometry":{"type":"LineString","coordinates":[[-75.56677551344126,6.160372115357803],[-75.56766386325202,6.16154350827624],[-75.5673914217293,6.162163098113724]]}},{"type":"Feature","properties":{"RIO":0,"N_QUEBRADA":"QUEBRADA MINA HONDA"},"geometry":{"type":"LineString","coordinates":[[-75.5774596799312,6.17905106482872],[-75.57836446262456,6.179629483740999],[-75.57977009360988,6.183988447441335]]}},{"type":"Feature","properties":{"RIO":0,"N_QUEBRADA":"QUEBRADA TRIANON"},"geometry":{"type":"LineString","coordinates":[[-75.5933104543689,6.160274102568585],[-75.59528171611873,6.161875728263657],[-75.5955818533452,6.163298381448768]]}},{"type":"Feature","properties":{"RIO":0,"N_QUEBRADA":"QUEBRADA EL SALADO"},"geometry":{"type":"LineString","coordinates":[[-75.489106482845,6.350252165753339],[-75.49131609245124,6.350665827509097],[-75.49322443979753,6.353081748961312]]}},{"type":"Feature","properties":{"RIO":0,"N_QUEBRADA":"QUEBRADA LA VETA"},"geometry":{"type":"LineString","coordinates":[[-75.50761989872511,6.375069741397555],[-75.5051918845347,6.373219026858547],[-75.5013410572168,6.368467733286915]]}},{"type":"Feature","properties":{"RIO":0,"N_QUEBRADA":"QUEBRADA LA VETA"},"geometry":{"type":"LineString","coordinates":[[-75.5013410572168,6.368467733286915],[-75.49931189287418,6.36736122211705],[-75.49469785104246,6.367028719982103]]}},{"type":"Feature","properties":{"RIO":0,"N_QUEBRADA":"QUEBRADA RODAS"},"geometry":{"type":"LineString","coordinates":[[-75.53555879062722,6.33008400566669],[-75.5360083660268,6.332722459490182],[-75.53512313096918,6.334986038412404]]}},{"type":"Feature","properties":{"RIO":0,"N_QUEBRADA":"RIO ABURRA - MEDELLIN"},"geometry":{"type":"LineString","coordinates":[[-75.51703906984184,6.34592531581035],[-75.51459293937215,6.345559990210825],[-75.5140023612068,6.346166172582034]]}},{"type":"Feature","properties":{"RIO":0,"N_QUEBRADA":"QUEBRADA EL BARBASCAL"},"geometry":{"type":"LineString","coordinates":[[-75.41832878471918,6.375844773995199],[-75.419063956206,6.378596091729872],[-75.42072932744806,6.380735529769109]]}},{"type":"Feature","properties":{"RIO":0,"N_QUEBRADA":"QUEBRADA EL BARBASCAL"},"geometry":{"type":"LineString","coordinates":[[-75.42270371836595,6.382615341762928],[-75.42320317188708,6.382983450968625],[-75.422805665218,6.384290218803873]]}},{"type":"Feature","properties":{"RIO":0,"N_QUEBRADA":"QUEBRADA JUAN COJO"},"geometry":{"type":"LineString","coordinates":[[-75.4598544688459,6.353590917856807],[-75.45909273935365,6.356529683381727],[-75.45945253870417,6.35841310610993]]}},{"type":"Feature","properties":{"RIO":0,"N_QUEBRADA":"QUEBRADA EL CAIMITO"},"geometry":{"type":"LineString","coordinates":[[-75.443970665109,6.424662256446183],[-75.44386916765013,6.421874444279753],[-75.44492598838875,6.419112353879802]]}},{"type":"Feature","properties":{"RIO":0,"N_QUEBRADA":"QUEBRADA LA CORREA"},"geometry":{"type":"LineString","coordinates":[[-75.45081902348797,6.416194122213402],[-75.4510665257888,6.414871557108841],[-75.44985636973435,6.41260140573474]]}},{"type":"Feature","properties":{"RIO":0,"N_QUEBRADA":"QUEBRADA LOS ORTEGAS"},"geometry":{"type":"LineString","coordinates":[[-75.467217081682,6.417985512423941],[-75.46807617724869,6.416705984149807],[-75.46731193287792,6.414589546324057]]}},{"type":"Feature","properties":{"RIO":0,"N_QUEBRADA":"QUEBRADA LA SILVA"},"geometry":{"type":"LineString","coordinates":[[-75.440587964324,6.426975437606426],[-75.43724884532753,6.423504352988054],[-75.43729690460982,6.420724461368942]]}},{"type":"Feature","properties":{"RIO":0,"N_QUEBRADA":"RIO ABURRA - MEDELLIN"},"geometry":{"type":"LineString","coordinates":[[-75.46122866086523,6.37758614289096],[-75.45980659706535,6.377460133991797],[-75.45748503131634,6.37889531572249]]}},{"type":"Feature","properties":{"RIO":0,"N_QUEBRADA":"RIO ABURRA - MEDELLIN"},"geometry":{"type":"LineString","coordinates":[[-75.5971492749323,6.174422164658165],[-75.59326760718483,6.177376327107572],[-75.59076913669445,6.18097724915661]]}},{"type":"Feature","properties":{"RIO":0,"N_QUEBRADA":"QUEBRADA SANTA GERTRUDIZ"},"geometry":{"type":"LineString","coordinates":[[-75.57681142316385,6.104972282133618],[-75.57708560493317,6.10611687415963],[-75.5805327174439,6.106852111338233]]}},{"type":"Feature","properties":{"RIO":0,"N_QUEBRADA":"QUEBRADA LA CHAPOLA"},"geometry":{"type":"LineString","coordinates":[[-75.62105652896886,6.056202714855716],[-75.6244560508685,6.05495148120946],[-75.62568828328862,6.053663742385835]]}},{"type":"Feature","properties":{"RIO":0,"N_QUEBRADA":"QUEBRADA EL ZARZO"},"geometry":{"type":"LineString","coordinates":[[-75.61258289743617,6.071324081812423],[-75.61564347835474,6.070347349633012],[-75.618406899389,6.070643477414799]]}},{"type":"Feature","properties":{"RIO":0,"N_QUEBRADA":"QUEBRADA MEDIA AGUA"},"geometry":{"type":"LineString","coordinates":[[-75.5268497432768,6.214489336409023],[-75.52590011398763,6.216512541176075],[-75.5268458728053,6.218351499704401]]}},{"type":"Feature","properties":{"RIO":0,"N_QUEBRADA":"QUEBRADA LA GARCIA"},"geometry":{"type":"LineString","coordinates":[[-75.56826248142555,6.34335555312976],[-75.56661305925284,6.343087184300419],[-75.5640022702257,6.344345779013925]]}},{"type":"Feature","properties":{"RIO":0,"N_QUEBRADA":"QUEBRADA LA CAPILLA"},"geometry":{"type":"LineString","coordinates":[[-75.61119165144967,6.199404915709272],[-75.609767822992,6.202394588905756],[-75.60695006953708,6.205681299565709]]}},{"type":"Feature","properties":{"RIO":0,"N_QUEBRADA":"QUEBRADA LA JESUSITA"},"geometry":{"type":"LineString","coordinates":[[-75.58483981301612,6.2889544907841115],[-75.58154218590957,6.28585030689953],[-75.58169490976285,6.2851118185846]]}},{"type":"Feature","properties":{"RIO":0,"N_QUEBRADA":"QUEBRADA LA QUINTANA"},"geometry":{"type":"LineString","coordinates":[[-75.59198873008104,6.29517215538183],[-75.59022806130488,6.292477895665623],[-75.5881490807684,6.291362242425097]]}},{"type":"Feature","properties":{"RIO":0,"N_QUEBRADA":"QUEBRADA LOS BERNAL"},"geometry":{"type":"LineString","coordinates":[[-75.61729144694246,6.219046914983094],[-75.61704049719937,6.219996109168715],[-75.61461452136392,6.2216915144265]]}},{"type":"Feature","properties":{"RIO":0,"N_QUEBRADA":"QUEBRADA LA GUAYABALA"},"geometry":{"type":"LineString","coordinates":[[-75.59860056684958,6.214789986087598],[-75.5970673540595,6.21683939796445],[-75.59317539975093,6.216323584697998]]}},{"type":"Feature","properties":{"RIO":0,"N_QUEBRADA":"QUEBRADA LA GUAYABALA ORIENTAL"},"geometry":{"type":"LineString","coordinates":[[-75.590374086173,6.208076899968992],[-75.58924550012271,6.2081958260716155],[-75.5884518548492,6.209157992996802]]}},{"type":"Feature","properties":{"RIO":0,"N_QUEBRADA":"QUEBRADA POTRERITO"},"geometry":{"type":"LineString","coordinates":[[-75.62941236332418,6.19681485339961],[-75.6277721306936,6.197128014591682],[-75.62744506188336,6.198155018521359]]}},{"type":"Feature","properties":{"RIO":0,"N_QUEBRADA":"QUEBRADA LA PALENCIA 2"},"geometry":{"type":"LineString","coordinates":[[-75.55786536133667,6.231967061265593],[-75.55838528378482,6.23516400228821],[-75.55898862701784,6.23555508681779]]}},{"type":"Feature","properties":{"RIO":0,"N_QUEBRADA":"QUEBRADA LAS ANTENAS"},"geometry":{"type":"LineString","coordinates":[[-75.4962067264108,6.219001911735219],[-75.49892657251371,6.21929560726248],[-75.50024952117117,6.218298080209869]]}},{"type":"Feature","properties":{"RIO":0,"N_QUEBRADA":"QUEBRADA PAYSANDU"},"geometry":{"type":"LineString","coordinates":[[-75.50554173539203,6.203840115865481],[-75.5041102786144,6.207453670563213],[-75.5039461499313,6.209897541111227]]}},{"type":"Feature","properties":{"RIO":0,"N_QUEBRADA":"QUEBRADA SAN ANTONIO"},"geometry":{"type":"LineString","coordinates":[[-75.5363478788092,6.238210204337108],[-75.53676239162401,6.237059486101184],[-75.5401477772992,6.234358058539452]]}},{"type":"Feature","properties":{"RIO":0,"N_QUEBRADA":"QUEBRADA SANTA ELENA"},"geometry":{"type":"LineString","coordinates":[[-75.52694254869073,6.22994039637859],[-75.5283980421037,6.230749436868495],[-75.52960029763598,6.230188279430918]]}},{"type":"Feature","properties":{"RIO":0,"N_QUEBRADA":"QUEBRADA LA VOLCANA 1"},"geometry":{"type":"LineString","coordinates":[[-75.54806538441036,6.18618607264555],[-75.54930502316398,6.185853758336673],[-75.55186552392853,6.18684357336171]]}},{"type":"Feature","properties":{"RIO":0,"N_QUEBRADA":"QUEBRADA LA CUMBRE"},"geometry":{"type":"LineString","coordinates":[[-75.3261979153004,6.42761639117049],[-75.32570158387372,6.430616510541514],[-75.32744670478935,6.431955312110132]]}},{"type":"Feature","properties":{"RIO":0,"N_QUEBRADA":"QUEBRADA LA GALLINAZA"},"geometry":{"type":"LineString","coordinates":[[-75.32561723001032,6.424076288202023],[-75.32526994496828,6.424832619398355],[-75.32629356403339,6.4264873202265]]}},{"type":"Feature","properties":{"RIO":0,"N_QUEBRADA":"QUEBRADA LAS ANITAS"},"geometry":{"type":"LineString","coordinates":[[-75.49342329025586,6.3241137412049],[-75.49640147567861,6.324757057040556],[-75.49878005419659,6.326949291128469]]}},{"type":"Feature","properties":{"RIO":0,"N_QUEBRADA":"CAÑADA DE LOS VIEJITOS"},"geometry":{"type":"LineString","coordinates":[[-75.55918035091693,6.35694679174706],[-75.55952506967675,6.353851841418497],[-75.56065011591296,6.35173626718884]]}},{"type":"Feature","properties":{"RIO":0,"N_QUEBRADA":"QUEBRADA CHACHAFRUTO"},"geometry":{"type":"LineString","coordinates":[[-75.56140260590642,6.38851838137438],[-75.56437377144778,6.39029046794183],[-75.56643295079999,6.390685246670084]]}},{"type":"Feature","properties":{"RIO":0,"N_QUEBRADA":"QUEBRADA EL QUICUYO"},"geometry":{"type":"LineString","coordinates":[[-75.6381655649442,6.345708680064818],[-75.63426966994761,6.34826389147003],[-75.63339927155083,6.350622407560764]]}},{"type":"Feature","properties":{"RIO":0,"N_QUEBRADA":"QUEBRADA LA CHIQUITA"},"geometry":{"type":"LineString","coordinates":[[-75.5657403745892,6.397224678738554],[-75.56684329381255,6.397567408014109],[-75.5682344272456,6.396746871328142]]}},{"type":"Feature","properties":{"RIO":0,"N_QUEBRADA":"QUEBRADA SECA"},"geometry":{"type":"LineString","coordinates":[[-75.56014493756538,6.37096280017835],[-75.56097090345595,6.369904215769463],[-75.5645655874979,6.368955014396311]]}},{"type":"Feature","properties":{"RIO":0,"N_QUEBRADA":"QUEBRADA EL BURRO"},"geometry":{"type":"LineString","coordinates":[[-75.59092164901523,6.352151406869494],[-75.5893275990988,6.35181517524076],[-75.58845933257679,6.350710400761851]]}},{"type":"Feature","properties":{"RIO":0,"N_QUEBRADA":"QUEBRADA CHACHAFRUTO"},"geometry":{"type":"LineString","coordinates":[[-75.57631370098505,6.367940794503347],[-75.5764712631318,6.366122877069572],[-75.5752446179459,6.364548494316811]]}},{"type":"Feature","properties":{"RIO":0,"N_QUEBRADA":"QUEBRADA LA GARCIA"},"geometry":{"type":"LineString","coordinates":[[-75.5710458610101,6.349242436059129],[-75.57069409894203,6.346881160949799],[-75.57155284220416,6.34596735336396]]}},{"type":"Feature","properties":{"RIO":0,"N_QUEBRADA":"QUEBRADA LA CHIQUITA"},"geometry":{"type":"LineString","coordinates":[[-75.57576302347935,6.360264864931445],[-75.57474438788664,6.359781866023737],[-75.574137677238,6.357479999151484]]}},{"type":"Feature","properties":{"RIO":0,"N_QUEBRADA":"QUEBRADA GARCIA ALTA"},"geometry":{"type":"LineString","coordinates":[[-75.6275189082077,6.35962150758428],[-75.62680582753653,6.360098568431388],[-75.62542158683752,6.359486405600324]]}},{"type":"Feature","properties":{"RIO":0,"N_QUEBRADA":"QUEBRADA POTRERITOS"},"geometry":{"type":"LineString","coordinates":[[-75.6815482623772,6.22493246092672],[-75.68000048123031,6.224911590967369],[-75.67868069167028,6.222683354426388]]}},{"type":"Feature","properties":{"RIO":0,"N_QUEBRADA":"QUEBRADA JAMUNDI"},"geometry":{"type":"LineString","coordinates":[[-75.42336592543687,6.364556908175313],[-75.4238741752582,6.36561495635716],[-75.42706283560354,6.366364558736368]]}},{"type":"Feature","properties":{"RIO":0,"N_QUEBRADA":"QUEBRADA EL TABANO"},"geometry":{"type":"LineString","coordinates":[[-75.45087229994105,6.351778842587492],[-75.4503669102783,6.352952213903007],[-75.4513874800334,6.354820816644152]]}},{"type":"Feature","properties":{"RIO":0,"N_QUEBRADA":"QUEBRADA EL TABANO"},"geometry":{"type":"LineString","coordinates":[[-75.4527300856851,6.362177023932702],[-75.4525876186286,6.364807970839977],[-75.45073195477755,6.366610854618074]]}},{"type":"Feature","properties":{"RIO":0,"N_QUEBRADA":"QUEBRADA PLAYA RICA"},"geometry":{"type":"LineString","coordinates":[[-75.67000913001355,6.22254303213891],[-75.66992092765149,6.22110930847927],[-75.67051837201731,6.220776879520542]]}},{"type":"Feature","properties":{"RIO":0,"N_QUEBRADA":"CAÑO HORIZONTES"},"geometry":{"type":"LineString","coordinates":[[-75.6516998885362,6.187178756610325],[-75.65008158237582,6.188153647927796],[-75.6492812346099,6.189640476733469]]}},{"type":"Feature","properties":{"RIO":0,"N_QUEBRADA":"QUEBRADA EL HATO"},"geometry":{"type":"LineString","coordinates":[[-75.6935656226168,6.221612209306337],[-75.69316849694947,6.22243992559349],[-75.69409433095305,6.225331224217437]]}},{"type":"Feature","properties":{"RIO":0,"N_QUEBRADA":"QUEBRADA POTRERITOS"},"geometry":{"type":"LineString","coordinates":[[-75.68438255790328,6.223508202612919],[-75.68290362819319,6.223524797594715],[-75.6815482623772,6.22493246092672]]}},{"type":"Feature","properties":{"RIO":0,"N_QUEBRADA":"QUEBRADA LA DESPENSA"},"geometry":{"type":"LineString","coordinates":[[-75.6820642411926,6.179212706002239],[-75.6802137202697,6.180737292234593],[-75.67953445320073,6.183108716622358]]}},{"type":"Feature","properties":{"RIO":0,"N_QUEBRADA":"QUEBRADA BARRO AZUL"},"geometry":{"type":"LineString","coordinates":[[-75.66409087707338,6.186507416361623],[-75.6629484252819,6.186920503329047],[-75.66238874935988,6.18808810812655]]}},{"type":"Feature","properties":{"RIO":0,"N_QUEBRADA":"QUEBRADA LA MANGUALA"},"geometry":{"type":"LineString","coordinates":[[-75.6792817897507,6.165122676380473],[-75.6783758540264,6.166893713538595],[-75.67830078809972,6.169619915792499]]}},{"type":"Feature","properties":{"RIO":0,"N_QUEBRADA":"QUEBRADA LA LIMONA"},"geometry":{"type":"LineString","coordinates":[[-75.63789928283403,6.173864881284239],[-75.63598865940254,6.17419822882417],[-75.6345078398331,6.175645643215733]]}},{"type":"Feature","properties":{"RIO":0,"N_QUEBRADA":"QUEBRADA LA LIMONA"},"geometry":{"type":"LineString","coordinates":[[-75.6667243712964,6.16782027824892],[-75.66608670954169,6.169050252502087],[-75.66493797604477,6.169231234399489]]}},{"type":"Feature","properties":{"RIO":0,"N_QUEBRADA":"QUEBRADA LA OSPINA"},"geometry":{"type":"LineString","coordinates":[[-75.6797653047579,6.155985400881272],[-75.6778016579211,6.157352138516611],[-75.67633265870195,6.157324468496866]]}},{"type":"Feature","properties":{"RIO":0,"N_QUEBRADA":"QUEBRADA LA CHAPARRALA"},"geometry":{"type":"LineString","coordinates":[[-75.66317272639937,6.165217491945225],[-75.6624188865587,6.16695187789115],[-75.66134159499049,6.167559818203014]]}},{"type":"Feature","properties":{"RIO":0,"N_QUEBRADA":"QUEBRADA LA TABLAZA"},"geometry":{"type":"LineString","coordinates":[[-75.62124181065906,6.193105533127929],[-75.61975375767413,6.192230583976281],[-75.6187751428899,6.18874191811681]]}},{"type":"Feature","properties":{"RIO":0,"N_QUEBRADA":"QUEBRADA LA VALERIA"},"geometry":{"type":"LineString","coordinates":[[-75.6607344185936,6.086748707772214],[-75.66017677921431,6.087849498009098],[-75.6589522269636,6.088190496841211]]}},{"type":"Feature","properties":{"RIO":0,"N_QUEBRADA":"QUEBRADA LA VALERIA"},"geometry":{"type":"LineString","coordinates":[[-75.65456551021624,6.091344175879907],[-75.65395061195493,6.091282495213677],[-75.6539815226204,6.09195454218891]]}},{"type":"Feature","properties":{"RIO":0,"N_QUEBRADA":"QUEBRADA LA JUDEA"},"geometry":{"type":"LineString","coordinates":[[-75.58855650140117,6.305634418820805],[-75.58869009179608,6.30645016454198],[-75.5863490644587,6.307427553728925]]}},{"type":"Feature","properties":{"RIO":0,"N_QUEBRADA":"QUEBRADA EL LIMO"},"geometry":{"type":"LineString","coordinates":[[-75.64688952566092,6.3069127021412],[-75.64684931511168,6.30519739815663],[-75.65004360191753,6.302463657780566]]}},{"type":"Feature","properties":{"RIO":0,"N_QUEBRADA":"QUEBRADA LA IGUANA"},"geometry":{"type":"LineString","coordinates":[[-75.644703639739,6.281455337922939],[-75.64438760208668,6.28051537892233],[-75.6433833561667,6.2806711570956315]]}},{"type":"Feature","properties":{"RIO":0,"N_QUEBRADA":"QUEBRADA LA IGUANA"},"geometry":{"type":"LineString","coordinates":[[-75.64839716763345,6.28890701079286],[-75.6489776281301,6.28838913275868],[-75.64889175094811,6.286593601024243]]}},{"type":"Feature","properties":{"RIO":0,"N_QUEBRADA":"QUEBRADA EL MOLINO"},"geometry":{"type":"LineString","coordinates":[[-75.53122781498834,6.275274941500968],[-75.537579578503,6.274862199589651],[-75.53890219651845,6.27417875477774]]}},{"type":"Feature","properties":{"RIO":0,"N_QUEBRADA":"QUEBRADA LA CALDAS"},"geometry":{"type":"LineString","coordinates":[[-75.308394524744,6.501466162681151],[-75.30733276965154,6.500227817099138],[-75.3069617122278,6.497649326267956]]}},{"type":"Feature","properties":{"RIO":0,"N_QUEBRADA":"QUEBRADA LA CHOCONA"},"geometry":{"type":"LineString","coordinates":[[-75.39330567658,6.442131746936158],[-75.39614258632075,6.440472021558534],[-75.39658119251916,6.436625516955889]]}},{"type":"Feature","properties":{"RIO":0,"N_QUEBRADA":"QUEBRADA EL CHOCHO"},"geometry":{"type":"LineString","coordinates":[[-75.38883469394919,6.421493874998707],[-75.3887930095805,6.4198730260753],[-75.39097186534615,6.418415120360708]]}},{"type":"Feature","properties":{"RIO":0,"N_QUEBRADA":"QUEBRADA LA CHIQUITA"},"geometry":{"type":"LineString","coordinates":[[-75.362918358822,6.46210453275658],[-75.35935015793616,6.460942831474449],[-75.35912921310295,6.459974638372736]]}},{"type":"Feature","properties":{"RIO":0,"N_QUEBRADA":"QUEBRADA CHILCAGUA"},"geometry":{"type":"LineString","coordinates":[[-75.3027471339392,6.459756244427064],[-75.30217979138669,6.45886665747886],[-75.3028323323067,6.457688664851276]]}},{"type":"Feature","properties":{"RIO":0,"N_QUEBRADA":"QUEBRADA SAN ANTONIO"},"geometry":{"type":"LineString","coordinates":[[-75.3978240288293,6.433888092117682],[-75.39704727516471,6.43222941239112],[-75.3970878556425,6.427233084378472]]}},{"type":"Feature","properties":{"RIO":0,"N_QUEBRADA":"QUEBRADA LA TONGA"},"geometry":{"type":"LineString","coordinates":[[-75.37590032884,6.365940370564963],[-75.37450213147594,6.366909597237093],[-75.37401357614519,6.368798536491029]]}},{"type":"Feature","properties":{"RIO":0,"N_QUEBRADA":"QUEBRADA LA SUCIA"},"geometry":{"type":"LineString","coordinates":[[-75.595893777431,6.160328675125099],[-75.59686951790302,6.161315994310499],[-75.5955818533452,6.163298381448768]]}},{"type":"Feature","properties":{"RIO":0,"N_QUEBRADA":"QUEBRADA LA CANO"},"geometry":{"type":"LineString","coordinates":[[-75.65447765334407,6.105815218118],[-75.65270112356306,6.105667524264528],[-75.65080244601818,6.104203471686266]]}},{"type":"Feature","properties":{"RIO":0,"N_QUEBRADA":"QUEBRADA LA MINA"},"geometry":{"type":"LineString","coordinates":[[-75.5815804731293,6.157913188475482],[-75.58187369058705,6.159781497394338],[-75.58322812024701,6.1611485339985]]}},{"type":"Feature","properties":{"RIO":0,"N_QUEBRADA":"QUEBRADA LA TOLDA"},"geometry":{"type":"LineString","coordinates":[[-75.513474019408,6.369348825585304],[-75.51212008580056,6.3672875825839235],[-75.511209105251,6.367081111148907]]}},{"type":"Feature","properties":{"RIO":0,"N_QUEBRADA":"QUEBRADA EL COCOROLLO"},"geometry":{"type":"LineString","coordinates":[[-75.4968722461018,6.373885889830362],[-75.49549552403242,6.37133003389838],[-75.49237313884032,6.37062046359242]]}},{"type":"Feature","properties":{"RIO":0,"N_QUEBRADA":"QUEBRADA EL TABANO"},"geometry":{"type":"LineString","coordinates":[[-75.47957837484104,6.35392065691093],[-75.4809869465826,6.356130265313702],[-75.4851512729373,6.358514029226842]]}},{"type":"Feature","properties":{"RIO":0,"N_QUEBRADA":"QUEBRADA EL HOYO"},"geometry":{"type":"LineString","coordinates":[[-75.45357962160344,6.435887209053458],[-75.4538949100786,6.431721756596488],[-75.4550731809326,6.42961796391857]]}},{"type":"Feature","properties":{"RIO":0,"N_QUEBRADA":"QUEBRADA EL CURRUCAO"},"geometry":{"type":"LineString","coordinates":[[-75.4555094999238,6.350941514744437],[-75.45553974092898,6.353432676067497],[-75.45499019103757,6.3539403884504]]}},{"type":"Feature","properties":{"RIO":0,"N_QUEBRADA":"QUEBRADA QUEBRADITAS"},"geometry":{"type":"LineString","coordinates":[[-75.4545892531106,6.36385182379104],[-75.45477044791522,6.36742127357469],[-75.45618597280543,6.371168009041667]]}},{"type":"Feature","properties":{"RIO":0,"N_QUEBRADA":"RIO ABURRA - MEDELLIN"},"geometry":{"type":"LineString","coordinates":[[-75.44105287574057,6.387836344542051],[-75.4406927096264,6.39154162486065],[-75.4400349668367,6.392424397251213]]}},{"type":"Feature","properties":{"RIO":0,"N_QUEBRADA":"QUEBRADA LA CHAPOLA"},"geometry":{"type":"LineString","coordinates":[[-75.6091431859073,6.05644846612482],[-75.60984039320923,6.057088347354766],[-75.61242538104254,6.05681896217286]]}},{"type":"Feature","properties":{"RIO":0,"N_QUEBRADA":"QUEBRADA LA CANELONA"},"geometry":{"type":"LineString","coordinates":[[-75.6486423026665,6.239633610912841],[-75.64763357596017,6.239907623259381],[-75.6454046979702,6.23872992364742]]}},{"type":"Feature","properties":{"RIO":0,"N_QUEBRADA":"QUEBRADA SAN PEDRO 3"},"geometry":{"type":"LineString","coordinates":[[-75.50468128268636,6.194218535056473],[-75.503704759604,6.19378147496097],[-75.5028407646835,6.1949556039437415]]}},{"type":"Feature","properties":{"RIO":0,"N_QUEBRADA":"QUEBRADA LA PICACHA"},"geometry":{"type":"LineString","coordinates":[[-75.64448433550464,6.230995699877699],[-75.64434602579368,6.23161940137263],[-75.64345254621537,6.2309235412759]]}},{"type":"Feature","properties":{"RIO":0,"N_QUEBRADA":"QUEBRADA ALTAVISTA"},"geometry":{"type":"LineString","coordinates":[[-75.62000049766,6.22239989759673],[-75.61895298063266,6.222985238865695],[-75.61824754521203,6.2225076907464665]]}},{"type":"Feature","properties":{"RIO":0,"N_QUEBRADA":"QUEBRADA LA SECA"},"geometry":{"type":"LineString","coordinates":[[-75.5275518863914,6.22625877304893],[-75.52800641304111,6.22911380548889],[-75.52960029763598,6.230188279430918]]}},{"type":"Feature","properties":{"RIO":0,"N_QUEBRADA":"QUEBRADA LA BERMEJALA"},"geometry":{"type":"LineString","coordinates":[[-75.54115704690538,6.282057236608557],[-75.5438117310775,6.28270795730096],[-75.5459059235274,6.282151039966091]]}},{"type":"Feature","properties":{"RIO":0,"N_QUEBRADA":"QUEBRADA CHORRO HONDO"},"geometry":{"type":"LineString","coordinates":[[-75.54019563770221,6.251372997416484],[-75.542732343814,6.250653173741467],[-75.5442202353901,6.248319649089983]]}},{"type":"Feature","properties":{"RIO":0,"N_QUEBRADA":"QUEBRADA LA GURUPERITA"},"geometry":{"type":"LineString","coordinates":[[-75.5093060320025,6.248311187844493],[-75.50735768514973,6.249816696622722],[-75.507198766266,6.251825254878305]]}},{"type":"Feature","properties":{"RIO":0,"N_QUEBRADA":"QUEBRADA LA PAILA"},"geometry":{"type":"LineString","coordinates":[[-75.65188209956757,6.36024697605733],[-75.6507800400729,6.359930278030863],[-75.64960934860311,6.36057844178004]]}},{"type":"Feature","properties":{"RIO":0,"N_QUEBRADA":"QUEBRADA EL ESTABLO"},"geometry":{"type":"LineString","coordinates":[[-75.64670252719597,6.197502359900958],[-75.646151036662,6.19493855040334],[-75.64761965998854,6.192674677543775]]}},{"type":"Feature","properties":{"RIO":0,"N_QUEBRADA":"QUEBRADA LA IGUANA"},"geometry":{"type":"LineString","coordinates":[[-75.6548256025929,6.302848208743507],[-75.654021192312,6.302299819990776],[-75.65444945964106,6.30133880146566]]}},{"type":"Feature","properties":{"RIO":0,"N_QUEBRADA":"QUEBRADA LA PAULITA"},"geometry":{"type":"LineString","coordinates":[[-75.5503007408178,6.176958843961782],[-75.556414240643,6.179749715468875],[-75.5577566476954,6.179634026244938]]}},{"type":"Feature","properties":{"RIO":0,"N_QUEBRADA":"QUEBRADA LOS AGUACATES"},"geometry":{"type":"LineString","coordinates":[[-75.3546717825876,6.460592308302705],[-75.35267022239397,6.46033975366933],[-75.349617872656,6.457854805260995]]}},{"type":"Feature","properties":{"RIO":0,"N_QUEBRADA":"QUEBRADA MALPASO"},"geometry":{"type":"LineString","coordinates":[[-75.3682147002732,6.433270204227422],[-75.36749280762258,6.4329934858623],[-75.3669003177668,6.431035380182954]]}},{"type":"Feature","properties":{"RIO":0,"N_QUEBRADA":"QUEBRADA LA LUISA"},"geometry":{"type":"LineString","coordinates":[[-75.49508540017082,6.3923475944876],[-75.4916104712193,6.390417736104492],[-75.4912003185925,6.389404877641966]]}},{"type":"Feature","properties":{"RIO":0,"N_QUEBRADA":"QUEBRADA EL RINCON"},"geometry":{"type":"LineString","coordinates":[[-75.40837037786702,6.38580464962962],[-75.409626148274,6.38712775602312],[-75.41340398139602,6.387908150041037]]}},{"type":"Feature","properties":{"RIO":0,"N_QUEBRADA":"RIO ABURRA - MEDELLIN"},"geometry":{"type":"LineString","coordinates":[[-75.4687176835489,6.3762716472284],[-75.46698262741378,6.379008781552621],[-75.4660471570067,6.379132991599413]]}},{"type":"Feature","properties":{"RIO":0,"N_QUEBRADA":"QUEBRADA LA QUINTANA"},"geometry":{"type":"LineString","coordinates":[[-75.58566400982852,6.288357480185789],[-75.583906370579,6.286054780139973],[-75.58169490976285,6.2851118185846]]}},{"type":"Feature","properties":{"RIO":0,"N_QUEBRADA":"QUEBRADA LA LOCA"},"geometry":{"type":"LineString","coordinates":[[-75.6028399143962,6.330754721378538],[-75.6030797766958,6.3313375081306],[-75.60236090501336,6.331573462355904]]}},{"type":"Feature","properties":{"RIO":0,"N_QUEBRADA":"QUEBRADA EL CHOCHO"},"geometry":{"type":"LineString","coordinates":[[-75.3419350654384,6.436271389764151],[-75.34122808474,6.433745918184721],[-75.3420124491089,6.433123869507215]]}},{"type":"Feature","properties":{"RIO":0,"N_QUEBRADA":"QUEBRADA PIEDRAS BLANCAS"},"geometry":{"type":"LineString","coordinates":[[-75.5046745629463,6.330478210645726],[-75.505444172826,6.33158358542533],[-75.5045773223742,6.332938076989382]]}},{"type":"Feature","properties":{"RIO":0,"N_QUEBRADA":"QUEBRADA LA HERRADURA"},"geometry":{"type":"LineString","coordinates":[[-75.2786933880304,6.4473168257003],[-75.280650878922,6.449823327769935],[-75.27957117632089,6.45005241837047]]}},{"type":"Feature","properties":{"RIO":0,"N_QUEBRADA":"QUEBRADA QUICIANEGA"},"geometry":{"type":"LineString","coordinates":[[-75.42933035078971,6.4277913512023375],[-75.42783928235573,6.4265196357582735]]}},{"type":"Feature","properties":{"RIO":0,"N_QUEBRADA":"QUEBRADA SAN FRANCISCO"},"geometry":{"type":"LineString","coordinates":[[-75.67435767686636,6.2723478651556706],[-75.67150779347557,6.2715583271075745]]}},{"type":"Feature","properties":{"RIO":0,"N_QUEBRADA":"QUEBRADA LA IGUANA"},"geometry":{"type":"LineString","coordinates":[[-75.65137264317917,6.3273330985697385],[-75.65219590593289,6.3263118129099345]]}},{"type":"Feature","properties":{"RIO":0,"N_QUEBRADA":"QUEBRADA LA IGUANA"},"geometry":{"type":"LineString","coordinates":[[-75.65219590593289,6.3263118129099345],[-75.65453037342482,6.3245083783172245]]}},{"type":"Feature","properties":{"RIO":0,"N_QUEBRADA":"QUEBRADA LA POPA"},"geometry":{"type":"LineString","coordinates":[[-75.66679348137524,6.3181200131090085],[-75.66449482067003,6.3181373197873185]]}},{"type":"Feature","properties":{"RIO":0,"N_QUEBRADA":"CAÑO EL LLANO"},"geometry":{"type":"LineString","coordinates":[[-75.64704484901053,6.3025222811257935],[-75.64771123993287,6.3018452607476725]]}},{"type":"Feature","properties":{"RIO":0,"N_QUEBRADA":"QUEBRADA LA PUERTA"},"geometry":{"type":"LineString","coordinates":[[-75.64741027851709,6.2947195977717385],[-75.64706736373098,6.2932557291603795]]}},{"type":"Feature","properties":{"RIO":0,"N_QUEBRADA":"QUEBRADA TIERRA GRATA"},"geometry":{"type":"LineString","coordinates":[[-75.63447412261301,6.2960112701737385],[-75.63430456629408,6.2951900959421305]]}},{"type":"Feature","properties":{"RIO":0,"N_QUEBRADA":"QUEBRADA LA IGUANA"},"geometry":{"type":"LineString","coordinates":[[-75.62555851109205,6.2758114265551335],[-75.62469201846939,6.2753813223559645]]}},{"type":"Feature","properties":{"RIO":0,"N_QUEBRADA":"QUEBRADA LA CHAGUALA"},"geometry":{"type":"LineString","coordinates":[[-75.62204949977037,6.2840905622820955],[-75.62191808481985,6.2836932176859035]]}},{"type":"Feature","properties":{"RIO":0,"N_QUEBRADA":"QUEBRADA LA HONDA"},"geometry":{"type":"LineString","coordinates":[[-75.62982150713424,6.2849052995698305],[-75.63113264122971,6.2808755835833665]]}},{"type":"Feature","properties":{"RIO":0,"N_QUEBRADA":"QUEBRADA LA MINA"},"geometry":{"type":"LineString","coordinates":[[-75.60639689852958,6.2686837203922225],[-75.60641258883885,6.2683973410659934]]}},{"type":"Feature","properties":{"RIO":0,"N_QUEBRADA":"QUEBRADA PIEDRA CANDELA"},"geometry":{"type":"LineString","coordinates":[[-75.35614344395502,6.4141976335444575],[-75.35762091115738,6.4164069702486515]]}},{"type":"Feature","properties":{"RIO":0,"N_QUEBRADA":"QUEBRADA LA CHAPA"},"geometry":{"type":"LineString","coordinates":[[-75.28003234111229,6.4288645745749164],[-75.28082874735698,6.4289352938909605]]}},{"type":"Feature","properties":{"RIO":0,"N_QUEBRADA":"QUEBRADA SAN EUGENIO"},"geometry":{"type":"LineString","coordinates":[[-75.38232705308593,6.4073844134810445],[-75.38227124572157,6.4087839120092385]]}},{"type":"Feature","properties":{"RIO":0,"N_QUEBRADA":"QUEBRADA EL CHOCHO"},"geometry":{"type":"LineString","coordinates":[[-75.34600722094605,6.4410367642944895],[-75.34559097694539,6.4405245064941194]]}},{"type":"Feature","properties":{"RIO":0,"N_QUEBRADA":"QUEBRADA DE QUINTERO"},"geometry":{"type":"LineString","coordinates":[[-75.31424926574134,6.3959548684210725],[-75.31367886799197,6.3960976980498785]]}},{"type":"Feature","properties":{"RIO":0,"N_QUEBRADA":"QUEBRADA PIEDRA CANDELA"},"geometry":{"type":"LineString","coordinates":[[-75.35762091115738,6.4164069702486515],[-75.35894760765697,6.4171584006926645]]}},{"type":"Feature","properties":{"RIO":0,"N_QUEBRADA":"QUEBRADA LA CHIQUITA"},"geometry":{"type":"LineString","coordinates":[[-75.36602603050905,6.4626029047751885],[-75.36501962517814,6.4625451905524685]]}},{"type":"Feature","properties":{"RIO":0,"N_QUEBRADA":"QUEBRADA REVENTON"},"geometry":{"type":"LineString","coordinates":[[-75.35550633235708,6.4688444728780645],[-75.35502119740171,6.4683208510088175]]}},{"type":"Feature","properties":{"RIO":0,"N_QUEBRADA":"QUEBRADA LAS VICTORIAS"},"geometry":{"type":"LineString","coordinates":[[-75.30985824771717,6.5087722020170675],[-75.30733999856025,6.5089828142695785]]}},{"type":"Feature","properties":{"RIO":0,"N_QUEBRADA":"QUEBRADA OVEJAS"},"geometry":{"type":"LineString","coordinates":[[-75.35478994581524,6.3681189858038465],[-75.35484296768021,6.3686520014558115]]}},{"type":"Feature","properties":{"RIO":0,"N_QUEBRADA":"QUEBRADA SAN NICOLAS"},"geometry":{"type":"LineString","coordinates":[[-75.34320608496388,6.3388132394222625],[-75.34351435352389,6.3400912796266695]]}},{"type":"Feature","properties":{"RIO":0,"N_QUEBRADA":"QUEBRADA SAN NICOLAS"},"geometry":{"type":"LineString","coordinates":[[-75.35787611815549,6.3139241180267485],[-75.35758532478903,6.3142345601284875]]}},{"type":"Feature","properties":{"RIO":0,"N_QUEBRADA":"QUEBRADA DE LOS PANTANOS"},"geometry":{"type":"LineString","coordinates":[[-75.41373680079651,6.3272641621171655],[-75.41308577705395,6.3281681562779335]]}},{"type":"Feature","properties":{"RIO":0,"N_QUEBRADA":"QUEBRADA SAN NICOLAS"},"geometry":{"type":"LineString","coordinates":[[-75.34977054106469,6.3590325954759965],[-75.35035872592141,6.3595032458208784]]}},{"type":"Feature","properties":{"RIO":0,"N_QUEBRADA":"QUEBRADA JIQUIMAL"},"geometry":{"type":"LineString","coordinates":[[-75.35722829094182,6.3289205198101195],[-75.35682964772128,6.3293663028770375]]}},{"type":"Feature","properties":{"RIO":0,"N_QUEBRADA":"QUEBRADA PANTANO FRIO"},"geometry":{"type":"LineString","coordinates":[[-75.41711388357955,6.3155077160104485],[-75.41611023999499,6.3166303619301996]]}},{"type":"Feature","properties":{"RIO":0,"N_QUEBRADA":"RIO ABURRA - MEDELLIN"},"geometry":{"type":"LineString","coordinates":[[-75.32411117414767,6.4550781724007935],[-75.32341634515383,6.4550003633077555]]}},{"type":"Feature","properties":{"RIO":0,"N_QUEBRADA":"QUEBRADA EL SAPERO"},"geometry":{"type":"LineString","coordinates":[[-75.33770305344285,6.4089089913970465],[-75.33814975004385,6.4098329950409205]]}},{"type":"Feature","properties":{"RIO":0,"N_QUEBRADA":"QUEBRADA CAREPERRO"},"geometry":{"type":"LineString","coordinates":[[-75.34439714866679,6.3904281905516935],[-75.34513960788894,6.3903866156353875]]}},{"type":"Feature","properties":{"RIO":0,"N_QUEBRADA":"QUEBRADA SAN JOSE"},"geometry":{"type":"LineString","coordinates":[[-75.34578374998806,6.3768408950446105],[-75.34606772353095,6.3767889310040635]]}},{"type":"Feature","properties":{"RIO":0,"N_QUEBRADA":"QUEBRADA LA CHORRERA"},"geometry":{"type":"LineString","coordinates":[[-75.32393120532095,6.3968180478813625],[-75.32322241399915,6.3974705878206946]]}},{"type":"Feature","properties":{"RIO":0,"N_QUEBRADA":"QUEBRADA LA CHORRERA"},"geometry":{"type":"LineString","coordinates":[[-75.32322241399915,6.3974705878206946],[-75.32326562227867,6.3993350038180665]]}},{"type":"Feature","properties":{"RIO":0,"N_QUEBRADA":"QUEBRADA OVEJAS"},"geometry":{"type":"LineString","coordinates":[[-75.35326188141195,6.3918373882053645],[-75.35190559131664,6.3927159515710015]]}},{"type":"Feature","properties":{"RIO":0,"N_QUEBRADA":"RIO ABURRA - MEDELLIN"},"geometry":{"type":"LineString","coordinates":[[-75.36134185022419,6.4210951289587515],[-75.35960784794612,6.4209170891969745]]}},{"type":"Feature","properties":{"RIO":0,"N_QUEBRADA":"RIO ABURRA - MEDELLIN"},"geometry":{"type":"LineString","coordinates":[[-75.35326573068828,6.4282432730437895],[-75.35256429519438,6.4287331995993195]]}},{"type":"Feature","properties":{"RIO":0,"N_QUEBRADA":"QUEBRADA LA CEFORA"},"geometry":{"type":"LineString","coordinates":[[-75.48242518445139,6.4259395830778026],[-75.48292621071583,6.4243244461716404]]}},{"type":"Feature","properties":{"RIO":0,"N_QUEBRADA":"QUEBRADA HIGUERON"},"geometry":{"type":"LineString","coordinates":[[-75.56384490034452,6.1235844941229844],[-75.56333754644903,6.1237734988473775]]}},{"type":"Feature","properties":{"RIO":0,"N_QUEBRADA":"QUEBRADA CHINGUI"},"geometry":{"type":"LineString","coordinates":[[-75.55123383772656,6.1519337039557715],[-75.55369596678001,6.1527273750183085]]}},{"type":"Feature","properties":{"RIO":0,"N_QUEBRADA":"QUEBRADA CACHONA"},"geometry":{"type":"LineString","coordinates":[[-75.54870988826713,6.1209721821087335],[-75.54915902417062,6.1213515576984205]]}},{"type":"Feature","properties":{"RIO":0,"N_QUEBRADA":"QUEBRADA LA SEBASTIANA"},"geometry":{"type":"LineString","coordinates":[[-75.54557720764704,6.1542396601528555],[-75.54573211171798,6.1542984218041665]]}},{"type":"Feature","properties":{"RIO":0,"N_QUEBRADA":"QUEBRADA LA SEBASTIANA"},"geometry":{"type":"LineString","coordinates":[[-75.54981360854099,6.1557245167579735],[-75.55123085310153,6.1558264812500045]]}},{"type":"Feature","properties":{"RIO":0,"N_QUEBRADA":"QUEBRADA EL SALTO"},"geometry":{"type":"LineString","coordinates":[[-75.49439747321797,6.4193759890689375],[-75.49435547878537,6.4187971040078695]]}},{"type":"Feature","properties":{"RIO":0,"N_QUEBRADA":"QUEBRADA EL CHUSCAL"},"geometry":{"type":"LineString","coordinates":[[-75.46123865778779,6.3297479830786605],[-75.46189174719493,6.3304408886088055]]}},{"type":"Feature","properties":{"RIO":0,"N_QUEBRADA":"RIO ABURRA - MEDELLIN"},"geometry":{"type":"LineString","coordinates":[[-75.55644813687438,6.3111904648068275],[-75.55629357995643,6.3113675210499505]]}},{"type":"Feature","properties":{"RIO":0,"N_QUEBRADA":"QUEBRADA LA ROSITA"},"geometry":{"type":"LineString","coordinates":[[-75.43720422087071,6.4188913642689345],[-75.43661766434168,6.4183467348089565]]}},{"type":"Feature","properties":{"RIO":0,"N_QUEBRADA":"QUEBRADA EL CAIMITO"},"geometry":{"type":"LineString","coordinates":[[-75.43359393596225,6.4018385930866195],[-75.43332108588746,6.4019437960186805]]}},{"type":"Feature","properties":{"RIO":0,"N_QUEBRADA":"QUEBRADA LA PIEDRAHITA"},"geometry":{"type":"LineString","coordinates":[[-75.64977775037316,6.0670636391231385],[-75.64841806374581,6.0668677498197825]]}},{"type":"Feature","properties":{"RIO":0,"N_QUEBRADA":"QUEBRADA ESCOPETERIA"},"geometry":{"type":"LineString","coordinates":[[-75.55195102997337,6.1946430123236444],[-75.55630173923691,6.1956348655073334]]}},{"type":"Feature","properties":{"RIO":0,"N_QUEBRADA":"CAÑO MANZANARES"},"geometry":{"type":"LineString","coordinates":[[-75.63036159380584,6.2243512144841775],[-75.62972698080912,6.2223296304930775]]}},{"type":"Feature","properties":{"RIO":0,"N_QUEBRADA":"QUEBRADA ALTAVISTA"},"geometry":{"type":"LineString","coordinates":[[-75.62972698080912,6.2223296304930775],[-75.62932904213116,6.2221520600368025]]}},{"type":"Feature","properties":{"RIO":0,"N_QUEBRADA":"QUEBRADA LA PICACHA"},"geometry":{"type":"LineString","coordinates":[[-75.62137979205475,6.2365224964881145],[-75.62130186636989,6.2365795247552445]]}},{"type":"Feature","properties":{"RIO":0,"N_QUEBRADA":"QUEBRADA POTRERITO"},"geometry":{"type":"LineString","coordinates":[[-75.61720533712567,6.2042549378228955],[-75.61626905302411,6.2060100532199005]]}},{"type":"Feature","properties":{"RIO":0,"N_QUEBRADA":"QUEBRADA BERMEJALA 1"},"geometry":{"type":"LineString","coordinates":[[-75.54481807136949,6.2829778640568765],[-75.54592337878178,6.2821476327290675]]}},{"type":"Feature","properties":{"RIO":0,"N_QUEBRADA":"QUEBRADA LA DEL MEDIO"},"geometry":{"type":"LineString","coordinates":[[-75.49203315076502,6.2218820150423655],[-75.49227375733382,6.2221111933413695]]}},{"type":"Feature","properties":{"RIO":0,"N_QUEBRADA":"QUEBRADA AVILA 2"},"geometry":{"type":"LineString","coordinates":[[-75.55483703168377,6.2335862958519925],[-75.55466859464283,6.2339524161677895]]}},{"type":"Feature","properties":{"RIO":0,"N_QUEBRADA":"QUEBRADA LA DOCTORA"},"geometry":{"type":"LineString","coordinates":[[-75.59442719334899,6.1227822800572245],[-75.59513497062132,6.1235262251600595]]}},{"type":"Feature","properties":{"RIO":0,"N_QUEBRADA":"QUEBRADA EL CONVENTO"},"geometry":{"type":"LineString","coordinates":[[-75.50879053253388,6.3393809873024365],[-75.50847014468408,6.3399048864848195]]}},{"type":"Feature","properties":{"RIO":0,"N_QUEBRADA":"QUEBRADA LA CHOCHA"},"geometry":{"type":"LineString","coordinates":[[-75.66325725877455,6.1547166202581085],[-75.66300031117686,6.1552124376682364]]}},{"type":"Feature","properties":{"RIO":0,"N_QUEBRADA":"QUEBRADA LA MINA"},"geometry":{"type":"LineString","coordinates":[[-75.50148052976839,6.3044158957165175],[-75.50051486319094,6.3059548880980465]]}},{"type":"Feature","properties":{"RIO":0,"N_QUEBRADA":"QUEBRADA PIEDRAS NEGRAS"},"geometry":{"type":"LineString","coordinates":[[-75.51199320552308,6.3234661904196345],[-75.51184332622367,6.3237003635465685]]}},{"type":"Feature","properties":{"RIO":0,"N_QUEBRADA":"QUEBRADA EL CONVENTO"},"geometry":{"type":"LineString","coordinates":[[-75.50862408162882,6.3390708910337255],[-75.50879053253388,6.3393809873024365]]}},{"type":"Feature","properties":{"RIO":0,"N_QUEBRADA":"QUEBRADA PIEDRAS BLANCAS"},"geometry":{"type":"LineString","coordinates":[[-75.50442794625354,6.3280844453926814],[-75.50441511872721,6.3284122298685155]]}},{"type":"Feature","properties":{"RIO":0,"N_QUEBRADA":"QUEBRADA EL SALADO"},"geometry":{"type":"LineString","coordinates":[[-75.48326429854939,6.2346853251429035],[-75.48390795495499,6.2349382977705945]]}},{"type":"Feature","properties":{"RIO":0,"N_QUEBRADA":"QUEBRADA EL MOLINO"},"geometry":{"type":"LineString","coordinates":[[-75.47638749331989,6.2374656544076545],[-75.47640958358443,6.2377877297889155]]}},{"type":"Feature","properties":{"RIO":0,"N_QUEBRADA":"QUEBRADA PIEDRA SENTADA"},"geometry":{"type":"LineString","coordinates":[[-75.57955012926882,6.3507171400253855],[-75.57815724413443,6.3497196391061905]]}},{"type":"Feature","properties":{"RIO":0,"N_QUEBRADA":"QUEBRADA LA PORQUERA"},"geometry":{"type":"LineString","coordinates":[[-75.65618307546654,6.3707943679476395],[-75.65450828885048,6.3701045309750555]]}},{"type":"Feature","properties":{"RIO":0,"N_QUEBRADA":"QUEBRADA LA GARCIA"},"geometry":{"type":"LineString","coordinates":[[-75.63586750143533,6.3737116655964305],[-75.63556347395154,6.3736904179589535]]}},{"type":"Feature","properties":{"RIO":0,"N_QUEBRADA":"QUEBRADA LA GALLINAZA"},"geometry":{"type":"LineString","coordinates":[[-75.60437396430186,6.3833123716137585],[-75.60420006153463,6.3809463495707215]]}},{"type":"Feature","properties":{"RIO":0,"N_QUEBRADA":"QUEBRADA LA GARCIA"},"geometry":{"type":"LineString","coordinates":[[-75.61108812814837,6.3624756668467475],[-75.61043447080625,6.3619592059963805]]}},{"type":"Feature","properties":{"RIO":0,"N_QUEBRADA":"QUEBRADA LA GARCIA"},"geometry":{"type":"LineString","coordinates":[[-75.62095161665381,6.3714544498860874],[-75.62049361336528,6.3708259890377175]]}},{"type":"Feature","properties":{"RIO":0,"N_QUEBRADA":"QUEBRADA LA PORQUERA"},"geometry":{"type":"LineString","coordinates":[[-75.64539140244823,6.3756979688607895],[-75.64499483937487,6.3755147060586905]]}},{"type":"Feature","properties":{"RIO":0,"N_QUEBRADA":"QUEBRADA LA CHIQUITA"},"geometry":{"type":"LineString","coordinates":[[-75.57628286386566,6.3983038898142635],[-75.57636533537698,6.3982730350716706]]}},{"type":"Feature","properties":{"RIO":0,"N_QUEBRADA":"QUEBRADA LA AGUIRRE"},"geometry":{"type":"LineString","coordinates":[[-75.58230106429792,6.3991657888210325],[-75.58173080778867,6.3981046811575215]]}},{"type":"Feature","properties":{"RIO":0,"N_QUEBRADA":"QUEBRADA LA GARCIA"},"geometry":{"type":"LineString","coordinates":[[-75.62412764446589,6.3752433000188775],[-75.62379928208485,6.3754565502411005]]}},{"type":"Feature","properties":{"RIO":0,"N_QUEBRADA":"QUEBRADA EL YARUMO"},"geometry":{"type":"LineString","coordinates":[[-75.40482365117073,6.3584943639042875],[-75.40562018989883,6.3593462886450105]]}},{"type":"Feature","properties":{"RIO":0,"N_QUEBRADA":"QUEBRADA VILLA SOCORRO"},"geometry":{"type":"LineString","coordinates":[[-75.62978631134499,6.1808227506253735],[-75.63104453179221,6.1797509176197485]]}},{"type":"Feature","properties":{"RIO":0,"N_QUEBRADA":"QUEBRADA EL HATO"},"geometry":{"type":"LineString","coordinates":[[-75.60665588407429,6.3342439281450735],[-75.60643122704809,6.3339951552401885]]}},{"type":"Feature","properties":{"RIO":0,"N_QUEBRADA":"QUEBRADA EMPALIZADA"},"geometry":{"type":"LineString","coordinates":[[-75.67140633074574,6.1966618661077035],[-75.67100225295059,6.1966652445671695]]}},{"type":"Feature","properties":{"RIO":0,"N_QUEBRADA":"QUEBRADA LA POPALA 1"},"geometry":{"type":"LineString","coordinates":[[-75.62789581559431,6.1919989939395235],[-75.62831820377977,6.1911600033728424]]}},{"type":"Feature","properties":{"RIO":0,"N_QUEBRADA":"QUEBRADA LA JUSTA"},"geometry":{"type":"LineString","coordinates":[[-75.65738758613894,6.1656673502295085],[-75.65463700562667,6.1668506033118415]]}},{"type":"Feature","properties":{"RIO":0,"N_QUEBRADA":"QUEBRADA LA JUSTA"},"geometry":{"type":"LineString","coordinates":[[-75.65463700562667,6.1668506033118415],[-75.65446194777586,6.1668278263651635]]}},{"type":"Feature","properties":{"RIO":0,"N_QUEBRADA":"QUEBRADA LA VALERIA"},"geometry":{"type":"LineString","coordinates":[[-75.65339417129721,6.0891272488778965],[-75.65348667558811,6.0897597789364015]]}},{"type":"Feature","properties":{"RIO":0,"N_QUEBRADA":"QUEBRADA EL CEDRO"},"geometry":{"type":"LineString","coordinates":[[-75.59238464728497,6.3255513780791395],[-75.59173900096836,6.3267751151784495]]}},{"type":"Feature","properties":{"RIO":0,"N_QUEBRADA":"QUEBRADA LA ROSITA"},"geometry":{"type":"LineString","coordinates":[[-75.62160910291821,6.3290531033192705],[-75.62106220277036,6.3292425725512995]]}},{"type":"Feature","properties":{"RIO":0,"N_QUEBRADA":"QUEBRADA LA GURUPERA"},"geometry":{"type":"LineString","coordinates":[[-75.62819124100062,6.3268711319444595],[-75.62819776879626,6.3271366584084445]]}},{"type":"Feature","properties":{"RIO":0,"N_QUEBRADA":"QUEBRADA RODAS"},"geometry":{"type":"LineString","coordinates":[[-75.53512313096918,6.334986038412404],[-75.53566958561062,6.3362394691959265]]}},{"type":"Feature","properties":{"RIO":0,"N_QUEBRADA":"QUEBRADA LA AGUACATALA"},"geometry":{"type":"LineString","coordinates":[[-75.54004483150351,6.178691816576418],[-75.54300103198021,6.1788092202143465]]}},{"type":"Feature","properties":{"RIO":0,"N_QUEBRADA":"QUEBRADA LA AGUACATALA"},"geometry":{"type":"LineString","coordinates":[[-75.54300103198021,6.1788092202143465],[-75.54571454274452,6.179812642155651]]}},{"type":"Feature","properties":{"RIO":0,"N_QUEBRADA":"QUEBRADA CARRIZAL"},"geometry":{"type":"LineString","coordinates":[[-75.54635575928467,6.1810438347336545],[-75.54839591367697,6.180687862312669]]}},{"type":"Feature","properties":{"RIO":0,"N_QUEBRADA":"QUEBRADA CARRIZAL"},"geometry":{"type":"LineString","coordinates":[[-75.54490094693926,6.180868342586184],[-75.54635575928467,6.1810438347336545]]}},{"type":"Feature","properties":{"RIO":0,"N_QUEBRADA":"QUEBRADA LA LOCA"},"geometry":{"type":"LineString","coordinates":[[-75.59730352538577,6.3176750533220964],[-75.59373563528882,6.317027219058728]]}},{"type":"Feature","properties":{"RIO":0,"N_QUEBRADA":"QUEBRADA GUACAMAYAS"},"geometry":{"type":"LineString","coordinates":[[-75.53484352997003,6.349464768020878],[-75.53403505496571,6.3495257516140535]]}},{"type":"Feature","properties":{"RIO":0,"N_QUEBRADA":"QUEBRADA LA PUERTA"},"geometry":{"type":"LineString","coordinates":[[-75.61672703940444,6.288871599317396],[-75.61663608855753,6.2888005074513105]]}},{"type":"Feature","properties":{"RIO":0,"N_QUEBRADA":"QUEBRADA QUICIANEGA"},"geometry":{"type":"LineString","coordinates":[[-75.43076016708511,6.430542336355753],[-75.43000200043019,6.4292266977940535]]}},{"type":"Feature","properties":{"RIO":0,"N_QUEBRADA":"QUEBRADA QUICIANEGA"},"geometry":{"type":"LineString","coordinates":[[-75.42964083010268,6.428442896600428],[-75.42933035078971,6.4277913512023375]]}},{"type":"Feature","properties":{"RIO":0,"N_QUEBRADA":"QUEBRADA QUICIANEGA"},"geometry":{"type":"LineString","coordinates":[[-75.42783928235573,6.4265196357582735],[-75.42599960283091,6.425569293817359]]}},{"type":"Feature","properties":{"RIO":0,"N_QUEBRADA":"QUEBRADA EL ALTICO"},"geometry":{"type":"LineString","coordinates":[[-75.58750712548188,6.300773743292782],[-75.58754993821874,6.3001863455232785]]}},{"type":"Feature","properties":{"RIO":0,"N_QUEBRADA":"QUEBRADA LA VILLA"},"geometry":{"type":"LineString","coordinates":[[-75.58559233034369,6.2937082615825135],[-75.58590368208642,6.293251189971998]]}},{"type":"Feature","properties":{"RIO":0,"N_QUEBRADA":"QUEBRADA LA PUERTA"},"geometry":{"type":"LineString","coordinates":[[-75.64706736373098,6.2932557291603795],[-75.64815120729833,6.292127336078882]]}},{"type":"Feature","properties":{"RIO":0,"N_QUEBRADA":"QUEBRADA LA BOLSA 2"},"geometry":{"type":"LineString","coordinates":[[-75.64170145775776,6.2961841707886705],[-75.64271773737205,6.295689421625617]]}},{"type":"Feature","properties":{"RIO":0,"N_QUEBRADA":"CAÑO LAS BRISAS"},"geometry":{"type":"LineString","coordinates":[[-75.56042190535376,6.3103848219346785],[-75.55738323513249,6.309448714805918]]}},{"type":"Feature","properties":{"RIO":0,"N_QUEBRADA":"QUEBRADA LA HONDA"},"geometry":{"type":"LineString","coordinates":[[-75.53322830845599,6.266217332212369],[-75.53425989221492,6.2665113719522845]]}},{"type":"Feature","properties":{"RIO":0,"N_QUEBRADA":"QUEBRADA ARRAYANES"},"geometry":{"type":"LineString","coordinates":[[-75.28298327487086,6.4129815455408465],[-75.2833844194565,6.4130041819030374]]}},{"type":"Feature","properties":{"RIO":0,"N_QUEBRADA":"QUEBRADA LA MONTERA"},"geometry":{"type":"LineString","coordinates":[[-75.30981463443611,6.506143710147289],[-75.30863747103137,6.5061819503022384]]}},{"type":"Feature","properties":{"RIO":0,"N_QUEBRADA":"QUEBRADA LA CALDAS"},"geometry":{"type":"LineString","coordinates":[[-75.30146465880759,6.490306809891299],[-75.30080020651654,6.4899729788885026]]}},{"type":"Feature","properties":{"RIO":0,"N_QUEBRADA":"QUEBRADA LA CULEBRA"},"geometry":{"type":"LineString","coordinates":[[-75.66101954621891,6.3007600599915055],[-75.65989527697886,6.300731533457025]]}},{"type":"Feature","properties":{"RIO":0,"N_QUEBRADA":"QUEBRADA LA CULEBRA"},"geometry":{"type":"LineString","coordinates":[[-75.66173755080547,6.301037716475581],[-75.66101954621891,6.3007600599915055]]}},{"type":"Feature","properties":{"RIO":0,"N_QUEBRADA":"QUEBRADA LA HONDA"},"geometry":{"type":"LineString","coordinates":[[-75.53425989221492,6.2665113719522845],[-75.53473511449286,6.266519258716899]]}},{"type":"Feature","properties":{"RIO":0,"N_QUEBRADA":"QUEBRADA LA QUIEBRA"},"geometry":{"type":"LineString","coordinates":[[-75.30197150877379,6.4336990934443214],[-75.30240284507566,6.433686438265111]]}},{"type":"Feature","properties":{"RIO":0,"N_QUEBRADA":"QUEBRADA LA QUIEBRA"},"geometry":{"type":"LineString","coordinates":[[-75.30079530970761,6.434060698011607],[-75.30197150877379,6.4336990934443214]]}},{"type":"Feature","properties":{"RIO":0,"N_QUEBRADA":"QUEBRADA LA QUIEBRA"},"geometry":{"type":"LineString","coordinates":[[-75.29660183252764,6.434230051776665],[-75.30002882646178,6.4340715518639255]]}},{"type":"Feature","properties":{"RIO":0,"N_QUEBRADA":"QUEBRADA LA QUIEBRA"},"geometry":{"type":"LineString","coordinates":[[-75.29252524529437,6.435125766601705],[-75.29302054423366,6.4347826024265835]]}},{"type":"Feature","properties":{"RIO":0,"N_QUEBRADA":"QUEBRADA EL MENUDO"},"geometry":{"type":"LineString","coordinates":[[-75.31220478804704,6.4029907406217506],[-75.31208622177525,6.403261416345793]]}},{"type":"Feature","properties":{"RIO":0,"N_QUEBRADA":"QUEBRADA ROMEDALES"},"geometry":{"type":"LineString","coordinates":[[-75.59824947507967,6.2849984464206345],[-75.59886574893724,6.284070086933796]]}},{"type":"Feature","properties":{"RIO":0,"N_QUEBRADA":"QUEBRADA LA CARIBIA"},"geometry":{"type":"LineString","coordinates":[[-75.56588803524032,6.2947818622019795],[-75.56547659755081,6.294937630230398]]}},{"type":"Feature","properties":{"RIO":0,"N_QUEBRADA":"QUEBRADA ESCORRENTIA"},"geometry":{"type":"LineString","coordinates":[[-75.6404939939899,6.2766255650971186],[-75.63933101739478,6.2772777864630145]]}},{"type":"Feature","properties":{"RIO":0,"N_QUEBRADA":"QUEBRADA LA RONDA"},"geometry":{"type":"LineString","coordinates":[[-75.63672704310999,6.2897895085620315],[-75.63540015267007,6.280067776664588]]}},{"type":"Feature","properties":{"RIO":0,"N_QUEBRADA":"CAÑO EL LLANO"},"geometry":{"type":"LineString","coordinates":[[-75.64771123993287,6.3018452607476725],[-75.64862425857096,6.299834547775829]]}},{"type":"Feature","properties":{"RIO":0,"N_QUEBRADA":"QUEBRADA LA PUERTA"},"geometry":{"type":"LineString","coordinates":[[-75.61690892406703,6.291528699014484],[-75.61663608855753,6.2888005074513105]]}},{"type":"Feature","properties":{"RIO":0,"N_QUEBRADA":"QUEBRADA EL EDEN"},"geometry":{"type":"LineString","coordinates":[[-75.59492769958291,6.3029319835252755],[-75.59364401318861,6.301798028809992]]}},{"type":"Feature","properties":{"RIO":0,"N_QUEBRADA":"CAÑO EL MORRO"},"geometry":{"type":"LineString","coordinates":[[-75.63603518005765,6.2468750046451165],[-75.63454294319314,6.245988491851219]]}},{"type":"Feature","properties":{"RIO":0,"N_QUEBRADA":"QUEBRADA LA QUIEBRA 2"},"geometry":{"type":"LineString","coordinates":[[-75.61726425786881,6.270316145088422],[-75.61469129155026,6.2649524249985875]]}},{"type":"Feature","properties":{"RIO":0,"N_QUEBRADA":"ZANJON SANTA MONICA"},"geometry":{"type":"LineString","coordinates":[[-75.61376914152684,6.2512030932503055],[-75.60804163370999,6.255996770797483]]}},{"type":"Feature","properties":{"RIO":0,"N_QUEBRADA":"CAÑO EL SOCORRO"},"geometry":{"type":"LineString","coordinates":[[-75.61643272641804,6.2625826613848945],[-75.61606069176563,6.261155003837072]]}},{"type":"Feature","properties":{"RIO":0,"N_QUEBRADA":"QUEBRADA BOQUERON 1"},"geometry":{"type":"LineString","coordinates":[[-75.65893429220513,6.322528959024758],[-75.65844853585713,6.3195428257066935]]}},{"type":"Feature","properties":{"RIO":0,"N_QUEBRADA":"QUEBRADA EL CAÑON"},"geometry":{"type":"LineString","coordinates":[[-75.65631242902847,6.294626308026057],[-75.65157123246672,6.2912193945739965]]}},{"type":"Feature","properties":{"RIO":0,"N_QUEBRADA":"QUEBRADA PEDREGAL"},"geometry":{"type":"LineString","coordinates":[[-75.62936577585208,6.295805453797236],[-75.62945394668156,6.2955740628994326]]}},{"type":"Feature","properties":{"RIO":0,"N_QUEBRADA":"QUEBRADA LA LEJIA"},"geometry":{"type":"LineString","coordinates":[[-75.67689879061255,6.2850669972754645],[-75.67534895884923,6.284964853703146]]}},{"type":"Feature","properties":{"RIO":0,"N_QUEBRADA":"QUEBRADA SAN FRANCISCO"},"geometry":{"type":"LineString","coordinates":[[-75.67520036594144,6.272179418668289],[-75.67435767686636,6.2723478651556706]]}},{"type":"Feature","properties":{"RIO":0,"N_QUEBRADA":"QUEBRADA SAN FRANCISCO"},"geometry":{"type":"LineString","coordinates":[[-75.67150779347557,6.2715583271075745],[-75.67093841756301,6.271156788632266]]}},{"type":"Feature","properties":{"RIO":0,"N_QUEBRADA":"QUEBRADA LA IGUANA"},"geometry":{"type":"LineString","coordinates":[[-75.64878411507087,6.330230428022762],[-75.65137264317917,6.3273330985697385]]}},{"type":"Feature","properties":{"RIO":0,"N_QUEBRADA":"QUEBRADA LA IGUANA"},"geometry":{"type":"LineString","coordinates":[[-75.65453037342482,6.3245083783172245],[-75.65457703374355,6.324342137293639]]}},{"type":"Feature","properties":{"RIO":0,"N_QUEBRADA":"QUEBRADA EL YARUMO"},"geometry":{"type":"LineString","coordinates":[[-75.65844853585713,6.3195428257066935],[-75.65934182658839,6.316154926448631]]}},{"type":"Feature","properties":{"RIO":0,"N_QUEBRADA":"QUEBRADA LA POPA"},"geometry":{"type":"LineString","coordinates":[[-75.66449482067003,6.3181373197873185],[-75.6604998857487,6.3172330507152346]]}},{"type":"Feature","properties":{"RIO":0,"N_QUEBRADA":"QUEBRADA LA POPA"},"geometry":{"type":"LineString","coordinates":[[-75.66707546596957,6.318069057351678],[-75.66679348137524,6.3181200131090085]]}},{"type":"Feature","properties":{"RIO":0,"N_QUEBRADA":"QUEBRADA LA IGUANA"},"geometry":{"type":"LineString","coordinates":[[-75.65686250531465,6.310166934552633],[-75.65614758521426,6.3086693314697415]]}},{"type":"Feature","properties":{"RIO":0,"N_QUEBRADA":"QUEBRADA LA IGUANA"},"geometry":{"type":"LineString","coordinates":[[-75.65614758521426,6.3086693314697415],[-75.65593540318176,6.307695868323316]]}},{"type":"Feature","properties":{"RIO":0,"N_QUEBRADA":"CAÑO EL LLANO"},"geometry":{"type":"LineString","coordinates":[[-75.64902903064993,6.298824345685002],[-75.64916338208538,6.2980581150763975]]}},{"type":"Feature","properties":{"RIO":0,"N_QUEBRADA":"QUEBRADA ARRAYANALA"},"geometry":{"type":"LineString","coordinates":[[-75.64167300118457,6.306810614380515],[-75.64279482581473,6.3051495851263475]]}},{"type":"Feature","properties":{"RIO":0,"N_QUEBRADA":"QUEBRADA ARRAYANALA"},"geometry":{"type":"LineString","coordinates":[[-75.64279482581473,6.3051495851263475],[-75.64373452831578,6.304960535297309]]}},{"type":"Feature","properties":{"RIO":0,"N_QUEBRADA":"QUEBRADA ALCALA"},"geometry":{"type":"LineString","coordinates":[[-75.64271983480103,6.302418948241312],[-75.64361500624739,6.3008596321862775]]}},{"type":"Feature","properties":{"RIO":0,"N_QUEBRADA":"QUEBRADA ALCALA"},"geometry":{"type":"LineString","coordinates":[[-75.64361500624739,6.3008596321862775],[-75.64401364447019,6.300224485114594]]}},{"type":"Feature","properties":{"RIO":0,"N_QUEBRADA":"QUEBRADA LA BOLSA"},"geometry":{"type":"LineString","coordinates":[[-75.64065440338256,6.2990270011300735],[-75.64218902651993,6.297955366679427]]}},{"type":"Feature","properties":{"RIO":0,"N_QUEBRADA":"QUEBRADA LA MONTAÑITA"},"geometry":{"type":"LineString","coordinates":[[-75.64268762702277,6.2987292190691635],[-75.64272171437617,6.298458494131704]]}},{"type":"Feature","properties":{"RIO":0,"N_QUEBRADA":"QUEBRADA LA BOLSA"},"geometry":{"type":"LineString","coordinates":[[-75.64484039393966,6.2939389360039115],[-75.64521639048795,6.293057777586602]]}},{"type":"Feature","properties":{"RIO":0,"N_QUEBRADA":"QUEBRADA LA BOLSA"},"geometry":{"type":"LineString","coordinates":[[-75.64477383101648,6.293981144933302],[-75.64484039393966,6.2939389360039115]]}},{"type":"Feature","properties":{"RIO":0,"N_QUEBRADA":"QUEBRADA LA PUERTA"},"geometry":{"type":"LineString","coordinates":[[-75.64807493638462,6.295647445506454],[-75.64741027851709,6.2947195977717385]]}},{"type":"Feature","properties":{"RIO":0,"N_QUEBRADA":"QUEBRADA LA BOLSA"},"geometry":{"type":"LineString","coordinates":[[-75.64688008522135,6.293295182532676],[-75.64706736373098,6.2932557291603795]]}},{"type":"Feature","properties":{"RIO":0,"N_QUEBRADA":"QUEBRADA TIERRA GRATA"},"geometry":{"type":"LineString","coordinates":[[-75.63430456629408,6.2951900959421305],[-75.63399504031763,6.293409863195389]]}},{"type":"Feature","properties":{"RIO":0,"N_QUEBRADA":"QUEBRADA LA PUERTA"},"geometry":{"type":"LineString","coordinates":[[-75.6230411749506,6.3023321674832244],[-75.62253514049651,6.3006127460585475]]}},{"type":"Feature","properties":{"RIO":0,"N_QUEBRADA":"QUEBRADA LA GARCIA"},"geometry":{"type":"LineString","coordinates":[[-75.61903054698926,6.302150010147846],[-75.61805509424276,6.3015216312285505]]}},{"type":"Feature","properties":{"RIO":0,"N_QUEBRADA":"QUEBRADA LA PUERTA"},"geometry":{"type":"LineString","coordinates":[[-75.62253514049651,6.3006127460585475],[-75.62227825713647,6.298617090903641]]}},{"type":"Feature","properties":{"RIO":0,"N_QUEBRADA":"QUEBRADA LAS HAMACAS"},"geometry":{"type":"LineString","coordinates":[[-75.61956386378681,6.295868997573511],[-75.61908260056023,6.2955576200107854]]}},{"type":"Feature","properties":{"RIO":0,"N_QUEBRADA":"QUEBRADA LA MONTAÑA 1"},"geometry":{"type":"LineString","coordinates":[[-75.60804295807874,6.3044042978360535],[-75.6072818453794,6.3011552208994095]]}},{"type":"Feature","properties":{"RIO":0,"N_QUEBRADA":"QUEBRADA LA GOMEZ"},"geometry":{"type":"LineString","coordinates":[[-75.60568812038896,6.3002207271434605],[-75.60584391846368,6.295446347371038]]}},{"type":"Feature","properties":{"RIO":0,"N_QUEBRADA":"QUEBRADA SAN PEDRO"},"geometry":{"type":"LineString","coordinates":[[-75.59321209979194,6.304949639225526],[-75.59262315694005,6.3042721182833406]]}},{"type":"Feature","properties":{"RIO":0,"N_QUEBRADA":"QUEBRADA MINITAS"},"geometry":{"type":"LineString","coordinates":[[-75.58754993821874,6.3001863455232785],[-75.58710554731682,6.299892946966546]]}},{"type":"Feature","properties":{"RIO":0,"N_QUEBRADA":"QUEBRADA MINITAS"},"geometry":{"type":"LineString","coordinates":[[-75.58780757408333,6.300415864193622],[-75.58754993821874,6.3001863455232785]]}},{"type":"Feature","properties":{"RIO":0,"N_QUEBRADA":"QUEBRADA LA CHAGUALA"},"geometry":{"type":"LineString","coordinates":[[-75.62227495486725,6.2932148780652755],[-75.62203603471605,6.293226183376711]]}},{"type":"Feature","properties":{"RIO":0,"N_QUEBRADA":"QUEBRADA LAS HAMACAS"},"geometry":{"type":"LineString","coordinates":[[-75.61908260056023,6.2955576200107854],[-75.61743909304742,6.294230227357751]]}},{"type":"Feature","properties":{"RIO":0,"N_QUEBRADA":"QUEBRADA LA GARCIA"},"geometry":{"type":"LineString","coordinates":[[-75.61494803769078,6.297599207410971],[-75.61364003559962,6.2947559079819175]]}},{"type":"Feature","properties":{"RIO":0,"N_QUEBRADA":"QUEBRADA LA CHAGUALA"},"geometry":{"type":"LineString","coordinates":[[-75.62388761862779,6.294405445267534],[-75.62227495486725,6.2932148780652755]]}},{"type":"Feature","properties":{"RIO":0,"N_QUEBRADA":"RIO ABURRA - MEDELLIN"},"geometry":{"type":"LineString","coordinates":[[-75.56852086333721,6.2810531343379274],[-75.56837878974608,6.282473352912766]]}},{"type":"Feature","properties":{"RIO":0,"N_QUEBRADA":"QUEBRADA LA SECA"},"geometry":{"type":"LineString","coordinates":[[-75.60111624816838,6.289670098990889],[-75.60076286010514,6.2891272580870785]]}},{"type":"Feature","properties":{"RIO":0,"N_QUEBRADA":"QUEBRADA LA IGUANA"},"geometry":{"type":"LineString","coordinates":[[-75.61308052643233,6.2749094658050675],[-75.61230529044154,6.274826275801018]]}},{"type":"Feature","properties":{"RIO":0,"N_QUEBRADA":"QUEBRADA LA IGUANA"},"geometry":{"type":"LineString","coordinates":[[-75.61344901495272,6.274473103026792],[-75.61308052643233,6.2749094658050675]]}},{"type":"Feature","properties":{"RIO":0,"N_QUEBRADA":"QUEBRADA LA IGUANA"},"geometry":{"type":"LineString","coordinates":[[-75.62469201846939,6.2753813223559645],[-75.62169443412692,6.275067455310676]]}},{"type":"Feature","properties":{"RIO":0,"N_QUEBRADA":"QUEBRADA LA LOMA"},"geometry":{"type":"LineString","coordinates":[[-75.62668128588214,6.275160363716646],[-75.62555851109205,6.2758114265551335]]}},{"type":"Feature","properties":{"RIO":0,"N_QUEBRADA":"QUEBRADA LA IGUANA"},"geometry":{"type":"LineString","coordinates":[[-75.62630928083668,6.276510511185893],[-75.62555851109205,6.2758114265551335]]}},{"type":"Feature","properties":{"RIO":0,"N_QUEBRADA":"QUEBRADA LA IGUANA"},"geometry":{"type":"LineString","coordinates":[[-75.63658677465965,6.2768194996930315],[-75.63415299238021,6.276852669406155]]}},{"type":"Feature","properties":{"RIO":0,"N_QUEBRADA":"QUEBRADA LA SAPERA"},"geometry":{"type":"LineString","coordinates":[[-75.63958418794188,6.2697847617729945],[-75.63911629356625,6.271993124484145]]}},{"type":"Feature","properties":{"RIO":0,"N_QUEBRADA":"QUEBRADA LA HONDA"},"geometry":{"type":"LineString","coordinates":[[-75.63113264122971,6.2808755835833665],[-75.6310716821896,6.2799950831974956]]}},{"type":"Feature","properties":{"RIO":0,"N_QUEBRADA":"QUEBRADA TIERRA GRATA"},"geometry":{"type":"LineString","coordinates":[[-75.63160048085541,6.283675979003775],[-75.63113264122971,6.2808755835833665]]}},{"type":"Feature","properties":{"RIO":0,"N_QUEBRADA":"QUEBRADA SAN FRANCISCO"},"geometry":{"type":"LineString","coordinates":[[-75.64441366193627,6.2760436302138665],[-75.64279585368047,6.276745776873963]]}},{"type":"Feature","properties":{"RIO":0,"N_QUEBRADA":"QUEBRADA SAN FRANCISCO"},"geometry":{"type":"LineString","coordinates":[[-75.64486014425925,6.275608606318695],[-75.64441366193627,6.2760436302138665]]}},{"type":"Feature","properties":{"RIO":0,"N_QUEBRADA":"QUEBRADA EL PATIO"},"geometry":{"type":"LineString","coordinates":[[-75.64786563165045,6.275977200118282],[-75.64441366193627,6.2760436302138665]]}},{"type":"Feature","properties":{"RIO":0,"N_QUEBRADA":"QUEBRADA SAN FRANCISCO"},"geometry":{"type":"LineString","coordinates":[[-75.66117939288644,6.266886769516492],[-75.66012347759677,6.2669705581912325]]}},{"type":"Feature","properties":{"RIO":0,"N_QUEBRADA":"QUEBRADA LA MINA"},"geometry":{"type":"LineString","coordinates":[[-75.61318635530196,6.269953602230943],[-75.61305110829662,6.2695406167168946]]}},{"type":"Feature","properties":{"RIO":0,"N_QUEBRADA":"QUEBRADA LA MINA"},"geometry":{"type":"LineString","coordinates":[[-75.61305110829662,6.2695406167168946],[-75.61297238885622,6.269315745837602]]}},{"type":"Feature","properties":{"RIO":0,"N_QUEBRADA":"QUEBRADA LA MINA"},"geometry":{"type":"LineString","coordinates":[[-75.60937550551981,6.268840285473909],[-75.60882189159177,6.2687870967245605]]}},{"type":"Feature","properties":{"RIO":0,"N_QUEBRADA":"QUEBRADA LA MINA"},"geometry":{"type":"LineString","coordinates":[[-75.60882189159177,6.2687870967245605],[-75.60868494429408,6.268778509707924]]}},{"type":"Feature","properties":{"RIO":0,"N_QUEBRADA":"QUEBRADA LA MINA"},"geometry":{"type":"LineString","coordinates":[[-75.60641417646883,6.268725333726911],[-75.60639689852958,6.2686837203922225]]}},{"type":"Feature","properties":{"RIO":0,"N_QUEBRADA":"QUEBRADA LA MINA"},"geometry":{"type":"LineString","coordinates":[[-75.60641258883885,6.2683973410659934],[-75.60631543343091,6.268427055013415]]}},{"type":"Feature","properties":{"RIO":0,"N_QUEBRADA":"QUEBRADA BOLILLALA"},"geometry":{"type":"LineString","coordinates":[[-75.60888379559148,6.258306640004653],[-75.60704066899052,6.2586025107165915]]}},{"type":"Feature","properties":{"RIO":0,"N_QUEBRADA":"QUEBRADA LA HUESO"},"geometry":{"type":"LineString","coordinates":[[-75.64038747803666,6.2565434663739685],[-75.63800036855778,6.256420594466722]]}},{"type":"Feature","properties":{"RIO":0,"N_QUEBRADA":"QUEBRADA LA LEONARDA"},"geometry":{"type":"LineString","coordinates":[[-75.62803696577602,6.262394553388486],[-75.62730092136721,6.2615129815727215]]}},{"type":"Feature","properties":{"RIO":0,"N_QUEBRADA":"QUEBRADA LA LEONARDA"},"geometry":{"type":"LineString","coordinates":[[-75.62730092136721,6.2615129815727215],[-75.62727621281039,6.261123229254764]]}},{"type":"Feature","properties":{"RIO":0,"N_QUEBRADA":"QUEBRADA LA QUIEBRA"},"geometry":{"type":"LineString","coordinates":[[-75.61985081413323,6.269753028776268],[-75.61891527307029,6.2690448303644875]]}},{"type":"Feature","properties":{"RIO":0,"N_QUEBRADA":"QUEBRADA LA QUIEBRA"},"geometry":{"type":"LineString","coordinates":[[-75.61891527307029,6.2690448303644875],[-75.61876928583328,6.268876431676465]]}},{"type":"Feature","properties":{"RIO":0,"N_QUEBRADA":"QUEBRADA LA QUIEBRA 1"},"geometry":{"type":"LineString","coordinates":[[-75.61469129155026,6.2649524249985875],[-75.61447424911246,6.263091147274815]]}},{"type":"Feature","properties":{"RIO":0,"N_QUEBRADA":"QUEBRADA ANA DIAZ"},"geometry":{"type":"LineString","coordinates":[[-75.63005453445533,6.246404964243219],[-75.62579108807913,6.2462603148294535]]}},{"type":"Feature","properties":{"RIO":0,"N_QUEBRADA":"CAÑADA NEGRA 1"},"geometry":{"type":"LineString","coordinates":[[-75.54930486643885,6.2998069448488465],[-75.54974654805163,6.300715537684944]]}},{"type":"Feature","properties":{"RIO":0,"N_QUEBRADA":"QUEBRADA EL MISTER"},"geometry":{"type":"LineString","coordinates":[[-75.54878732166101,6.3020870428420706],[-75.55369967142032,6.302371835622217]]}},{"type":"Feature","properties":{"RIO":0,"N_QUEBRADA":"QUEBRADA LA HONDA 2"},"geometry":{"type":"LineString","coordinates":[[-75.53181405524248,6.2628847513576416],[-75.53473511449286,6.266519258716899]]}},{"type":"Feature","properties":{"RIO":0,"N_QUEBRADA":"QUEBRADA LOS ATAUDES 2"},"geometry":{"type":"LineString","coordinates":[[-75.53954945863016,6.2589202502164625],[-75.54101688533146,6.258509987008134]]}},{"type":"Feature","properties":{"RIO":0,"N_QUEBRADA":"QUEBRADA CHACALTAYA RAMAL 3"},"geometry":{"type":"LineString","coordinates":[[-75.54360143655403,6.174734268212492],[-75.54390647369739,6.1750775395494255]]}},{"type":"Feature","properties":{"RIO":0,"N_QUEBRADA":"QUEBRADA LA ASOMADERA 3"},"geometry":{"type":"LineString","coordinates":[[-75.56213538997497,6.2217095140899366],[-75.56253833117945,6.222265423051911]]}},{"type":"Feature","properties":{"RIO":0,"N_QUEBRADA":"QUEBRADA LA ASOMADERA 4"},"geometry":{"type":"LineString","coordinates":[[-75.56226914635431,6.2227738073973855],[-75.56369543782665,6.222701199799097]]}},{"type":"Feature","properties":{"RIO":0,"N_QUEBRADA":"QUEBRADA LAS PERRAS 1"},"geometry":{"type":"LineString","coordinates":[[-75.54828870587046,6.265123143841453],[-75.55105792722843,6.2652682159519495]]}},{"type":"Feature","properties":{"RIO":0,"N_QUEBRADA":"QUEBRADA LA LLORONA"},"geometry":{"type":"LineString","coordinates":[[-75.55723582528296,6.2743761791457775],[-75.5606502800726,6.2715544912301056]]}},{"type":"Feature","properties":{"RIO":0,"N_QUEBRADA":"QUEBRADA LA SUCIA 1"},"geometry":{"type":"LineString","coordinates":[[-75.55977399742673,6.1928535062581025],[-75.56320472995846,6.195842018898121]]}},{"type":"Feature","properties":{"RIO":0,"N_QUEBRADA":"QUEBRADA EL CASTILLO"},"geometry":{"type":"LineString","coordinates":[[-75.57300381270605,6.1915031042962605],[-75.57519863943423,6.191732279830712]]}},{"type":"Feature","properties":{"RIO":0,"N_QUEBRADA":"QUEBRADA EL CASTILLO RAMAL 1"},"geometry":{"type":"LineString","coordinates":[[-75.57226474737871,6.192023888445974],[-75.57300381270605,6.1915031042962605]]}},{"type":"Feature","properties":{"RIO":0,"N_QUEBRADA":"CAÑADA NEGRA"},"geometry":{"type":"LineString","coordinates":[[-75.54675513357466,6.3005720616110485],[-75.54974654805163,6.300715537684944]]}},{"type":"Feature","properties":{"RIO":0,"N_QUEBRADA":"QUEBRADA CHACALTAYA"},"geometry":{"type":"LineString","coordinates":[[-75.54170792605585,6.173318392044754],[-75.54390647369739,6.1750775395494255]]}},{"type":"Feature","properties":{"RIO":0,"N_QUEBRADA":"QUEBRADA SAN JUAN"},"geometry":{"type":"LineString","coordinates":[[-75.55897848703093,6.183275037460173],[-75.56014018873026,6.1834090123979175]]}},{"type":"Feature","properties":{"RIO":0,"N_QUEBRADA":"QUEBRADA SAN JUAN"},"geometry":{"type":"LineString","coordinates":[[-75.56014018873026,6.1834090123979175],[-75.56043447766253,6.183496204089163]]}},{"type":"Feature","properties":{"RIO":0,"N_QUEBRADA":"QUEBRADA EL CASTILLO"},"geometry":{"type":"LineString","coordinates":[[-75.57125003030127,6.191678612908387],[-75.57300381270605,6.1915031042962605]]}},{"type":"Feature","properties":{"RIO":0,"N_QUEBRADA":"QUEBRADA LA ASOMADERA 3"},"geometry":{"type":"LineString","coordinates":[[-75.56197927338785,6.221510151436322],[-75.56213538997497,6.2217095140899366]]}},{"type":"Feature","properties":{"RIO":0,"N_QUEBRADA":"QUEBRADA LA ASOMADERA"},"geometry":{"type":"LineString","coordinates":[[-75.56253833117945,6.222265423051911],[-75.56380766357276,6.2223868587131665]]}},{"type":"Feature","properties":{"RIO":0,"N_QUEBRADA":"QUEBRADA LA ASOMADERA 4"},"geometry":{"type":"LineString","coordinates":[[-75.56369543782665,6.222701199799097],[-75.56380766357276,6.2223868587131665]]}},{"type":"Feature","properties":{"RIO":0,"N_QUEBRADA":"QUEBRADA LA ASOMADERA"},"geometry":{"type":"LineString","coordinates":[[-75.56380766357276,6.2223868587131665],[-75.56462714099098,6.222691302699819]]}},{"type":"Feature","properties":{"RIO":0,"N_QUEBRADA":"QUEBRADA EL AHORCADO"},"geometry":{"type":"LineString","coordinates":[[-75.54579990248654,6.262157148057321],[-75.54654569650602,6.2621040852586605]]}},{"type":"Feature","properties":{"RIO":0,"N_QUEBRADA":"RIO ABURRA - MEDELLIN"},"geometry":{"type":"LineString","coordinates":[[-75.56391149303307,6.2906989032807195],[-75.56347732793903,6.291264517694598]]}},{"type":"Feature","properties":{"RIO":0,"N_QUEBRADA":"RIO ABURRA - MEDELLIN"},"geometry":{"type":"LineString","coordinates":[[-75.56855851858612,6.280778412150775],[-75.56852086333721,6.2810531343379274]]}},{"type":"Feature","properties":{"RIO":0,"N_QUEBRADA":"QUEBRADA LA ESE"},"geometry":{"type":"LineString","coordinates":[[-75.36971875507072,6.4316246115836915],[-75.36889432800528,6.431483990883896]]}},{"type":"Feature","properties":{"RIO":0,"N_QUEBRADA":"QUEBRADA LA ESE"},"geometry":{"type":"LineString","coordinates":[[-75.37024160009948,6.431579561854257],[-75.36971875507072,6.4316246115836915]]}},{"type":"Feature","properties":{"RIO":0,"N_QUEBRADA":"QUEBRADA DOS QUEBRADAS"},"geometry":{"type":"LineString","coordinates":[[-75.31293382505675,6.3971930104880235],[-75.31322675272723,6.397507328916612]]}},{"type":"Feature","properties":{"RIO":0,"N_QUEBRADA":"QUEBRADA LA ESE"},"geometry":{"type":"LineString","coordinates":[[-75.37995740511148,6.435685606387517],[-75.37805504100673,6.4350410004697425]]}},{"type":"Feature","properties":{"RIO":0,"N_QUEBRADA":"QUEBRADA EL HIGUERON"},"geometry":{"type":"LineString","coordinates":[[-75.39118180513839,6.376666352980595],[-75.39145913853089,6.3781488340832135]]}},{"type":"Feature","properties":{"RIO":0,"N_QUEBRADA":"QUEBRADA DE COROZAL"},"geometry":{"type":"LineString","coordinates":[[-75.40142256199121,6.4286954860998975],[-75.40150042522734,6.428288884752526]]}},{"type":"Feature","properties":{"RIO":0,"N_QUEBRADA":"QUEBRADA EL GUANABANO"},"geometry":{"type":"LineString","coordinates":[[-75.41227040107125,6.4373536186787685],[-75.41226561606905,6.434747062474688]]}},{"type":"Feature","properties":{"RIO":0,"N_QUEBRADA":"QUEBRADA LA QUIEBRA"},"geometry":{"type":"LineString","coordinates":[[-75.30741280991114,6.4328368611777424],[-75.30823713551553,6.434955688727951]]}},{"type":"Feature","properties":{"RIO":0,"N_QUEBRADA":"QUEBRADA LA QUIEBRA"},"geometry":{"type":"LineString","coordinates":[[-75.30711011081164,6.432810802391011],[-75.30741280991114,6.4328368611777424]]}},{"type":"Feature","properties":{"RIO":0,"N_QUEBRADA":"QUEBRADA POPALITO"},"geometry":{"type":"LineString","coordinates":[[-75.29852577415082,6.4774461134476695],[-75.29743331292941,6.477398523159185]]}},{"type":"Feature","properties":{"RIO":0,"N_QUEBRADA":"QUEBRADA GUAYABAL"},"geometry":{"type":"LineString","coordinates":[[-75.37381427734111,6.4049687401073365],[-75.37356014061072,6.405660284442426]]}},{"type":"Feature","properties":{"RIO":0,"N_QUEBRADA":"QUEBRADA GUAYABAL"},"geometry":{"type":"LineString","coordinates":[[-75.37400201219295,6.404466668085558],[-75.37381427734111,6.4049687401073365]]}},{"type":"Feature","properties":{"RIO":0,"N_QUEBRADA":"QUEBRADA EL FRIJOL"},"geometry":{"type":"LineString","coordinates":[[-75.36748237700327,6.411629256534499],[-75.36811391989843,6.4118323410184965]]}},{"type":"Feature","properties":{"RIO":0,"N_QUEBRADA":"QUEBRADA LA CHUSCALA"},"geometry":{"type":"LineString","coordinates":[[-75.30058503239918,6.4300868617980305],[-75.30163052751358,6.429639123960953]]}},{"type":"Feature","properties":{"RIO":0,"N_QUEBRADA":"QUEBRADA LA CHUSCALA"},"geometry":{"type":"LineString","coordinates":[[-75.30046764233109,6.430125259255533],[-75.30058503239918,6.4300868617980305]]}},{"type":"Feature","properties":{"RIO":0,"N_QUEBRADA":"QUEBRADA LA CHAPA"},"geometry":{"type":"LineString","coordinates":[[-75.28790598402726,6.4241217690812995],[-75.28842771080684,6.423636845233301]]}},{"type":"Feature","properties":{"RIO":0,"N_QUEBRADA":"QUEBRADA LA CHAPA"},"geometry":{"type":"LineString","coordinates":[[-75.28767699387778,6.424222687185715],[-75.28790598402726,6.4241217690812995]]}},{"type":"Feature","properties":{"RIO":0,"N_QUEBRADA":"QUEBRADA LA CHAPA"},"geometry":{"type":"LineString","coordinates":[[-75.28353643342997,6.426018827025671],[-75.28422519077232,6.4251899847725085]]}},{"type":"Feature","properties":{"RIO":0,"N_QUEBRADA":"QUEBRADA LA CHAPA"},"geometry":{"type":"LineString","coordinates":[[-75.27952919738449,6.429007493150197],[-75.28003234111229,6.4288645745749164]]}},{"type":"Feature","properties":{"RIO":0,"N_QUEBRADA":"QUEBRADA EL TIGRE"},"geometry":{"type":"LineString","coordinates":[[-75.31480127300338,6.495069364759254],[-75.31296168671268,6.4942075770474785]]}},{"type":"Feature","properties":{"RIO":0,"N_QUEBRADA":"QUEBRADA EL TIGRE"},"geometry":{"type":"LineString","coordinates":[[-75.31296168671268,6.4942075770474785],[-75.31183686774101,6.493563935971182]]}},{"type":"Feature","properties":{"RIO":0,"N_QUEBRADA":"QUEBRADA EL TIGRE"},"geometry":{"type":"LineString","coordinates":[[-75.31038085843382,6.493177223939404],[-75.30948818645156,6.4927248333653225]]}},{"type":"Feature","properties":{"RIO":0,"N_QUEBRADA":"QUEBRADA EL TIGRE"},"geometry":{"type":"LineString","coordinates":[[-75.30948818645156,6.4927248333653225],[-75.30917962301999,6.492570820633122]]}},{"type":"Feature","properties":{"RIO":0,"N_QUEBRADA":"QUEBRADA DE EMILITO"},"geometry":{"type":"LineString","coordinates":[[-75.28246731393388,6.4220249280353645],[-75.28425803743697,6.423408115644499]]}},{"type":"Feature","properties":{"RIO":0,"N_QUEBRADA":"QUEBRADA DE EMILITO"},"geometry":{"type":"LineString","coordinates":[[-75.28037606831435,6.420830240529904],[-75.28246731393388,6.4220249280353645]]}},{"type":"Feature","properties":{"RIO":0,"N_QUEBRADA":"QUEBRADA EL CHOCHO"},"geometry":{"type":"LineString","coordinates":[[-75.39199916162322,6.414493526190812],[-75.39272500818898,6.4137968616526315]]}},{"type":"Feature","properties":{"RIO":0,"N_QUEBRADA":"QUEBRADA EL SILENCIO"},"geometry":{"type":"LineString","coordinates":[[-75.29542714386928,6.479159245696479],[-75.29258086115394,6.4796087820273245]]}},{"type":"Feature","properties":{"RIO":0,"N_QUEBRADA":"QUEBRADA EL SILENCIO"},"geometry":{"type":"LineString","coordinates":[[-75.29258086115394,6.4796087820273245],[-75.29235461221404,6.479660086295903]]}},{"type":"Feature","properties":{"RIO":0,"N_QUEBRADA":"QUEBRADA REVENTON"},"geometry":{"type":"LineString","coordinates":[[-75.35642630062911,6.469339256338434],[-75.35550633235708,6.4688444728780645]]}},{"type":"Feature","properties":{"RIO":0,"N_QUEBRADA":"QUEBRADA LA CALDAS"},"geometry":{"type":"LineString","coordinates":[[-75.30544925286132,6.4966309437111125],[-75.30387493366547,6.494144000884735]]}},{"type":"Feature","properties":{"RIO":0,"N_QUEBRADA":"QUEBRADA DE MEDELLIN"},"geometry":{"type":"LineString","coordinates":[[-75.29896989439956,6.496697099751986],[-75.29854617566791,6.4959487733232555]]}},{"type":"Feature","properties":{"RIO":0,"N_QUEBRADA":"QUEBRADA LA CHOCONA"},"geometry":{"type":"LineString","coordinates":[[-75.39655691431551,6.4360784069594805],[-75.39598969638999,6.435381380664337]]}},{"type":"Feature","properties":{"RIO":0,"N_QUEBRADA":"QUEBRADA LA CHOCONA"},"geometry":{"type":"LineString","coordinates":[[-75.39658119251916,6.436625516955889],[-75.39655691431551,6.4360784069594805]]}},{"type":"Feature","properties":{"RIO":0,"N_QUEBRADA":"QUEBRADA SANTA ROSA"},"geometry":{"type":"LineString","coordinates":[[-75.32285094992649,6.5065922407596215],[-75.32315951675749,6.505126783840137]]}},{"type":"Feature","properties":{"RIO":0,"N_QUEBRADA":"QUEBRADA LAS LAJAS"},"geometry":{"type":"LineString","coordinates":[[-75.41600946415466,6.4282240284856496],[-75.41629230679237,6.423390868968143]]}},{"type":"Feature","properties":{"RIO":0,"N_QUEBRADA":"QUEBRADA LAS LAJAS"},"geometry":{"type":"LineString","coordinates":[[-75.41663830631838,6.430451686338643],[-75.41600946415466,6.4282240284856496]]}},{"type":"Feature","properties":{"RIO":0,"N_QUEBRADA":"QUEBRADA CINCO REALES"},"geometry":{"type":"LineString","coordinates":[[-75.32475742660138,6.4751564936416175],[-75.32396105375102,6.474305659508879]]}},{"type":"Feature","properties":{"RIO":0,"N_QUEBRADA":"QUEBRADA CINCO REALES"},"geometry":{"type":"LineString","coordinates":[[-75.32517820669777,6.475762052575138],[-75.32475742660138,6.4751564936416175]]}},{"type":"Feature","properties":{"RIO":0,"N_QUEBRADA":"QUEBRADA LOS CHORROS"},"geometry":{"type":"LineString","coordinates":[[-75.34906321704094,6.4808831002817096],[-75.34802254131048,6.480193364885435]]}},{"type":"Feature","properties":{"RIO":0,"N_QUEBRADA":"QUEBRADA LOS CHORROS"},"geometry":{"type":"LineString","coordinates":[[-75.34957714710048,6.481722022407878],[-75.34906321704094,6.4808831002817096]]}},{"type":"Feature","properties":{"RIO":0,"N_QUEBRADA":"QUEBRADA REVENTON"},"geometry":{"type":"LineString","coordinates":[[-75.36517401764117,6.474755904134499],[-75.36464363251295,6.4731224591547125]]}},{"type":"Feature","properties":{"RIO":0,"N_QUEBRADA":"QUEBRADA REVENTON"},"geometry":{"type":"LineString","coordinates":[[-75.36473222065375,6.4764621215060165],[-75.36509624391539,6.475003051563459]]}},{"type":"Feature","properties":{"RIO":0,"N_QUEBRADA":"QUEBRADA REVENTON"},"geometry":{"type":"LineString","coordinates":[[-75.36315022553143,6.478055200159761],[-75.36473222065375,6.4764621215060165]]}},{"type":"Feature","properties":{"RIO":0,"N_QUEBRADA":"QUEBRADA YARUMITO"},"geometry":{"type":"LineString","coordinates":[[-75.30224828971929,6.451412170050548],[-75.30335400315195,6.4555282557062394]]}},{"type":"Feature","properties":{"RIO":0,"N_QUEBRADA":"QUEBRADA LOS CHORROS"},"geometry":{"type":"LineString","coordinates":[[-75.34323557492398,6.462146487881724],[-75.34300603261136,6.4607109934247795]]}},{"type":"Feature","properties":{"RIO":0,"N_QUEBRADA":"QUEBRADA LOS CHORROS"},"geometry":{"type":"LineString","coordinates":[[-75.34461580895305,6.4662644979817046],[-75.34402945153275,6.464477926891367]]}},{"type":"Feature","properties":{"RIO":0,"N_QUEBRADA":"QUEBRADA LOS CHORROS"},"geometry":{"type":"LineString","coordinates":[[-75.35019091281988,6.484749215099578],[-75.34991298537366,6.4844329804755985]]}},{"type":"Feature","properties":{"RIO":0,"N_QUEBRADA":"QUEBRADA REVENTON"},"geometry":{"type":"LineString","coordinates":[[-75.34774264467842,6.4596370836720345],[-75.34633735440718,6.458481543239978]]}},{"type":"Feature","properties":{"RIO":0,"N_QUEBRADA":"QUEBRADA REVENTON"},"geometry":{"type":"LineString","coordinates":[[-75.34949398581648,6.461395243357502],[-75.34774264467842,6.4596370836720345]]}},{"type":"Feature","properties":{"RIO":0,"N_QUEBRADA":"QUEBRADA DOS QUEBRADAS"},"geometry":{"type":"LineString","coordinates":[[-75.31314559057772,6.440222862332469],[-75.31452814136482,6.4415597653784085]]}},{"type":"Feature","properties":{"RIO":0,"N_QUEBRADA":"QUEBRADA LA HONDA"},"geometry":{"type":"LineString","coordinates":[[-75.29667616558362,6.4156759632756275],[-75.29683253930504,6.417167739585688]]}},{"type":"Feature","properties":{"RIO":0,"N_QUEBRADA":"QUEBRADA LA CANTERA"},"geometry":{"type":"LineString","coordinates":[[-75.36950779634508,6.4251874585086055],[-75.36947158438745,6.424977748044184]]}},{"type":"Feature","properties":{"RIO":0,"N_QUEBRADA":"QUEBRADA LA CANTERA"},"geometry":{"type":"LineString","coordinates":[[-75.36964861530011,6.425680876945434],[-75.36950779634508,6.4251874585086055]]}},{"type":"Feature","properties":{"RIO":0,"N_QUEBRADA":"QUEBRADA LA CANTERA"},"geometry":{"type":"LineString","coordinates":[[-75.37361927757905,6.4291475092304164],[-75.37213097395313,6.428187556729077]]}},{"type":"Feature","properties":{"RIO":0,"N_QUEBRADA":"QUEBRADA LA CHIQUITA"},"geometry":{"type":"LineString","coordinates":[[-75.30571780355034,6.4049389287494805],[-75.30660650891437,6.406208435182842]]}},{"type":"Feature","properties":{"RIO":0,"N_QUEBRADA":"QUEBRADA CHORO HONDO"},"geometry":{"type":"LineString","coordinates":[[-75.29232555725817,6.406248399437685],[-75.29237547474966,6.4064632768574565]]}},{"type":"Feature","properties":{"RIO":0,"N_QUEBRADA":"QUEBRADA PLATANITO"},"geometry":{"type":"LineString","coordinates":[[-75.38927329763568,6.387963596763752],[-75.39315897622397,6.3890905398317965]]}},{"type":"Feature","properties":{"RIO":0,"N_QUEBRADA":"QUEBRADA LA HONDA"},"geometry":{"type":"LineString","coordinates":[[-75.29684982520611,6.4178156744714885],[-75.29685567196735,6.417852725003944]]}},{"type":"Feature","properties":{"RIO":0,"N_QUEBRADA":"QUEBRADA LA HONDA"},"geometry":{"type":"LineString","coordinates":[[-75.29683253930504,6.417167739585688],[-75.29684982520611,6.4178156744714885]]}},{"type":"Feature","properties":{"RIO":0,"N_QUEBRADA":"QUEBRADA LA HONDA"},"geometry":{"type":"LineString","coordinates":[[-75.29688294301593,6.415381545848922],[-75.29667616558362,6.4156759632756275]]}},{"type":"Feature","properties":{"RIO":0,"N_QUEBRADA":"QUEBRADA CHORO HONDO"},"geometry":{"type":"LineString","coordinates":[[-75.29116911669387,6.4031288648994344],[-75.29143730474033,6.403625750849822]]}},{"type":"Feature","properties":{"RIO":0,"N_QUEBRADA":"QUEBRADA DEL MEDIO"},"geometry":{"type":"LineString","coordinates":[[-75.29236376331623,6.4094838985796905],[-75.29174126064095,6.410519627151138]]}},{"type":"Feature","properties":{"RIO":0,"N_QUEBRADA":"QUEBRADA DEL MEDIO"},"geometry":{"type":"LineString","coordinates":[[-75.29247144416475,6.409322672637267],[-75.29236376331623,6.4094838985796905]]}},{"type":"Feature","properties":{"RIO":0,"N_QUEBRADA":"QUEBRADA LA ALESTIA"},"geometry":{"type":"LineString","coordinates":[[-75.29508741436679,6.415140590377622],[-75.29513848957976,6.4156470810453525]]}},{"type":"Feature","properties":{"RIO":0,"N_QUEBRADA":"QUEBRADA DOS QUEBRADAS"},"geometry":{"type":"LineString","coordinates":[[-75.31311466454655,6.4102071734068415],[-75.31338535454984,6.411049276460697]]}},{"type":"Feature","properties":{"RIO":0,"N_QUEBRADA":"QUEBRADA DOS QUEBRADAS"},"geometry":{"type":"LineString","coordinates":[[-75.31293536620728,6.409848692945624],[-75.31311466454655,6.4102071734068415]]}},{"type":"Feature","properties":{"RIO":0,"N_QUEBRADA":"QUEBRADA DOS QUEBRADAS"},"geometry":{"type":"LineString","coordinates":[[-75.31334937572818,6.4070301148670135],[-75.31299730686769,6.407357075147881]]}},{"type":"Feature","properties":{"RIO":0,"N_QUEBRADA":"QUEBRADA DOS QUEBRADAS"},"geometry":{"type":"LineString","coordinates":[[-75.31416338338194,6.406614628038463],[-75.31334937572818,6.4070301148670135]]}},{"type":"Feature","properties":{"RIO":0,"N_QUEBRADA":"QUEBRADA EL AGUACATE"},"geometry":{"type":"LineString","coordinates":[[-75.30292915205916,6.418827497602666],[-75.30341456487977,6.4190318535727675]]}},{"type":"Feature","properties":{"RIO":0,"N_QUEBRADA":"QUEBRADA EL AGUACATE"},"geometry":{"type":"LineString","coordinates":[[-75.30048697062722,6.4176326665240575],[-75.30185813087049,6.418670188539913]]}},{"type":"Feature","properties":{"RIO":0,"N_QUEBRADA":"QUEBRADA EL AGUACATE"},"geometry":{"type":"LineString","coordinates":[[-75.29965351438307,6.417655457617418],[-75.30048697062722,6.4176326665240575]]}},{"type":"Feature","properties":{"RIO":0,"N_QUEBRADA":"QUEBRADA EL AGUACATE"},"geometry":{"type":"LineString","coordinates":[[-75.29952870261702,6.4174041552518695],[-75.29965351438307,6.417655457617418]]}},{"type":"Feature","properties":{"RIO":0,"N_QUEBRADA":"QUEBRADA EL AGUACATE"},"geometry":{"type":"LineString","coordinates":[[-75.29935604463643,6.416685743568305],[-75.29952870261702,6.4174041552518695]]}},{"type":"Feature","properties":{"RIO":0,"N_QUEBRADA":"QUEBRADA DOS QUEBRADAS"},"geometry":{"type":"LineString","coordinates":[[-75.30640931074308,6.4245767955720385],[-75.30690744285039,6.425096069803173]]}},{"type":"Feature","properties":{"RIO":0,"N_QUEBRADA":"QUEBRADA DOS QUEBRADAS"},"geometry":{"type":"LineString","coordinates":[[-75.30751696955569,6.4224552644878266],[-75.30692944662123,6.423096900570011]]}},{"type":"Feature","properties":{"RIO":0,"N_QUEBRADA":"QUEBRADA EL AGUACATE"},"geometry":{"type":"LineString","coordinates":[[-75.29691646765258,6.412568327680656],[-75.29706898959948,6.4129614503994015]]}},{"type":"Feature","properties":{"RIO":0,"N_QUEBRADA":"QUEBRADA LA CHIQUITA"},"geometry":{"type":"LineString","coordinates":[[-75.30756318042498,6.408632274832143],[-75.30780239805311,6.4090221195854955]]}},{"type":"Feature","properties":{"RIO":0,"N_QUEBRADA":"QUEBRADA LA CHIQUITA"},"geometry":{"type":"LineString","coordinates":[[-75.30721699243917,6.4077439506706995],[-75.30727740452564,6.408023639785687]]}},{"type":"Feature","properties":{"RIO":0,"N_QUEBRADA":"QUEBRADA LA CHIQUITA"},"geometry":{"type":"LineString","coordinates":[[-75.30712402505789,6.407240541478893],[-75.30721699243917,6.4077439506706995]]}},{"type":"Feature","properties":{"RIO":0,"N_QUEBRADA":"QUEBRADA QUICIANEGA"},"geometry":{"type":"LineString","coordinates":[[-75.43115762160834,6.430782305449582],[-75.43088531383017,6.4306017618609435]]}},{"type":"Feature","properties":{"RIO":0,"N_QUEBRADA":"QUEBRADA PLATANITO"},"geometry":{"type":"LineString","coordinates":[[-75.40119692071615,6.396299142519246],[-75.40197556216327,6.3961340941080405]]}},{"type":"Feature","properties":{"RIO":0,"N_QUEBRADA":"QUEBRADA QUICIANEGA"},"geometry":{"type":"LineString","coordinates":[[-75.43088531383017,6.4306017618609435],[-75.43076016708511,6.430542336355753]]}},{"type":"Feature","properties":{"RIO":0,"N_QUEBRADA":"QUEBRADA LAS PEÑAS"},"geometry":{"type":"LineString","coordinates":[[-75.37307133218899,6.4504883635353245],[-75.37199815737053,6.449638798991853]]}},{"type":"Feature","properties":{"RIO":0,"N_QUEBRADA":"QUEBRADA SUMOGOSO"},"geometry":{"type":"LineString","coordinates":[[-75.30768747016414,6.446383441591562],[-75.30895954676421,6.4470730019865385]]}},{"type":"Feature","properties":{"RIO":0,"N_QUEBRADA":"QUEBRADA EL HOYO"},"geometry":{"type":"LineString","coordinates":[[-75.34130563406288,6.4426027090955404],[-75.34083495325734,6.441932720902968]]}},{"type":"Feature","properties":{"RIO":0,"N_QUEBRADA":"QUEBRADA EL HOYO"},"geometry":{"type":"LineString","coordinates":[[-75.34148367820995,6.442696738487475],[-75.34130563406288,6.4426027090955404]]}},{"type":"Feature","properties":{"RIO":0,"N_QUEBRADA":"QUEBRADA EL CHOCHO"},"geometry":{"type":"LineString","coordinates":[[-75.38745438712515,6.4315781228103654],[-75.38744875181104,6.431332271761305]]}},{"type":"Feature","properties":{"RIO":0,"N_QUEBRADA":"QUEBRADA EL CHOCHO"},"geometry":{"type":"LineString","coordinates":[[-75.38698645992402,6.433213505362468],[-75.38745438712515,6.4315781228103654]]}},{"type":"Feature","properties":{"RIO":0,"N_QUEBRADA":"QUEBRADA LAS PEÑAS"},"geometry":{"type":"LineString","coordinates":[[-75.37792811589547,6.453124752389852],[-75.37760337735368,6.4528387705353545]]}},{"type":"Feature","properties":{"RIO":0,"N_QUEBRADA":"QUEBRADA TAMBORCITO"},"geometry":{"type":"LineString","coordinates":[[-75.30815924779554,6.445986132479924],[-75.30895954676421,6.4470730019865385]]}},{"type":"Feature","properties":{"RIO":0,"N_QUEBRADA":"QUEBRADA LAS PEÑAS"},"geometry":{"type":"LineString","coordinates":[[-75.37930536042558,6.453240069941236],[-75.37862947855521,6.4531494156159965]]}},{"type":"Feature","properties":{"RIO":0,"N_QUEBRADA":"QUEBRADA LA CHIQUITA"},"geometry":{"type":"LineString","coordinates":[[-75.36939382906183,6.4605917793993495],[-75.36915061713515,6.461696169992877]]}},{"type":"Feature","properties":{"RIO":0,"N_QUEBRADA":"QUEBRADA LA CHIQUITA"},"geometry":{"type":"LineString","coordinates":[[-75.37003984306082,6.460327640996284],[-75.36939382906183,6.4605917793993495]]}},{"type":"Feature","properties":{"RIO":0,"N_QUEBRADA":"QUEBRADA GUAYABAL"},"geometry":{"type":"LineString","coordinates":[[-75.38023937271082,6.3869129800768425],[-75.38012691562336,6.390247488440952]]}},{"type":"Feature","properties":{"RIO":0,"N_QUEBRADA":"QUEBRADA LA HERRADURA"},"geometry":{"type":"LineString","coordinates":[[-75.28117400674236,6.456291152030144],[-75.28085826261068,6.4566650846063025]]}},{"type":"Feature","properties":{"RIO":0,"N_QUEBRADA":"QUEBRADA CORRIENTES"},"geometry":{"type":"LineString","coordinates":[[-75.37100904403441,6.409001029905577],[-75.37056942028141,6.4098454474445345]]}},{"type":"Feature","properties":{"RIO":0,"N_QUEBRADA":"QUEBRADA CINCO REALES"},"geometry":{"type":"LineString","coordinates":[[-75.32251662976466,6.456406608440214],[-75.32341634515383,6.4550003633077555]]}},{"type":"Feature","properties":{"RIO":0,"N_QUEBRADA":"QUEBRADA EL CHOCHO"},"geometry":{"type":"LineString","coordinates":[[-75.38958605280561,6.425095669250608],[-75.38996352445403,6.4237475986455115]]}},{"type":"Feature","properties":{"RIO":0,"N_QUEBRADA":"QUEBRADA EL CHOCHO"},"geometry":{"type":"LineString","coordinates":[[-75.39167717726295,6.4176065373241755],[-75.39141701776327,6.415833708266295]]}},{"type":"Feature","properties":{"RIO":0,"N_QUEBRADA":"QUEBRADA LA CANTERA"},"geometry":{"type":"LineString","coordinates":[[-75.37167862065951,6.4268364038200545],[-75.37107934733787,6.426525089917977]]}},{"type":"Feature","properties":{"RIO":0,"N_QUEBRADA":"QUEBRADA LOS LAURELES"},"geometry":{"type":"LineString","coordinates":[[-75.37962758488375,6.425743709118569],[-75.37964072166473,6.4242734491509985]]}},{"type":"Feature","properties":{"RIO":0,"N_QUEBRADA":"QUEBRADA LOS LAURELES"},"geometry":{"type":"LineString","coordinates":[[-75.37964072166473,6.4242734491509985],[-75.38041127508218,6.422670324609471]]}},{"type":"Feature","properties":{"RIO":0,"N_QUEBRADA":"QUEBRADA LAS LAJAS"},"geometry":{"type":"LineString","coordinates":[[-75.41181066653193,6.4151561957940615],[-75.41000608302014,6.410313621119727]]}},{"type":"Feature","properties":{"RIO":0,"N_QUEBRADA":"QUEBRADA EL TEJAR"},"geometry":{"type":"LineString","coordinates":[[-75.31540133011573,6.4248306387828045],[-75.31799463273003,6.425127766057169]]}},{"type":"Feature","properties":{"RIO":0,"N_QUEBRADA":"QUEBRADA SAN EUGENIO"},"geometry":{"type":"LineString","coordinates":[[-75.38273691651372,6.4061119090470315],[-75.38275663345672,6.406332102260869]]}},{"type":"Feature","properties":{"RIO":0,"N_QUEBRADA":"QUEBRADA SAN EUGENIO"},"geometry":{"type":"LineString","coordinates":[[-75.38227124572157,6.4087839120092385],[-75.38185118220237,6.410055417376755]]}},{"type":"Feature","properties":{"RIO":0,"N_QUEBRADA":"QUEBRADA LOS PERROS"},"geometry":{"type":"LineString","coordinates":[[-75.35812680222851,6.426967572882139],[-75.35757137093245,6.4263990678753276]]}},{"type":"Feature","properties":{"RIO":0,"N_QUEBRADA":"QUEBRADA EL GUADUAL"},"geometry":{"type":"LineString","coordinates":[[-75.35296966778678,6.4366074915926035],[-75.35202637805175,6.436134182911356]]}},{"type":"Feature","properties":{"RIO":0,"N_QUEBRADA":"QUEBRADA EL GUADUAL"},"geometry":{"type":"LineString","coordinates":[[-75.35446879742584,6.437555137457886],[-75.35296966778678,6.4366074915926035]]}},{"type":"Feature","properties":{"RIO":0,"N_QUEBRADA":"QUEBRADA LA CANTERA"},"geometry":{"type":"LineString","coordinates":[[-75.37378765471203,6.429464474229191],[-75.37361927757905,6.4291475092304164]]}},{"type":"Feature","properties":{"RIO":0,"N_QUEBRADA":"QUEBRADA PIEDRA CANDELA"},"geometry":{"type":"LineString","coordinates":[[-75.35894760765697,6.4171584006926645],[-75.35925259985594,6.418313863764254]]}},{"type":"Feature","properties":{"RIO":0,"N_QUEBRADA":"QUEBRADA EL CHOCHO"},"geometry":{"type":"LineString","coordinates":[[-75.34614819593767,6.441143075058394],[-75.34600722094605,6.4410367642944895]]}},{"type":"Feature","properties":{"RIO":0,"N_QUEBRADA":"QUEBRADA VALLECITOS"},"geometry":{"type":"LineString","coordinates":[[-75.32087931884921,6.429021738789028],[-75.31949863759623,6.4299859644478605]]}},{"type":"Feature","properties":{"RIO":0,"N_QUEBRADA":"QUEBRADA EL AGUILA"},"geometry":{"type":"LineString","coordinates":[[-75.35830230060742,6.407579082542482],[-75.35946904738469,6.4074526851030065]]}},{"type":"Feature","properties":{"RIO":0,"N_QUEBRADA":"QUEBRADA LA CANTERA"},"geometry":{"type":"LineString","coordinates":[[-75.37206710369031,6.4273707816089125],[-75.37197681884147,6.426937924043772]]}},{"type":"Feature","properties":{"RIO":0,"N_QUEBRADA":"QUEBRADA LA CANTERA"},"geometry":{"type":"LineString","coordinates":[[-75.3720622040068,6.4279169505541685],[-75.37206710369031,6.4273707816089125]]}},{"type":"Feature","properties":{"RIO":0,"N_QUEBRADA":"QUEBRADA LA CRUZ"},"geometry":{"type":"LineString","coordinates":[[-75.36883231183958,6.4006881716209385],[-75.37065988808368,6.403968256589918]]}},{"type":"Feature","properties":{"RIO":0,"N_QUEBRADA":"QUEBRADA VALLECITOS"},"geometry":{"type":"LineString","coordinates":[[-75.32086730930763,6.431345351302219],[-75.32132021164249,6.4318789868042865]]}},{"type":"Feature","properties":{"RIO":0,"N_QUEBRADA":"QUEBRADA VALLECITOS"},"geometry":{"type":"LineString","coordinates":[[-75.31925759709456,6.430823551017056],[-75.31991601716959,6.4309763682057355]]}},{"type":"Feature","properties":{"RIO":0,"N_QUEBRADA":"QUEBRADA VALLECITOS"},"geometry":{"type":"LineString","coordinates":[[-75.31949863759623,6.4299859644478605],[-75.31917121687457,6.430369573821425]]}},{"type":"Feature","properties":{"RIO":0,"N_QUEBRADA":"QUEBRADA EL AGUILA"},"geometry":{"type":"LineString","coordinates":[[-75.35946904738469,6.4074526851030065],[-75.36046794759834,6.406847323664033]]}},{"type":"Feature","properties":{"RIO":0,"N_QUEBRADA":"QUEBRADA EL AGUILA"},"geometry":{"type":"LineString","coordinates":[[-75.36203775105508,6.405392104999681],[-75.36228151754105,6.4051956975759525]]}},{"type":"Feature","properties":{"RIO":0,"N_QUEBRADA":"QUEBRADA EL BARRO"},"geometry":{"type":"LineString","coordinates":[[-75.35093991342232,6.4387315283254205],[-75.35084373446078,6.438251364246056]]}},{"type":"Feature","properties":{"RIO":0,"N_QUEBRADA":"QUEBRADA VALLECITOS"},"geometry":{"type":"LineString","coordinates":[[-75.32132021164249,6.4318789868042865],[-75.32148831585978,6.431949869969137]]}},{"type":"Feature","properties":{"RIO":0,"N_QUEBRADA":"QUEBRADA EL MOLINO"},"geometry":{"type":"LineString","coordinates":[[-75.29054363786224,6.4068510693911485],[-75.29112433646407,6.407776757457612]]}},{"type":"Feature","properties":{"RIO":0,"N_QUEBRADA":"QUEBRADA EL MOLINO"},"geometry":{"type":"LineString","coordinates":[[-75.28915705062748,6.4051692903802175],[-75.28948688347744,6.405602759658902]]}},{"type":"Feature","properties":{"RIO":0,"N_QUEBRADA":"QUEBRADA DEL MEDIO"},"geometry":{"type":"LineString","coordinates":[[-75.29301730985868,6.421787064642354],[-75.29298906241904,6.4224789217937035]]}},{"type":"Feature","properties":{"RIO":0,"N_QUEBRADA":"QUEBRADA CHIRIMOLLO"},"geometry":{"type":"LineString","coordinates":[[-75.29445432958457,6.4216816447920735],[-75.29493634955611,6.422111790372747]]}},{"type":"Feature","properties":{"RIO":0,"N_QUEBRADA":"QUEBRADA CHIRIMOLLO"},"geometry":{"type":"LineString","coordinates":[[-75.29451681913442,6.421155709242119],[-75.29445432958457,6.4216816447920735]]}},{"type":"Feature","properties":{"RIO":0,"N_QUEBRADA":"QUEBRADA CHIRIMOLLO"},"geometry":{"type":"LineString","coordinates":[[-75.29441040175361,6.4164842104413236],[-75.29477000540093,6.417151983316878]]}},{"type":"Feature","properties":{"RIO":0,"N_QUEBRADA":"QUEBRADA CHIRIMOLLO"},"geometry":{"type":"LineString","coordinates":[[-75.29444028247549,6.416218546852784],[-75.29441040175361,6.4164842104413236]]}},{"type":"Feature","properties":{"RIO":0,"N_QUEBRADA":"QUEBRADA DE QUINTERO"},"geometry":{"type":"LineString","coordinates":[[-75.31367886799197,6.3960976980498785],[-75.31343142350602,6.396390600520904]]}},{"type":"Feature","properties":{"RIO":0,"N_QUEBRADA":"QUEBRADA DE QUINTERO"},"geometry":{"type":"LineString","coordinates":[[-75.31543152728104,6.394940317040888],[-75.31424926574134,6.3959548684210725]]}},{"type":"Feature","properties":{"RIO":0,"N_QUEBRADA":"QUEBRADA EL MOLINO"},"geometry":{"type":"LineString","coordinates":[[-75.28988038520225,6.406060387433088],[-75.29054363786224,6.4068510693911485]]}},{"type":"Feature","properties":{"RIO":0,"N_QUEBRADA":"QUEBRADA LA QUESARIEGA"},"geometry":{"type":"LineString","coordinates":[[-75.42656681216775,6.4249964573508915],[-75.42553214947812,6.425076671084592]]}},{"type":"Feature","properties":{"RIO":0,"N_QUEBRADA":"QUEBRADA LA QUESARIEGA"},"geometry":{"type":"LineString","coordinates":[[-75.43246715303003,6.427701359492566],[-75.43202973182451,6.4273758113858515]]}},{"type":"Feature","properties":{"RIO":0,"N_QUEBRADA":"QUEBRADA LA QUESARIEGA"},"geometry":{"type":"LineString","coordinates":[[-75.43202973182451,6.4273758113858515],[-75.43009193878865,6.425505421311939]]}},{"type":"Feature","properties":{"RIO":0,"N_QUEBRADA":"QUEBRADA LA PALMA"},"geometry":{"type":"LineString","coordinates":[[-75.31796281888346,6.398259165175991],[-75.31588386359257,6.3999062585359265]]}},{"type":"Feature","properties":{"RIO":0,"N_QUEBRADA":"QUEBRADA EL MOLINO"},"geometry":{"type":"LineString","coordinates":[[-75.29144311279155,6.407933371718444],[-75.29175730543152,6.4084617502621475]]}},{"type":"Feature","properties":{"RIO":0,"N_QUEBRADA":"QUEBRADA DEL MEDIO"},"geometry":{"type":"LineString","coordinates":[[-75.29184276675352,6.4205321498235355],[-75.29266034463873,6.421354813834338]]}},{"type":"Feature","properties":{"RIO":0,"N_QUEBRADA":"QUEBRADA EL MOLINO"},"geometry":{"type":"LineString","coordinates":[[-75.29175730543152,6.4084617502621475],[-75.29247144416475,6.409322672637267]]}},{"type":"Feature","properties":{"RIO":0,"N_QUEBRADA":"QUEBRADA DEL MEDIO"},"geometry":{"type":"LineString","coordinates":[[-75.29154775646055,6.419920680844392],[-75.29184276675352,6.4205321498235355]]}},{"type":"Feature","properties":{"RIO":0,"N_QUEBRADA":"QUEBRADA CHIRIMOLLO"},"geometry":{"type":"LineString","coordinates":[[-75.29492394819309,6.4196040872758555],[-75.29499841560093,6.420489987779653]]}},{"type":"Feature","properties":{"RIO":0,"N_QUEBRADA":"QUEBRADA DE MEDELLIN"},"geometry":{"type":"LineString","coordinates":[[-75.29089974814299,6.490729274910302],[-75.29066076470858,6.4901645228482705]]}},{"type":"Feature","properties":{"RIO":0,"N_QUEBRADA":"QUEBRADA LA PALMA"},"geometry":{"type":"LineString","coordinates":[[-75.31588386359257,6.3999062585359265],[-75.31528320645432,6.400439450820862]]}},{"type":"Feature","properties":{"RIO":0,"N_QUEBRADA":"QUEBRADA LOS YARUMOS"},"geometry":{"type":"LineString","coordinates":[[-75.30406573992408,6.4157865601417114],[-75.30427685211059,6.416391206869271]]}},{"type":"Feature","properties":{"RIO":0,"N_QUEBRADA":"QUEBRADA LOS TOTUMOS"},"geometry":{"type":"LineString","coordinates":[[-75.40682161207194,6.4193660804703185],[-75.40621982041013,6.418819143027753]]}},{"type":"Feature","properties":{"RIO":0,"N_QUEBRADA":"QUEBRADA LA CANTERA"},"geometry":{"type":"LineString","coordinates":[[-75.37178698856776,6.426844461215576],[-75.37167862065951,6.4268364038200545]]}},{"type":"Feature","properties":{"RIO":0,"N_QUEBRADA":"QUEBRADA LOS YARUMOS"},"geometry":{"type":"LineString","coordinates":[[-75.30432275720052,6.4173924671997975],[-75.30437812858831,6.417594622699132]]}},{"type":"Feature","properties":{"RIO":0,"N_QUEBRADA":"QUEBRADA LOS YARUMOS"},"geometry":{"type":"LineString","coordinates":[[-75.30429052368821,6.417301491820186],[-75.30432275720052,6.4173924671997975]]}},{"type":"Feature","properties":{"RIO":0,"N_QUEBRADA":"QUEBRADA DE MEDELLIN"},"geometry":{"type":"LineString","coordinates":[[-75.29433938383832,6.491812028481522],[-75.29406923723025,6.4913411682287885]]}},{"type":"Feature","properties":{"RIO":0,"N_QUEBRADA":"QUEBRADA LA GABINA"},"geometry":{"type":"LineString","coordinates":[[-75.30577676975113,6.442282004642159],[-75.30754545540675,6.4430277647965335]]}},{"type":"Feature","properties":{"RIO":0,"N_QUEBRADA":"QUEBRADA LA GABINA"},"geometry":{"type":"LineString","coordinates":[[-75.30754545540675,6.4430277647965335],[-75.30922683484806,6.444768726032437]]}},{"type":"Feature","properties":{"RIO":0,"N_QUEBRADA":"QUEBRADA LA AMOLADORA"},"geometry":{"type":"LineString","coordinates":[[-75.29091397994763,6.459147265693154],[-75.29106311402961,6.4599191517382755]]}},{"type":"Feature","properties":{"RIO":0,"N_QUEBRADA":"QUEBRADA DE MEDELLIN"},"geometry":{"type":"LineString","coordinates":[[-75.29406923723025,6.4913411682287885],[-75.29388719004963,6.490993197584751]]}},{"type":"Feature","properties":{"RIO":0,"N_QUEBRADA":"QUEBRADA CHIRIMOLLO"},"geometry":{"type":"LineString","coordinates":[[-75.29416220912209,6.4060315441048346],[-75.29345587449986,6.407475492763431]]}},{"type":"Feature","properties":{"RIO":0,"N_QUEBRADA":"QUEBRADA CHIRIMOLLO"},"geometry":{"type":"LineString","coordinates":[[-75.29477006691526,6.418790611255269],[-75.29492394819309,6.4196040872758555]]}},{"type":"Feature","properties":{"RIO":0,"N_QUEBRADA":"QUEBRADA PLATANITO"},"geometry":{"type":"LineString","coordinates":[[-75.40500881197228,6.396968953920556],[-75.40588291398878,6.3982098695658065]]}},{"type":"Feature","properties":{"RIO":0,"N_QUEBRADA":"QUEBRADA PLATANITO"},"geometry":{"type":"LineString","coordinates":[[-75.39641031520874,6.394516257881597],[-75.39670121567138,6.3947687497072305]]}},{"type":"Feature","properties":{"RIO":0,"N_QUEBRADA":"QUEBRADA EL FRIJOL"},"geometry":{"type":"LineString","coordinates":[[-75.35679739754715,6.4000260404191796],[-75.36017086984387,6.402577169875216]]}},{"type":"Feature","properties":{"RIO":0,"N_QUEBRADA":"QUEBRADA LA CEJITA"},"geometry":{"type":"LineString","coordinates":[[-75.34439975786869,6.3583004988761855],[-75.34463203419745,6.358449810627757]]}},{"type":"Feature","properties":{"RIO":0,"N_QUEBRADA":"QUEBRADA LA CHIQUITA"},"geometry":{"type":"LineString","coordinates":[[-75.35912921310295,6.459974638372736],[-75.35890226741323,6.4598675909577725]]}},{"type":"Feature","properties":{"RIO":0,"N_QUEBRADA":"QUEBRADA LA ALESTIA"},"geometry":{"type":"LineString","coordinates":[[-75.29513848957976,6.4156470810453525],[-75.29449119034985,6.416153901684242]]}},{"type":"Feature","properties":{"RIO":0,"N_QUEBRADA":"QUEBRADA YARUMITO"},"geometry":{"type":"LineString","coordinates":[[-75.30335400315195,6.4555282557062394],[-75.30516537294697,6.456503363028337]]}},{"type":"Feature","properties":{"RIO":0,"N_QUEBRADA":"QUEBRADA EL AGUACATE"},"geometry":{"type":"LineString","coordinates":[[-75.30341456487977,6.4190318535727675],[-75.30457482526394,6.418975655899962]]}},{"type":"Feature","properties":{"RIO":0,"N_QUEBRADA":"QUEBRADA EL GUANABANO"},"geometry":{"type":"LineString","coordinates":[[-75.41254385835619,6.437995134841745],[-75.41227040107125,6.4373536186787685]]}},{"type":"Feature","properties":{"RIO":0,"N_QUEBRADA":"QUEBRADA LAS PEÑAS"},"geometry":{"type":"LineString","coordinates":[[-75.35264943951526,6.452465215043857],[-75.35135793247343,6.4530483014515445]]}},{"type":"Feature","properties":{"RIO":0,"N_QUEBRADA":"QUEBRADA LAS PEÑAS"},"geometry":{"type":"LineString","coordinates":[[-75.34467581823027,6.4528869939006235],[-75.34321091326247,6.452934141361735]]}},{"type":"Feature","properties":{"RIO":0,"N_QUEBRADA":"QUEBRADA LA MONTERA"},"geometry":{"type":"LineString","coordinates":[[-75.30308409416017,6.506583427281657],[-75.29401705422747,6.5074031736653035]]}},{"type":"Feature","properties":{"RIO":0,"N_QUEBRADA":"QUEBRADA LA MONTERA"},"geometry":{"type":"LineString","coordinates":[[-75.28405854765381,6.499025434555077],[-75.28375203344015,6.4985252067431185]]}},{"type":"Feature","properties":{"RIO":0,"N_QUEBRADA":"QUEBRADA GUAYABAL"},"geometry":{"type":"LineString","coordinates":[[-75.38012691562336,6.390247488440952],[-75.37998069048584,6.3905241737732865]]}},{"type":"Feature","properties":{"RIO":0,"N_QUEBRADA":"QUEBRADA PLATANITO"},"geometry":{"type":"LineString","coordinates":[[-75.40588291398878,6.3982098695658065],[-75.40641316203674,6.398191732630056]]}},{"type":"Feature","properties":{"RIO":0,"N_QUEBRADA":"QUEBRADA PLATANITO"},"geometry":{"type":"LineString","coordinates":[[-75.40663614036049,6.398240930250346],[-75.40681032645425,6.3988950699088525]]}},{"type":"Feature","properties":{"RIO":0,"N_QUEBRADA":"QUEBRADA PLATANITO"},"geometry":{"type":"LineString","coordinates":[[-75.40681032645425,6.3988950699088525],[-75.40687615643833,6.398987116632641]]}},{"type":"Feature","properties":{"RIO":0,"N_QUEBRADA":"QUEBRADA QUICIANEGA"},"geometry":{"type":"LineString","coordinates":[[-75.43000200043019,6.4292266977940535],[-75.42964083010268,6.428442896600428]]}},{"type":"Feature","properties":{"RIO":0,"N_QUEBRADA":"QUEBRADA POPALITO"},"geometry":{"type":"LineString","coordinates":[[-75.29901720355903,6.477362234930391],[-75.29852577415082,6.4774461134476695]]}},{"type":"Feature","properties":{"RIO":0,"N_QUEBRADA":"QUEBRADA LOS PERROS"},"geometry":{"type":"LineString","coordinates":[[-75.35757137093245,6.4263990678753276],[-75.35734677088281,6.426098311490229]]}},{"type":"Feature","properties":{"RIO":0,"N_QUEBRADA":"QUEBRADA PLATANITO"},"geometry":{"type":"LineString","coordinates":[[-75.40897499239733,6.4046672963969264],[-75.40781335228932,6.405765386542378]]}},{"type":"Feature","properties":{"RIO":0,"N_QUEBRADA":"QUEBRADA LA CHIQUITA"},"geometry":{"type":"LineString","coordinates":[[-75.34841512396054,6.4561549557978255],[-75.34794109913031,6.456320154118192]]}},{"type":"Feature","properties":{"RIO":0,"N_QUEBRADA":"QUEBRADA LA CALDAS"},"geometry":{"type":"LineString","coordinates":[[-75.28154206349451,6.4887915139285655],[-75.27848624962854,6.488258816147943]]}},{"type":"Feature","properties":{"RIO":0,"N_QUEBRADA":"QUEBRADA LAS VICTORIAS"},"geometry":{"type":"LineString","coordinates":[[-75.31029909759077,6.508734534411564],[-75.30985824771717,6.5087722020170675]]}},{"type":"Feature","properties":{"RIO":0,"N_QUEBRADA":"QUEBRADA LAS VICTORIAS"},"geometry":{"type":"LineString","coordinates":[[-75.30733999856025,6.5089828142695785],[-75.30559485093262,6.508186017213197]]}},{"type":"Feature","properties":{"RIO":0,"N_QUEBRADA":"QUEBRADA LA CALDAS"},"geometry":{"type":"LineString","coordinates":[[-75.30080020651654,6.4899729788885026],[-75.3004797635759,6.4898939635027375]]}},{"type":"Feature","properties":{"RIO":0,"N_QUEBRADA":"QUEBRADA PLATANITO"},"geometry":{"type":"LineString","coordinates":[[-75.40973436948083,6.404053141614504],[-75.40897499239733,6.4046672963969264]]}},{"type":"Feature","properties":{"RIO":0,"N_QUEBRADA":"QUEBRADA LOS TOTUMOS"},"geometry":{"type":"LineString","coordinates":[[-75.40196006614444,6.414795033135011],[-75.40153709699553,6.4133674339414695]]}},{"type":"Feature","properties":{"RIO":0,"N_QUEBRADA":"QUEBRADA EL CHOCHO"},"geometry":{"type":"LineString","coordinates":[[-75.38752727419845,6.429158091777317],[-75.38750653968664,6.4290538558158214]]}},{"type":"Feature","properties":{"RIO":0,"N_QUEBRADA":"QUEBRADA EL CHOCHO"},"geometry":{"type":"LineString","coordinates":[[-75.38750653968664,6.4290538558158214],[-75.38776732272726,6.428824717518139]]}},{"type":"Feature","properties":{"RIO":0,"N_QUEBRADA":"QUEBRADA LA ENEA"},"geometry":{"type":"LineString","coordinates":[[-75.40589585852696,6.3438811487875135],[-75.40543566695871,6.343465298412317]]}},{"type":"Feature","properties":{"RIO":0,"N_QUEBRADA":"QUEBRADA EL PEÑASCO"},"geometry":{"type":"LineString","coordinates":[[-75.33383425143293,6.4195066670254395],[-75.33401632582037,6.419801355019192]]}},{"type":"Feature","properties":{"RIO":0,"N_QUEBRADA":"QUEBRADA EL PEÑASCO"},"geometry":{"type":"LineString","coordinates":[[-75.33353912764035,6.418839473236727],[-75.33383425143293,6.4195066670254395]]}},{"type":"Feature","properties":{"RIO":0,"N_QUEBRADA":"QUEBRADA OVEJAS"},"geometry":{"type":"LineString","coordinates":[[-75.35484296768021,6.3686520014558115],[-75.35485903266189,6.368770118446154]]}},{"type":"Feature","properties":{"RIO":0,"N_QUEBRADA":"QUEBRADA OVEJAS"},"geometry":{"type":"LineString","coordinates":[[-75.35372269502226,6.391315349967985],[-75.35326188141195,6.3918373882053645]]}},{"type":"Feature","properties":{"RIO":0,"N_QUEBRADA":"QUEBRADA LA LAZARA"},"geometry":{"type":"LineString","coordinates":[[-75.40068645191481,6.2701047780613735],[-75.40070420412553,6.270141112087275]]}},{"type":"Feature","properties":{"RIO":0,"N_QUEBRADA":"QUEBRADA LOS ARENALES"},"geometry":{"type":"LineString","coordinates":[[-75.34378617964568,6.3695180216005145],[-75.34380533131606,6.369601665292572]]}},{"type":"Feature","properties":{"RIO":0,"N_QUEBRADA":"QUEBRADA OVEJAS"},"geometry":{"type":"LineString","coordinates":[[-75.40683371780625,6.289580207750878],[-75.40691218027483,6.2902741717751205]]}},{"type":"Feature","properties":{"RIO":0,"N_QUEBRADA":"QUEBRADA BAUTISTA"},"geometry":{"type":"LineString","coordinates":[[-75.38632849388262,6.328520050018032],[-75.38631866162709,6.3285499339139815]]}},{"type":"Feature","properties":{"RIO":0,"N_QUEBRADA":"QUEBRADA PANTANILLO"},"geometry":{"type":"LineString","coordinates":[[-75.38657634760798,6.372961973387928],[-75.38650573605055,6.3729915813235305]]}},{"type":"Feature","properties":{"RIO":0,"N_QUEBRADA":"QUEBRADA SAN NICOLAS"},"geometry":{"type":"LineString","coordinates":[[-75.34066814001385,6.348329231543534],[-75.34076963187229,6.3483803353918775]]}},{"type":"Feature","properties":{"RIO":0,"N_QUEBRADA":"QUEBRADA OVEJAS"},"geometry":{"type":"LineString","coordinates":[[-75.38139153638423,6.3514009355456285],[-75.38123890025228,6.351470336283064]]}},{"type":"Feature","properties":{"RIO":0,"N_QUEBRADA":"QUEBRADA OVEJAS"},"geometry":{"type":"LineString","coordinates":[[-75.38344562044014,6.349600149045945],[-75.38256555004976,6.3506817912361475]]}},{"type":"Feature","properties":{"RIO":0,"N_QUEBRADA":"QUEBRADA OVEJAS"},"geometry":{"type":"LineString","coordinates":[[-75.35689292566629,6.369768522100515],[-75.35655947308669,6.3704970545177515]]}},{"type":"Feature","properties":{"RIO":0,"N_QUEBRADA":"QUEBRADA SAN JOSE"},"geometry":{"type":"LineString","coordinates":[[-75.33963095021569,6.372058010356529],[-75.33982135527397,6.3720633295072435]]}},{"type":"Feature","properties":{"RIO":0,"N_QUEBRADA":"QUEBRADA LA TONGA"},"geometry":{"type":"LineString","coordinates":[[-75.37070865925024,6.370543008455519],[-75.37006465304856,6.3709589305878165]]}},{"type":"Feature","properties":{"RIO":0,"N_QUEBRADA":"QUEBRADA SAN NICOLAS"},"geometry":{"type":"LineString","coordinates":[[-75.34351435352389,6.3400912796266695],[-75.34346512968463,6.340618829634087]]}},{"type":"Feature","properties":{"RIO":0,"N_QUEBRADA":"QUEBRADA SAN NICOLAS"},"geometry":{"type":"LineString","coordinates":[[-75.34304895838282,6.337667856129607],[-75.34320608496388,6.3388132394222625]]}},{"type":"Feature","properties":{"RIO":0,"N_QUEBRADA":"QUEBRADA LA TONGA"},"geometry":{"type":"LineString","coordinates":[[-75.36812053665672,6.3701685617994634],[-75.36750826462502,6.370510650719599]]}},{"type":"Feature","properties":{"RIO":0,"N_QUEBRADA":"QUEBRADA LA TONGA"},"geometry":{"type":"LineString","coordinates":[[-75.36944106600069,6.371135330165299],[-75.36812053665672,6.3701685617994634]]}},{"type":"Feature","properties":{"RIO":0,"N_QUEBRADA":"QUEBRADA LA TONGA"},"geometry":{"type":"LineString","coordinates":[[-75.37006465304856,6.3709589305878165],[-75.36944106600069,6.371135330165299]]}},{"type":"Feature","properties":{"RIO":0,"N_QUEBRADA":"QUEBRADA BAUTISTA"},"geometry":{"type":"LineString","coordinates":[[-75.39466935296956,6.2853363062376735],[-75.39535174313708,6.285945263518105]]}},{"type":"Feature","properties":{"RIO":0,"N_QUEBRADA":"QUEBRADA SAN NICOLAS"},"geometry":{"type":"LineString","coordinates":[[-75.35758532478903,6.3142345601284875],[-75.35676545246871,6.314915081478791]]}},{"type":"Feature","properties":{"RIO":0,"N_QUEBRADA":"QUEBRADA SAN NICOLAS"},"geometry":{"type":"LineString","coordinates":[[-75.35804807022899,6.313425614576833],[-75.35787611815549,6.3139241180267485]]}},{"type":"Feature","properties":{"RIO":0,"N_QUEBRADA":"QUEBRADA LA ENEA"},"geometry":{"type":"LineString","coordinates":[[-75.39843648914352,6.332649123421246],[-75.39812295358062,6.3323443577653356]]}},{"type":"Feature","properties":{"RIO":0,"N_QUEBRADA":"QUEBRADA OVEJAS"},"geometry":{"type":"LineString","coordinates":[[-75.40682723468339,6.271520040283102],[-75.40689136540335,6.2717355546387585]]}},{"type":"Feature","properties":{"RIO":0,"N_QUEBRADA":"QUEBRADA LA CEJITA"},"geometry":{"type":"LineString","coordinates":[[-75.30972133672466,6.371952386327016],[-75.31040348355971,6.3721858952701504]]}},{"type":"Feature","properties":{"RIO":0,"N_QUEBRADA":"QUEBRADA LA CEJITA"},"geometry":{"type":"LineString","coordinates":[[-75.31040348355971,6.3721858952701504],[-75.31063263655373,6.372082236881867]]}},{"type":"Feature","properties":{"RIO":0,"N_QUEBRADA":"QUEBRADA CALICHE"},"geometry":{"type":"LineString","coordinates":[[-75.36711549397135,6.3492329953051545],[-75.36699419724256,6.350452549303137]]}},{"type":"Feature","properties":{"RIO":0,"N_QUEBRADA":"QUEBRADA CALICHE"},"geometry":{"type":"LineString","coordinates":[[-75.36798560479299,6.348367059807815],[-75.36711549397135,6.3492329953051545]]}},{"type":"Feature","properties":{"RIO":0,"N_QUEBRADA":"QUEBRADA SAN NICOLAS"},"geometry":{"type":"LineString","coordinates":[[-75.35155805922128,6.323798923236978],[-75.35171772401857,6.3251809052010985]]}},{"type":"Feature","properties":{"RIO":0,"N_QUEBRADA":"QUEBRADA LOS ARENALES"},"geometry":{"type":"LineString","coordinates":[[-75.34380533131606,6.369601665292572],[-75.34377393417721,6.3701814793137235]]}},{"type":"Feature","properties":{"RIO":0,"N_QUEBRADA":"QUEBRADA LOS ARENALES"},"geometry":{"type":"LineString","coordinates":[[-75.34371700509539,6.369120605872586],[-75.34378617964568,6.3695180216005145]]}},{"type":"Feature","properties":{"RIO":0,"N_QUEBRADA":"QUEBRADA SAN IGNACIO"},"geometry":{"type":"LineString","coordinates":[[-75.37143696025312,6.3306542026284935],[-75.37150143418464,6.330827030398481]]}},{"type":"Feature","properties":{"RIO":0,"N_QUEBRADA":"QUEBRADA SAN IGNACIO"},"geometry":{"type":"LineString","coordinates":[[-75.36997944664212,6.3224697858128485],[-75.37035561058445,6.322558500823545]]}},{"type":"Feature","properties":{"RIO":0,"N_QUEBRADA":"QUEBRADA CALICHE"},"geometry":{"type":"LineString","coordinates":[[-75.37064466536708,6.3463332207177805],[-75.37016225798088,6.347690095630428]]}},{"type":"Feature","properties":{"RIO":0,"N_QUEBRADA":"QUEBRADA OVEJAS"},"geometry":{"type":"LineString","coordinates":[[-75.40658570475354,6.2680773493435735],[-75.40703734156332,6.269267190940093]]}},{"type":"Feature","properties":{"RIO":0,"N_QUEBRADA":"QUEBRADA OVEJAS"},"geometry":{"type":"LineString","coordinates":[[-75.40540913391283,6.265591511753945],[-75.40584737381234,6.2666947930952075]]}},{"type":"Feature","properties":{"RIO":0,"N_QUEBRADA":"QUEBRADA LA CEJITA"},"geometry":{"type":"LineString","coordinates":[[-75.33731873260037,6.361452247779861],[-75.33759805452713,6.3607490221073055]]}},{"type":"Feature","properties":{"RIO":0,"N_QUEBRADA":"QUEBRADA OVEJAS"},"geometry":{"type":"LineString","coordinates":[[-75.40691218027483,6.2902741717751205],[-75.40706303227152,6.290646565640892]]}},{"type":"Feature","properties":{"RIO":0,"N_QUEBRADA":"QUEBRADA OVEJAS"},"geometry":{"type":"LineString","coordinates":[[-75.40689136540335,6.2717355546387585],[-75.40639144721041,6.273532467151153]]}},{"type":"Feature","properties":{"RIO":0,"N_QUEBRADA":"QUEBRADA CAREPERRO"},"geometry":{"type":"LineString","coordinates":[[-75.32332688023298,6.380622704221152],[-75.32389590075786,6.3803128292134375]]}},{"type":"Feature","properties":{"RIO":0,"N_QUEBRADA":"QUEBRADA BAUTISTA"},"geometry":{"type":"LineString","coordinates":[[-75.38631866162709,6.3285499339139815],[-75.38627240049567,6.328894529220987]]}},{"type":"Feature","properties":{"RIO":0,"N_QUEBRADA":"QUEBRADA DE LOS PANTANOS"},"geometry":{"type":"LineString","coordinates":[[-75.40882367589577,6.3312399521332745],[-75.40726901215481,6.330761327928152]]}},{"type":"Feature","properties":{"RIO":0,"N_QUEBRADA":"QUEBRADA DE LOS PANTANOS"},"geometry":{"type":"LineString","coordinates":[[-75.40999720872979,6.331079848517013],[-75.40882367589577,6.3312399521332745]]}},{"type":"Feature","properties":{"RIO":0,"N_QUEBRADA":"QUEBRADA DE LOS PANTANOS"},"geometry":{"type":"LineString","coordinates":[[-75.41015040583324,6.3308575196221275],[-75.40999720872979,6.331079848517013]]}},{"type":"Feature","properties":{"RIO":0,"N_QUEBRADA":"QUEBRADA DE LOS PANTANOS"},"geometry":{"type":"LineString","coordinates":[[-75.41308577705395,6.3281681562779335],[-75.41274581320515,6.328545429892264]]}},{"type":"Feature","properties":{"RIO":0,"N_QUEBRADA":"QUEBRADA DE LOS PANTANOS"},"geometry":{"type":"LineString","coordinates":[[-75.41468402863201,6.326050961903988],[-75.41373680079651,6.3272641621171655]]}},{"type":"Feature","properties":{"RIO":0,"N_QUEBRADA":"QUEBRADA CAÑADA LARGA"},"geometry":{"type":"LineString","coordinates":[[-75.42022938580055,6.3078107388740206],[-75.41951908243092,6.307240020839323]]}},{"type":"Feature","properties":{"RIO":0,"N_QUEBRADA":"QUEBRADA LA FONDA"},"geometry":{"type":"LineString","coordinates":[[-75.40670800702439,6.3354743646004525],[-75.40657577954727,6.335508034535084]]}},{"type":"Feature","properties":{"RIO":0,"N_QUEBRADA":"QUEBRADA PANTANO FRIO"},"geometry":{"type":"LineString","coordinates":[[-75.41839300576612,6.329762058828935],[-75.41834971454506,6.3300732650698075]]}},{"type":"Feature","properties":{"RIO":0,"N_QUEBRADA":"QUEBRADA PANTANO FRIO"},"geometry":{"type":"LineString","coordinates":[[-75.41888177402207,6.3256237257723305],[-75.41940682477741,6.325975542892312]]}},{"type":"Feature","properties":{"RIO":0,"N_QUEBRADA":"QUEBRADA PANTANO FRIO"},"geometry":{"type":"LineString","coordinates":[[-75.41860750105901,6.324720679899385],[-75.41888177402207,6.3256237257723305]]}},{"type":"Feature","properties":{"RIO":0,"N_QUEBRADA":"QUEBRADA PANTANO FRIO"},"geometry":{"type":"LineString","coordinates":[[-75.41651970547254,6.3232518657721615],[-75.41680399495769,6.323831297862082]]}},{"type":"Feature","properties":{"RIO":0,"N_QUEBRADA":"QUEBRADA GUAICO"},"geometry":{"type":"LineString","coordinates":[[-75.41332993521671,6.2854977453573335],[-75.41317406288185,6.285739896334068]]}},{"type":"Feature","properties":{"RIO":0,"N_QUEBRADA":"QUEBRADA GUAICO"},"geometry":{"type":"LineString","coordinates":[[-75.41347283556266,6.284202903560581],[-75.41332993521671,6.2854977453573335]]}},{"type":"Feature","properties":{"RIO":0,"N_QUEBRADA":"QUEBRADA LA LAZARA"},"geometry":{"type":"LineString","coordinates":[[-75.40212112609113,6.270526951551331],[-75.40287698191723,6.2706353949608005]]}},{"type":"Feature","properties":{"RIO":0,"N_QUEBRADA":"QUEBRADA LA LAZARA"},"geometry":{"type":"LineString","coordinates":[[-75.40287698191723,6.2706353949608005],[-75.40386560717513,6.270204193740524]]}},{"type":"Feature","properties":{"RIO":0,"N_QUEBRADA":"QUEBRADA LA LAZARA"},"geometry":{"type":"LineString","coordinates":[[-75.40386560717513,6.270204193740524],[-75.40398490789411,6.2702465680653665]]}},{"type":"Feature","properties":{"RIO":0,"N_QUEBRADA":"QUEBRADA LA LAZARA"},"geometry":{"type":"LineString","coordinates":[[-75.40398490789411,6.2702465680653665],[-75.40471621181182,6.270897251363018]]}},{"type":"Feature","properties":{"RIO":0,"N_QUEBRADA":"QUEBRADA PANTANILLO"},"geometry":{"type":"LineString","coordinates":[[-75.38514918633905,6.373175501615617],[-75.38440310620551,6.3735149956622115]]}},{"type":"Feature","properties":{"RIO":0,"N_QUEBRADA":"QUEBRADA PANTANILLO"},"geometry":{"type":"LineString","coordinates":[[-75.38650573605055,6.3729915813235305],[-75.38514918633905,6.373175501615617]]}},{"type":"Feature","properties":{"RIO":0,"N_QUEBRADA":"QUEBRADA PANTANILLO"},"geometry":{"type":"LineString","coordinates":[[-75.38799102739378,6.3706138992520245],[-75.38802282253108,6.370905966975723]]}},{"type":"Feature","properties":{"RIO":0,"N_QUEBRADA":"QUEBRADA PANTANILLO"},"geometry":{"type":"LineString","coordinates":[[-75.38795148728228,6.369930004061356],[-75.38799102739378,6.3706138992520245]]}},{"type":"Feature","properties":{"RIO":0,"N_QUEBRADA":"QUEBRADA DE ARCE"},"geometry":{"type":"LineString","coordinates":[[-75.34156599386593,6.335769373612348],[-75.34234118201714,6.3369788570468115]]}},{"type":"Feature","properties":{"RIO":0,"N_QUEBRADA":"QUEBRADA EL GUARGUERO"},"geometry":{"type":"LineString","coordinates":[[-75.39201509174603,6.351892793329174],[-75.39153027671838,6.3516583443146155]]}},{"type":"Feature","properties":{"RIO":0,"N_QUEBRADA":"QUEBRADA EL GUARGUERO"},"geometry":{"type":"LineString","coordinates":[[-75.39153027671838,6.3516583443146155],[-75.39106335245215,6.351650970253971]]}},{"type":"Feature","properties":{"RIO":0,"N_QUEBRADA":"QUEBRADA SAN NICOLAS"},"geometry":{"type":"LineString","coordinates":[[-75.34076963187229,6.3483803353918775],[-75.34163222196698,6.348841524924224]]}},{"type":"Feature","properties":{"RIO":0,"N_QUEBRADA":"QUEBRADA SAN NICOLAS"},"geometry":{"type":"LineString","coordinates":[[-75.33823518668156,6.345294643421337],[-75.33795194324252,6.3457296442169095]]}},{"type":"Feature","properties":{"RIO":0,"N_QUEBRADA":"QUEBRADA SAN NICOLAS"},"geometry":{"type":"LineString","coordinates":[[-75.34110694565474,6.344095450917506],[-75.33993165466448,6.3447482637554105]]}},{"type":"Feature","properties":{"RIO":0,"N_QUEBRADA":"QUEBRADA BAUTISTA"},"geometry":{"type":"LineString","coordinates":[[-75.38809068646435,6.3001210240471135],[-75.38796141619696,6.300329004838032]]}},{"type":"Feature","properties":{"RIO":0,"N_QUEBRADA":"QUEBRADA BAUTISTA"},"geometry":{"type":"LineString","coordinates":[[-75.38864637435778,6.298478064817701],[-75.38809068646435,6.3001210240471135]]}},{"type":"Feature","properties":{"RIO":0,"N_QUEBRADA":"QUEBRADA PANTANILLO"},"geometry":{"type":"LineString","coordinates":[[-75.37002857717773,6.3782049780900145],[-75.37010465422291,6.379412290369341]]}},{"type":"Feature","properties":{"RIO":0,"N_QUEBRADA":"QUEBRADA PANTANILLO"},"geometry":{"type":"LineString","coordinates":[[-75.39672687692024,6.3670731452457625],[-75.39587976591596,6.366857254108706]]}},{"type":"Feature","properties":{"RIO":0,"N_QUEBRADA":"QUEBRADA PANTANILLO"},"geometry":{"type":"LineString","coordinates":[[-75.39748665912643,6.366629241473317],[-75.39672687692024,6.3670731452457625]]}},{"type":"Feature","properties":{"RIO":0,"N_QUEBRADA":"QUEBRADA PANTANILLO"},"geometry":{"type":"LineString","coordinates":[[-75.37126147550198,6.377883376809683],[-75.37002857717773,6.3782049780900145]]}},{"type":"Feature","properties":{"RIO":0,"N_QUEBRADA":"QUEBRADA PANTANILLO"},"geometry":{"type":"LineString","coordinates":[[-75.37137832952901,6.3778793878327775],[-75.37126147550198,6.377883376809683]]}},{"type":"Feature","properties":{"RIO":0,"N_QUEBRADA":"QUEBRADA PANTANILLO"},"geometry":{"type":"LineString","coordinates":[[-75.37157115292325,6.377785634922646],[-75.37137832952901,6.3778793878327775]]}},{"type":"Feature","properties":{"RIO":0,"N_QUEBRADA":"QUEBRADA PANTANILLO"},"geometry":{"type":"LineString","coordinates":[[-75.37653020513959,6.3726731663551535],[-75.37613279888133,6.372610951717042]]}},{"type":"Feature","properties":{"RIO":0,"N_QUEBRADA":"QUEBRADA PANTANILLO"},"geometry":{"type":"LineString","coordinates":[[-75.37773172336841,6.372102595511682],[-75.37653020513959,6.3726731663551535]]}},{"type":"Feature","properties":{"RIO":0,"N_QUEBRADA":"QUEBRADA SAN NICOLAS"},"geometry":{"type":"LineString","coordinates":[[-75.35035872592141,6.3595032458208784],[-75.35053619681418,6.359650397674591]]}},{"type":"Feature","properties":{"RIO":0,"N_QUEBRADA":"QUEBRADA SAN NICOLAS"},"geometry":{"type":"LineString","coordinates":[[-75.34939390744003,6.358814208615366],[-75.34977054106469,6.3590325954759965]]}},{"type":"Feature","properties":{"RIO":0,"N_QUEBRADA":"QUEBRADA SAN NICOLAS"},"geometry":{"type":"LineString","coordinates":[[-75.34733891994973,6.3567876452893515],[-75.34753549131707,6.357476791415173]]}},{"type":"Feature","properties":{"RIO":0,"N_QUEBRADA":"QUEBRADA SAN NICOLAS"},"geometry":{"type":"LineString","coordinates":[[-75.34717175240581,6.356348446322428],[-75.34733891994973,6.3567876452893515]]}},{"type":"Feature","properties":{"RIO":0,"N_QUEBRADA":"QUEBRADA SAN NICOLAS"},"geometry":{"type":"LineString","coordinates":[[-75.34678801899663,6.3551233504646145],[-75.34716636660951,6.356240396913566]]}},{"type":"Feature","properties":{"RIO":0,"N_QUEBRADA":"QUEBRADA SAN NICOLAS"},"geometry":{"type":"LineString","coordinates":[[-75.34669967002218,6.354185897483769],[-75.34678801899663,6.3551233504646145]]}},{"type":"Feature","properties":{"RIO":0,"N_QUEBRADA":"QUEBRADA LA CEJITA"},"geometry":{"type":"LineString","coordinates":[[-75.33759805452713,6.3607490221073055],[-75.33800739169978,6.360088190896066]]}},{"type":"Feature","properties":{"RIO":0,"N_QUEBRADA":"QUEBRADA LA CEJITA"},"geometry":{"type":"LineString","coordinates":[[-75.34218979313638,6.357504260090509],[-75.34312529697048,6.3579714065620925]]}},{"type":"Feature","properties":{"RIO":0,"N_QUEBRADA":"QUEBRADA LA CEJITA"},"geometry":{"type":"LineString","coordinates":[[-75.34312529697048,6.3579714065620925],[-75.34371589520869,6.358341376027075]]}},{"type":"Feature","properties":{"RIO":0,"N_QUEBRADA":"QUEBRADA LA CEJITA"},"geometry":{"type":"LineString","coordinates":[[-75.34386390311307,6.358394238963212],[-75.34439975786869,6.3583004988761855]]}},{"type":"Feature","properties":{"RIO":0,"N_QUEBRADA":"QUEBRADA JIQUIMAL"},"geometry":{"type":"LineString","coordinates":[[-75.34966623174398,6.3320752878173066],[-75.34859321976224,6.331820731981292]]}},{"type":"Feature","properties":{"RIO":0,"N_QUEBRADA":"QUEBRADA JIQUIMAL"},"geometry":{"type":"LineString","coordinates":[[-75.35065725947028,6.331234370523863],[-75.34966623174398,6.3320752878173066]]}},{"type":"Feature","properties":{"RIO":0,"N_QUEBRADA":"QUEBRADA JIQUIMAL"},"geometry":{"type":"LineString","coordinates":[[-75.35480439838864,6.3309772657245595],[-75.35426802498667,6.331285597304216]]}},{"type":"Feature","properties":{"RIO":0,"N_QUEBRADA":"QUEBRADA JIQUIMAL"},"geometry":{"type":"LineString","coordinates":[[-75.35594973812738,6.329981303379882],[-75.35480439838864,6.3309772657245595]]}},{"type":"Feature","properties":{"RIO":0,"N_QUEBRADA":"QUEBRADA JIQUIMAL"},"geometry":{"type":"LineString","coordinates":[[-75.35682964772128,6.3293663028770375],[-75.35669388321257,6.329491514729454]]}},{"type":"Feature","properties":{"RIO":0,"N_QUEBRADA":"QUEBRADA JIQUIMAL"},"geometry":{"type":"LineString","coordinates":[[-75.36106708857325,6.3275572322491085],[-75.36009521126657,6.327263874291302]]}},{"type":"Feature","properties":{"RIO":0,"N_QUEBRADA":"QUEBRADA JIQUIMAL"},"geometry":{"type":"LineString","coordinates":[[-75.36117964864036,6.327595571847785],[-75.36106708857325,6.3275572322491085]]}},{"type":"Feature","properties":{"RIO":0,"N_QUEBRADA":"QUEBRADA JIQUIMAL"},"geometry":{"type":"LineString","coordinates":[[-75.36242326057928,6.3280915803543945],[-75.36117964864036,6.327595571847785]]}},{"type":"Feature","properties":{"RIO":0,"N_QUEBRADA":"QUEBRADA LA FONDA"},"geometry":{"type":"LineString","coordinates":[[-75.41104779100768,6.3355946478934735],[-75.40953979355882,6.335646401986014]]}},{"type":"Feature","properties":{"RIO":0,"N_QUEBRADA":"QUEBRADA LA FONDA"},"geometry":{"type":"LineString","coordinates":[[-75.41422032698617,6.3352000367384615],[-75.41280073350613,6.335246952733422]]}},{"type":"Feature","properties":{"RIO":0,"N_QUEBRADA":"QUEBRADA PANTANO FRIO"},"geometry":{"type":"LineString","coordinates":[[-75.41722705740197,6.315274965837945],[-75.41711388357955,6.3155077160104485]]}},{"type":"Feature","properties":{"RIO":0,"N_QUEBRADA":"QUEBRADA PANTANO FRIO"},"geometry":{"type":"LineString","coordinates":[[-75.41849193415865,6.3137285563058585],[-75.41835115513773,6.313759749475581]]}},{"type":"Feature","properties":{"RIO":0,"N_QUEBRADA":"QUEBRADA PANTANO FRIO"},"geometry":{"type":"LineString","coordinates":[[-75.42165095974215,6.313192893442425],[-75.42136855212574,6.3133231271498005]]}},{"type":"Feature","properties":{"RIO":0,"N_QUEBRADA":"QUEBRADA PANTANO FRIO"},"geometry":{"type":"LineString","coordinates":[[-75.42177384156551,6.3131379402285335],[-75.42165095974215,6.313192893442425]]}},{"type":"Feature","properties":{"RIO":0,"N_QUEBRADA":"QUEBRADA LA ENEA"},"geometry":{"type":"LineString","coordinates":[[-75.41442658338991,6.347375853984841],[-75.41276516590563,6.3473638849819904]]}},{"type":"Feature","properties":{"RIO":0,"N_QUEBRADA":"QUEBRADA LA ENEA"},"geometry":{"type":"LineString","coordinates":[[-75.41276516590563,6.3473638849819904],[-75.4123616043633,6.3471736523632645]]}},{"type":"Feature","properties":{"RIO":0,"N_QUEBRADA":"QUEBRADA DE ARCE"},"geometry":{"type":"LineString","coordinates":[[-75.34234118201714,6.3369788570468115],[-75.34304895838282,6.337667856129607]]}}]}