{"type":"FeatureCollection","name":"MunicipiosAMVA","features":[{"type":"Feature","properties":{"MpNombre":"Caldas","MpCodigo":"05129","centroid":[6.05446,-75.62641]},"geometry":{"type":"MultiPolygon","coordinates":[[[[-75.58243,6.11002],[-75.58211,6.11003],[-75.58162,6.10999],[-75.58116,6.10992],[-75.58067,6.10977],[-75.58004,6.10945],[-75.57996,6.1094],[-75.57952,6.1091],[-75.57932,6.10896],[-75.57879,6.10862],[-75.57798,6.10821],[-75.57688,6.10758],[-75.57643,6.10724],[-75.5761,6.10689],[-75.57579,6.10646],[-75.57559,6.10609],[-75.57498,6.10482],[-75.57432,6.10368],[-75.57395,6.10306],[-75.57371,6.10274],[-75.57344,6.1022],[-75.57262,6.10122],[-75.57103,6.10078],[-75.57074,6.1007],[-75.57041,6.10062],[-75.57151,6.10013],[-75.57319,6.09909],[-75.57336,6.09893],[-75.57369,6.09877],[-75.57393,6.09861],[-75.57412,6.09857],[-75.57436,6.09848],[-75.57454,6.09817],[-75.57466,6.09774],[-75.57474,6.09759],[-75.57486,6.09747],[-75.57512,6.09725],[-75.57544,6.09712],[-75.5756,6.09692],[-75.57584,6.09675],[-75.57598,6.09658],[-75.57611,6.09639],[-75.57619,6.09618],[-75.57631,6.09575],[-75.57642,6.09548],[-75.57666,6.09519],[-75.57688,6.09494],[-75.57713,6.09459],[-75.57738,6.09413],[-75.57767,6.09375],[-75.57814,6.09312],[-75.5785,6.0927],[-75.57872,6.09243],[-75.57881,6.09217],[-75.57887,6.09173],[-75.57899,6.09134],[-75.57908,6.09112],[-75.57918,6.0909],[-75.57929,6.0907],[-75.57939,6.09041],[-75.57944,6.09014],[-75.57945,6.08963],[-75.57949,6.08907],[-75.57955,6.08864],[-75.57961,6.08832],[-75.57975,6.08813],[-75.57989,6.08802],[-75.58009,6.08777],[-75.58024,6.08753],[-75.58036,6.08737],[-75.58049,6.08718],[-75.58072,6.08695],[-75.58093,6.08679],[-75.58112,6.0867],[-75.5813,6.08665],[-75.58175,6.0865],[-75.5825,6.08618],[-75.58257,6.08609],[-75.58282,6.0859],[-75.58301,6.08577],[-75.5832,6.08568],[-75.58349,6.08531],[-75.58356,6.08515],[-75.58373,6.08477],[-75.58389,6.08419],[-75.58406,6.0837],[-75.58413,6.08352],[-75.58444,6.08262],[-75.58462,6.08197],[-75.58473,6.08124],[-75.58492,6.08053],[-75.58508,6.07999],[-75.58514,6.07959],[-75.58529,6.07932],[-75.58535,6.07923],[-75.58545,6.07915],[-75.58559,6.07904],[-75.58576,6.07892],[-75.58597,6.07876],[-75.58631,6.07859],[-75.58666,6.07838],[-75.5868,6.07811],[-75.58686,6.0779],[-75.58668,6.0774],[-75.58656,6.0772],[-75.58648,6.07698],[-75.58644,6.07669],[-75.58648,6.07655],[-75.58674,6.07585],[-75.58676,6.0758],[-75.5869,6.07534],[-75.58699,6.07482],[-75.587,6.07456],[-75.58703,6.07428],[-75.58711,6.07391],[-75.58738,6.07291],[-75.58743,6.07249],[-75.5877,6.07163],[-75.58774,6.07142],[-75.58765,6.07112],[-75.5874,6.07086],[-75.58707,6.07061],[-75.58677,6.0704],[-75.5865,6.07019],[-75.58618,6.06968],[-75.58589,6.06902],[-75.58583,6.06868],[-75.58577,6.06812],[-75.58574,6.06777],[-75.58557,6.06719],[-75.58546,6.06667],[-75.58521,6.0662],[-75.58487,6.06593],[-75.58462,6.06568],[-75.58431,6.06536],[-75.5841,6.0653],[-75.58389,6.06514],[-75.58362,6.06493],[-75.58321,6.0647],[-75.58287,6.06445],[-75.58264,6.06425],[-75.58214,6.06383],[-75.58191,6.06352],[-75.58159,6.06284],[-75.58128,6.0623],[-75.58115,6.06213],[-75.5811,6.06179],[-75.58113,6.06163],[-75.58115,6.06153],[-75.58123,6.06124],[-75.58134,6.06098],[-75.5815,6.06073],[-75.58175,6.06043],[-75.58185,6.06027],[-75.58203,6.05999],[-75.58222,6.05966],[-75.58236,6.05939],[-75.58243,6.0591],[-75.5825,6.05878],[-75.58256,6.05848],[-75.58257,6.05809],[-75.58252,6.0577],[-75.58243,6.05726],[-75.58241,6.05701],[-75.58241,6.05672],[-75.58238,6.05637],[-75.58234,6.05589],[-75.58235,6.05537],[-75.58236,6.055],[-75.58229,6.05435],[-75.5822,6.05397],[-75.58206,6.05368],[-75.58187,6.05326],[-75.58176,6.05281],[-75.5817,6.0523],[-75.58156,6.05208],[-75.58122,6.05171],[-75.58114,6.05143],[-75.58087,6.05109],[-75.58077,6.0509],[-75.58065,6.05055],[-75.58037,6.05015],[-75.58025,6.05002],[-75.58003,6.04948],[-75.57991,6.04894],[-75.5799,6.04872],[-75.57989,6.04855],[-75.57982,6.04846],[-75.57966,6.04839],[-75.57893,6.04819],[-75.57885,6.04815],[-75.57861,6.04784],[-75.5783,6.04752],[-75.57777,6.04707],[-75.57733,6.04656],[-75.57689,6.04606],[-75.57674,6.04595],[-75.57668,6.04594],[-75.57665,6.04593],[-75.57655,6.04594],[-75.57645,6.04594],[-75.57633,6.04596],[-75.57624,6.04597],[-75.57609,6.046],[-75.57602,6.04599],[-75.57598,6.04596],[-75.57592,6.04593],[-75.57583,6.04585],[-75.57573,6.04575],[-75.57569,6.04571],[-75.57566,6.04571],[-75.57562,6.04571],[-75.57558,6.04573],[-75.57549,6.04575],[-75.57543,6.04575],[-75.57541,6.04573],[-75.57535,6.04573],[-75.57529,6.04567],[-75.57525,6.04561],[-75.57505,6.04538],[-75.57485,6.04518],[-75.57464,6.04485],[-75.57447,6.04445],[-75.57435,6.0442],[-75.57429,6.04395],[-75.57425,6.04373],[-75.57423,6.04349],[-75.57417,6.04328],[-75.57415,6.04292],[-75.57417,6.04254],[-75.57424,6.04222],[-75.57432,6.04135],[-75.57454,6.041],[-75.5745,6.04068],[-75.57441,6.04041],[-75.57425,6.04019],[-75.57402,6.03988],[-75.57391,6.0396],[-75.57379,6.03926],[-75.57375,6.0387],[-75.57378,6.03846],[-75.57384,6.03816],[-75.57386,6.03793],[-75.57376,6.03697],[-75.57384,6.03677],[-75.5739,6.03652],[-75.57388,6.03625],[-75.57379,6.03572],[-75.57375,6.03535],[-75.57356,6.03455],[-75.57344,6.03412],[-75.57314,6.03374],[-75.57298,6.03358],[-75.57284,6.03314],[-75.57262,6.0326],[-75.57247,6.03214],[-75.57229,6.03154],[-75.57211,6.03118],[-75.57219,6.03095],[-75.57232,6.03073],[-75.57264,6.03033],[-75.57275,6.03007],[-75.57281,6.02974],[-75.57282,6.02944],[-75.57272,6.02913],[-75.57241,6.02859],[-75.57243,6.02851],[-75.57244,6.02812],[-75.57245,6.02787],[-75.57245,6.02768],[-75.57237,6.02753],[-75.57216,6.02725],[-75.57202,6.02714],[-75.57193,6.02703],[-75.57165,6.02653],[-75.5715,6.02637],[-75.57129,6.02624],[-75.57102,6.02591],[-75.57092,6.02573],[-75.57079,6.02548],[-75.57068,6.02492],[-75.57077,6.02422],[-75.57083,6.02388],[-75.57098,6.02329],[-75.57109,6.02304],[-75.57118,6.02286],[-75.57131,6.0227],[-75.57223,6.02241],[-75.57277,6.02226],[-75.57333,6.022],[-75.57352,6.02198],[-75.57382,6.02184],[-75.5741,6.02169],[-75.57419,6.02162],[-75.5744,6.02151],[-75.5745,6.02145],[-75.57458,6.02144],[-75.57477,6.0214],[-75.57485,6.02135],[-75.57495,6.02131],[-75.57505,6.02124],[-75.57522,6.02109],[-75.57531,6.02101],[-75.576,6.0207],[-75.57652,6.02047],[-75.57665,6.0204],[-75.57696,6.02037],[-75.57734,6.02026],[-75.57755,6.0201],[-75.57783,6.01979],[-75.5779,6.01971],[-75.57806,6.01963],[-75.57858,6.01935],[-75.57928,6.01864],[-75.57985,6.01841],[-75.57993,6.01838],[-75.58042,6.01831],[-75.58069,6.01821],[-75.58097,6.01786],[-75.58112,6.01774],[-75.58117,6.01768],[-75.58108,6.01759],[-75.58153,6.01727],[-75.58207,6.01663],[-75.58251,6.01614],[-75.58327,6.01551],[-75.58386,6.01529],[-75.58466,6.0147],[-75.58489,6.01447],[-75.58511,6.01425],[-75.58521,6.01415],[-75.58555,6.01368],[-75.58601,6.01313],[-75.58622,6.01271],[-75.58643,6.01216],[-75.58698,6.01144],[-75.58748,6.01102],[-75.58778,6.0108],[-75.58828,6.01038],[-75.58887,6.0097],[-75.5898,6.00873],[-75.59047,6.00797],[-75.59068,6.0075],[-75.59131,6.00703],[-75.59156,6.00657],[-75.5921,6.00627],[-75.59232,6.00614],[-75.59262,6.00597],[-75.59309,6.0058],[-75.59353,6.00584],[-75.59398,6.00597],[-75.59449,6.00617],[-75.59495,6.00632],[-75.59549,6.00659],[-75.59568,6.00672],[-75.5959,6.00687],[-75.59615,6.00691],[-75.59649,6.00688],[-75.59675,6.00676],[-75.59704,6.00656],[-75.59719,6.00648],[-75.59744,6.00635],[-75.59781,6.00623],[-75.59822,6.00605],[-75.59842,6.00595],[-75.59881,6.00585],[-75.59928,6.00577],[-75.59971,6.00552],[-75.60045,6.00457],[-75.60041,6.00436],[-75.60053,6.00411],[-75.60075,6.00386],[-75.601,6.00355],[-75.60114,6.00345],[-75.60154,6.00293],[-75.60179,6.00267],[-75.6018,6.00254],[-75.60183,6.00239],[-75.60176,6.00221],[-75.60158,6.00184],[-75.60156,6.00151],[-75.60161,6.00132],[-75.60176,6.0011],[-75.60173,6.00095],[-75.60167,6.00069],[-75.60167,6.00049],[-75.60196,5.99954],[-75.60211,5.9991],[-75.60235,5.99866],[-75.60244,5.99835],[-75.60228,5.99801],[-75.60226,5.99797],[-75.6022,5.99776],[-75.60219,5.9975],[-75.60217,5.99714],[-75.60212,5.99699],[-75.60214,5.99674],[-75.60219,5.99646],[-75.60236,5.99606],[-75.60242,5.99599],[-75.60251,5.99582],[-75.60262,5.99502],[-75.60268,5.99477],[-75.60275,5.99464],[-75.60289,5.99452],[-75.60328,5.99436],[-75.60355,5.99424],[-75.60373,5.99419],[-75.6039,5.99414],[-75.60402,5.99409],[-75.60412,5.99405],[-75.60415,5.994],[-75.60418,5.9939],[-75.60422,5.99379],[-75.60434,5.99361],[-75.60451,5.99325],[-75.60453,5.9931],[-75.60454,5.99282],[-75.60454,5.99247],[-75.60452,5.9923],[-75.60444,5.992],[-75.60434,5.99179],[-75.60424,5.99169],[-75.60421,5.99151],[-75.6042,5.9913],[-75.60418,5.99111],[-75.60412,5.99077],[-75.60409,5.99061],[-75.60409,5.99046],[-75.60409,5.99019],[-75.60405,5.99014],[-75.60397,5.99011],[-75.60383,5.99009],[-75.60376,5.99003],[-75.60327,5.98947],[-75.60322,5.98933],[-75.60321,5.98922],[-75.6032,5.98906],[-75.60315,5.98897],[-75.603,5.98881],[-75.60286,5.98861],[-75.60273,5.98853],[-75.6026,5.98828],[-75.60251,5.98821],[-75.6023,5.9881],[-75.60223,5.98791],[-75.60217,5.9878],[-75.60209,5.98771],[-75.60204,5.98763],[-75.60204,5.98741],[-75.60199,5.98738],[-75.60191,5.98741],[-75.60187,5.98737],[-75.60172,5.98721],[-75.60168,5.98714],[-75.60172,5.98702],[-75.6018,5.98698],[-75.60194,5.98694],[-75.60203,5.98692],[-75.60215,5.98692],[-75.60225,5.9869],[-75.60235,5.98685],[-75.60251,5.9868],[-75.6027,5.98679],[-75.60296,5.98674],[-75.60343,5.98655],[-75.60363,5.98636],[-75.60368,5.98623],[-75.60373,5.98581],[-75.60378,5.98571],[-75.60386,5.98568],[-75.60408,5.98565],[-75.60418,5.98561],[-75.60424,5.98553],[-75.60438,5.98545],[-75.60486,5.98536],[-75.60494,5.98531],[-75.60511,5.98523],[-75.60589,5.98485],[-75.6069,5.98449],[-75.60782,5.98395],[-75.60816,5.9837],[-75.60862,5.98321],[-75.60907,5.98276],[-75.6097,5.98212],[-75.60995,5.98189],[-75.61041,5.98157],[-75.6107,5.9814],[-75.61121,5.98116],[-75.61194,5.98067],[-75.61221,5.98037],[-75.61261,5.98],[-75.61311,5.97916],[-75.61343,5.97866],[-75.61362,5.97825],[-75.61369,5.97856],[-75.61377,5.97898],[-75.61388,5.97943],[-75.614,5.97995],[-75.61416,5.9803],[-75.61422,5.98051],[-75.61426,5.98074],[-75.61426,5.98103],[-75.61427,5.98134],[-75.61431,5.98164],[-75.61438,5.98184],[-75.61459,5.98199],[-75.61482,5.98206],[-75.61508,5.98209],[-75.61531,5.98211],[-75.61561,5.9821],[-75.61601,5.98209],[-75.61622,5.98212],[-75.61642,5.98224],[-75.61655,5.98236],[-75.61672,5.98249],[-75.6169,5.9826],[-75.61708,5.98263],[-75.61729,5.98265],[-75.61779,5.98262],[-75.61804,5.98263],[-75.61815,5.9827],[-75.61821,5.98281],[-75.61821,5.98304],[-75.61817,5.98358],[-75.61823,5.98385],[-75.6183,5.98412],[-75.61838,5.98437],[-75.61859,5.98468],[-75.61873,5.98489],[-75.61888,5.98509],[-75.6192,5.98521],[-75.6195,5.9853],[-75.61977,5.98541],[-75.61995,5.98548],[-75.62013,5.98553],[-75.62044,5.98553],[-75.62077,5.98556],[-75.62119,5.98554],[-75.62147,5.98551],[-75.62167,5.98542],[-75.62196,5.98537],[-75.6223,5.98536],[-75.62255,5.9854],[-75.6227,5.98547],[-75.62289,5.98558],[-75.62307,5.98573],[-75.62348,5.98622],[-75.62373,5.98641],[-75.624,5.98653],[-75.62429,5.98664],[-75.62455,5.98679],[-75.62476,5.98695],[-75.62519,5.98722],[-75.6255,5.98751],[-75.62572,5.98779],[-75.62584,5.98796],[-75.62597,5.98816],[-75.62609,5.9884],[-75.62617,5.98855],[-75.62618,5.98888],[-75.62619,5.9892],[-75.62626,5.98948],[-75.62634,5.98963],[-75.62665,5.98993],[-75.62689,5.9902],[-75.62707,5.99043],[-75.62729,5.99072],[-75.62744,5.99103],[-75.62752,5.99128],[-75.62762,5.99152],[-75.62778,5.99172],[-75.62789,5.99195],[-75.62803,5.99224],[-75.62818,5.99237],[-75.6283,5.99238],[-75.62844,5.99242],[-75.62855,5.99251],[-75.62858,5.99265],[-75.62854,5.99286],[-75.62846,5.99309],[-75.62838,5.99337],[-75.62838,5.99355],[-75.62841,5.99371],[-75.62856,5.99387],[-75.62876,5.99396],[-75.62898,5.99407],[-75.62916,5.99425],[-75.62927,5.99444],[-75.62938,5.9947],[-75.62953,5.99487],[-75.62976,5.99506],[-75.63001,5.99518],[-75.63031,5.99525],[-75.63054,5.99532],[-75.6309,5.9956],[-75.63125,5.99575],[-75.63145,5.99579],[-75.63164,5.9958],[-75.63179,5.99588],[-75.63194,5.99595],[-75.63216,5.99606],[-75.63236,5.99607],[-75.63264,5.99605],[-75.63292,5.99601],[-75.63311,5.99602],[-75.63326,5.99607],[-75.63354,5.99614],[-75.63379,5.99617],[-75.63409,5.99615],[-75.63433,5.99607],[-75.6345,5.99598],[-75.63478,5.9958],[-75.63521,5.99555],[-75.63563,5.9953],[-75.63591,5.99526],[-75.63609,5.9953],[-75.63618,5.99534],[-75.63633,5.99542],[-75.63651,5.99544],[-75.6367,5.99541],[-75.63685,5.99534],[-75.63708,5.99519],[-75.63728,5.99508],[-75.63751,5.99502],[-75.63767,5.99492],[-75.63794,5.9947],[-75.63824,5.99452],[-75.63847,5.99445],[-75.63867,5.99445],[-75.63883,5.99449],[-75.6391,5.99462],[-75.6394,5.99488],[-75.63955,5.99501],[-75.63968,5.99504],[-75.63983,5.99507],[-75.63993,5.99512],[-75.64006,5.99527],[-75.64017,5.99539],[-75.64032,5.99547],[-75.64051,5.99548],[-75.64077,5.99545],[-75.64107,5.99543],[-75.64133,5.99544],[-75.6415,5.99549],[-75.64173,5.99557],[-75.64192,5.99566],[-75.64211,5.99567],[-75.64231,5.99563],[-75.64248,5.9955],[-75.64273,5.99528],[-75.64303,5.99505],[-75.64335,5.99486],[-75.64369,5.99467],[-75.64409,5.99456],[-75.64432,5.99451],[-75.6445,5.99445],[-75.64463,5.99438],[-75.6448,5.99431],[-75.64501,5.99427],[-75.64521,5.99425],[-75.64539,5.99422],[-75.64569,5.99415],[-75.64599,5.99407],[-75.64619,5.99402],[-75.64644,5.99404],[-75.64659,5.99407],[-75.64698,5.99422],[-75.64736,5.99442],[-75.6477,5.99464],[-75.64792,5.99474],[-75.64813,5.99476],[-75.64841,5.99478],[-75.64857,5.99474],[-75.64868,5.99466],[-75.64881,5.99449],[-75.64893,5.99426],[-75.64896,5.99396],[-75.64894,5.9934],[-75.64895,5.99305],[-75.64902,5.99265],[-75.64909,5.99239],[-75.64908,5.99228],[-75.64903,5.99219],[-75.64894,5.99198],[-75.64891,5.99179],[-75.64896,5.9917],[-75.64905,5.99164],[-75.64914,5.99161],[-75.6493,5.99161],[-75.64954,5.99162],[-75.64989,5.99162],[-75.65005,5.99155],[-75.65011,5.99147],[-75.65017,5.99131],[-75.65025,5.99113],[-75.65033,5.99099],[-75.65044,5.99087],[-75.65058,5.99079],[-75.6508,5.99065],[-75.65099,5.99051],[-75.65119,5.99036],[-75.65132,5.99033],[-75.6514,5.99036],[-75.65166,5.99052],[-75.65185,5.9906],[-75.65209,5.99066],[-75.65242,5.99067],[-75.65274,5.99069],[-75.65314,5.9907],[-75.65345,5.9907],[-75.65359,5.99064],[-75.65367,5.99057],[-75.65372,5.99044],[-75.65377,5.99026],[-75.65384,5.99011],[-75.65398,5.98998],[-75.65418,5.98995],[-75.65438,5.98999],[-75.65467,5.99014],[-75.65499,5.99033],[-75.65524,5.9905],[-75.65563,5.99072],[-75.65606,5.99088],[-75.65653,5.99109],[-75.65703,5.99141],[-75.65769,5.99176],[-75.65815,5.99202],[-75.65845,5.9921],[-75.65889,5.99217],[-75.65908,5.99222],[-75.65922,5.99229],[-75.65936,5.99243],[-75.65943,5.99262],[-75.65941,5.99292],[-75.65939,5.99315],[-75.65945,5.99328],[-75.65964,5.99341],[-75.65995,5.99362],[-75.66019,5.99381],[-75.66033,5.99396],[-75.66044,5.9941],[-75.66053,5.99427],[-75.6606,5.99441],[-75.66068,5.99455],[-75.6608,5.99461],[-75.66094,5.99461],[-75.66108,5.99457],[-75.66124,5.99454],[-75.66138,5.99459],[-75.66151,5.99476],[-75.66165,5.99495],[-75.66181,5.99521],[-75.66191,5.99535],[-75.66199,5.99541],[-75.66212,5.99546],[-75.66223,5.99553],[-75.66234,5.99564],[-75.66242,5.99573],[-75.66248,5.9959],[-75.6626,5.99606],[-75.66277,5.99624],[-75.6629,5.99635],[-75.66308,5.99644],[-75.66319,5.99647],[-75.66331,5.99654],[-75.66344,5.99664],[-75.66358,5.99685],[-75.66372,5.99702],[-75.66389,5.99723],[-75.66412,5.99747],[-75.66443,5.99771],[-75.66476,5.99787],[-75.66505,5.99799],[-75.66527,5.99812],[-75.66542,5.99823],[-75.66563,5.99854],[-75.66582,5.99873],[-75.66608,5.99885],[-75.66633,5.99892],[-75.6666,5.99895],[-75.66691,5.99897],[-75.66725,5.99893],[-75.66755,5.99884],[-75.66782,5.99877],[-75.66821,5.99862],[-75.66846,5.99859],[-75.66865,5.99864],[-75.66878,5.99871],[-75.66898,5.99872],[-75.66918,5.99864],[-75.66936,5.99855],[-75.66961,5.99847],[-75.66995,5.9985],[-75.67022,5.99859],[-75.67042,5.99861],[-75.67028,5.99896],[-75.67015,5.99934],[-75.67004,5.99946],[-75.66987,5.99949],[-75.66956,5.99947],[-75.66935,5.99951],[-75.66918,5.99966],[-75.66902,5.99994],[-75.66883,6.0001],[-75.66866,6.00021],[-75.66848,6.00028],[-75.66838,6.00041],[-75.66833,6.00081],[-75.66828,6.00114],[-75.66816,6.00147],[-75.66793,6.00194],[-75.66775,6.00227],[-75.66766,6.00248],[-75.66766,6.00283],[-75.66766,6.0032],[-75.66758,6.00348],[-75.66751,6.00384],[-75.66735,6.00424],[-75.66705,6.00476],[-75.66681,6.00512],[-75.66666,6.00553],[-75.66648,6.00624],[-75.66635,6.00657],[-75.66616,6.00695],[-75.66598,6.00734],[-75.66588,6.00764],[-75.66583,6.00793],[-75.66573,6.00857],[-75.66567,6.00904],[-75.66559,6.0095],[-75.66543,6.01004],[-75.66519,6.01055],[-75.66494,6.01105],[-75.66459,6.01163],[-75.66416,6.01228],[-75.66391,6.0128],[-75.66371,6.01305],[-75.66352,6.01325],[-75.6631,6.01345],[-75.66277,6.01358],[-75.66243,6.01379],[-75.66204,6.01401],[-75.66166,6.01412],[-75.66122,6.01425],[-75.66091,6.01432],[-75.66074,6.01436],[-75.66064,6.01442],[-75.66056,6.01454],[-75.66045,6.01488],[-75.66031,6.0153],[-75.66026,6.01563],[-75.66038,6.0159],[-75.66058,6.01614],[-75.66083,6.01633],[-75.66113,6.01651],[-75.66142,6.01681],[-75.6618,6.0173],[-75.66221,6.01792],[-75.66268,6.01862],[-75.66297,6.0193],[-75.66314,6.01987],[-75.66334,6.02055],[-75.66357,6.02105],[-75.66401,6.02174],[-75.66452,6.02255],[-75.66486,6.02307],[-75.66505,6.02336],[-75.66516,6.02376],[-75.66519,6.02415],[-75.66516,6.02452],[-75.66512,6.02508],[-75.66522,6.02562],[-75.66524,6.02617],[-75.66529,6.02654],[-75.66546,6.0269],[-75.66571,6.02727],[-75.66592,6.02754],[-75.66616,6.02768],[-75.6664,6.02771],[-75.66673,6.02784],[-75.66699,6.02808],[-75.66732,6.02843],[-75.66769,6.02887],[-75.66784,6.0292],[-75.6679,6.02945],[-75.66792,6.02969],[-75.66792,6.02999],[-75.66796,6.0302],[-75.66807,6.03037],[-75.6683,6.03058],[-75.66863,6.03102],[-75.66895,6.03144],[-75.669,6.03178],[-75.66898,6.03217],[-75.66888,6.03247],[-75.6687,6.03279],[-75.66864,6.03312],[-75.66873,6.03343],[-75.66884,6.03375],[-75.66903,6.03399],[-75.66914,6.03432],[-75.66915,6.0347],[-75.66927,6.03508],[-75.6695,6.03533],[-75.66982,6.03556],[-75.67021,6.03581],[-75.67061,6.03615],[-75.67076,6.03639],[-75.67082,6.0369],[-75.6709,6.0372],[-75.67103,6.03736],[-75.6713,6.03763],[-75.67162,6.03783],[-75.67189,6.03788],[-75.67218,6.03791],[-75.67245,6.03795],[-75.67273,6.03798],[-75.67298,6.03805],[-75.67317,6.0383],[-75.67325,6.03848],[-75.67334,6.03866],[-75.67351,6.03875],[-75.6737,6.03889],[-75.6738,6.03918],[-75.67386,6.03958],[-75.67388,6.04001],[-75.67398,6.04045],[-75.67423,6.04075],[-75.67456,6.04089],[-75.67495,6.04096],[-75.6752,6.04098],[-75.67548,6.04091],[-75.67567,6.04082],[-75.67587,6.0407],[-75.67603,6.04061],[-75.67614,6.04063],[-75.6762,6.04083],[-75.67619,6.04123],[-75.67623,6.04143],[-75.67635,6.04155],[-75.67656,6.0416],[-75.6768,6.04152],[-75.67705,6.04136],[-75.67727,6.04113],[-75.6774,6.04103],[-75.67751,6.04096],[-75.67759,6.04095],[-75.67771,6.04103],[-75.67786,6.04126],[-75.67797,6.0414],[-75.67819,6.0417],[-75.67833,6.042],[-75.67846,6.04243],[-75.67856,6.04261],[-75.67876,6.04287],[-75.67899,6.04309],[-75.67937,6.0434],[-75.68014,6.04384],[-75.68058,6.04416],[-75.68077,6.04429],[-75.68104,6.04438],[-75.68136,6.04455],[-75.68203,6.04513],[-75.68249,6.04553],[-75.68286,6.04584],[-75.68328,6.04607],[-75.68378,6.04629],[-75.68424,6.04643],[-75.68415,6.04652],[-75.68403,6.04669],[-75.68392,6.04704],[-75.68384,6.04732],[-75.68375,6.04765],[-75.68369,6.04788],[-75.68353,6.0481],[-75.68333,6.04827],[-75.68309,6.04843],[-75.68272,6.04849],[-75.68238,6.04855],[-75.68211,6.04868],[-75.68178,6.04897],[-75.6814,6.04949],[-75.6809,6.05013],[-75.68042,6.0507],[-75.68007,6.05111],[-75.67945,6.05167],[-75.67889,6.05227],[-75.67837,6.05272],[-75.67788,6.05327],[-75.67748,6.05365],[-75.67726,6.05381],[-75.67713,6.05383],[-75.67682,6.05379],[-75.67648,6.05367],[-75.67604,6.05357],[-75.67536,6.05347],[-75.67493,6.05342],[-75.67454,6.05336],[-75.67422,6.05336],[-75.67393,6.05337],[-75.67355,6.05354],[-75.67306,6.05375],[-75.67244,6.05399],[-75.67206,6.05426],[-75.67175,6.0545],[-75.67161,6.05467],[-75.67155,6.0548],[-75.67157,6.05497],[-75.67166,6.05509],[-75.67168,6.05528],[-75.6717,6.05553],[-75.6717,6.05579],[-75.67167,6.05605],[-75.67173,6.0562],[-75.67186,6.05633],[-75.67211,6.05652],[-75.67231,6.05678],[-75.6724,6.05698],[-75.67243,6.0573],[-75.67238,6.05755],[-75.67227,6.05787],[-75.67215,6.05808],[-75.67207,6.05826],[-75.67209,6.05843],[-75.6722,6.05864],[-75.6724,6.05886],[-75.6726,6.05906],[-75.67262,6.05927],[-75.67255,6.05948],[-75.67246,6.05963],[-75.67228,6.05971],[-75.67207,6.05983],[-75.67177,6.05998],[-75.67143,6.06017],[-75.67133,6.0603],[-75.67129,6.06051],[-75.67123,6.06075],[-75.67105,6.06092],[-75.67101,6.06116],[-75.67097,6.06132],[-75.67082,6.06146],[-75.67053,6.06167],[-75.67034,6.06194],[-75.67023,6.06215],[-75.67018,6.06228],[-75.67031,6.06241],[-75.67044,6.06254],[-75.67054,6.06273],[-75.67054,6.06313],[-75.67056,6.06355],[-75.67067,6.06376],[-75.6708,6.064],[-75.67082,6.06424],[-75.67077,6.06468],[-75.6707,6.06501],[-75.67078,6.06531],[-75.67106,6.06587],[-75.67125,6.06622],[-75.67155,6.06671],[-75.6716,6.06694],[-75.67156,6.06712],[-75.67145,6.06733],[-75.67127,6.06754],[-75.67113,6.06777],[-75.67112,6.06805],[-75.67112,6.06837],[-75.67118,6.06862],[-75.67138,6.06899],[-75.67178,6.06969],[-75.67207,6.07028],[-75.67218,6.07054],[-75.67224,6.07102],[-75.67223,6.07138],[-75.67199,6.07189],[-75.67165,6.07234],[-75.67135,6.07288],[-75.67122,6.07332],[-75.67116,6.07383],[-75.67117,6.07414],[-75.67123,6.07441],[-75.6713,6.07498],[-75.67129,6.07555],[-75.67128,6.07603],[-75.67132,6.07629],[-75.67147,6.0766],[-75.67148,6.07698],[-75.67145,6.07726],[-75.67148,6.07761],[-75.67155,6.07789],[-75.67181,6.07819],[-75.67204,6.07859],[-75.67233,6.0792],[-75.67258,6.07979],[-75.67276,6.08042],[-75.673,6.08086],[-75.67314,6.08129],[-75.6734,6.08168],[-75.67357,6.08192],[-75.67394,6.0824],[-75.67435,6.08306],[-75.67485,6.08394],[-75.6754,6.08491],[-75.67587,6.08561],[-75.67626,6.08635],[-75.67649,6.08691],[-75.67698,6.08799],[-75.67673,6.08849],[-75.67624,6.08911],[-75.6755,6.08979],[-75.67455,6.09043],[-75.6741,6.09092],[-75.67382,6.09139],[-75.67359,6.09193],[-75.67337,6.09285],[-75.67327,6.09332],[-75.67328,6.0937],[-75.67342,6.09394],[-75.67387,6.09448],[-75.67413,6.09487],[-75.67461,6.09608],[-75.67491,6.09734],[-75.6751,6.09828],[-75.67517,6.09871],[-75.67552,6.09947],[-75.67615,6.10053],[-75.67666,6.10135],[-75.67689,6.1018],[-75.67735,6.10258],[-75.67763,6.10327],[-75.67779,6.10379],[-75.67794,6.10433],[-75.67802,6.10492],[-75.67813,6.10532],[-75.6784,6.10605],[-75.6786,6.10665],[-75.67871,6.10735],[-75.67879,6.10807],[-75.67875,6.10845],[-75.67862,6.10866],[-75.67846,6.10879],[-75.67823,6.1089],[-75.67795,6.10909],[-75.67747,6.10968],[-75.67711,6.11044],[-75.67689,6.11122],[-75.67655,6.11241],[-75.67636,6.1131],[-75.67627,6.11358],[-75.67629,6.11426],[-75.6763,6.11516],[-75.6763,6.11583],[-75.67623,6.11643],[-75.67614,6.1167],[-75.67601,6.1169],[-75.67576,6.11704],[-75.6754,6.11722],[-75.67493,6.11742],[-75.67427,6.11757],[-75.67376,6.11773],[-75.67343,6.11796],[-75.67302,6.11832],[-75.67272,6.1186],[-75.67249,6.11887],[-75.67195,6.11889],[-75.6716,6.1189],[-75.67143,6.11887],[-75.67114,6.1188],[-75.67084,6.11867],[-75.67035,6.11849],[-75.67017,6.11843],[-75.66998,6.11845],[-75.66982,6.11854],[-75.6696,6.11892],[-75.66911,6.11955],[-75.66893,6.11976],[-75.66868,6.11989],[-75.6684,6.11992],[-75.66806,6.11996],[-75.66761,6.11994],[-75.6674,6.11991],[-75.66725,6.1199],[-75.66716,6.11989],[-75.66703,6.11986],[-75.66696,6.11979],[-75.66689,6.11971],[-75.66685,6.11961],[-75.66679,6.1195],[-75.66662,6.11933],[-75.6665,6.11914],[-75.66642,6.11895],[-75.66636,6.11869],[-75.66632,6.11857],[-75.66629,6.11849],[-75.66629,6.11833],[-75.6663,6.11807],[-75.66627,6.11755],[-75.66624,6.11697],[-75.66616,6.11659],[-75.66607,6.11606],[-75.66604,6.11579],[-75.66597,6.11557],[-75.66587,6.11548],[-75.66545,6.11529],[-75.66501,6.11501],[-75.66474,6.11481],[-75.66448,6.11454],[-75.66433,6.1144],[-75.66413,6.1143],[-75.66403,6.11421],[-75.66395,6.11394],[-75.66392,6.11349],[-75.66385,6.11318],[-75.66382,6.11293],[-75.66373,6.11258],[-75.6636,6.11226],[-75.66355,6.11198],[-75.66351,6.11194],[-75.66347,6.11189],[-75.66336,6.11182],[-75.66324,6.11176],[-75.66321,6.11174],[-75.6631,6.1117],[-75.66297,6.11164],[-75.66293,6.11161],[-75.66259,6.1114],[-75.66237,6.11132],[-75.6621,6.11125],[-75.66187,6.11115],[-75.6618,6.11094],[-75.66177,6.11074],[-75.6618,6.11058],[-75.66183,6.11037],[-75.6618,6.11024],[-75.66163,6.11015],[-75.66134,6.11015],[-75.66113,6.11025],[-75.66083,6.11027],[-75.66048,6.11028],[-75.66009,6.11016],[-75.65969,6.10999],[-75.65925,6.10974],[-75.65878,6.10938],[-75.65836,6.10901],[-75.65814,6.10884],[-75.65759,6.10864],[-75.65574,6.10858],[-75.65502,6.10875],[-75.65495,6.10875],[-75.65473,6.10875],[-75.65468,6.10875],[-75.65441,6.10875],[-75.65431,6.10875],[-75.6542,6.10878],[-75.65415,6.1088],[-75.65409,6.10881],[-75.654,6.10884],[-75.65397,6.10885],[-75.65388,6.10887],[-75.65375,6.10889],[-75.65367,6.10889],[-75.65355,6.10884],[-75.6535,6.10882],[-75.65335,6.10871],[-75.65331,6.10866],[-75.65322,6.10857],[-75.65312,6.10844],[-75.6531,6.10842],[-75.65296,6.10841],[-75.65263,6.10843],[-75.65245,6.10838],[-75.65222,6.10847],[-75.65191,6.10861],[-75.65167,6.10874],[-75.6513,6.10878],[-75.65103,6.10877],[-75.65093,6.10876],[-75.65081,6.10873],[-75.65056,6.10868],[-75.65027,6.10871],[-75.65022,6.10879],[-75.65021,6.10886],[-75.6502,6.10891],[-75.65016,6.10901],[-75.65013,6.10911],[-75.6501,6.10921],[-75.65008,6.10926],[-75.65006,6.10929],[-75.65001,6.10938],[-75.64986,6.10951],[-75.64985,6.10957],[-75.64984,6.10969],[-75.64984,6.10981],[-75.64983,6.10992],[-75.64983,6.10999],[-75.64982,6.11006],[-75.64974,6.11008],[-75.6497,6.11009],[-75.64966,6.1101],[-75.64962,6.11011],[-75.64956,6.11011],[-75.6495,6.11011],[-75.64944,6.1101],[-75.64938,6.11008],[-75.64934,6.11007],[-75.64932,6.11005],[-75.64929,6.11002],[-75.64926,6.11],[-75.64923,6.10998],[-75.64918,6.10995],[-75.64911,6.10991],[-75.64902,6.10987],[-75.64894,6.10982],[-75.64886,6.10978],[-75.64877,6.10973],[-75.64868,6.10968],[-75.64862,6.10964],[-75.64855,6.10961],[-75.64847,6.1096],[-75.64837,6.10958],[-75.6483,6.10956],[-75.64823,6.10953],[-75.64815,6.10947],[-75.64808,6.10943],[-75.648,6.10939],[-75.64791,6.10936],[-75.64784,6.10933],[-75.64778,6.10931],[-75.64773,6.1093],[-75.64766,6.1093],[-75.64759,6.1093],[-75.64753,6.10931],[-75.64748,6.10931],[-75.64743,6.10931],[-75.64736,6.10931],[-75.64732,6.10931],[-75.64727,6.1093],[-75.64722,6.10929],[-75.64718,6.10928],[-75.64714,6.10927],[-75.64709,6.10925],[-75.64707,6.10923],[-75.64703,6.1092],[-75.64699,6.10918],[-75.64696,6.10917],[-75.64691,6.10917],[-75.64687,6.10917],[-75.64682,6.10918],[-75.64676,6.1092],[-75.64672,6.10921],[-75.64667,6.10922],[-75.64661,6.10923],[-75.64654,6.10924],[-75.64649,6.10924],[-75.64646,6.10924],[-75.64642,6.10923],[-75.64638,6.10924],[-75.64633,6.10926],[-75.6463,6.10928],[-75.64627,6.10929],[-75.64623,6.10931],[-75.64618,6.10933],[-75.64613,6.10935],[-75.64607,6.10937],[-75.64598,6.10941],[-75.64588,6.10944],[-75.64585,6.10945],[-75.6458,6.10946],[-75.64576,6.10948],[-75.64603,6.11026],[-75.64607,6.1109],[-75.64602,6.11091],[-75.64598,6.11092],[-75.64595,6.11092],[-75.64589,6.11093],[-75.64582,6.11093],[-75.64579,6.11094],[-75.64576,6.11095],[-75.6457,6.11097],[-75.64566,6.11098],[-75.64562,6.11099],[-75.64555,6.11099],[-75.64547,6.11099],[-75.64528,6.11103],[-75.64514,6.11106],[-75.64502,6.11107],[-75.64496,6.11107],[-75.64489,6.11107],[-75.64484,6.11107],[-75.64478,6.11107],[-75.64462,6.11106],[-75.64451,6.11106],[-75.64442,6.11108],[-75.64434,6.11111],[-75.64429,6.11115],[-75.64409,6.11123],[-75.64397,6.11125],[-75.64386,6.11124],[-75.64375,6.11122],[-75.6436,6.1112],[-75.6432,6.11112],[-75.64274,6.11106],[-75.64255,6.11103],[-75.64243,6.11102],[-75.64222,6.11117],[-75.6421,6.11131],[-75.64314,6.11168],[-75.64304,6.11186],[-75.64299,6.11185],[-75.64293,6.11183],[-75.64285,6.11182],[-75.64278,6.11182],[-75.6427,6.11183],[-75.64266,6.11184],[-75.64263,6.11187],[-75.64292,6.11209],[-75.64297,6.11218],[-75.64288,6.1122],[-75.64285,6.11219],[-75.64282,6.11218],[-75.64279,6.11218],[-75.64276,6.11217],[-75.64272,6.11215],[-75.64268,6.11214],[-75.64263,6.11213],[-75.6426,6.11212],[-75.64256,6.1121],[-75.64254,6.1121],[-75.6425,6.1121],[-75.64247,6.11209],[-75.64242,6.11209],[-75.64234,6.11209],[-75.64228,6.11208],[-75.64223,6.11208],[-75.64218,6.11208],[-75.64214,6.11208],[-75.64208,6.1121],[-75.64204,6.1121],[-75.64199,6.1121],[-75.64195,6.11209],[-75.64191,6.11207],[-75.64186,6.11205],[-75.64183,6.11203],[-75.6418,6.112],[-75.64177,6.11197],[-75.64172,6.11196],[-75.64168,6.11195],[-75.64162,6.11192],[-75.64159,6.11191],[-75.64152,6.1119],[-75.64147,6.11189],[-75.64143,6.11189],[-75.6414,6.11189],[-75.64134,6.11188],[-75.6413,6.11188],[-75.64117,6.11189],[-75.64107,6.1119],[-75.64097,6.11191],[-75.64098,6.11193],[-75.64088,6.11193],[-75.64084,6.11192],[-75.6408,6.11192],[-75.64069,6.11189],[-75.64059,6.11187],[-75.6405,6.11185],[-75.64043,6.11182],[-75.64036,6.11181],[-75.64029,6.11179],[-75.64023,6.11177],[-75.64017,6.11176],[-75.64012,6.11177],[-75.64006,6.11173],[-75.64001,6.11172],[-75.64,6.11176],[-75.63994,6.11175],[-75.63991,6.11173],[-75.63986,6.11169],[-75.63984,6.11167],[-75.63978,6.11164],[-75.63976,6.11165],[-75.63972,6.11163],[-75.63963,6.1116],[-75.63959,6.11161],[-75.63955,6.11159],[-75.63952,6.11159],[-75.63948,6.11159],[-75.63945,6.11159],[-75.63941,6.1116],[-75.63938,6.11161],[-75.63934,6.11161],[-75.63929,6.11162],[-75.63924,6.11161],[-75.63919,6.11159],[-75.63915,6.11156],[-75.63911,6.11153],[-75.63908,6.11153],[-75.63905,6.11153],[-75.63902,6.11154],[-75.63898,6.11157],[-75.63893,6.11157],[-75.63887,6.1116],[-75.63884,6.11163],[-75.63883,6.11164],[-75.6388,6.11166],[-75.63876,6.11167],[-75.63872,6.1117],[-75.63869,6.11171],[-75.63865,6.1117],[-75.63861,6.11166],[-75.63856,6.11163],[-75.63849,6.11158],[-75.63846,6.11158],[-75.6384,6.11157],[-75.63836,6.11157],[-75.63829,6.11157],[-75.63822,6.11156],[-75.63809,6.11153],[-75.63799,6.1115],[-75.63795,6.11149],[-75.63792,6.11145],[-75.6379,6.11142],[-75.63788,6.11136],[-75.63786,6.1113],[-75.63785,6.11125],[-75.63782,6.11124],[-75.63777,6.11122],[-75.63774,6.11123],[-75.63768,6.11126],[-75.63763,6.11128],[-75.6376,6.11127],[-75.63757,6.11127],[-75.63753,6.11125],[-75.63749,6.11123],[-75.63745,6.11122],[-75.63742,6.11123],[-75.63739,6.11126],[-75.63738,6.11129],[-75.6373,6.11135],[-75.63723,6.11132],[-75.6372,6.11135],[-75.63716,6.11138],[-75.63713,6.11141],[-75.63712,6.11144],[-75.63711,6.11146],[-75.63707,6.11148],[-75.63705,6.11149],[-75.63701,6.1115],[-75.63697,6.1115],[-75.63694,6.1115],[-75.6369,6.11151],[-75.63686,6.11151],[-75.63683,6.1115],[-75.63679,6.11151],[-75.63676,6.11152],[-75.63673,6.11155],[-75.63671,6.11156],[-75.63666,6.11159],[-75.63661,6.11159],[-75.63659,6.11162],[-75.63657,6.11163],[-75.63654,6.11163],[-75.6365,6.11164],[-75.63646,6.11168],[-75.63643,6.11169],[-75.63639,6.11171],[-75.63636,6.11172],[-75.63632,6.11173],[-75.63621,6.11174],[-75.63616,6.11175],[-75.63613,6.1118],[-75.63611,6.11183],[-75.6361,6.11186],[-75.63605,6.11191],[-75.63601,6.11198],[-75.63598,6.11203],[-75.63595,6.11209],[-75.63593,6.11214],[-75.63592,6.11219],[-75.6359,6.11222],[-75.63587,6.11225],[-75.63585,6.11228],[-75.63579,6.1123],[-75.63576,6.11231],[-75.63572,6.11235],[-75.63567,6.11242],[-75.63564,6.11244],[-75.63563,6.11248],[-75.63557,6.11253],[-75.63552,6.11258],[-75.6355,6.1126],[-75.63546,6.11263],[-75.63543,6.11265],[-75.6354,6.11266],[-75.63532,6.1127],[-75.63528,6.11272],[-75.63524,6.11274],[-75.63516,6.11277],[-75.63508,6.1128],[-75.63505,6.11282],[-75.63497,6.11283],[-75.63488,6.11285],[-75.63481,6.11286],[-75.63472,6.1129],[-75.63464,6.1129],[-75.63462,6.11287],[-75.63454,6.11282],[-75.63453,6.11277],[-75.63451,6.11272],[-75.6345,6.11263],[-75.63449,6.11259],[-75.63446,6.11256],[-75.63448,6.11253],[-75.6345,6.1125],[-75.63453,6.11248],[-75.63455,6.11245],[-75.63457,6.11243],[-75.63459,6.11241],[-75.63461,6.11238],[-75.63463,6.11236],[-75.63466,6.11234],[-75.63469,6.11232],[-75.63472,6.11228],[-75.63472,6.11224],[-75.63473,6.1122],[-75.63472,6.11218],[-75.63471,6.11215],[-75.63469,6.11213],[-75.63469,6.1121],[-75.63469,6.11206],[-75.63469,6.11203],[-75.63468,6.11199],[-75.63467,6.11195],[-75.63466,6.11192],[-75.63464,6.11188],[-75.63462,6.11185],[-75.6346,6.11182],[-75.63458,6.11179],[-75.63457,6.11177],[-75.63455,6.11174],[-75.63453,6.11171],[-75.6345,6.11167],[-75.63449,6.11165],[-75.63447,6.11161],[-75.63445,6.11158],[-75.63444,6.11155],[-75.63443,6.11151],[-75.63442,6.11148],[-75.63442,6.11144],[-75.63442,6.1114],[-75.63443,6.11137],[-75.63446,6.11132],[-75.63449,6.11125],[-75.63452,6.11121],[-75.63455,6.11117],[-75.6346,6.11107],[-75.63463,6.11101],[-75.63466,6.11096],[-75.63468,6.11091],[-75.63468,6.11088],[-75.63484,6.11084],[-75.63399,6.10976],[-75.63372,6.10965],[-75.63361,6.10959],[-75.63323,6.10914],[-75.63305,6.10873],[-75.63308,6.10868],[-75.63296,6.10846],[-75.63274,6.10814],[-75.63253,6.10787],[-75.63233,6.10756],[-75.63211,6.10712],[-75.63203,6.10716],[-75.6319,6.1071],[-75.63171,6.1071],[-75.63159,6.1071],[-75.63149,6.1071],[-75.63129,6.10706],[-75.63116,6.10701],[-75.63107,6.10695],[-75.63104,6.10692],[-75.63089,6.10683],[-75.6307,6.10671],[-75.63048,6.10659],[-75.63026,6.10649],[-75.62997,6.10632],[-75.62942,6.10603],[-75.62935,6.10617],[-75.62933,6.10625],[-75.62917,6.10644],[-75.62905,6.10655],[-75.62893,6.10663],[-75.62879,6.10673],[-75.6287,6.10679],[-75.62853,6.10689],[-75.62843,6.10695],[-75.62834,6.10703],[-75.62817,6.10719],[-75.62802,6.10734],[-75.6279,6.10745],[-75.62781,6.10747],[-75.62766,6.10746],[-75.62744,6.10745],[-75.62732,6.10745],[-75.62707,6.10742],[-75.62669,6.10736],[-75.62639,6.1073],[-75.62593,6.1073],[-75.62562,6.10743],[-75.62515,6.10784],[-75.62506,6.10793],[-75.62503,6.10794],[-75.62477,6.10804],[-75.62453,6.10817],[-75.62433,6.10827],[-75.62414,6.10838],[-75.62399,6.10851],[-75.6239,6.10856],[-75.62382,6.10864],[-75.62375,6.10871],[-75.62368,6.1088],[-75.62361,6.10889],[-75.62358,6.10895],[-75.62356,6.109],[-75.62354,6.10905],[-75.6235,6.1091],[-75.62347,6.10913],[-75.62344,6.10917],[-75.62341,6.10919],[-75.62338,6.10921],[-75.62333,6.10922],[-75.62327,6.10923],[-75.6232,6.10924],[-75.62314,6.10925],[-75.6231,6.10926],[-75.62304,6.10928],[-75.62299,6.1093],[-75.62293,6.10934],[-75.6229,6.10936],[-75.62285,6.10935],[-75.6228,6.10934],[-75.62271,6.10938],[-75.62264,6.10942],[-75.62256,6.10944],[-75.62249,6.10947],[-75.62244,6.10948],[-75.62237,6.1095],[-75.6223,6.10951],[-75.62223,6.10952],[-75.62217,6.10951],[-75.6221,6.1095],[-75.62205,6.10948],[-75.62201,6.10947],[-75.62195,6.10947],[-75.62189,6.10946],[-75.62183,6.10946],[-75.62176,6.10945],[-75.6217,6.10943],[-75.62158,6.10937],[-75.62147,6.10934],[-75.62141,6.10932],[-75.62137,6.10932],[-75.62134,6.10932],[-75.62129,6.10933],[-75.62125,6.10934],[-75.6212,6.10936],[-75.62117,6.10937],[-75.6211,6.1094],[-75.62104,6.10943],[-75.62098,6.10947],[-75.62091,6.10951],[-75.62083,6.10956],[-75.62075,6.10961],[-75.62067,6.10966],[-75.62059,6.10971],[-75.62053,6.10973],[-75.6205,6.10974],[-75.62045,6.10975],[-75.62039,6.10975],[-75.62032,6.10976],[-75.62026,6.10977],[-75.62021,6.10978],[-75.62017,6.1098],[-75.6201,6.10983],[-75.62002,6.10988],[-75.61997,6.1099],[-75.61993,6.10992],[-75.61988,6.10995],[-75.6198,6.10998],[-75.61973,6.11001],[-75.61967,6.11004],[-75.6196,6.11007],[-75.61956,6.11008],[-75.61951,6.11009],[-75.61946,6.1101],[-75.61941,6.1101],[-75.61933,6.11009],[-75.61923,6.11006],[-75.61917,6.11005],[-75.6191,6.11004],[-75.61906,6.11003],[-75.61902,6.11002],[-75.61898,6.11001],[-75.61895,6.11],[-75.61892,6.10999],[-75.61889,6.11],[-75.61886,6.11002],[-75.61881,6.11005],[-75.61876,6.11009],[-75.61871,6.11015],[-75.61869,6.11018],[-75.61867,6.11021],[-75.61864,6.11024],[-75.61863,6.11028],[-75.61861,6.11033],[-75.61856,6.11038],[-75.61853,6.11044],[-75.61846,6.11057],[-75.61837,6.11069],[-75.61817,6.11091],[-75.61802,6.11104],[-75.61786,6.11114],[-75.61768,6.11123],[-75.61755,6.11129],[-75.61746,6.11134],[-75.61733,6.11137],[-75.61722,6.11138],[-75.61709,6.11136],[-75.61696,6.11134],[-75.61682,6.11132],[-75.61666,6.11137],[-75.61646,6.11139],[-75.61632,6.11141],[-75.61619,6.11144],[-75.61609,6.11147],[-75.616,6.11149],[-75.61592,6.11151],[-75.61547,6.1117],[-75.61533,6.1118],[-75.61514,6.11192],[-75.61505,6.11198],[-75.615,6.11203],[-75.61489,6.11212],[-75.61481,6.11218],[-75.61476,6.11222],[-75.61456,6.11244],[-75.61435,6.1128],[-75.61428,6.11308],[-75.61421,6.11321],[-75.61417,6.11338],[-75.61414,6.11348],[-75.61413,6.11353],[-75.61387,6.11373],[-75.61357,6.11403],[-75.61336,6.11429],[-75.61291,6.11444],[-75.61268,6.11444],[-75.61247,6.11443],[-75.61229,6.11443],[-75.61213,6.11443],[-75.61173,6.11446],[-75.61158,6.11445],[-75.61134,6.11443],[-75.6112,6.11444],[-75.61104,6.11445],[-75.61076,6.11448],[-75.61045,6.11451],[-75.61021,6.1145],[-75.61006,6.11447],[-75.60997,6.11446],[-75.60989,6.11446],[-75.60984,6.11447],[-75.60971,6.11456],[-75.60964,6.11462],[-75.60957,6.11467],[-75.60949,6.11469],[-75.60933,6.11474],[-75.60917,6.11481],[-75.60903,6.1149],[-75.60896,6.11495],[-75.60893,6.11497],[-75.60887,6.11499],[-75.60883,6.115],[-75.60877,6.11501],[-75.6087,6.11505],[-75.60865,6.11507],[-75.60854,6.11506],[-75.60838,6.11505],[-75.60822,6.11506],[-75.60808,6.11509],[-75.608,6.11513],[-75.60785,6.1152],[-75.60752,6.11545],[-75.60739,6.11559],[-75.60721,6.11573],[-75.607,6.11587],[-75.60664,6.11605],[-75.60638,6.11613],[-75.60617,6.11625],[-75.60599,6.11647],[-75.60585,6.11663],[-75.60571,6.11653],[-75.60517,6.11639],[-75.60446,6.11621],[-75.60365,6.11598],[-75.60236,6.11563],[-75.60099,6.11525],[-75.59966,6.11487],[-75.59946,6.11481],[-75.59875,6.1147],[-75.59811,6.11466],[-75.59749,6.11472],[-75.59712,6.11477],[-75.59658,6.11487],[-75.59629,6.11502],[-75.59602,6.11516],[-75.59589,6.1152],[-75.59577,6.1152],[-75.59566,6.11515],[-75.59551,6.11505],[-75.59526,6.11472],[-75.59503,6.11444],[-75.59454,6.11399],[-75.59378,6.11377],[-75.59272,6.11347],[-75.59196,6.11319],[-75.59147,6.11296],[-75.59099,6.11286],[-75.59062,6.11279],[-75.59032,6.11273],[-75.59011,6.11253],[-75.58983,6.11225],[-75.58948,6.11202],[-75.58924,6.11194],[-75.58886,6.11188],[-75.58846,6.11181],[-75.58804,6.11176],[-75.58759,6.11168],[-75.58712,6.11157],[-75.58667,6.11144],[-75.5862,6.11122],[-75.58574,6.11094],[-75.58537,6.11067],[-75.58505,6.11043],[-75.58476,6.11028],[-75.58447,6.1102],[-75.58407,6.11016],[-75.58351,6.1101],[-75.58284,6.11002],[-75.58243,6.11002]]]]}},{"type":"Feature","properties":{"MpNombre":"Sabaneta","MpCodigo":"05631","centroid":[6.13839,-75.60859]},"geometry":{"type":"MultiPolygon","coordinates":[[[[-75.60472,6.16277],[-75.60461,6.16263],[-75.60412,6.16216],[-75.60406,6.16211],[-75.60341,6.16148],[-75.60307,6.16117],[-75.603,6.16111],[-75.6027,6.16082],[-75.60239,6.16053],[-75.60209,6.16024],[-75.60205,6.16021],[-75.60196,6.16012],[-75.6021,6.16004],[-75.60234,6.1599],[-75.60259,6.15981],[-75.60286,6.1597],[-75.60307,6.15961],[-75.6032,6.15953],[-75.60335,6.15933],[-75.60361,6.15895],[-75.60369,6.15883],[-75.60373,6.15875],[-75.60395,6.15839],[-75.60399,6.15833],[-75.60422,6.15796],[-75.60439,6.1577],[-75.60406,6.15749],[-75.6039,6.15728],[-75.60382,6.15712],[-75.60375,6.15697],[-75.6037,6.15681],[-75.60367,6.15671],[-75.60364,6.15661],[-75.6036,6.15645],[-75.60356,6.15626],[-75.60357,6.15605],[-75.6035,6.15566],[-75.60345,6.15534],[-75.60343,6.15528],[-75.60338,6.15515],[-75.60323,6.15492],[-75.60311,6.15478],[-75.60307,6.15474],[-75.60284,6.15459],[-75.6026,6.15441],[-75.60254,6.15436],[-75.60246,6.15423],[-75.60239,6.15412],[-75.6022,6.15396],[-75.60217,6.15393],[-75.602,6.1538],[-75.60183,6.15368],[-75.60165,6.15361],[-75.60137,6.15351],[-75.60101,6.15341],[-75.6004,6.1533],[-75.60005,6.1532],[-75.59998,6.15317],[-75.59958,6.15297],[-75.59918,6.15273],[-75.59907,6.15266],[-75.59889,6.15248],[-75.59869,6.15215],[-75.59854,6.15175],[-75.59839,6.1512],[-75.59837,6.15116],[-75.59827,6.15096],[-75.59825,6.15093],[-75.59796,6.15061],[-75.59753,6.15016],[-75.59736,6.14998],[-75.5972,6.14971],[-75.59717,6.14967],[-75.5971,6.14949],[-75.59709,6.1494],[-75.59706,6.14923],[-75.59696,6.14899],[-75.59688,6.14888],[-75.59679,6.14874],[-75.59658,6.14844],[-75.59655,6.14839],[-75.59677,6.14841],[-75.59697,6.14844],[-75.59711,6.1484],[-75.59723,6.14827],[-75.59728,6.14812],[-75.59728,6.14787],[-75.5972,6.14762],[-75.59703,6.14738],[-75.59693,6.14722],[-75.59681,6.14688],[-75.59679,6.14659],[-75.59681,6.14637],[-75.5969,6.14619],[-75.59708,6.14598],[-75.59717,6.14583],[-75.5972,6.14562],[-75.59718,6.14544],[-75.59704,6.14529],[-75.59679,6.14521],[-75.59605,6.1451],[-75.59549,6.1451],[-75.5949,6.14517],[-75.59415,6.14524],[-75.59395,6.14526],[-75.59377,6.14527],[-75.59351,6.14525],[-75.59346,6.14525],[-75.5929,6.14521],[-75.59225,6.14514],[-75.59191,6.1451],[-75.59136,6.14499],[-75.59119,6.14493],[-75.59104,6.14485],[-75.59098,6.1448],[-75.59091,6.14474],[-75.59088,6.1447],[-75.5908,6.14459],[-75.59074,6.14431],[-75.59076,6.14412],[-75.59086,6.14396],[-75.59106,6.1437],[-75.59118,6.14342],[-75.59123,6.14314],[-75.59122,6.14282],[-75.59121,6.14278],[-75.59113,6.14237],[-75.59106,6.14206],[-75.59099,6.14175],[-75.59099,6.14145],[-75.59107,6.14075],[-75.59115,6.14007],[-75.59127,6.13944],[-75.59138,6.1389],[-75.59156,6.13855],[-75.59175,6.1382],[-75.59191,6.13789],[-75.59207,6.13754],[-75.59227,6.13713],[-75.59233,6.13687],[-75.5924,6.13637],[-75.5925,6.13571],[-75.59256,6.13497],[-75.59262,6.13427],[-75.59256,6.1337],[-75.5925,6.13307],[-75.59239,6.13243],[-75.59212,6.13166],[-75.59172,6.13076],[-75.59167,6.13066],[-75.5916,6.13053],[-75.59137,6.1301],[-75.59123,6.12965],[-75.59106,6.12928],[-75.59069,6.1289],[-75.59043,6.12873],[-75.59027,6.12863],[-75.5901,6.1285],[-75.59003,6.12843],[-75.58988,6.12828],[-75.58964,6.12799],[-75.58947,6.12768],[-75.58944,6.12738],[-75.58943,6.12674],[-75.58937,6.12611],[-75.58932,6.12582],[-75.58917,6.12542],[-75.58913,6.12512],[-75.58901,6.12449],[-75.58882,6.12377],[-75.58873,6.12326],[-75.58867,6.12271],[-75.5886,6.1221],[-75.58855,6.12165],[-75.58855,6.12129],[-75.58862,6.1209],[-75.58882,6.12035],[-75.58912,6.11958],[-75.58936,6.11898],[-75.58964,6.11816],[-75.5899,6.11755],[-75.59009,6.1171],[-75.5904,6.11651],[-75.59065,6.11602],[-75.59088,6.11541],[-75.59095,6.11492],[-75.59091,6.11454],[-75.59068,6.11387],[-75.59032,6.11273],[-75.59062,6.11279],[-75.59099,6.11286],[-75.59147,6.11296],[-75.59196,6.11319],[-75.59272,6.11347],[-75.59378,6.11377],[-75.59454,6.11399],[-75.59503,6.11444],[-75.59526,6.11472],[-75.59551,6.11505],[-75.59566,6.11515],[-75.59577,6.1152],[-75.59589,6.1152],[-75.59602,6.11516],[-75.59629,6.11502],[-75.59658,6.11487],[-75.59712,6.11477],[-75.59749,6.11472],[-75.59811,6.11466],[-75.59875,6.1147],[-75.59946,6.11481],[-75.59966,6.11487],[-75.60099,6.11525],[-75.60236,6.11563],[-75.60365,6.11598],[-75.60446,6.11621],[-75.60517,6.11639],[-75.60571,6.11653],[-75.60585,6.11663],[-75.606,6.11673],[-75.60635,6.11697],[-75.6066,6.11715],[-75.6069,6.11733],[-75.6071,6.11756],[-75.60732,6.11823],[-75.60745,6.1188],[-75.60756,6.11905],[-75.60777,6.11929],[-75.60788,6.11949],[-75.608,6.11983],[-75.60809,6.12015],[-75.60828,6.12043],[-75.60848,6.12064],[-75.60891,6.12086],[-75.60927,6.12099],[-75.60955,6.12121],[-75.61005,6.12157],[-75.61053,6.12198],[-75.61101,6.12255],[-75.61151,6.12307],[-75.61179,6.12323],[-75.61213,6.1234],[-75.61251,6.1237],[-75.61269,6.12406],[-75.61274,6.12453],[-75.61284,6.1249],[-75.61304,6.12531],[-75.61325,6.12577],[-75.61347,6.12601],[-75.61381,6.12612],[-75.61428,6.1262],[-75.61492,6.12632],[-75.6155,6.12648],[-75.6162,6.12672],[-75.61678,6.12709],[-75.61733,6.12744],[-75.61783,6.12768],[-75.61815,6.12771],[-75.61844,6.12767],[-75.61887,6.12742],[-75.61919,6.12731],[-75.61945,6.12728],[-75.61974,6.12735],[-75.62002,6.12752],[-75.62041,6.12785],[-75.6207,6.12827],[-75.62102,6.12865],[-75.62139,6.129],[-75.62179,6.12948],[-75.62199,6.12988],[-75.62208,6.13007],[-75.62222,6.13018],[-75.62269,6.13037],[-75.62309,6.13053],[-75.6236,6.13073],[-75.62401,6.13102],[-75.62462,6.13128],[-75.62497,6.13144],[-75.62547,6.13183],[-75.62599,6.13243],[-75.62638,6.133],[-75.62693,6.13365],[-75.62734,6.13407],[-75.62755,6.13446],[-75.62781,6.13527],[-75.62812,6.13623],[-75.62817,6.13668],[-75.62816,6.13692],[-75.62806,6.13715],[-75.62786,6.13749],[-75.62751,6.13809],[-75.62725,6.13847],[-75.62716,6.13862],[-75.62712,6.13873],[-75.62713,6.1389],[-75.62714,6.13904],[-75.62725,6.13921],[-75.62745,6.13939],[-75.62779,6.13959],[-75.62819,6.13974],[-75.62832,6.13975],[-75.62841,6.13987],[-75.62851,6.14014],[-75.62879,6.14122],[-75.62887,6.14184],[-75.62882,6.14223],[-75.62872,6.14254],[-75.62864,6.14278],[-75.62858,6.14307],[-75.62859,6.14323],[-75.62875,6.14343],[-75.62911,6.14382],[-75.62933,6.14419],[-75.62953,6.14469],[-75.62963,6.14506],[-75.62961,6.1454],[-75.62963,6.14561],[-75.62977,6.14591],[-75.62993,6.14616],[-75.63007,6.1465],[-75.63015,6.1467],[-75.63039,6.14712],[-75.63052,6.14732],[-75.6308,6.14764],[-75.63104,6.14791],[-75.63135,6.14813],[-75.6319,6.14852],[-75.63237,6.14897],[-75.63285,6.14916],[-75.63327,6.14948],[-75.63359,6.14964],[-75.63391,6.14974],[-75.63401,6.14979],[-75.63402,6.1499],[-75.63401,6.15022],[-75.63395,6.15062],[-75.63377,6.15101],[-75.63351,6.15133],[-75.63297,6.15169],[-75.6325,6.15191],[-75.63208,6.15203],[-75.63155,6.15215],[-75.63099,6.15228],[-75.63056,6.15239],[-75.63008,6.15251],[-75.62952,6.15251],[-75.62894,6.15255],[-75.62871,6.15258],[-75.62849,6.15264],[-75.62825,6.15271],[-75.62812,6.15277],[-75.62797,6.1528],[-75.62769,6.15281],[-75.62723,6.15281],[-75.627,6.15287],[-75.62678,6.15302],[-75.62653,6.15324],[-75.62631,6.15333],[-75.62605,6.15341],[-75.62579,6.15347],[-75.62518,6.15364],[-75.62453,6.15391],[-75.62435,6.15403],[-75.62408,6.15419],[-75.62368,6.15458],[-75.62339,6.15497],[-75.62314,6.15531],[-75.62287,6.15564],[-75.62259,6.15583],[-75.62234,6.15592],[-75.622,6.156],[-75.62156,6.1561],[-75.62106,6.15615],[-75.62068,6.15617],[-75.6205,6.1562],[-75.6203,6.15627],[-75.62005,6.15638],[-75.61976,6.1565],[-75.61951,6.1566],[-75.61914,6.15666],[-75.61872,6.15668],[-75.61834,6.15668],[-75.61812,6.15672],[-75.61791,6.15678],[-75.61766,6.1569],[-75.6174,6.15714],[-75.61697,6.1576],[-75.61658,6.15806],[-75.61608,6.1586],[-75.61568,6.15894],[-75.6153,6.15917],[-75.61478,6.15936],[-75.61459,6.15943],[-75.61431,6.15967],[-75.61394,6.16],[-75.61373,6.16014],[-75.61345,6.16027],[-75.61314,6.16037],[-75.61287,6.16042],[-75.61265,6.16046],[-75.6124,6.16055],[-75.61222,6.16065],[-75.61197,6.16085],[-75.6117,6.16118],[-75.61146,6.16142],[-75.61122,6.1616],[-75.61102,6.16171],[-75.61074,6.16182],[-75.61032,6.16193],[-75.61011,6.16201],[-75.60984,6.1621],[-75.60948,6.16219],[-75.60919,6.16222],[-75.60898,6.16218],[-75.60868,6.1621],[-75.60843,6.16205],[-75.60822,6.16204],[-75.60798,6.16208],[-75.60768,6.16217],[-75.60746,6.16225],[-75.60717,6.16232],[-75.60686,6.1624],[-75.60659,6.16251],[-75.60623,6.16264],[-75.6057,6.16286],[-75.60523,6.16313],[-75.6051,6.16321],[-75.60496,6.16304],[-75.60472,6.16277]]]]}},{"type":"Feature","properties":{"MpNombre":"La Estrella","MpCodigo":"05380","centroid":[6.13764,-75.64884]},"geometry":{"type":"MultiPolygon","coordinates":[[[[-75.65429,6.17186],[-75.65395,6.17182],[-75.65376,6.17173],[-75.6535,6.17152],[-75.65327,6.17129],[-75.65285,6.17091],[-75.65262,6.17076],[-75.65246,6.17068],[-75.65229,6.17061],[-75.65216,6.1706],[-75.65204,6.17061],[-75.65197,6.17066],[-75.6519,6.17073],[-75.65186,6.17088],[-75.6518,6.1711],[-75.65171,6.17126],[-75.65161,6.17136],[-75.65147,6.17145],[-75.65123,6.17153],[-75.65098,6.17158],[-75.65066,6.17162],[-75.65005,6.1716],[-75.64928,6.17163],[-75.64879,6.17164],[-75.64804,6.17161],[-75.64786,6.1716],[-75.64782,6.17159],[-75.64778,6.17157],[-75.64775,6.17155],[-75.64772,6.17153],[-75.64769,6.17153],[-75.64767,6.17152],[-75.64764,6.17152],[-75.64764,6.1715],[-75.64757,6.17127],[-75.64747,6.17097],[-75.64732,6.17074],[-75.6471,6.1704],[-75.6469,6.17],[-75.64689,6.16993],[-75.64684,6.16995],[-75.64614,6.16996],[-75.6461,6.16991],[-75.64606,6.16965],[-75.64602,6.16937],[-75.64601,6.16923],[-75.64607,6.16906],[-75.64618,6.16888],[-75.64619,6.16884],[-75.64621,6.16869],[-75.64616,6.16863],[-75.6461,6.16857],[-75.64604,6.16852],[-75.64597,6.16845],[-75.64591,6.16838],[-75.64588,6.16826],[-75.64585,6.16811],[-75.64583,6.16801],[-75.64583,6.16798],[-75.64581,6.16792],[-75.6458,6.16788],[-75.64578,6.16769],[-75.64577,6.16759],[-75.64575,6.1674],[-75.64571,6.16715],[-75.6457,6.16695],[-75.64569,6.16685],[-75.64563,6.16656],[-75.64556,6.16632],[-75.64551,6.16607],[-75.64546,6.16581],[-75.64542,6.16557],[-75.64535,6.16558],[-75.64491,6.16562],[-75.64431,6.16569],[-75.64394,6.1651],[-75.64389,6.1651],[-75.64387,6.16511],[-75.64384,6.16511],[-75.64384,6.16507],[-75.64381,6.16505],[-75.64364,6.16497],[-75.6436,6.16497],[-75.64357,6.16496],[-75.64353,6.16495],[-75.64349,6.16493],[-75.64346,6.16489],[-75.64341,6.1648],[-75.64339,6.16476],[-75.64337,6.16468],[-75.64336,6.16463],[-75.64332,6.16461],[-75.64317,6.16457],[-75.64314,6.16456],[-75.64309,6.16454],[-75.64302,6.16454],[-75.64299,6.16454],[-75.64289,6.16452],[-75.64271,6.1645],[-75.64249,6.16443],[-75.64217,6.16444],[-75.64205,6.16446],[-75.64197,6.16446],[-75.64175,6.16443],[-75.64159,6.16442],[-75.64142,6.16441],[-75.64131,6.16438],[-75.64121,6.16439],[-75.64111,6.16442],[-75.641,6.16448],[-75.64093,6.16452],[-75.6409,6.16453],[-75.64086,6.16455],[-75.64081,6.16454],[-75.64079,6.16453],[-75.64068,6.16447],[-75.64044,6.16432],[-75.64031,6.16422],[-75.64027,6.16421],[-75.64021,6.16424],[-75.64017,6.16425],[-75.64012,6.16426],[-75.64006,6.16428],[-75.63999,6.1643],[-75.63994,6.16432],[-75.63986,6.16434],[-75.63976,6.16439],[-75.6397,6.16442],[-75.63965,6.16442],[-75.63957,6.1644],[-75.6395,6.16436],[-75.63948,6.16434],[-75.63939,6.16419],[-75.63935,6.16414],[-75.63929,6.16405],[-75.63923,6.16394],[-75.6391,6.16382],[-75.63888,6.16379],[-75.63866,6.1638],[-75.63843,6.16383],[-75.6383,6.16382],[-75.63819,6.16383],[-75.63808,6.16385],[-75.63796,6.16389],[-75.63782,6.16392],[-75.63767,6.16395],[-75.6376,6.16395],[-75.63749,6.16395],[-75.63743,6.16396],[-75.63731,6.16397],[-75.63715,6.16395],[-75.63708,6.16395],[-75.63704,6.16399],[-75.637,6.16404],[-75.63696,6.16405],[-75.63694,6.16409],[-75.6369,6.16413],[-75.63683,6.16417],[-75.63669,6.16423],[-75.63655,6.16427],[-75.63646,6.16426],[-75.63637,6.16426],[-75.63628,6.16425],[-75.63616,6.16439],[-75.63612,6.16437],[-75.63609,6.16432],[-75.6361,6.16429],[-75.63609,6.16423],[-75.63606,6.16414],[-75.63618,6.16412],[-75.63621,6.1641],[-75.63623,6.16407],[-75.63625,6.16403],[-75.63625,6.16377],[-75.63625,6.16355],[-75.63623,6.16349],[-75.63622,6.16346],[-75.63618,6.1634],[-75.63616,6.16334],[-75.63613,6.16327],[-75.63611,6.16323],[-75.63608,6.1632],[-75.63605,6.1632],[-75.63602,6.16319],[-75.63589,6.16319],[-75.63573,6.16314],[-75.63571,6.16314],[-75.63566,6.16311],[-75.63554,6.16305],[-75.63547,6.16291],[-75.63549,6.16288],[-75.63555,6.16273],[-75.63557,6.16263],[-75.6356,6.16253],[-75.63565,6.16238],[-75.63567,6.16232],[-75.63568,6.16227],[-75.63566,6.16225],[-75.6356,6.16218],[-75.63551,6.16214],[-75.63528,6.16204],[-75.635,6.16191],[-75.63468,6.16177],[-75.63434,6.16162],[-75.63389,6.16143],[-75.63375,6.16136],[-75.63353,6.16128],[-75.63336,6.16123],[-75.6332,6.16117],[-75.63305,6.16112],[-75.63261,6.16097],[-75.63215,6.1608],[-75.63208,6.16078],[-75.63199,6.16078],[-75.6319,6.16081],[-75.63141,6.16111],[-75.63129,6.16114],[-75.63121,6.16116],[-75.63108,6.16116],[-75.63092,6.16111],[-75.63059,6.16099],[-75.63043,6.16094],[-75.6303,6.16091],[-75.62991,6.16092],[-75.62958,6.16094],[-75.62951,6.16093],[-75.62918,6.1608],[-75.62895,6.1607],[-75.62887,6.16068],[-75.62855,6.16055],[-75.62827,6.16045],[-75.62813,6.16039],[-75.62792,6.16031],[-75.62788,6.1603],[-75.6278,6.16029],[-75.62772,6.16029],[-75.62767,6.16029],[-75.62761,6.1603],[-75.62758,6.16031],[-75.62753,6.16034],[-75.6272,6.16051],[-75.62666,6.16074],[-75.62612,6.16075],[-75.62604,6.16076],[-75.62599,6.16076],[-75.62594,6.16076],[-75.6259,6.16076],[-75.62583,6.16077],[-75.6258,6.16077],[-75.62577,6.16077],[-75.6257,6.16077],[-75.62566,6.16076],[-75.6256,6.16077],[-75.62546,6.16077],[-75.62541,6.16079],[-75.62534,6.1608],[-75.6253,6.1608],[-75.62527,6.16081],[-75.62524,6.16082],[-75.6252,6.16082],[-75.625,6.1608],[-75.62497,6.16072],[-75.62494,6.16065],[-75.62497,6.16063],[-75.62496,6.16057],[-75.62495,6.16053],[-75.62502,6.16045],[-75.62501,6.16041],[-75.62499,6.16036],[-75.62501,6.16035],[-75.62504,6.16033],[-75.62501,6.16028],[-75.625,6.16025],[-75.62508,6.16016],[-75.62505,6.16009],[-75.62507,6.16008],[-75.6251,6.16007],[-75.62509,6.16004],[-75.62507,6.15998],[-75.62512,6.15995],[-75.62518,6.15965],[-75.62519,6.15958],[-75.62522,6.15945],[-75.62524,6.15937],[-75.62529,6.15926],[-75.62531,6.15918],[-75.62522,6.15915],[-75.62525,6.15906],[-75.62522,6.15904],[-75.62525,6.15895],[-75.62527,6.1589],[-75.62531,6.1588],[-75.62526,6.15877],[-75.62529,6.15869],[-75.62532,6.1586],[-75.62533,6.15858],[-75.62534,6.15851],[-75.62531,6.15849],[-75.62533,6.15838],[-75.6253,6.15836],[-75.62527,6.15836],[-75.62524,6.15835],[-75.62521,6.15845],[-75.6252,6.15847],[-75.62509,6.15841],[-75.62512,6.15832],[-75.62514,6.15827],[-75.62517,6.15816],[-75.6253,6.15822],[-75.62532,6.15812],[-75.62541,6.15766],[-75.62548,6.15731],[-75.6255,6.15722],[-75.62559,6.15673],[-75.62538,6.1564],[-75.62529,6.15625],[-75.62533,6.15558],[-75.62535,6.15535],[-75.62527,6.15537],[-75.62524,6.15518],[-75.6252,6.15503],[-75.62509,6.15483],[-75.62499,6.15467],[-75.62493,6.1546],[-75.62454,6.15409],[-75.62451,6.15407],[-75.62441,6.15412],[-75.62435,6.15403],[-75.62453,6.15391],[-75.62518,6.15364],[-75.62579,6.15347],[-75.62605,6.15341],[-75.62631,6.15333],[-75.62653,6.15324],[-75.62678,6.15302],[-75.627,6.15287],[-75.62723,6.15281],[-75.62769,6.15281],[-75.62797,6.1528],[-75.62812,6.15277],[-75.62825,6.15271],[-75.62849,6.15264],[-75.62871,6.15258],[-75.62894,6.15255],[-75.62952,6.15251],[-75.63008,6.15251],[-75.63056,6.15239],[-75.63099,6.15228],[-75.63155,6.15215],[-75.63208,6.15203],[-75.6325,6.15191],[-75.63297,6.15169],[-75.63351,6.15133],[-75.63377,6.15101],[-75.63395,6.15062],[-75.63401,6.15022],[-75.63402,6.1499],[-75.63401,6.14979],[-75.63391,6.14974],[-75.63359,6.14964],[-75.63327,6.14948],[-75.63285,6.14916],[-75.63237,6.14897],[-75.6319,6.14852],[-75.63135,6.14813],[-75.63104,6.14791],[-75.6308,6.14764],[-75.63052,6.14732],[-75.63039,6.14712],[-75.63015,6.1467],[-75.63007,6.1465],[-75.62993,6.14616],[-75.62977,6.14591],[-75.62963,6.14561],[-75.62961,6.1454],[-75.62963,6.14506],[-75.62953,6.14469],[-75.62933,6.14419],[-75.62911,6.14382],[-75.62875,6.14343],[-75.62859,6.14323],[-75.62858,6.14307],[-75.62864,6.14278],[-75.62872,6.14254],[-75.62882,6.14223],[-75.62887,6.14184],[-75.62879,6.14122],[-75.62851,6.14014],[-75.62841,6.13987],[-75.62832,6.13975],[-75.62819,6.13974],[-75.62779,6.13959],[-75.62745,6.13939],[-75.62725,6.13921],[-75.62714,6.13904],[-75.62713,6.1389],[-75.62712,6.13873],[-75.62716,6.13862],[-75.62725,6.13847],[-75.62751,6.13809],[-75.62786,6.13749],[-75.62806,6.13715],[-75.62816,6.13692],[-75.62817,6.13668],[-75.62812,6.13623],[-75.62781,6.13527],[-75.62755,6.13446],[-75.62734,6.13407],[-75.62693,6.13365],[-75.62638,6.133],[-75.62599,6.13243],[-75.62547,6.13183],[-75.62497,6.13144],[-75.62462,6.13128],[-75.62401,6.13102],[-75.6236,6.13073],[-75.62309,6.13053],[-75.62269,6.13037],[-75.62222,6.13018],[-75.62208,6.13007],[-75.62199,6.12988],[-75.62179,6.12948],[-75.62139,6.129],[-75.62102,6.12865],[-75.6207,6.12827],[-75.62041,6.12785],[-75.62002,6.12752],[-75.61974,6.12735],[-75.61945,6.12728],[-75.61919,6.12731],[-75.61887,6.12742],[-75.61844,6.12767],[-75.61815,6.12771],[-75.61783,6.12768],[-75.61733,6.12744],[-75.61678,6.12709],[-75.6162,6.12672],[-75.6155,6.12648],[-75.61492,6.12632],[-75.61428,6.1262],[-75.61381,6.12612],[-75.61347,6.12601],[-75.61325,6.12577],[-75.61304,6.12531],[-75.61284,6.1249],[-75.61274,6.12453],[-75.61269,6.12406],[-75.61251,6.1237],[-75.61213,6.1234],[-75.61179,6.12323],[-75.61151,6.12307],[-75.61101,6.12255],[-75.61053,6.12198],[-75.61005,6.12157],[-75.60955,6.12121],[-75.60927,6.12099],[-75.60891,6.12086],[-75.60848,6.12064],[-75.60828,6.12043],[-75.60809,6.12015],[-75.608,6.11983],[-75.60788,6.11949],[-75.60777,6.11929],[-75.60756,6.11905],[-75.60745,6.1188],[-75.60732,6.11823],[-75.6071,6.11756],[-75.6069,6.11733],[-75.6066,6.11715],[-75.60635,6.11697],[-75.606,6.11673],[-75.60585,6.11663],[-75.60599,6.11647],[-75.60617,6.11625],[-75.60638,6.11613],[-75.60664,6.11605],[-75.607,6.11587],[-75.60721,6.11573],[-75.60739,6.11559],[-75.60752,6.11545],[-75.60785,6.1152],[-75.608,6.11513],[-75.60808,6.11509],[-75.60822,6.11506],[-75.60838,6.11505],[-75.60854,6.11506],[-75.60865,6.11507],[-75.6087,6.11505],[-75.60877,6.11501],[-75.60883,6.115],[-75.60887,6.11499],[-75.60893,6.11497],[-75.60896,6.11495],[-75.60903,6.1149],[-75.60917,6.11481],[-75.60933,6.11474],[-75.60949,6.11469],[-75.60957,6.11467],[-75.60964,6.11462],[-75.60971,6.11456],[-75.60984,6.11447],[-75.60989,6.11446],[-75.60997,6.11446],[-75.61006,6.11447],[-75.61021,6.1145],[-75.61045,6.11451],[-75.61076,6.11448],[-75.61104,6.11445],[-75.6112,6.11444],[-75.61134,6.11443],[-75.61158,6.11445],[-75.61173,6.11446],[-75.61213,6.11443],[-75.61229,6.11443],[-75.61247,6.11443],[-75.61268,6.11444],[-75.61291,6.11444],[-75.61336,6.11429],[-75.61357,6.11403],[-75.61387,6.11373],[-75.61413,6.11353],[-75.61414,6.11348],[-75.61417,6.11338],[-75.61421,6.11321],[-75.61428,6.11308],[-75.61435,6.1128],[-75.61456,6.11244],[-75.61476,6.11222],[-75.61481,6.11218],[-75.61489,6.11212],[-75.615,6.11203],[-75.61505,6.11198],[-75.61514,6.11192],[-75.61533,6.1118],[-75.61547,6.1117],[-75.61592,6.11151],[-75.616,6.11149],[-75.61609,6.11147],[-75.61619,6.11144],[-75.61632,6.11141],[-75.61646,6.11139],[-75.61666,6.11137],[-75.61682,6.11132],[-75.61696,6.11134],[-75.61709,6.11136],[-75.61722,6.11138],[-75.61733,6.11137],[-75.61746,6.11134],[-75.61755,6.11129],[-75.61768,6.11123],[-75.61786,6.11114],[-75.61802,6.11104],[-75.61817,6.11091],[-75.61837,6.11069],[-75.61846,6.11057],[-75.61853,6.11044],[-75.61856,6.11038],[-75.61861,6.11033],[-75.61863,6.11028],[-75.61864,6.11024],[-75.61867,6.11021],[-75.61869,6.11018],[-75.61871,6.11015],[-75.61876,6.11009],[-75.61881,6.11005],[-75.61886,6.11002],[-75.61889,6.11],[-75.61892,6.10999],[-75.61895,6.11],[-75.61898,6.11001],[-75.61902,6.11002],[-75.61906,6.11003],[-75.6191,6.11004],[-75.61917,6.11005],[-75.61923,6.11006],[-75.61933,6.11009],[-75.61941,6.1101],[-75.61946,6.1101],[-75.61951,6.11009],[-75.61956,6.11008],[-75.6196,6.11007],[-75.61967,6.11004],[-75.61973,6.11001],[-75.6198,6.10998],[-75.61988,6.10995],[-75.61993,6.10992],[-75.61997,6.1099],[-75.62002,6.10988],[-75.6201,6.10983],[-75.62017,6.1098],[-75.62021,6.10978],[-75.62026,6.10977],[-75.62032,6.10976],[-75.62039,6.10975],[-75.62045,6.10975],[-75.6205,6.10974],[-75.62053,6.10973],[-75.62059,6.10971],[-75.62067,6.10966],[-75.62075,6.10961],[-75.62083,6.10956],[-75.62091,6.10951],[-75.62098,6.10947],[-75.62104,6.10943],[-75.6211,6.1094],[-75.62117,6.10937],[-75.6212,6.10936],[-75.62125,6.10934],[-75.62129,6.10933],[-75.62134,6.10932],[-75.62137,6.10932],[-75.62141,6.10932],[-75.62147,6.10934],[-75.62158,6.10937],[-75.6217,6.10943],[-75.62176,6.10945],[-75.62183,6.10946],[-75.62189,6.10946],[-75.62195,6.10947],[-75.62201,6.10947],[-75.62205,6.10948],[-75.6221,6.1095],[-75.62217,6.10951],[-75.62223,6.10952],[-75.6223,6.10951],[-75.62237,6.1095],[-75.62244,6.10948],[-75.62249,6.10947],[-75.62256,6.10944],[-75.62264,6.10942],[-75.62271,6.10938],[-75.6228,6.10934],[-75.62285,6.10935],[-75.6229,6.10936],[-75.62293,6.10934],[-75.62299,6.1093],[-75.62304,6.10928],[-75.6231,6.10926],[-75.62314,6.10925],[-75.6232,6.10924],[-75.62327,6.10923],[-75.62333,6.10922],[-75.62338,6.10921],[-75.62341,6.10919],[-75.62344,6.10917],[-75.62347,6.10913],[-75.6235,6.1091],[-75.62354,6.10905],[-75.62356,6.109],[-75.62358,6.10895],[-75.62361,6.10889],[-75.62368,6.1088],[-75.62375,6.10871],[-75.62382,6.10864],[-75.6239,6.10856],[-75.62399,6.10851],[-75.62414,6.10838],[-75.62433,6.10827],[-75.62453,6.10817],[-75.62477,6.10804],[-75.62503,6.10794],[-75.62506,6.10793],[-75.62515,6.10784],[-75.62562,6.10743],[-75.62593,6.1073],[-75.62639,6.1073],[-75.62669,6.10736],[-75.62707,6.10742],[-75.62732,6.10745],[-75.62744,6.10745],[-75.62766,6.10746],[-75.62781,6.10747],[-75.6279,6.10745],[-75.62802,6.10734],[-75.62817,6.10719],[-75.62834,6.10703],[-75.62843,6.10695],[-75.62853,6.10689],[-75.6287,6.10679],[-75.62879,6.10673],[-75.62893,6.10663],[-75.62905,6.10655],[-75.62917,6.10644],[-75.62933,6.10625],[-75.62935,6.10617],[-75.62942,6.10603],[-75.62997,6.10632],[-75.63026,6.10649],[-75.63048,6.10659],[-75.6307,6.10671],[-75.63089,6.10683],[-75.63104,6.10692],[-75.63107,6.10695],[-75.63116,6.10701],[-75.63129,6.10706],[-75.63149,6.1071],[-75.63159,6.1071],[-75.63171,6.1071],[-75.6319,6.1071],[-75.63203,6.10716],[-75.63211,6.10712],[-75.63233,6.10756],[-75.63253,6.10787],[-75.63274,6.10814],[-75.63296,6.10846],[-75.63308,6.10868],[-75.63305,6.10873],[-75.63323,6.10914],[-75.63361,6.10959],[-75.63372,6.10965],[-75.63399,6.10976],[-75.63484,6.11084],[-75.63468,6.11088],[-75.63468,6.11091],[-75.63466,6.11096],[-75.63463,6.11101],[-75.6346,6.11107],[-75.63455,6.11117],[-75.63452,6.11121],[-75.63449,6.11125],[-75.63446,6.11132],[-75.63443,6.11137],[-75.63442,6.1114],[-75.63442,6.11144],[-75.63442,6.11148],[-75.63443,6.11151],[-75.63444,6.11155],[-75.63445,6.11158],[-75.63447,6.11161],[-75.63449,6.11165],[-75.6345,6.11167],[-75.63453,6.11171],[-75.63455,6.11174],[-75.63457,6.11177],[-75.63458,6.11179],[-75.6346,6.11182],[-75.63462,6.11185],[-75.63464,6.11188],[-75.63466,6.11192],[-75.63467,6.11195],[-75.63468,6.11199],[-75.63469,6.11203],[-75.63469,6.11206],[-75.63469,6.1121],[-75.63469,6.11213],[-75.63471,6.11215],[-75.63472,6.11218],[-75.63473,6.1122],[-75.63472,6.11224],[-75.63472,6.11228],[-75.63469,6.11232],[-75.63466,6.11234],[-75.63463,6.11236],[-75.63461,6.11238],[-75.63459,6.11241],[-75.63457,6.11243],[-75.63455,6.11245],[-75.63453,6.11248],[-75.6345,6.1125],[-75.63448,6.11253],[-75.63446,6.11256],[-75.63449,6.11259],[-75.6345,6.11263],[-75.63451,6.11272],[-75.63453,6.11277],[-75.63454,6.11282],[-75.63462,6.11287],[-75.63464,6.1129],[-75.63472,6.1129],[-75.63481,6.11286],[-75.63488,6.11285],[-75.63497,6.11283],[-75.63505,6.11282],[-75.63508,6.1128],[-75.63516,6.11277],[-75.63524,6.11274],[-75.63528,6.11272],[-75.63532,6.1127],[-75.6354,6.11266],[-75.63543,6.11265],[-75.63546,6.11263],[-75.6355,6.1126],[-75.63552,6.11258],[-75.63557,6.11253],[-75.63563,6.11248],[-75.63564,6.11244],[-75.63567,6.11242],[-75.63572,6.11235],[-75.63576,6.11231],[-75.63579,6.1123],[-75.63585,6.11228],[-75.63587,6.11225],[-75.6359,6.11222],[-75.63592,6.11219],[-75.63593,6.11214],[-75.63595,6.11209],[-75.63598,6.11203],[-75.63601,6.11198],[-75.63605,6.11191],[-75.6361,6.11186],[-75.63611,6.11183],[-75.63613,6.1118],[-75.63616,6.11175],[-75.63621,6.11174],[-75.63632,6.11173],[-75.63636,6.11172],[-75.63639,6.11171],[-75.63643,6.11169],[-75.63646,6.11168],[-75.6365,6.11164],[-75.63654,6.11163],[-75.63657,6.11163],[-75.63659,6.11162],[-75.63661,6.11159],[-75.63666,6.11159],[-75.63671,6.11156],[-75.63673,6.11155],[-75.63676,6.11152],[-75.63679,6.11151],[-75.63683,6.1115],[-75.63686,6.11151],[-75.6369,6.11151],[-75.63694,6.1115],[-75.63697,6.1115],[-75.63701,6.1115],[-75.63705,6.11149],[-75.63707,6.11148],[-75.63711,6.11146],[-75.63712,6.11144],[-75.63713,6.11141],[-75.63716,6.11138],[-75.6372,6.11135],[-75.63723,6.11132],[-75.6373,6.11135],[-75.63738,6.11129],[-75.63739,6.11126],[-75.63742,6.11123],[-75.63745,6.11122],[-75.63749,6.11123],[-75.63753,6.11125],[-75.63757,6.11127],[-75.6376,6.11127],[-75.63763,6.11128],[-75.63768,6.11126],[-75.63774,6.11123],[-75.63777,6.11122],[-75.63782,6.11124],[-75.63785,6.11125],[-75.63786,6.1113],[-75.63788,6.11136],[-75.6379,6.11142],[-75.63792,6.11145],[-75.63795,6.11149],[-75.63799,6.1115],[-75.63809,6.11153],[-75.63822,6.11156],[-75.63829,6.11157],[-75.63836,6.11157],[-75.6384,6.11157],[-75.63846,6.11158],[-75.63849,6.11158],[-75.63856,6.11163],[-75.63861,6.11166],[-75.63865,6.1117],[-75.63869,6.11171],[-75.63872,6.1117],[-75.63876,6.11167],[-75.6388,6.11166],[-75.63883,6.11164],[-75.63884,6.11163],[-75.63887,6.1116],[-75.63893,6.11157],[-75.63898,6.11157],[-75.63902,6.11154],[-75.63905,6.11153],[-75.63908,6.11153],[-75.63911,6.11153],[-75.63915,6.11156],[-75.63919,6.11159],[-75.63924,6.11161],[-75.63929,6.11162],[-75.63934,6.11161],[-75.63938,6.11161],[-75.63941,6.1116],[-75.63945,6.11159],[-75.63948,6.11159],[-75.63952,6.11159],[-75.63955,6.11159],[-75.63959,6.11161],[-75.63963,6.1116],[-75.63972,6.11163],[-75.63976,6.11165],[-75.63978,6.11164],[-75.63984,6.11167],[-75.63986,6.11169],[-75.63991,6.11173],[-75.63994,6.11175],[-75.64,6.11176],[-75.64001,6.11172],[-75.64006,6.11173],[-75.64012,6.11177],[-75.64017,6.11176],[-75.64023,6.11177],[-75.64029,6.11179],[-75.64036,6.11181],[-75.64043,6.11182],[-75.6405,6.11185],[-75.64059,6.11187],[-75.64069,6.11189],[-75.6408,6.11192],[-75.64084,6.11192],[-75.64088,6.11193],[-75.64098,6.11193],[-75.64097,6.11191],[-75.64107,6.1119],[-75.64117,6.11189],[-75.6413,6.11188],[-75.64134,6.11188],[-75.6414,6.11189],[-75.64143,6.11189],[-75.64147,6.11189],[-75.64152,6.1119],[-75.64159,6.11191],[-75.64162,6.11192],[-75.64168,6.11195],[-75.64172,6.11196],[-75.64177,6.11197],[-75.6418,6.112],[-75.64183,6.11203],[-75.64186,6.11205],[-75.64191,6.11207],[-75.64195,6.11209],[-75.64199,6.1121],[-75.64204,6.1121],[-75.64208,6.1121],[-75.64214,6.11208],[-75.64218,6.11208],[-75.64223,6.11208],[-75.64228,6.11208],[-75.64234,6.11209],[-75.64242,6.11209],[-75.64247,6.11209],[-75.6425,6.1121],[-75.64254,6.1121],[-75.64256,6.1121],[-75.6426,6.11212],[-75.64263,6.11213],[-75.64268,6.11214],[-75.64272,6.11215],[-75.64276,6.11217],[-75.64279,6.11218],[-75.64282,6.11218],[-75.64285,6.11219],[-75.64288,6.1122],[-75.64297,6.11218],[-75.64292,6.11209],[-75.64263,6.11187],[-75.64266,6.11184],[-75.6427,6.11183],[-75.64278,6.11182],[-75.64285,6.11182],[-75.64293,6.11183],[-75.64299,6.11185],[-75.64304,6.11186],[-75.64314,6.11168],[-75.6421,6.11131],[-75.64222,6.11117],[-75.64243,6.11102],[-75.64255,6.11103],[-75.64274,6.11106],[-75.6432,6.11112],[-75.6436,6.1112],[-75.64375,6.11122],[-75.64386,6.11124],[-75.64397,6.11125],[-75.64409,6.11123],[-75.64429,6.11115],[-75.64434,6.11111],[-75.64442,6.11108],[-75.64451,6.11106],[-75.64462,6.11106],[-75.64478,6.11107],[-75.64484,6.11107],[-75.64489,6.11107],[-75.64496,6.11107],[-75.64502,6.11107],[-75.64514,6.11106],[-75.64528,6.11103],[-75.64547,6.11099],[-75.64555,6.11099],[-75.64562,6.11099],[-75.64566,6.11098],[-75.6457,6.11097],[-75.64576,6.11095],[-75.64579,6.11094],[-75.64582,6.11093],[-75.64589,6.11093],[-75.64595,6.11092],[-75.64598,6.11092],[-75.64602,6.11091],[-75.64607,6.1109],[-75.64603,6.11026],[-75.64576,6.10948],[-75.6458,6.10946],[-75.64585,6.10945],[-75.64588,6.10944],[-75.64598,6.10941],[-75.64607,6.10937],[-75.64613,6.10935],[-75.64618,6.10933],[-75.64623,6.10931],[-75.64627,6.10929],[-75.6463,6.10928],[-75.64633,6.10926],[-75.64638,6.10924],[-75.64642,6.10923],[-75.64646,6.10924],[-75.64649,6.10924],[-75.64654,6.10924],[-75.64661,6.10923],[-75.64667,6.10922],[-75.64672,6.10921],[-75.64676,6.1092],[-75.64682,6.10918],[-75.64687,6.10917],[-75.64691,6.10917],[-75.64696,6.10917],[-75.64699,6.10918],[-75.64703,6.1092],[-75.64707,6.10923],[-75.64709,6.10925],[-75.64714,6.10927],[-75.64718,6.10928],[-75.64722,6.10929],[-75.64727,6.1093],[-75.64732,6.10931],[-75.64736,6.10931],[-75.64743,6.10931],[-75.64748,6.10931],[-75.64753,6.10931],[-75.64759,6.1093],[-75.64766,6.1093],[-75.64773,6.1093],[-75.64778,6.10931],[-75.64784,6.10933],[-75.64791,6.10936],[-75.648,6.10939],[-75.64808,6.10943],[-75.64815,6.10947],[-75.64823,6.10953],[-75.6483,6.10956],[-75.64837,6.10958],[-75.64847,6.1096],[-75.64855,6.10961],[-75.64862,6.10964],[-75.64868,6.10968],[-75.64877,6.10973],[-75.64886,6.10978],[-75.64894,6.10982],[-75.64902,6.10987],[-75.64911,6.10991],[-75.64918,6.10995],[-75.64923,6.10998],[-75.64926,6.11],[-75.64929,6.11002],[-75.64932,6.11005],[-75.64934,6.11007],[-75.64938,6.11008],[-75.64944,6.1101],[-75.6495,6.11011],[-75.64956,6.11011],[-75.64962,6.11011],[-75.64966,6.1101],[-75.6497,6.11009],[-75.64974,6.11008],[-75.64982,6.11006],[-75.64983,6.10999],[-75.64983,6.10992],[-75.64984,6.10981],[-75.64984,6.10969],[-75.64985,6.10957],[-75.64986,6.10951],[-75.65001,6.10938],[-75.65006,6.10929],[-75.65008,6.10926],[-75.6501,6.10921],[-75.65013,6.10911],[-75.65016,6.10901],[-75.6502,6.10891],[-75.65021,6.10886],[-75.65022,6.10879],[-75.65027,6.10871],[-75.65056,6.10868],[-75.65081,6.10873],[-75.65093,6.10876],[-75.65103,6.10877],[-75.6513,6.10878],[-75.65167,6.10874],[-75.65191,6.10861],[-75.65222,6.10847],[-75.65245,6.10838],[-75.65263,6.10843],[-75.65296,6.10841],[-75.6531,6.10842],[-75.65312,6.10844],[-75.65322,6.10857],[-75.65331,6.10866],[-75.65335,6.10871],[-75.6535,6.10882],[-75.65355,6.10884],[-75.65367,6.10889],[-75.65375,6.10889],[-75.65388,6.10887],[-75.65397,6.10885],[-75.654,6.10884],[-75.65409,6.10881],[-75.65415,6.1088],[-75.6542,6.10878],[-75.65431,6.10875],[-75.65441,6.10875],[-75.65468,6.10875],[-75.65473,6.10875],[-75.65495,6.10875],[-75.65502,6.10875],[-75.65574,6.10858],[-75.65759,6.10864],[-75.65814,6.10884],[-75.65836,6.10901],[-75.65878,6.10938],[-75.65925,6.10974],[-75.65969,6.10999],[-75.66009,6.11016],[-75.66048,6.11028],[-75.66083,6.11027],[-75.66113,6.11025],[-75.66134,6.11015],[-75.66163,6.11015],[-75.6618,6.11024],[-75.66183,6.11037],[-75.6618,6.11058],[-75.66177,6.11074],[-75.6618,6.11094],[-75.66187,6.11115],[-75.6621,6.11125],[-75.66237,6.11132],[-75.66259,6.1114],[-75.66293,6.11161],[-75.66297,6.11164],[-75.6631,6.1117],[-75.66321,6.11174],[-75.66324,6.11176],[-75.66336,6.11182],[-75.66347,6.11189],[-75.66351,6.11194],[-75.66355,6.11198],[-75.6636,6.11226],[-75.66373,6.11258],[-75.66382,6.11293],[-75.66385,6.11318],[-75.66392,6.11349],[-75.66395,6.11394],[-75.66403,6.11421],[-75.66413,6.1143],[-75.66433,6.1144],[-75.66448,6.11454],[-75.66474,6.11481],[-75.66501,6.11501],[-75.66545,6.11529],[-75.66587,6.11548],[-75.66597,6.11557],[-75.66604,6.11579],[-75.66607,6.11606],[-75.66616,6.11659],[-75.66624,6.11697],[-75.66627,6.11755],[-75.6663,6.11807],[-75.66629,6.11833],[-75.66629,6.11849],[-75.66632,6.11857],[-75.66636,6.11869],[-75.66642,6.11895],[-75.6665,6.11914],[-75.66662,6.11933],[-75.66679,6.1195],[-75.66685,6.11961],[-75.66689,6.11971],[-75.66696,6.11979],[-75.66703,6.11986],[-75.66716,6.11989],[-75.66725,6.1199],[-75.6674,6.11991],[-75.66761,6.11994],[-75.66806,6.11996],[-75.6684,6.11992],[-75.66868,6.11989],[-75.66893,6.11976],[-75.66911,6.11955],[-75.6696,6.11892],[-75.66982,6.11854],[-75.66998,6.11845],[-75.67017,6.11843],[-75.67035,6.11849],[-75.67084,6.11867],[-75.67114,6.1188],[-75.67143,6.11887],[-75.6716,6.1189],[-75.67195,6.11889],[-75.67249,6.11887],[-75.67262,6.11957],[-75.67269,6.12004],[-75.6728,6.1204],[-75.67289,6.12084],[-75.67299,6.12134],[-75.67315,6.12184],[-75.67325,6.12228],[-75.67334,6.12282],[-75.67346,6.12345],[-75.67357,6.12414],[-75.67369,6.12473],[-75.67385,6.12518],[-75.67404,6.12558],[-75.67418,6.12585],[-75.67438,6.12613],[-75.67457,6.12642],[-75.67463,6.1266],[-75.67466,6.1268],[-75.67465,6.12705],[-75.67466,6.12755],[-75.67468,6.12802],[-75.67475,6.12867],[-75.67485,6.12936],[-75.67491,6.12997],[-75.67498,6.13047],[-75.67507,6.13075],[-75.67514,6.13094],[-75.67524,6.13109],[-75.67545,6.13127],[-75.67576,6.13153],[-75.67606,6.13186],[-75.67623,6.13212],[-75.67652,6.13255],[-75.67686,6.13304],[-75.67719,6.13352],[-75.67755,6.13403],[-75.67773,6.13426],[-75.67794,6.13445],[-75.67812,6.13464],[-75.67826,6.13478],[-75.67834,6.13493],[-75.67836,6.13508],[-75.67836,6.13522],[-75.67834,6.13539],[-75.67829,6.13555],[-75.6782,6.13578],[-75.67805,6.13642],[-75.67797,6.13701],[-75.67787,6.13764],[-75.67777,6.1381],[-75.6776,6.13851],[-75.67739,6.13898],[-75.67713,6.13933],[-75.677,6.13954],[-75.67697,6.13984],[-75.67702,6.14015],[-75.67721,6.14053],[-75.67769,6.14099],[-75.67809,6.14128],[-75.67847,6.14146],[-75.67902,6.14171],[-75.67931,6.1419],[-75.67943,6.14204],[-75.67948,6.14231],[-75.67948,6.14267],[-75.6794,6.14303],[-75.67916,6.1435],[-75.67891,6.14399],[-75.67873,6.14429],[-75.67859,6.14457],[-75.6784,6.14489],[-75.6782,6.14516],[-75.67799,6.14538],[-75.6779,6.14565],[-75.67788,6.14582],[-75.67788,6.14595],[-75.67792,6.14611],[-75.67805,6.14647],[-75.67826,6.14701],[-75.67831,6.14737],[-75.6783,6.14805],[-75.67826,6.1486],[-75.67822,6.14914],[-75.6782,6.14941],[-75.67814,6.14965],[-75.67806,6.14992],[-75.67802,6.15006],[-75.67797,6.15038],[-75.67801,6.15053],[-75.6781,6.15067],[-75.67828,6.15081],[-75.67861,6.15111],[-75.67899,6.15143],[-75.67921,6.15182],[-75.67932,6.15229],[-75.67939,6.1527],[-75.67939,6.15318],[-75.67927,6.15383],[-75.67929,6.15411],[-75.67934,6.15429],[-75.67949,6.15481],[-75.67957,6.15529],[-75.6796,6.15593],[-75.67958,6.15681],[-75.67952,6.1574],[-75.67941,6.15828],[-75.67942,6.15871],[-75.6794,6.15915],[-75.67938,6.15957],[-75.67934,6.16023],[-75.67927,6.16106],[-75.67922,6.16175],[-75.67913,6.16247],[-75.67923,6.16289],[-75.6793,6.16332],[-75.67938,6.1636],[-75.67944,6.16381],[-75.67947,6.16382],[-75.67943,6.16387],[-75.67937,6.16392],[-75.67923,6.16402],[-75.67903,6.1642],[-75.67873,6.16448],[-75.67839,6.16481],[-75.67823,6.16502],[-75.67806,6.16522],[-75.67792,6.16535],[-75.67764,6.16557],[-75.67723,6.16585],[-75.6769,6.16609],[-75.6767,6.1663],[-75.67658,6.16655],[-75.67653,6.16663],[-75.67647,6.16669],[-75.6764,6.16674],[-75.67624,6.16682],[-75.67603,6.16692],[-75.67591,6.16699],[-75.67578,6.16704],[-75.67556,6.16706],[-75.67544,6.16709],[-75.67532,6.16717],[-75.67517,6.16731],[-75.67511,6.16737],[-75.67506,6.1674],[-75.675,6.16744],[-75.67489,6.1675],[-75.67475,6.16755],[-75.67456,6.1676],[-75.67425,6.16763],[-75.67408,6.16763],[-75.67393,6.16765],[-75.67374,6.16766],[-75.67357,6.16766],[-75.67344,6.16765],[-75.67332,6.16762],[-75.67317,6.16758],[-75.67306,6.16753],[-75.67292,6.16746],[-75.67278,6.1674],[-75.67264,6.16734],[-75.67254,6.1673],[-75.67242,6.16724],[-75.67229,6.16716],[-75.67215,6.16707],[-75.67202,6.16696],[-75.67191,6.16683],[-75.6718,6.16668],[-75.67172,6.16655],[-75.67165,6.16644],[-75.67154,6.16628],[-75.67144,6.16614],[-75.67136,6.16603],[-75.67125,6.1659],[-75.6711,6.16574],[-75.6709,6.16556],[-75.67066,6.16541],[-75.67052,6.16532],[-75.67037,6.16518],[-75.67026,6.16506],[-75.67017,6.16496],[-75.67004,6.16482],[-75.66996,6.16475],[-75.66989,6.16468],[-75.66985,6.16464],[-75.6698,6.16462],[-75.66971,6.16461],[-75.66962,6.16462],[-75.66949,6.16466],[-75.6694,6.16471],[-75.6692,6.16482],[-75.66903,6.16487],[-75.66884,6.16491],[-75.66859,6.16496],[-75.66823,6.16503],[-75.668,6.1651],[-75.6677,6.16525],[-75.66739,6.16542],[-75.66713,6.16551],[-75.66682,6.16559],[-75.66633,6.16572],[-75.66586,6.16596],[-75.66546,6.16621],[-75.66508,6.16643],[-75.66465,6.16664],[-75.6644,6.16675],[-75.66396,6.16692],[-75.66354,6.1671],[-75.66325,6.16727],[-75.663,6.16747],[-75.66266,6.1678],[-75.66234,6.16806],[-75.66199,6.1684],[-75.66171,6.16875],[-75.66143,6.16912],[-75.66123,6.1694],[-75.66111,6.16966],[-75.66099,6.16987],[-75.66086,6.17006],[-75.66073,6.1702],[-75.66057,6.17035],[-75.6603,6.17052],[-75.66015,6.17062],[-75.66002,6.17068],[-75.65991,6.17071],[-75.65983,6.17071],[-75.65972,6.1707],[-75.65964,6.17066],[-75.65949,6.17051],[-75.65938,6.17042],[-75.65929,6.17039],[-75.65918,6.17039],[-75.65906,6.17046],[-75.65874,6.17067],[-75.65841,6.1709],[-75.65799,6.17117],[-75.65782,6.17125],[-75.65758,6.17135],[-75.65724,6.17148],[-75.65676,6.1716],[-75.65633,6.1717],[-75.65599,6.17178],[-75.65557,6.17184],[-75.65517,6.1719],[-75.65484,6.1719],[-75.65429,6.17186]]]]}},{"type":"Feature","properties":{"MpNombre":"Envigado","MpCodigo":"05266","centroid":[6.15417,-75.54656]},"geometry":{"type":"MultiPolygon","coordinates":[[[[-75.52602,6.19607],[-75.52575,6.19609],[-75.52535,6.19613],[-75.52519,6.19614],[-75.52506,6.19615],[-75.52475,6.1962],[-75.52439,6.19624],[-75.52418,6.19628],[-75.5238,6.19632],[-75.52363,6.19632],[-75.52317,6.1963],[-75.52265,6.19628],[-75.52216,6.19626],[-75.52189,6.19624],[-75.52169,6.19622],[-75.52145,6.19623],[-75.52115,6.19627],[-75.52087,6.19631],[-75.52065,6.19635],[-75.52039,6.19638],[-75.52022,6.19639],[-75.52002,6.19642],[-75.51968,6.19642],[-75.51947,6.19645],[-75.51938,6.19641],[-75.51928,6.19639],[-75.51889,6.19633],[-75.51857,6.19629],[-75.51847,6.19627],[-75.51843,6.19627],[-75.51826,6.19622],[-75.51823,6.19621],[-75.51817,6.19619],[-75.51809,6.19616],[-75.51799,6.19613],[-75.51785,6.19608],[-75.51778,6.19605],[-75.51763,6.196],[-75.51755,6.19597],[-75.51746,6.19594],[-75.51733,6.19589],[-75.51728,6.19587],[-75.51715,6.19583],[-75.51694,6.19574],[-75.51685,6.19572],[-75.51681,6.1957],[-75.51664,6.19563],[-75.51642,6.19554],[-75.51628,6.19547],[-75.51617,6.19539],[-75.51606,6.19535],[-75.51601,6.19533],[-75.51568,6.1952],[-75.51558,6.19517],[-75.51544,6.19512],[-75.51534,6.19509],[-75.51514,6.19503],[-75.51487,6.19494],[-75.51474,6.1949],[-75.51462,6.19487],[-75.51449,6.19483],[-75.51424,6.19475],[-75.51404,6.19468],[-75.51388,6.19461],[-75.51386,6.19464],[-75.51326,6.19444],[-75.51279,6.19428],[-75.51244,6.19419],[-75.51201,6.19411],[-75.51163,6.19398],[-75.51117,6.19377],[-75.51082,6.19365],[-75.51076,6.19363],[-75.51059,6.19356],[-75.51046,6.1935],[-75.51024,6.19344],[-75.51009,6.1934],[-75.51005,6.19338],[-75.50989,6.19335],[-75.5097,6.19336],[-75.50956,6.19336],[-75.50937,6.19336],[-75.50932,6.19336],[-75.50921,6.19336],[-75.50911,6.19335],[-75.50896,6.19334],[-75.50876,6.19332],[-75.50866,6.19334],[-75.50863,6.19335],[-75.50841,6.19312],[-75.50838,6.19309],[-75.50807,6.19283],[-75.50763,6.19248],[-75.50733,6.19214],[-75.50726,6.19203],[-75.50712,6.19179],[-75.507,6.19158],[-75.50689,6.19138],[-75.50671,6.19136],[-75.50654,6.19132],[-75.50626,6.19107],[-75.50608,6.19095],[-75.50594,6.19091],[-75.5058,6.19092],[-75.50563,6.19094],[-75.50552,6.19094],[-75.50538,6.19095],[-75.50525,6.19097],[-75.50505,6.19099],[-75.50475,6.19101],[-75.50444,6.19107],[-75.50432,6.19109],[-75.50421,6.1911],[-75.50419,6.19108],[-75.50409,6.19111],[-75.50396,6.19106],[-75.50387,6.191],[-75.5038,6.19091],[-75.50364,6.19086],[-75.50347,6.19076],[-75.50335,6.19069],[-75.5033,6.19066],[-75.50318,6.19059],[-75.50304,6.1905],[-75.5028,6.19037],[-75.50261,6.19028],[-75.50242,6.19019],[-75.50225,6.1901],[-75.50215,6.18994],[-75.50211,6.18986],[-75.50172,6.18984],[-75.50134,6.18983],[-75.501,6.18982],[-75.50061,6.18983],[-75.50027,6.18988],[-75.50015,6.18987],[-75.50011,6.18987],[-75.50008,6.18987],[-75.50002,6.18988],[-75.49995,6.18989],[-75.49984,6.18991],[-75.4998,6.1899],[-75.49969,6.1899],[-75.49957,6.1899],[-75.49943,6.18991],[-75.4993,6.18991],[-75.49916,6.18992],[-75.49903,6.18994],[-75.49895,6.18994],[-75.49873,6.18997],[-75.49861,6.18999],[-75.49849,6.19001],[-75.49846,6.19001],[-75.49844,6.19004],[-75.4984,6.19015],[-75.49836,6.19024],[-75.49831,6.19033],[-75.49825,6.19042],[-75.49821,6.19049],[-75.49819,6.19053],[-75.49819,6.1906],[-75.49822,6.19071],[-75.49823,6.19075],[-75.49826,6.19094],[-75.49831,6.19111],[-75.4983,6.19124],[-75.49832,6.19136],[-75.49833,6.19152],[-75.49826,6.19164],[-75.4982,6.19173],[-75.49816,6.19181],[-75.49814,6.19188],[-75.4981,6.19199],[-75.49795,6.19193],[-75.49786,6.19194],[-75.49769,6.19194],[-75.49762,6.19194],[-75.49754,6.19194],[-75.49747,6.19197],[-75.49738,6.19203],[-75.49733,6.19207],[-75.49729,6.19212],[-75.49724,6.19221],[-75.49715,6.19226],[-75.49705,6.19227],[-75.49697,6.19229],[-75.49683,6.19226],[-75.4966,6.19223],[-75.49626,6.19217],[-75.49606,6.19212],[-75.49578,6.19207],[-75.49558,6.19203],[-75.49528,6.192],[-75.49505,6.19196],[-75.49483,6.19192],[-75.49461,6.19184],[-75.49433,6.19173],[-75.49426,6.19168],[-75.49402,6.19159],[-75.49399,6.19155],[-75.4938,6.1915],[-75.49368,6.19141],[-75.49349,6.1913],[-75.4933,6.1912],[-75.49317,6.19123],[-75.49286,6.19123],[-75.49252,6.1912],[-75.49224,6.19117],[-75.49201,6.19115],[-75.49174,6.19111],[-75.49117,6.19103],[-75.49107,6.19116],[-75.49064,6.19117],[-75.49019,6.19117],[-75.48977,6.19118],[-75.48944,6.19117],[-75.4891,6.19113],[-75.48869,6.19107],[-75.48824,6.191],[-75.4878,6.1909],[-75.4877,6.19088],[-75.48759,6.19089],[-75.4874,6.19082],[-75.48722,6.19079],[-75.48706,6.19077],[-75.48673,6.19072],[-75.48664,6.19061],[-75.48647,6.19054],[-75.48629,6.19054],[-75.48617,6.19062],[-75.48614,6.19064],[-75.48597,6.19072],[-75.48586,6.19077],[-75.48573,6.19079],[-75.4857,6.19079],[-75.4855,6.19069],[-75.48534,6.19065],[-75.48525,6.19068],[-75.48515,6.19081],[-75.48509,6.19085],[-75.48504,6.19087],[-75.48496,6.19087],[-75.4848,6.19091],[-75.48476,6.19094],[-75.48473,6.19093],[-75.48473,6.19084],[-75.48469,6.19073],[-75.48466,6.19064],[-75.48463,6.19054],[-75.48461,6.19039],[-75.48458,6.19032],[-75.48458,6.19029],[-75.48457,6.19022],[-75.48443,6.18998],[-75.4844,6.18998],[-75.48438,6.18995],[-75.48433,6.18986],[-75.48426,6.18976],[-75.48418,6.1897],[-75.48417,6.18965],[-75.48415,6.18958],[-75.48416,6.18946],[-75.48416,6.18933],[-75.48415,6.18929],[-75.48413,6.18926],[-75.4841,6.18917],[-75.48411,6.18908],[-75.48413,6.18897],[-75.48414,6.1889],[-75.48415,6.18883],[-75.48417,6.18875],[-75.48417,6.18868],[-75.48413,6.18855],[-75.48409,6.18849],[-75.48407,6.18846],[-75.48407,6.18821],[-75.48394,6.1882],[-75.48388,6.18819],[-75.48381,6.18815],[-75.48371,6.18808],[-75.48352,6.18794],[-75.48348,6.18791],[-75.48342,6.18786],[-75.48335,6.18779],[-75.48332,6.18774],[-75.48321,6.1877],[-75.4831,6.18765],[-75.48307,6.18761],[-75.48306,6.18756],[-75.48305,6.1875],[-75.48307,6.18739],[-75.48308,6.18732],[-75.48309,6.18722],[-75.48313,6.18715],[-75.4832,6.18706],[-75.48321,6.18696],[-75.48318,6.18685],[-75.48316,6.18683],[-75.48305,6.18678],[-75.48302,6.18676],[-75.48299,6.18674],[-75.48297,6.18671],[-75.48295,6.18669],[-75.48291,6.18663],[-75.48287,6.18655],[-75.48284,6.18651],[-75.48279,6.18647],[-75.48275,6.18646],[-75.48271,6.18643],[-75.48268,6.1864],[-75.48266,6.18637],[-75.48258,6.1863],[-75.48248,6.18623],[-75.4824,6.18619],[-75.48233,6.18615],[-75.48229,6.18613],[-75.4822,6.18607],[-75.48214,6.18603],[-75.48205,6.18599],[-75.48191,6.18591],[-75.48187,6.18589],[-75.48181,6.18586],[-75.48169,6.18573],[-75.48162,6.18561],[-75.48154,6.18551],[-75.48144,6.1854],[-75.48134,6.1853],[-75.48127,6.18519],[-75.48126,6.18514],[-75.48136,6.18486],[-75.48144,6.18473],[-75.48156,6.18467],[-75.48194,6.18452],[-75.4821,6.18435],[-75.48211,6.18433],[-75.48214,6.1843],[-75.48227,6.18417],[-75.48232,6.184],[-75.48238,6.18381],[-75.48243,6.18355],[-75.48252,6.18335],[-75.48284,6.18306],[-75.48294,6.18308],[-75.48303,6.18309],[-75.48317,6.18313],[-75.48324,6.18314],[-75.48336,6.18314],[-75.48344,6.18314],[-75.48353,6.18314],[-75.4836,6.18314],[-75.48372,6.18313],[-75.48377,6.18311],[-75.48383,6.18308],[-75.48387,6.18303],[-75.48391,6.18295],[-75.48394,6.18288],[-75.48397,6.18282],[-75.484,6.18276],[-75.48404,6.18267],[-75.48411,6.18251],[-75.48414,6.18245],[-75.48418,6.18237],[-75.48421,6.18233],[-75.48426,6.1823],[-75.48433,6.18226],[-75.48439,6.18223],[-75.48452,6.18214],[-75.48464,6.18206],[-75.48471,6.18201],[-75.48479,6.18197],[-75.48489,6.18196],[-75.48497,6.18195],[-75.48505,6.18194],[-75.48512,6.18191],[-75.4852,6.18187],[-75.48528,6.18181],[-75.4853,6.18178],[-75.48537,6.18172],[-75.4854,6.18166],[-75.48541,6.18159],[-75.48541,6.18154],[-75.48537,6.18126],[-75.48537,6.1812],[-75.48536,6.18111],[-75.48534,6.18107],[-75.48532,6.181],[-75.48529,6.18092],[-75.48524,6.1808],[-75.48522,6.18075],[-75.48523,6.18068],[-75.48523,6.18063],[-75.48524,6.18049],[-75.48525,6.18044],[-75.48523,6.18031],[-75.48517,6.18017],[-75.48513,6.18009],[-75.48504,6.17994],[-75.48497,6.17986],[-75.48494,6.17982],[-75.48489,6.17978],[-75.48482,6.17971],[-75.48476,6.17967],[-75.48473,6.17965],[-75.48462,6.17958],[-75.48457,6.17953],[-75.48448,6.17946],[-75.48445,6.17944],[-75.4844,6.17941],[-75.48435,6.17936],[-75.48433,6.17933],[-75.48431,6.17928],[-75.48429,6.17908],[-75.48427,6.1789],[-75.48425,6.17881],[-75.48424,6.17872],[-75.48422,6.17861],[-75.4842,6.17854],[-75.48415,6.17844],[-75.4841,6.17837],[-75.48407,6.17833],[-75.48403,6.17821],[-75.48401,6.1781],[-75.484,6.17806],[-75.48396,6.17784],[-75.48396,6.17774],[-75.48393,6.17744],[-75.48393,6.17739],[-75.48394,6.17731],[-75.48394,6.17727],[-75.48399,6.17713],[-75.48401,6.17707],[-75.48402,6.17706],[-75.4841,6.17693],[-75.48418,6.17682],[-75.48427,6.17667],[-75.48429,6.17662],[-75.48433,6.17655],[-75.48427,6.17654],[-75.4842,6.17655],[-75.48413,6.17652],[-75.48402,6.17646],[-75.48387,6.17641],[-75.48377,6.17638],[-75.4836,6.17629],[-75.48347,6.17623],[-75.48337,6.17616],[-75.48328,6.17609],[-75.48322,6.17606],[-75.48314,6.17601],[-75.48308,6.17594],[-75.48301,6.17591],[-75.48291,6.17587],[-75.48276,6.17581],[-75.48263,6.17577],[-75.48248,6.1757],[-75.48239,6.17568],[-75.48231,6.17565],[-75.48223,6.17559],[-75.48219,6.17553],[-75.48213,6.17544],[-75.4821,6.17541],[-75.48205,6.17536],[-75.48197,6.17529],[-75.48188,6.17524],[-75.4818,6.17521],[-75.48175,6.17516],[-75.4817,6.17511],[-75.48164,6.17507],[-75.48159,6.17505],[-75.4815,6.17502],[-75.48136,6.175],[-75.48127,6.17497],[-75.48115,6.17491],[-75.48107,6.17486],[-75.48094,6.1748],[-75.48084,6.17476],[-75.48075,6.17473],[-75.48066,6.17471],[-75.48056,6.17467],[-75.48046,6.17463],[-75.48037,6.17459],[-75.48028,6.17454],[-75.48021,6.17448],[-75.48013,6.17443],[-75.48005,6.17438],[-75.48,6.17436],[-75.47997,6.17434],[-75.47996,6.17429],[-75.47999,6.17424],[-75.47998,6.17421],[-75.47997,6.17415],[-75.47997,6.17406],[-75.47995,6.17403],[-75.47991,6.174],[-75.47992,6.17393],[-75.47991,6.17388],[-75.47989,6.17379],[-75.47987,6.17372],[-75.47984,6.17365],[-75.47982,6.17356],[-75.47982,6.17347],[-75.47981,6.17338],[-75.4798,6.1733],[-75.47981,6.17322],[-75.47983,6.17316],[-75.47987,6.17304],[-75.47988,6.17298],[-75.47985,6.1729],[-75.47984,6.17279],[-75.47983,6.17269],[-75.47983,6.17267],[-75.47964,6.17268],[-75.47939,6.17271],[-75.47937,6.17269],[-75.47931,6.17262],[-75.47925,6.17252],[-75.47916,6.1723],[-75.47911,6.17213],[-75.47903,6.17197],[-75.47895,6.17188],[-75.47888,6.17183],[-75.47878,6.17177],[-75.47861,6.17176],[-75.47852,6.17177],[-75.47844,6.17181],[-75.47833,6.17183],[-75.47823,6.17183],[-75.47809,6.1718],[-75.47787,6.17196],[-75.47784,6.17196],[-75.47765,6.172],[-75.47745,6.17199],[-75.47735,6.17198],[-75.47722,6.17195],[-75.47705,6.17188],[-75.47687,6.17183],[-75.47687,6.1718],[-75.47678,6.17179],[-75.47665,6.17181],[-75.47628,6.17182],[-75.47623,6.17183],[-75.47609,6.17181],[-75.47599,6.17176],[-75.47592,6.17171],[-75.4759,6.17169],[-75.47584,6.1716],[-75.47567,6.17138],[-75.47559,6.1713],[-75.4755,6.1712],[-75.47542,6.17113],[-75.47531,6.17108],[-75.47512,6.17103],[-75.47502,6.17101],[-75.47493,6.17095],[-75.47489,6.17093],[-75.47474,6.17079],[-75.47463,6.17064],[-75.47458,6.17057],[-75.47451,6.17041],[-75.47445,6.1703],[-75.4744,6.17024],[-75.47433,6.17018],[-75.47423,6.17014],[-75.47417,6.17012],[-75.47408,6.17007],[-75.474,6.17003],[-75.47394,6.16998],[-75.47389,6.16991],[-75.47387,6.16988],[-75.47382,6.1698],[-75.47379,6.16969],[-75.47379,6.16958],[-75.47379,6.16955],[-75.47381,6.16941],[-75.47381,6.16934],[-75.47378,6.16919],[-75.47376,6.16912],[-75.47372,6.16903],[-75.4737,6.16895],[-75.47368,6.16886],[-75.47367,6.1688],[-75.4737,6.1687],[-75.47372,6.16867],[-75.47379,6.16858],[-75.47386,6.16844],[-75.47389,6.16838],[-75.47396,6.16819],[-75.47398,6.16808],[-75.474,6.16796],[-75.474,6.16785],[-75.47399,6.16774],[-75.47398,6.16766],[-75.47397,6.16757],[-75.47397,6.16753],[-75.47397,6.1674],[-75.47398,6.16721],[-75.47399,6.16707],[-75.474,6.16691],[-75.474,6.16684],[-75.47401,6.16673],[-75.47401,6.16658],[-75.47401,6.16643],[-75.47402,6.16636],[-75.474,6.1663],[-75.47396,6.16624],[-75.47387,6.16615],[-75.4738,6.1661],[-75.47367,6.16601],[-75.47359,6.16596],[-75.47351,6.16591],[-75.47344,6.16587],[-75.47332,6.16578],[-75.47329,6.16574],[-75.47329,6.16568],[-75.47331,6.1656],[-75.47344,6.16546],[-75.47354,6.16535],[-75.47358,6.16529],[-75.4737,6.16514],[-75.47373,6.1651],[-75.47376,6.16507],[-75.47381,6.16503],[-75.47387,6.16499],[-75.47392,6.16494],[-75.47405,6.16475],[-75.47414,6.16459],[-75.47427,6.16436],[-75.47429,6.16429],[-75.4743,6.16421],[-75.47428,6.16407],[-75.47423,6.16393],[-75.47419,6.16383],[-75.47416,6.16374],[-75.47415,6.16365],[-75.47417,6.16356],[-75.47421,6.1635],[-75.47429,6.16343],[-75.47436,6.16337],[-75.47441,6.16331],[-75.47445,6.16326],[-75.4745,6.16319],[-75.47454,6.16309],[-75.47458,6.16289],[-75.47458,6.16284],[-75.47458,6.1627],[-75.4746,6.16259],[-75.47461,6.16247],[-75.47463,6.16232],[-75.47464,6.16224],[-75.47466,6.16209],[-75.47466,6.16206],[-75.47471,6.16201],[-75.47483,6.16199],[-75.47469,6.16199],[-75.47466,6.16197],[-75.47465,6.16194],[-75.47463,6.16184],[-75.47462,6.16178],[-75.47461,6.1617],[-75.47461,6.16163],[-75.47461,6.16155],[-75.47463,6.16139],[-75.47466,6.16128],[-75.4747,6.16116],[-75.47478,6.16104],[-75.47485,6.16097],[-75.47491,6.16088],[-75.47492,6.1608],[-75.4749,6.16064],[-75.47489,6.16056],[-75.47485,6.16043],[-75.47481,6.16038],[-75.47472,6.16025],[-75.47469,6.16018],[-75.47465,6.16011],[-75.47463,6.16003],[-75.47462,6.16],[-75.4746,6.15992],[-75.47458,6.15981],[-75.47455,6.15975],[-75.47453,6.15967],[-75.47452,6.15958],[-75.47452,6.15948],[-75.47452,6.15941],[-75.47453,6.15924],[-75.47453,6.15917],[-75.47454,6.15903],[-75.47456,6.15897],[-75.47461,6.15888],[-75.47467,6.15883],[-75.47473,6.15879],[-75.47481,6.15876],[-75.47496,6.15872],[-75.47503,6.1587],[-75.4752,6.15861],[-75.47528,6.15856],[-75.47539,6.15839],[-75.47542,6.15834],[-75.47553,6.15825],[-75.47564,6.15815],[-75.47568,6.15813],[-75.47574,6.15811],[-75.4759,6.15802],[-75.47594,6.15802],[-75.47602,6.15801],[-75.47613,6.15798],[-75.4762,6.15796],[-75.47628,6.15796],[-75.47637,6.15797],[-75.47673,6.15805],[-75.47696,6.15818],[-75.47698,6.15818],[-75.477,6.15819],[-75.47717,6.15822],[-75.47726,6.15825],[-75.47729,6.15825],[-75.4773,6.15825],[-75.47738,6.15824],[-75.47743,6.15822],[-75.47746,6.1582],[-75.47748,6.15817],[-75.47788,6.15813],[-75.47832,6.15821],[-75.47882,6.15838],[-75.4792,6.15854],[-75.47923,6.15855],[-75.47945,6.15866],[-75.47957,6.15871],[-75.47994,6.15877],[-75.47999,6.15877],[-75.48036,6.15874],[-75.48068,6.15872],[-75.48075,6.15871],[-75.48087,6.15871],[-75.48094,6.15871],[-75.48095,6.15871],[-75.48097,6.15875],[-75.481,6.15879],[-75.48103,6.15882],[-75.48105,6.15882],[-75.48111,6.15886],[-75.48114,6.15882],[-75.48116,6.15881],[-75.48125,6.15879],[-75.48129,6.15878],[-75.4814,6.15876],[-75.48156,6.1587],[-75.4816,6.15868],[-75.48162,6.15867],[-75.4817,6.15867],[-75.48177,6.15868],[-75.48188,6.1587],[-75.48207,6.15871],[-75.48211,6.15872],[-75.4822,6.15873],[-75.48233,6.15873],[-75.48237,6.15874],[-75.48249,6.15874],[-75.48252,6.15874],[-75.48254,6.15875],[-75.48255,6.15877],[-75.48257,6.15879],[-75.48264,6.1589],[-75.48269,6.15896],[-75.48274,6.159],[-75.48277,6.15901],[-75.4828,6.15901],[-75.48284,6.159],[-75.48297,6.15899],[-75.48297,6.15898],[-75.483,6.15898],[-75.48304,6.15898],[-75.48317,6.15901],[-75.4832,6.15902],[-75.48331,6.15906],[-75.48335,6.15908],[-75.48345,6.15909],[-75.48351,6.1591],[-75.48372,6.15919],[-75.48379,6.15922],[-75.48385,6.15924],[-75.48393,6.15926],[-75.48396,6.15928],[-75.48398,6.15929],[-75.48399,6.1593],[-75.48402,6.15933],[-75.48406,6.1594],[-75.48407,6.15944],[-75.48409,6.15951],[-75.48412,6.15962],[-75.4842,6.15978],[-75.48423,6.15983],[-75.48425,6.15985],[-75.48429,6.15988],[-75.4844,6.15995],[-75.48445,6.15998],[-75.48448,6.15999],[-75.48468,6.1601],[-75.48473,6.16013],[-75.48481,6.16019],[-75.48489,6.16027],[-75.48497,6.16034],[-75.48503,6.16038],[-75.48513,6.16042],[-75.4852,6.16044],[-75.48529,6.16045],[-75.48536,6.16044],[-75.48539,6.16044],[-75.48542,6.16043],[-75.48552,6.16042],[-75.48559,6.16041],[-75.48563,6.16041],[-75.48572,6.16041],[-75.48576,6.16042],[-75.48579,6.16043],[-75.4858,6.16043],[-75.48584,6.16047],[-75.48584,6.16049],[-75.48584,6.16051],[-75.48596,6.16065],[-75.486,6.16071],[-75.48604,6.16079],[-75.4861,6.16085],[-75.48617,6.16088],[-75.48627,6.16092],[-75.4864,6.16094],[-75.48658,6.16099],[-75.48664,6.161],[-75.48675,6.16103],[-75.48681,6.16103],[-75.48704,6.16108],[-75.48709,6.1611],[-75.48723,6.16116],[-75.48731,6.16116],[-75.48735,6.16117],[-75.48736,6.16117],[-75.48741,6.16116],[-75.48745,6.16115],[-75.48749,6.16113],[-75.48762,6.16105],[-75.48761,6.16099],[-75.48757,6.1609],[-75.48786,6.16041],[-75.48786,6.1604],[-75.48792,6.16016],[-75.48807,6.16001],[-75.48821,6.15989],[-75.48831,6.15973],[-75.48832,6.15968],[-75.4884,6.15944],[-75.48841,6.15926],[-75.4884,6.1591],[-75.4884,6.15904],[-75.4884,6.15898],[-75.48844,6.15897],[-75.48851,6.15896],[-75.48861,6.15891],[-75.48866,6.15889],[-75.48888,6.15877],[-75.48892,6.15875],[-75.48909,6.15862],[-75.48922,6.15853],[-75.48929,6.1585],[-75.48944,6.15845],[-75.48954,6.15841],[-75.48962,6.15836],[-75.48976,6.15827],[-75.48982,6.15824],[-75.48986,6.15823],[-75.48989,6.15821],[-75.48992,6.1582],[-75.49011,6.15812],[-75.49024,6.15811],[-75.49032,6.15813],[-75.49043,6.15819],[-75.49044,6.15819],[-75.49056,6.15817],[-75.49077,6.15811],[-75.49091,6.15802],[-75.49107,6.15786],[-75.49119,6.15772],[-75.49119,6.15771],[-75.49124,6.1576],[-75.49128,6.15741],[-75.49133,6.15723],[-75.49137,6.15711],[-75.49138,6.15706],[-75.49146,6.15691],[-75.4915,6.15679],[-75.49152,6.15675],[-75.49159,6.15662],[-75.49166,6.15644],[-75.49177,6.15619],[-75.49177,6.15618],[-75.49181,6.15614],[-75.49194,6.1561],[-75.49212,6.15603],[-75.49232,6.15595],[-75.49251,6.15586],[-75.49267,6.15581],[-75.49282,6.15581],[-75.49302,6.15583],[-75.49322,6.1558],[-75.49338,6.15575],[-75.4934,6.15574],[-75.49353,6.15565],[-75.4936,6.15558],[-75.49373,6.15544],[-75.49386,6.15529],[-75.49393,6.15518],[-75.49397,6.15512],[-75.49416,6.15497],[-75.49419,6.15496],[-75.49436,6.15487],[-75.49459,6.15481],[-75.49488,6.15475],[-75.49511,6.15468],[-75.49535,6.15464],[-75.4956,6.15457],[-75.49572,6.15457],[-75.49589,6.15458],[-75.49596,6.15451],[-75.49597,6.1545],[-75.49601,6.15447],[-75.49604,6.15446],[-75.49607,6.15444],[-75.49608,6.15443],[-75.49609,6.15443],[-75.4961,6.15443],[-75.49611,6.15443],[-75.49612,6.15443],[-75.49613,6.15443],[-75.49616,6.15445],[-75.49618,6.15449],[-75.49619,6.1545],[-75.49621,6.15452],[-75.49624,6.15454],[-75.49626,6.15454],[-75.49628,6.15455],[-75.49632,6.15456],[-75.49636,6.15456],[-75.4964,6.15456],[-75.49642,6.15455],[-75.49649,6.15452],[-75.49651,6.15452],[-75.4966,6.15449],[-75.49662,6.15448],[-75.49663,6.15448],[-75.49666,6.15446],[-75.49669,6.15444],[-75.49671,6.15442],[-75.49674,6.15441],[-75.49677,6.15441],[-75.49682,6.15443],[-75.49689,6.15444],[-75.49693,6.15444],[-75.49701,6.15433],[-75.49708,6.15418],[-75.49718,6.15404],[-75.49727,6.15397],[-75.49743,6.15389],[-75.49753,6.1539],[-75.49753,6.15387],[-75.49753,6.15375],[-75.49753,6.15367],[-75.4975,6.15354],[-75.49752,6.15349],[-75.49751,6.15343],[-75.4975,6.15331],[-75.49749,6.15321],[-75.4975,6.15314],[-75.49753,6.15309],[-75.49756,6.15305],[-75.49762,6.15301],[-75.49768,6.15297],[-75.49777,6.15296],[-75.4979,6.15296],[-75.49817,6.15297],[-75.49824,6.15295],[-75.49833,6.15296],[-75.49847,6.15296],[-75.49848,6.15295],[-75.49879,6.15305],[-75.49908,6.15316],[-75.49919,6.15326],[-75.49931,6.15325],[-75.49943,6.15327],[-75.49954,6.15327],[-75.49966,6.15327],[-75.49974,6.15332],[-75.49981,6.15342],[-75.4998,6.15352],[-75.49976,6.15362],[-75.49973,6.15377],[-75.49973,6.15387],[-75.49973,6.15394],[-75.49973,6.15396],[-75.49973,6.15402],[-75.49974,6.15412],[-75.49974,6.15421],[-75.49977,6.15428],[-75.49978,6.1543],[-75.49978,6.15431],[-75.49981,6.15437],[-75.49984,6.1544],[-75.49993,6.15445],[-75.49996,6.15446],[-75.49998,6.15449],[-75.50001,6.15456],[-75.50004,6.15464],[-75.50012,6.15477],[-75.50021,6.15495],[-75.50022,6.15495],[-75.50025,6.15495],[-75.50031,6.15495],[-75.50037,6.15495],[-75.50043,6.15495],[-75.50047,6.15495],[-75.5005,6.15496],[-75.50052,6.15497],[-75.50053,6.15498],[-75.50056,6.15501],[-75.50057,6.15501],[-75.50063,6.15504],[-75.50071,6.15508],[-75.50073,6.1551],[-75.50086,6.15504],[-75.50095,6.15498],[-75.50104,6.15492],[-75.50108,6.15489],[-75.50112,6.15486],[-75.50122,6.15481],[-75.50129,6.1548],[-75.50136,6.15479],[-75.50143,6.1548],[-75.50144,6.15481],[-75.50149,6.15483],[-75.50156,6.15485],[-75.50163,6.15485],[-75.50166,6.15485],[-75.50168,6.15486],[-75.50174,6.15486],[-75.50185,6.15485],[-75.50187,6.15484],[-75.50191,6.15483],[-75.50194,6.15482],[-75.50201,6.15482],[-75.50212,6.15479],[-75.50215,6.15478],[-75.50222,6.15477],[-75.50225,6.15475],[-75.5023,6.1547],[-75.50231,6.15469],[-75.50233,6.15468],[-75.50238,6.15464],[-75.50243,6.15459],[-75.50249,6.15456],[-75.50256,6.15455],[-75.50259,6.15454],[-75.50263,6.15453],[-75.50273,6.15451],[-75.50281,6.15451],[-75.50282,6.1545],[-75.50284,6.15448],[-75.50289,6.15443],[-75.50292,6.15441],[-75.50297,6.15439],[-75.50301,6.15438],[-75.50305,6.15437],[-75.50311,6.15436],[-75.50313,6.15436],[-75.50315,6.15436],[-75.50322,6.15437],[-75.50324,6.15437],[-75.50332,6.15444],[-75.50335,6.15445],[-75.50342,6.15445],[-75.50353,6.15445],[-75.50363,6.15445],[-75.50367,6.15445],[-75.50374,6.15445],[-75.50381,6.15444],[-75.50393,6.15443],[-75.50396,6.15443],[-75.504,6.15444],[-75.50408,6.15438],[-75.50416,6.15431],[-75.50418,6.1543],[-75.50423,6.15427],[-75.50426,6.15425],[-75.50432,6.15422],[-75.5044,6.1542],[-75.50452,6.15422],[-75.50465,6.15424],[-75.50475,6.15427],[-75.50487,6.15431],[-75.50492,6.15433],[-75.50502,6.15435],[-75.50519,6.1544],[-75.50529,6.15441],[-75.5053,6.15441],[-75.50535,6.15442],[-75.50545,6.1544],[-75.50547,6.1544],[-75.50561,6.15442],[-75.50571,6.15446],[-75.50578,6.15447],[-75.50588,6.15447],[-75.50601,6.15447],[-75.50603,6.15449],[-75.50611,6.15453],[-75.50614,6.15454],[-75.50617,6.15456],[-75.50623,6.15457],[-75.50633,6.15459],[-75.50647,6.15465],[-75.50653,6.15466],[-75.50673,6.15465],[-75.50682,6.15464],[-75.50698,6.15465],[-75.5071,6.15466],[-75.50721,6.15468],[-75.50729,6.15472],[-75.50736,6.1548],[-75.50742,6.15486],[-75.5075,6.15494],[-75.50757,6.15496],[-75.50765,6.15495],[-75.50767,6.15491],[-75.50769,6.15474],[-75.5077,6.1547],[-75.50774,6.15467],[-75.50779,6.15467],[-75.50791,6.15473],[-75.50803,6.15475],[-75.50816,6.15469],[-75.50822,6.15465],[-75.50827,6.15463],[-75.50836,6.15462],[-75.50844,6.15463],[-75.50852,6.15463],[-75.50861,6.15464],[-75.50869,6.15464],[-75.50877,6.1546],[-75.50882,6.15453],[-75.50882,6.15442],[-75.50881,6.15431],[-75.50884,6.15414],[-75.50881,6.15402],[-75.50883,6.15366],[-75.50888,6.15341],[-75.50892,6.15318],[-75.50891,6.15299],[-75.50892,6.15283],[-75.50892,6.1526],[-75.50892,6.1525],[-75.50891,6.15241],[-75.5089,6.15227],[-75.50887,6.15208],[-75.50887,6.15149],[-75.50887,6.15113],[-75.50884,6.15061],[-75.50881,6.15033],[-75.50878,6.15021],[-75.50844,6.15002],[-75.50891,6.1498],[-75.50903,6.14993],[-75.50915,6.15007],[-75.50948,6.15027],[-75.5098,6.15043],[-75.51005,6.15056],[-75.51007,6.15057],[-75.51057,6.15087],[-75.5109,6.15094],[-75.51135,6.15102],[-75.51144,6.15102],[-75.51166,6.15103],[-75.51166,6.15104],[-75.51169,6.15103],[-75.51191,6.15103],[-75.51255,6.15092],[-75.51263,6.15091],[-75.51268,6.15091],[-75.51292,6.15088],[-75.51312,6.15082],[-75.5133,6.15077],[-75.51377,6.15065],[-75.51412,6.15061],[-75.51433,6.15057],[-75.51479,6.1505],[-75.51494,6.15052],[-75.51509,6.15055],[-75.5153,6.15057],[-75.51535,6.15056],[-75.51567,6.15029],[-75.51581,6.15018],[-75.51591,6.14993],[-75.51622,6.1498],[-75.51661,6.14978],[-75.51693,6.14933],[-75.51722,6.14897],[-75.51724,6.14892],[-75.5173,6.14889],[-75.51734,6.14883],[-75.51735,6.14877],[-75.51733,6.14855],[-75.51732,6.14841],[-75.51731,6.14834],[-75.5173,6.1483],[-75.51728,6.14827],[-75.51727,6.14819],[-75.51757,6.14751],[-75.51774,6.1472],[-75.51782,6.14705],[-75.51796,6.14679],[-75.518,6.14678],[-75.51778,6.14657],[-75.51744,6.14626],[-75.51711,6.14584],[-75.51663,6.14545],[-75.51619,6.14523],[-75.51598,6.14514],[-75.51577,6.14502],[-75.51557,6.14468],[-75.51529,6.14428],[-75.51525,6.14418],[-75.51525,6.14386],[-75.51514,6.1437],[-75.5151,6.14362],[-75.51509,6.14361],[-75.51481,6.14301],[-75.51494,6.14268],[-75.51499,6.14264],[-75.51503,6.14261],[-75.51506,6.14259],[-75.51508,6.14258],[-75.51511,6.14256],[-75.51517,6.14253],[-75.51523,6.14249],[-75.5153,6.14246],[-75.51532,6.14245],[-75.51535,6.14243],[-75.51536,6.14242],[-75.51539,6.1424],[-75.51541,6.14238],[-75.51549,6.14231],[-75.51555,6.14226],[-75.51562,6.14223],[-75.51564,6.14222],[-75.51566,6.14221],[-75.51568,6.1422],[-75.51574,6.14217],[-75.5158,6.14215],[-75.5159,6.14213],[-75.51597,6.14212],[-75.51605,6.14209],[-75.5161,6.14209],[-75.51612,6.14208],[-75.51617,6.14208],[-75.51619,6.14207],[-75.51625,6.14205],[-75.51627,6.14204],[-75.5163,6.142],[-75.5163,6.14198],[-75.51631,6.14195],[-75.51631,6.14189],[-75.51628,6.14182],[-75.51626,6.14179],[-75.51624,6.14177],[-75.51621,6.14171],[-75.51621,6.14168],[-75.5162,6.14164],[-75.51619,6.14154],[-75.51619,6.14147],[-75.51619,6.14138],[-75.51619,6.14135],[-75.51619,6.14132],[-75.51618,6.14126],[-75.51618,6.14125],[-75.51621,6.1412],[-75.51627,6.14114],[-75.51628,6.14113],[-75.51634,6.1411],[-75.5164,6.14109],[-75.51642,6.14109],[-75.51646,6.14108],[-75.51647,6.14108],[-75.51653,6.14107],[-75.51659,6.14104],[-75.51664,6.14102],[-75.51677,6.14093],[-75.51678,6.14093],[-75.51679,6.14092],[-75.5168,6.14092],[-75.51693,6.14088],[-75.51698,6.14088],[-75.51703,6.14086],[-75.51708,6.14084],[-75.51712,6.14081],[-75.51714,6.14078],[-75.51715,6.14075],[-75.51716,6.14071],[-75.51716,6.1407],[-75.51715,6.14067],[-75.51715,6.14066],[-75.51715,6.14063],[-75.51715,6.14061],[-75.51716,6.14059],[-75.51716,6.14056],[-75.51717,6.14054],[-75.51733,6.14043],[-75.51734,6.14049],[-75.51735,6.14052],[-75.51739,6.14057],[-75.51744,6.14061],[-75.5175,6.14063],[-75.51756,6.14063],[-75.51761,6.14063],[-75.51766,6.14061],[-75.51771,6.14058],[-75.51776,6.14051],[-75.51782,6.14044],[-75.51787,6.14039],[-75.51791,6.14033],[-75.51796,6.14028],[-75.518,6.14026],[-75.51804,6.14024],[-75.51808,6.14023],[-75.51815,6.14022],[-75.5182,6.14022],[-75.51826,6.14022],[-75.51837,6.14021],[-75.51845,6.14021],[-75.5186,6.1402],[-75.5187,6.1402],[-75.51881,6.1402],[-75.51893,6.14019],[-75.51905,6.14018],[-75.51913,6.14018],[-75.51919,6.14018],[-75.51924,6.14019],[-75.51928,6.1402],[-75.51932,6.14021],[-75.51937,6.14022],[-75.5194,6.14024],[-75.51943,6.14026],[-75.51947,6.14031],[-75.5195,6.14037],[-75.51953,6.1404],[-75.51956,6.14045],[-75.51958,6.14048],[-75.51961,6.14051],[-75.51964,6.14055],[-75.51967,6.14059],[-75.5197,6.14061],[-75.51974,6.14062],[-75.51978,6.14064],[-75.51981,6.14064],[-75.51985,6.14064],[-75.51989,6.14062],[-75.51992,6.1406],[-75.51995,6.14056],[-75.51996,6.14053],[-75.51997,6.1405],[-75.51999,6.14046],[-75.51998,6.14043],[-75.51998,6.14039],[-75.51997,6.14035],[-75.51996,6.14031],[-75.51994,6.14026],[-75.51993,6.14021],[-75.51991,6.14015],[-75.51989,6.1401],[-75.51988,6.14006],[-75.51988,6.14005],[-75.51988,6.14001],[-75.51987,6.13998],[-75.51988,6.13995],[-75.5199,6.13991],[-75.51992,6.13988],[-75.51995,6.13984],[-75.51999,6.13982],[-75.52003,6.1398],[-75.52006,6.13979],[-75.52009,6.13979],[-75.52012,6.13979],[-75.52017,6.13979],[-75.52022,6.1398],[-75.52026,6.13981],[-75.52034,6.13982],[-75.52041,6.13983],[-75.52047,6.13984],[-75.52055,6.13984],[-75.5206,6.13985],[-75.52064,6.13984],[-75.52072,6.13952],[-75.52085,6.1392],[-75.52089,6.13906],[-75.52096,6.13899],[-75.521,6.13889],[-75.52101,6.13886],[-75.52106,6.13872],[-75.52108,6.13869],[-75.52108,6.13868],[-75.52111,6.13861],[-75.52112,6.13858],[-75.52112,6.13857],[-75.52113,6.13841],[-75.52113,6.13838],[-75.52111,6.13829],[-75.52111,6.13827],[-75.5211,6.13823],[-75.52111,6.13818],[-75.52113,6.13813],[-75.52118,6.13805],[-75.5212,6.13802],[-75.52121,6.13802],[-75.52121,6.13801],[-75.52124,6.13798],[-75.52127,6.13795],[-75.52127,6.13794],[-75.52128,6.13794],[-75.52128,6.13793],[-75.52135,6.13788],[-75.52138,6.13787],[-75.52142,6.13785],[-75.52149,6.13784],[-75.52153,6.13783],[-75.52159,6.13782],[-75.52158,6.1378],[-75.52156,6.13778],[-75.52153,6.13775],[-75.5215,6.13773],[-75.52148,6.13769],[-75.52148,6.13766],[-75.52149,6.13763],[-75.52152,6.1376],[-75.52156,6.13758],[-75.52159,6.13758],[-75.52163,6.13759],[-75.52168,6.13759],[-75.52174,6.13759],[-75.5218,6.13757],[-75.52184,6.13754],[-75.52186,6.13749],[-75.52186,6.13744],[-75.52186,6.13738],[-75.52186,6.13732],[-75.52184,6.13724],[-75.52181,6.1372],[-75.52178,6.13716],[-75.52176,6.13713],[-75.52175,6.13709],[-75.52175,6.13706],[-75.52177,6.13702],[-75.52182,6.13699],[-75.52187,6.13696],[-75.52191,6.13692],[-75.52192,6.13691],[-75.52198,6.13686],[-75.52204,6.1368],[-75.5221,6.13675],[-75.52216,6.13669],[-75.52222,6.13665],[-75.52236,6.13655],[-75.52238,6.13653],[-75.52241,6.1365],[-75.52247,6.13647],[-75.52254,6.13645],[-75.5226,6.13644],[-75.52268,6.13641],[-75.52274,6.13638],[-75.52278,6.13634],[-75.52278,6.13633],[-75.52282,6.13628],[-75.52286,6.13622],[-75.52289,6.13616],[-75.52291,6.13607],[-75.52293,6.13602],[-75.52296,6.13593],[-75.52299,6.13586],[-75.52303,6.1358],[-75.52307,6.13574],[-75.52312,6.13568],[-75.52316,6.13561],[-75.52317,6.13561],[-75.52317,6.13559],[-75.52317,6.13558],[-75.52318,6.13555],[-75.52319,6.13552],[-75.52321,6.13548],[-75.52324,6.13545],[-75.52325,6.13543],[-75.52328,6.13538],[-75.52332,6.13533],[-75.52337,6.13531],[-75.52341,6.13532],[-75.52344,6.13536],[-75.52346,6.13541],[-75.52348,6.13548],[-75.5235,6.13555],[-75.52352,6.13562],[-75.52353,6.13565],[-75.52358,6.13581],[-75.52359,6.13586],[-75.52359,6.13596],[-75.52366,6.13608],[-75.52368,6.13612],[-75.52368,6.13615],[-75.52368,6.13618],[-75.52369,6.13622],[-75.5237,6.13626],[-75.52372,6.13629],[-75.52376,6.13632],[-75.52379,6.13634],[-75.52383,6.13636],[-75.52386,6.13636],[-75.52387,6.13636],[-75.52391,6.13635],[-75.52395,6.13633],[-75.52397,6.1363],[-75.52396,6.13627],[-75.52395,6.13626],[-75.52394,6.13624],[-75.52393,6.13624],[-75.52391,6.13623],[-75.5239,6.1362],[-75.52389,6.13617],[-75.52389,6.13613],[-75.52391,6.1361],[-75.52393,6.13606],[-75.52396,6.13603],[-75.52397,6.13602],[-75.52399,6.136],[-75.52403,6.13595],[-75.52405,6.1359],[-75.5241,6.13579],[-75.52412,6.13576],[-75.52413,6.13574],[-75.52416,6.1357],[-75.52417,6.13566],[-75.52417,6.13565],[-75.52417,6.13564],[-75.52418,6.13562],[-75.52418,6.1356],[-75.52417,6.13556],[-75.52416,6.13551],[-75.52415,6.13546],[-75.52412,6.13534],[-75.52412,6.13532],[-75.52411,6.13527],[-75.5241,6.1352],[-75.5241,6.13515],[-75.52409,6.13509],[-75.52409,6.13508],[-75.52409,6.13503],[-75.52409,6.13498],[-75.52411,6.13492],[-75.52413,6.13487],[-75.52417,6.13481],[-75.52418,6.13475],[-75.52417,6.13473],[-75.52417,6.13468],[-75.52417,6.13462],[-75.52417,6.13461],[-75.52417,6.1346],[-75.52418,6.13456],[-75.52418,6.13441],[-75.52419,6.13424],[-75.52419,6.13421],[-75.52419,6.13415],[-75.52419,6.13408],[-75.52419,6.134],[-75.52419,6.13399],[-75.52419,6.13392],[-75.52419,6.13386],[-75.52419,6.13384],[-75.52419,6.13378],[-75.52418,6.13372],[-75.52417,6.13366],[-75.52415,6.13361],[-75.52414,6.13358],[-75.52413,6.13355],[-75.52411,6.13352],[-75.52411,6.1335],[-75.52405,6.13339],[-75.52405,6.13338],[-75.52402,6.13333],[-75.524,6.13326],[-75.52397,6.13319],[-75.52394,6.1331],[-75.52394,6.13306],[-75.52394,6.13304],[-75.52394,6.13302],[-75.52393,6.13292],[-75.52393,6.13291],[-75.52403,6.13286],[-75.52413,6.13281],[-75.52424,6.13278],[-75.52425,6.13277],[-75.52432,6.13276],[-75.52439,6.13273],[-75.52446,6.13271],[-75.52452,6.13269],[-75.5246,6.13268],[-75.52467,6.1327],[-75.52471,6.13271],[-75.52476,6.13275],[-75.52481,6.1328],[-75.52486,6.13285],[-75.52491,6.1329],[-75.52496,6.13294],[-75.52502,6.13297],[-75.5252,6.13306],[-75.52523,6.13308],[-75.52531,6.13313],[-75.52539,6.13317],[-75.52547,6.13322],[-75.52549,6.13324],[-75.52554,6.13328],[-75.52561,6.13335],[-75.52567,6.13341],[-75.52568,6.13342],[-75.52574,6.13348],[-75.52582,6.13353],[-75.52589,6.13358],[-75.52595,6.13362],[-75.526,6.13366],[-75.52605,6.13372],[-75.52609,6.13376],[-75.52613,6.13382],[-75.52616,6.13386],[-75.52622,6.1339],[-75.52625,6.13392],[-75.5263,6.13393],[-75.52635,6.13395],[-75.52641,6.13398],[-75.52646,6.13402],[-75.52649,6.13407],[-75.52652,6.13411],[-75.52653,6.13413],[-75.52657,6.13417],[-75.52661,6.13421],[-75.52667,6.13424],[-75.52676,6.13429],[-75.52682,6.13431],[-75.52687,6.13434],[-75.52692,6.13438],[-75.52696,6.13443],[-75.527,6.13446],[-75.52701,6.13447],[-75.52707,6.13451],[-75.52712,6.13452],[-75.52713,6.13452],[-75.52719,6.13453],[-75.52735,6.13451],[-75.52748,6.13448],[-75.52754,6.13447],[-75.5276,6.13446],[-75.52765,6.13446],[-75.5277,6.13444],[-75.52777,6.13442],[-75.52786,6.13438],[-75.52786,6.13437],[-75.52791,6.13435],[-75.52797,6.13431],[-75.52802,6.13427],[-75.52808,6.13424],[-75.52813,6.13422],[-75.52819,6.13422],[-75.52824,6.13422],[-75.5283,6.13424],[-75.52846,6.13431],[-75.5285,6.13433],[-75.52853,6.13435],[-75.52861,6.13436],[-75.52867,6.13436],[-75.52872,6.13434],[-75.52878,6.13431],[-75.52884,6.1343],[-75.52885,6.1343],[-75.52889,6.13429],[-75.52895,6.1343],[-75.52896,6.1343],[-75.52902,6.13431],[-75.52904,6.13431],[-75.52911,6.13433],[-75.52916,6.13435],[-75.52921,6.13438],[-75.52925,6.13441],[-75.52925,6.13442],[-75.52928,6.13445],[-75.5293,6.13447],[-75.52932,6.1345],[-75.52934,6.13453],[-75.52936,6.13456],[-75.52939,6.13461],[-75.52942,6.13469],[-75.52945,6.1348],[-75.52945,6.13481],[-75.52946,6.13483],[-75.52947,6.13487],[-75.52948,6.13488],[-75.52948,6.13489],[-75.5295,6.13492],[-75.52952,6.13493],[-75.52955,6.13496],[-75.52959,6.13498],[-75.52964,6.13499],[-75.52967,6.13499],[-75.52979,6.13499],[-75.52983,6.135],[-75.52993,6.13502],[-75.52995,6.13503],[-75.52998,6.13504],[-75.53002,6.13505],[-75.53004,6.13506],[-75.53007,6.13507],[-75.53008,6.13505],[-75.5301,6.13497],[-75.53011,6.13493],[-75.53013,6.13488],[-75.53016,6.13482],[-75.53018,6.13477],[-75.53019,6.13476],[-75.53026,6.13465],[-75.5304,6.13445],[-75.53056,6.13435],[-75.53059,6.13431],[-75.53063,6.13427],[-75.53068,6.13424],[-75.53072,6.13421],[-75.53079,6.1342],[-75.53093,6.13419],[-75.53104,6.13418],[-75.53112,6.13417],[-75.53113,6.13417],[-75.53122,6.13416],[-75.53131,6.13416],[-75.53139,6.13416],[-75.53146,6.13417],[-75.53148,6.13417],[-75.53154,6.13416],[-75.53155,6.13411],[-75.53157,6.13405],[-75.53163,6.13399],[-75.53165,6.13396],[-75.53167,6.13394],[-75.53174,6.1339],[-75.53182,6.13386],[-75.53196,6.13379],[-75.5321,6.13372],[-75.53226,6.13361],[-75.53245,6.13347],[-75.53256,6.13337],[-75.53277,6.13321],[-75.53293,6.13307],[-75.53304,6.13299],[-75.53319,6.13289],[-75.53329,6.1328],[-75.53338,6.13272],[-75.53365,6.13255],[-75.53377,6.13249],[-75.53389,6.1324],[-75.53399,6.13233],[-75.53404,6.13222],[-75.53415,6.13209],[-75.53423,6.13199],[-75.53429,6.13192],[-75.53434,6.13185],[-75.53436,6.1318],[-75.53437,6.13175],[-75.53438,6.13167],[-75.53437,6.13161],[-75.53434,6.13149],[-75.53432,6.13132],[-75.53431,6.13124],[-75.53432,6.13117],[-75.53441,6.1309],[-75.53452,6.1306],[-75.53457,6.1304],[-75.53459,6.13025],[-75.53456,6.13011],[-75.53461,6.13008],[-75.53469,6.13003],[-75.53483,6.12995],[-75.53499,6.12997],[-75.53505,6.13005],[-75.5351,6.1301],[-75.53512,6.13012],[-75.53514,6.13013],[-75.53516,6.13014],[-75.53517,6.13014],[-75.53521,6.13015],[-75.53523,6.13015],[-75.53534,6.13013],[-75.53542,6.13013],[-75.53546,6.13012],[-75.53547,6.13012],[-75.5355,6.13011],[-75.53553,6.1301],[-75.53554,6.13009],[-75.53556,6.13008],[-75.53559,6.13006],[-75.5356,6.13005],[-75.53561,6.13005],[-75.53562,6.13005],[-75.53566,6.13002],[-75.53577,6.13001],[-75.53579,6.12999],[-75.53588,6.12997],[-75.53589,6.12993],[-75.53591,6.12989],[-75.53596,6.12987],[-75.53599,6.12984],[-75.53602,6.12981],[-75.53605,6.1298],[-75.53613,6.1298],[-75.53615,6.12979],[-75.53619,6.12978],[-75.5362,6.12976],[-75.5362,6.12975],[-75.53619,6.12974],[-75.53618,6.12974],[-75.53618,6.12973],[-75.53617,6.12973],[-75.53616,6.12973],[-75.53615,6.12972],[-75.53615,6.12971],[-75.53614,6.12971],[-75.53613,6.12971],[-75.53613,6.1297],[-75.53612,6.1297],[-75.53611,6.12969],[-75.5361,6.12969],[-75.53609,6.12968],[-75.53608,6.12968],[-75.53607,6.12968],[-75.53606,6.12968],[-75.53605,6.12968],[-75.53604,6.12968],[-75.53603,6.12968],[-75.53602,6.12968],[-75.536,6.12967],[-75.53599,6.12967],[-75.53598,6.12966],[-75.53597,6.12966],[-75.53596,6.12966],[-75.53595,6.12966],[-75.53594,6.12965],[-75.53593,6.12965],[-75.53593,6.12964],[-75.53592,6.12964],[-75.53592,6.12963],[-75.53591,6.12962],[-75.53591,6.1296],[-75.53591,6.12958],[-75.53592,6.12957],[-75.53592,6.12956],[-75.53592,6.12955],[-75.53593,6.12955],[-75.53593,6.12954],[-75.53594,6.12954],[-75.53595,6.12954],[-75.53595,6.12953],[-75.53596,6.12953],[-75.53596,6.12952],[-75.53596,6.12951],[-75.53597,6.1295],[-75.53597,6.12949],[-75.53598,6.12948],[-75.53598,6.12947],[-75.53599,6.12946],[-75.53599,6.12945],[-75.536,6.12945],[-75.536,6.12944],[-75.53601,6.12942],[-75.53602,6.12942],[-75.53602,6.12941],[-75.53602,6.1294],[-75.53603,6.1294],[-75.53604,6.12939],[-75.53605,6.12938],[-75.53606,6.12938],[-75.53607,6.12937],[-75.53608,6.12937],[-75.53608,6.12936],[-75.53609,6.12936],[-75.53609,6.12935],[-75.5361,6.12935],[-75.53611,6.12934],[-75.53611,6.12933],[-75.53612,6.12933],[-75.53612,6.12932],[-75.53613,6.12932],[-75.53613,6.12931],[-75.53614,6.12931],[-75.53614,6.1293],[-75.53615,6.12929],[-75.53615,6.12928],[-75.53616,6.12927],[-75.53617,6.12926],[-75.53618,6.12925],[-75.53618,6.12924],[-75.53618,6.12923],[-75.53619,6.12923],[-75.53619,6.12922],[-75.5362,6.12921],[-75.5362,6.1292],[-75.53621,6.12919],[-75.53621,6.12918],[-75.5362,6.12918],[-75.5362,6.12917],[-75.53619,6.12917],[-75.53619,6.12916],[-75.53618,6.12916],[-75.53617,6.12916],[-75.53616,6.12916],[-75.53616,6.12917],[-75.53615,6.12917],[-75.53614,6.12917],[-75.53613,6.12918],[-75.53612,6.12918],[-75.53611,6.12918],[-75.5361,6.12918],[-75.53609,6.12918],[-75.53608,6.12918],[-75.53606,6.12919],[-75.53604,6.12919],[-75.53602,6.12919],[-75.53601,6.12919],[-75.536,6.12919],[-75.53599,6.12918],[-75.53598,6.12918],[-75.53597,6.12918],[-75.53595,6.12918],[-75.53594,6.12917],[-75.53593,6.12917],[-75.53592,6.12916],[-75.53591,6.12915],[-75.5359,6.12914],[-75.53589,6.12914],[-75.53589,6.12913],[-75.53589,6.12912],[-75.53589,6.12911],[-75.53588,6.12911],[-75.53588,6.1291],[-75.53588,6.12909],[-75.53587,6.12909],[-75.53586,6.12909],[-75.53585,6.12908],[-75.53584,6.12908],[-75.53583,6.12908],[-75.53582,6.12908],[-75.53581,6.12908],[-75.5358,6.12908],[-75.53579,6.12908],[-75.53579,6.12907],[-75.53578,6.12907],[-75.53577,6.12906],[-75.53575,6.12905],[-75.53575,6.12904],[-75.53574,6.12904],[-75.53574,6.12903],[-75.53574,6.12902],[-75.53573,6.12902],[-75.53573,6.12901],[-75.53573,6.129],[-75.53572,6.12899],[-75.53572,6.12898],[-75.53572,6.12897],[-75.53571,6.12897],[-75.53571,6.12896],[-75.5357,6.12895],[-75.5357,6.12894],[-75.53569,6.12894],[-75.53568,6.12893],[-75.53566,6.12893],[-75.53564,6.12893],[-75.53563,6.12893],[-75.53562,6.12893],[-75.53561,6.12893],[-75.5356,6.12893],[-75.5356,6.12892],[-75.53559,6.12892],[-75.53558,6.12892],[-75.53557,6.12892],[-75.53557,6.12891],[-75.53556,6.1289],[-75.53556,6.12889],[-75.53555,6.12888],[-75.53555,6.12886],[-75.53554,6.12886],[-75.53554,6.12885],[-75.53554,6.12884],[-75.53554,6.12883],[-75.53554,6.12882],[-75.53554,6.12881],[-75.53555,6.1288],[-75.53555,6.12879],[-75.53555,6.12877],[-75.53554,6.12876],[-75.53554,6.12875],[-75.53553,6.12874],[-75.53553,6.12873],[-75.53553,6.12872],[-75.53553,6.12871],[-75.53553,6.1287],[-75.53553,6.12869],[-75.53553,6.12868],[-75.53554,6.12866],[-75.53553,6.12866],[-75.53553,6.12865],[-75.53552,6.12864],[-75.53552,6.12863],[-75.53553,6.12862],[-75.53552,6.12862],[-75.53552,6.12861],[-75.53552,6.1286],[-75.53551,6.12859],[-75.5355,6.12858],[-75.53549,6.12858],[-75.53548,6.12858],[-75.53547,6.12858],[-75.53546,6.12858],[-75.53545,6.12858],[-75.53544,6.12858],[-75.53543,6.12858],[-75.53542,6.12858],[-75.53541,6.12858],[-75.5354,6.12858],[-75.53539,6.12857],[-75.53537,6.12857],[-75.53536,6.12857],[-75.53535,6.12856],[-75.53534,6.12856],[-75.53533,6.12856],[-75.53532,6.12855],[-75.53531,6.12855],[-75.5353,6.12855],[-75.53529,6.12855],[-75.53529,6.12854],[-75.53528,6.12854],[-75.53527,6.12854],[-75.53526,6.12853],[-75.53525,6.12853],[-75.53524,6.12852],[-75.53523,6.12851],[-75.53523,6.1285],[-75.53523,6.12849],[-75.53522,6.12848],[-75.53522,6.12847],[-75.53521,6.12847],[-75.53521,6.12846],[-75.5352,6.12845],[-75.5352,6.12844],[-75.53519,6.12842],[-75.53523,6.12842],[-75.53525,6.12842],[-75.53526,6.12842],[-75.5353,6.12842],[-75.53532,6.12841],[-75.53534,6.1284],[-75.53537,6.1284],[-75.53541,6.1284],[-75.53543,6.12841],[-75.53548,6.1284],[-75.53555,6.1284],[-75.53561,6.12839],[-75.53562,6.12836],[-75.53564,6.12831],[-75.53568,6.12826],[-75.53567,6.12825],[-75.53566,6.12824],[-75.53565,6.12823],[-75.53564,6.12823],[-75.53564,6.12822],[-75.53564,6.12821],[-75.53563,6.12821],[-75.53563,6.1282],[-75.53562,6.1282],[-75.53562,6.12819],[-75.53562,6.12818],[-75.53561,6.12817],[-75.53561,6.12816],[-75.53561,6.12815],[-75.53561,6.12814],[-75.53561,6.12813],[-75.5356,6.12813],[-75.5356,6.12812],[-75.53559,6.12812],[-75.53557,6.12812],[-75.53557,6.1281],[-75.53556,6.1281],[-75.53556,6.12809],[-75.53555,6.12809],[-75.53554,6.12808],[-75.53554,6.12807],[-75.53554,6.12806],[-75.53553,6.12806],[-75.53553,6.12805],[-75.53553,6.12804],[-75.53554,6.12803],[-75.53554,6.12802],[-75.53553,6.12801],[-75.53553,6.12799],[-75.53553,6.12797],[-75.53553,6.12796],[-75.53553,6.12795],[-75.53553,6.12794],[-75.53554,6.12792],[-75.53554,6.12791],[-75.53554,6.1279],[-75.53555,6.1279],[-75.53555,6.12789],[-75.53555,6.12788],[-75.53556,6.12788],[-75.53557,6.12787],[-75.53559,6.12787],[-75.5356,6.12787],[-75.53561,6.12787],[-75.53562,6.12787],[-75.53563,6.12787],[-75.53564,6.12787],[-75.53565,6.12787],[-75.53566,6.12787],[-75.53567,6.12787],[-75.53568,6.12787],[-75.5357,6.12786],[-75.53571,6.12785],[-75.53572,6.12785],[-75.53572,6.12784],[-75.53573,6.12783],[-75.53574,6.12782],[-75.53575,6.12781],[-75.53576,6.12781],[-75.53577,6.1278],[-75.53578,6.1278],[-75.53579,6.1278],[-75.5358,6.1278],[-75.53581,6.1278],[-75.53582,6.12779],[-75.53583,6.12778],[-75.53584,6.12778],[-75.53585,6.12777],[-75.53586,6.12776],[-75.53587,6.12775],[-75.53588,6.12775],[-75.53588,6.12774],[-75.53589,6.12774],[-75.53589,6.12773],[-75.5359,6.12773],[-75.5359,6.12772],[-75.53591,6.12772],[-75.53591,6.12771],[-75.53592,6.12771],[-75.53593,6.1277],[-75.53594,6.12769],[-75.53595,6.12769],[-75.53596,6.12768],[-75.53597,6.12768],[-75.53598,6.12768],[-75.53598,6.12767],[-75.53599,6.12767],[-75.53599,6.12766],[-75.53602,6.12763],[-75.53603,6.12762],[-75.53604,6.12761],[-75.53604,6.1276],[-75.53604,6.12759],[-75.53605,6.12759],[-75.53605,6.12758],[-75.53605,6.12757],[-75.53605,6.12756],[-75.53604,6.12755],[-75.53604,6.12754],[-75.53604,6.12752],[-75.53604,6.12751],[-75.53605,6.1275],[-75.53606,6.12749],[-75.53606,6.12748],[-75.53606,6.12747],[-75.53607,6.12747],[-75.53607,6.12746],[-75.53608,6.12745],[-75.53609,6.12744],[-75.53609,6.12743],[-75.5361,6.12743],[-75.5361,6.12742],[-75.53611,6.12741],[-75.53612,6.1274],[-75.53612,6.12739],[-75.53613,6.12739],[-75.53614,6.12739],[-75.53615,6.12739],[-75.53616,6.12739],[-75.53616,6.1274],[-75.53617,6.1274],[-75.53618,6.12739],[-75.53619,6.12739],[-75.5362,6.12738],[-75.53621,6.12738],[-75.53622,6.12737],[-75.53623,6.12737],[-75.53624,6.12737],[-75.53625,6.12737],[-75.53626,6.12737],[-75.53626,6.12738],[-75.53627,6.12738],[-75.53627,6.12739],[-75.53628,6.12739],[-75.53628,6.1274],[-75.53629,6.12741],[-75.5363,6.12742],[-75.53631,6.12743],[-75.53632,6.12743],[-75.53633,6.12743],[-75.53633,6.12742],[-75.53634,6.12741],[-75.53634,6.1274],[-75.53635,6.1274],[-75.53635,6.12739],[-75.53635,6.12737],[-75.53639,6.12737],[-75.53643,6.12737],[-75.53646,6.12736],[-75.53651,6.12736],[-75.53657,6.12737],[-75.53664,6.12737],[-75.53668,6.12734],[-75.53669,6.12731],[-75.53672,6.12729],[-75.53675,6.12726],[-75.53679,6.12725],[-75.53683,6.12724],[-75.53689,6.12722],[-75.53694,6.12722],[-75.53698,6.1272],[-75.53697,6.12719],[-75.53697,6.12718],[-75.53697,6.12717],[-75.53697,6.12716],[-75.53697,6.12715],[-75.53697,6.12714],[-75.53697,6.12713],[-75.53697,6.12712],[-75.53696,6.12711],[-75.53696,6.1271],[-75.53695,6.12709],[-75.53695,6.12708],[-75.53694,6.12707],[-75.53694,6.12706],[-75.53693,6.12706],[-75.53693,6.12705],[-75.53692,6.12704],[-75.53692,6.12703],[-75.53691,6.12703],[-75.53691,6.12702],[-75.53691,6.12701],[-75.5369,6.127],[-75.53689,6.12699],[-75.53689,6.12698],[-75.53688,6.12698],[-75.53688,6.12697],[-75.53687,6.12696],[-75.53686,6.12695],[-75.53685,6.12694],[-75.53684,6.12693],[-75.53684,6.12692],[-75.53683,6.12691],[-75.53682,6.1269],[-75.53682,6.12689],[-75.53682,6.12688],[-75.53682,6.12687],[-75.53682,6.12686],[-75.53683,6.12686],[-75.53683,6.12685],[-75.53683,6.12684],[-75.53683,6.12683],[-75.53684,6.12682],[-75.53684,6.12681],[-75.53684,6.1268],[-75.53685,6.12679],[-75.53685,6.12678],[-75.53686,6.12678],[-75.53686,6.12677],[-75.53687,6.12676],[-75.53688,6.12675],[-75.53689,6.12674],[-75.5369,6.12673],[-75.5369,6.12672],[-75.53691,6.12672],[-75.53691,6.12671],[-75.53691,6.1267],[-75.53692,6.12669],[-75.53692,6.12668],[-75.53693,6.12668],[-75.53693,6.12667],[-75.53694,6.12667],[-75.53694,6.12666],[-75.53695,6.12665],[-75.53696,6.12664],[-75.53697,6.12663],[-75.53698,6.12662],[-75.53698,6.12661],[-75.53699,6.1266],[-75.537,6.12659],[-75.53701,6.12658],[-75.53701,6.12657],[-75.53702,6.12657],[-75.53702,6.12656],[-75.53703,6.12655],[-75.53703,6.12654],[-75.53702,6.12654],[-75.53702,6.12653],[-75.53702,6.12652],[-75.53701,6.12652],[-75.53701,6.12651],[-75.53701,6.1265],[-75.53701,6.12649],[-75.53701,6.12648],[-75.53702,6.12648],[-75.53702,6.12647],[-75.53703,6.12647],[-75.53703,6.12646],[-75.53703,6.12645],[-75.53704,6.12645],[-75.53704,6.12644],[-75.53705,6.12643],[-75.53705,6.12642],[-75.53706,6.12641],[-75.53707,6.1264],[-75.53707,6.12639],[-75.53708,6.12639],[-75.53709,6.12639],[-75.53709,6.12638],[-75.5371,6.12638],[-75.5371,6.12637],[-75.53711,6.12637],[-75.53712,6.12637],[-75.53712,6.12636],[-75.53714,6.12636],[-75.53715,6.12636],[-75.53716,6.12637],[-75.53717,6.12636],[-75.53718,6.12636],[-75.53719,6.12636],[-75.5372,6.12636],[-75.53721,6.12637],[-75.53722,6.12637],[-75.53723,6.12637],[-75.53724,6.12637],[-75.53724,6.12636],[-75.53725,6.12636],[-75.53726,6.12635],[-75.53727,6.12635],[-75.53729,6.12637],[-75.5373,6.1264],[-75.53734,6.12643],[-75.53746,6.12651],[-75.5376,6.1266],[-75.53768,6.12666],[-75.53776,6.12675],[-75.53783,6.12687],[-75.53788,6.12699],[-75.53789,6.1271],[-75.53792,6.1272],[-75.53798,6.12726],[-75.53805,6.12728],[-75.53811,6.12731],[-75.53815,6.12743],[-75.53824,6.12754],[-75.53835,6.1276],[-75.53843,6.12766],[-75.53856,6.12777],[-75.53858,6.12778],[-75.5386,6.12787],[-75.53859,6.12797],[-75.53858,6.12805],[-75.53862,6.12817],[-75.53869,6.12829],[-75.5388,6.12839],[-75.53897,6.12848],[-75.53908,6.12848],[-75.53917,6.12844],[-75.53932,6.12846],[-75.53937,6.12849],[-75.53931,6.12866],[-75.53932,6.1288],[-75.53938,6.12899],[-75.53953,6.12913],[-75.53958,6.12918],[-75.53973,6.12921],[-75.53982,6.12926],[-75.53985,6.1294],[-75.53984,6.12942],[-75.54003,6.12956],[-75.54003,6.12965],[-75.54004,6.12972],[-75.54004,6.12975],[-75.54006,6.12984],[-75.54009,6.12995],[-75.54013,6.13006],[-75.54018,6.13013],[-75.54023,6.13021],[-75.54021,6.13037],[-75.54025,6.13046],[-75.5403,6.13062],[-75.54031,6.13062],[-75.54032,6.13064],[-75.54033,6.13064],[-75.54035,6.13065],[-75.54037,6.13067],[-75.54039,6.13068],[-75.54039,6.13069],[-75.5404,6.13069],[-75.54041,6.1307],[-75.54042,6.1307],[-75.54043,6.13069],[-75.54044,6.13069],[-75.54047,6.13067],[-75.54049,6.13067],[-75.54052,6.13066],[-75.54056,6.13064],[-75.54063,6.13064],[-75.54065,6.13064],[-75.54067,6.13064],[-75.54068,6.13064],[-75.54069,6.13065],[-75.54072,6.13067],[-75.54076,6.1307],[-75.54078,6.13072],[-75.54085,6.13078],[-75.54097,6.1308],[-75.541,6.13081],[-75.54122,6.13087],[-75.54125,6.13086],[-75.54132,6.13089],[-75.54138,6.13087],[-75.54145,6.1309],[-75.54157,6.13113],[-75.54163,6.13118],[-75.5417,6.13118],[-75.54186,6.13123],[-75.54194,6.13126],[-75.54202,6.13124],[-75.54204,6.13133],[-75.54211,6.13142],[-75.54216,6.13145],[-75.54219,6.13154],[-75.54223,6.13163],[-75.54228,6.13174],[-75.54227,6.13187],[-75.54234,6.13207],[-75.54244,6.13213],[-75.54253,6.1321],[-75.54256,6.13202],[-75.54259,6.13199],[-75.54281,6.13182],[-75.54296,6.13168],[-75.5432,6.13145],[-75.54322,6.13143],[-75.54331,6.13107],[-75.54335,6.13092],[-75.54335,6.13091],[-75.54336,6.13078],[-75.54338,6.13053],[-75.54338,6.13052],[-75.54338,6.1305],[-75.54336,6.1303],[-75.54335,6.13029],[-75.54335,6.13021],[-75.54333,6.13008],[-75.54333,6.13007],[-75.54333,6.13004],[-75.54324,6.12989],[-75.54318,6.12978],[-75.5432,6.12974],[-75.54322,6.12969],[-75.54322,6.12968],[-75.54324,6.12962],[-75.54323,6.12949],[-75.54323,6.12943],[-75.54343,6.1293],[-75.54355,6.12915],[-75.54358,6.12899],[-75.54359,6.12876],[-75.54356,6.12857],[-75.54356,6.12842],[-75.5435,6.12819],[-75.54343,6.128],[-75.5434,6.12794],[-75.54334,6.1278],[-75.54332,6.12772],[-75.54329,6.12766],[-75.54324,6.12761],[-75.54316,6.1276],[-75.54309,6.12761],[-75.54307,6.12759],[-75.54298,6.12753],[-75.54288,6.12749],[-75.54285,6.12747],[-75.54287,6.12745],[-75.54291,6.12737],[-75.54298,6.12733],[-75.54299,6.12727],[-75.54295,6.12718],[-75.54288,6.12703],[-75.54285,6.12683],[-75.54285,6.12682],[-75.54281,6.12662],[-75.54283,6.12654],[-75.54284,6.12652],[-75.5429,6.12587],[-75.54292,6.1257],[-75.54292,6.12567],[-75.54293,6.12554],[-75.54294,6.1255],[-75.54294,6.12545],[-75.54296,6.12533],[-75.54299,6.12522],[-75.54301,6.12515],[-75.54303,6.12509],[-75.54304,6.12507],[-75.54305,6.12502],[-75.54306,6.12502],[-75.54308,6.12502],[-75.54308,6.12501],[-75.54309,6.12501],[-75.54309,6.125],[-75.5431,6.12497],[-75.54311,6.12494],[-75.54313,6.12486],[-75.54314,6.12478],[-75.54314,6.12476],[-75.54315,6.12474],[-75.54316,6.12473],[-75.54317,6.12472],[-75.54318,6.1247],[-75.54318,6.12468],[-75.54318,6.12467],[-75.54318,6.12466],[-75.54319,6.12466],[-75.54319,6.12465],[-75.54319,6.12464],[-75.54321,6.12462],[-75.54324,6.1246],[-75.54325,6.12459],[-75.54326,6.12458],[-75.54335,6.12447],[-75.54334,6.12437],[-75.54333,6.12432],[-75.54328,6.12417],[-75.54327,6.12404],[-75.54327,6.12395],[-75.54327,6.12394],[-75.54317,6.1237],[-75.54317,6.12369],[-75.54316,6.12368],[-75.54315,6.12366],[-75.54314,6.12366],[-75.54306,6.12367],[-75.54297,6.12363],[-75.54295,6.12339],[-75.54294,6.12324],[-75.54298,6.12301],[-75.54301,6.12285],[-75.54312,6.12222],[-75.54312,6.12214],[-75.54312,6.12211],[-75.54314,6.12189],[-75.54314,6.12171],[-75.54314,6.12169],[-75.54314,6.12168],[-75.54314,6.12167],[-75.54313,6.12166],[-75.5431,6.12162],[-75.5431,6.12161],[-75.54309,6.12153],[-75.5431,6.12149],[-75.54311,6.12146],[-75.54314,6.1214],[-75.5431,6.12123],[-75.54304,6.12108],[-75.54304,6.12107],[-75.54304,6.12106],[-75.54303,6.12103],[-75.54303,6.121],[-75.54298,6.12099],[-75.54292,6.12099],[-75.54285,6.121],[-75.54277,6.12102],[-75.54271,6.12104],[-75.54266,6.12096],[-75.54262,6.1208],[-75.54256,6.1206],[-75.54256,6.12036],[-75.54251,6.1202],[-75.54239,6.12016],[-75.54235,6.11995],[-75.54233,6.1196],[-75.54236,6.11923],[-75.5424,6.11905],[-75.54243,6.11892],[-75.54241,6.11877],[-75.54255,6.1186],[-75.54266,6.11856],[-75.5427,6.11855],[-75.54276,6.11839],[-75.5428,6.11811],[-75.54286,6.11783],[-75.54282,6.11767],[-75.54281,6.11766],[-75.5428,6.1176],[-75.54283,6.1175],[-75.54283,6.11749],[-75.54288,6.1173],[-75.54289,6.11723],[-75.54291,6.11699],[-75.54293,6.11682],[-75.54293,6.11679],[-75.54299,6.11649],[-75.54308,6.1163],[-75.54311,6.11623],[-75.54326,6.11604],[-75.54362,6.11594],[-75.54384,6.11584],[-75.54398,6.11574],[-75.54412,6.11559],[-75.54439,6.11564],[-75.54462,6.11555],[-75.54482,6.11559],[-75.54491,6.11562],[-75.54517,6.11556],[-75.54542,6.11558],[-75.5456,6.11559],[-75.54567,6.11558],[-75.54601,6.11535],[-75.54611,6.11527],[-75.54621,6.1152],[-75.54618,6.1151],[-75.54612,6.11494],[-75.546,6.1147],[-75.54624,6.11453],[-75.54638,6.11442],[-75.54647,6.11428],[-75.54649,6.11398],[-75.54647,6.11374],[-75.54653,6.11336],[-75.54661,6.11313],[-75.54666,6.11295],[-75.54669,6.1128],[-75.54669,6.11265],[-75.54672,6.1126],[-75.54678,6.11248],[-75.54685,6.11228],[-75.54697,6.11216],[-75.54694,6.1121],[-75.54695,6.11198],[-75.54696,6.11194],[-75.54694,6.11193],[-75.54683,6.11197],[-75.54677,6.11196],[-75.54658,6.11194],[-75.5466,6.1117],[-75.5466,6.11164],[-75.54672,6.11155],[-75.54679,6.11121],[-75.54695,6.11106],[-75.54706,6.11094],[-75.54714,6.11074],[-75.54723,6.11044],[-75.54725,6.11033],[-75.54727,6.11014],[-75.54732,6.10996],[-75.54766,6.10966],[-75.54772,6.10959],[-75.54787,6.10952],[-75.54797,6.10945],[-75.54813,6.10927],[-75.54833,6.1091],[-75.54853,6.10901],[-75.54861,6.10894],[-75.5487,6.10885],[-75.54878,6.10868],[-75.54879,6.10861],[-75.54882,6.10846],[-75.54899,6.10828],[-75.54895,6.10822],[-75.54889,6.10802],[-75.54901,6.1078],[-75.54905,6.10751],[-75.54909,6.10726],[-75.5491,6.10721],[-75.5491,6.10719],[-75.5492,6.10705],[-75.54941,6.107],[-75.5496,6.10701],[-75.54964,6.10698],[-75.54962,6.10695],[-75.54955,6.10678],[-75.54957,6.10656],[-75.54975,6.10645],[-75.55001,6.10636],[-75.55016,6.10625],[-75.55026,6.10624],[-75.55027,6.10624],[-75.55032,6.10624],[-75.55044,6.1061],[-75.55048,6.10593],[-75.55053,6.10569],[-75.55077,6.1054],[-75.55099,6.10541],[-75.55119,6.10556],[-75.5513,6.1055],[-75.55153,6.10537],[-75.5517,6.10535],[-75.55185,6.10529],[-75.55195,6.10524],[-75.55211,6.10494],[-75.5522,6.10491],[-75.55227,6.10488],[-75.55237,6.10484],[-75.55255,6.10464],[-75.55269,6.10458],[-75.55279,6.10449],[-75.55298,6.10444],[-75.55311,6.10443],[-75.55314,6.10446],[-75.55325,6.10455],[-75.5533,6.10459],[-75.55335,6.10463],[-75.55336,6.10464],[-75.55336,6.10465],[-75.55343,6.10468],[-75.55348,6.1047],[-75.55351,6.10472],[-75.55355,6.10471],[-75.55358,6.10467],[-75.55361,6.10465],[-75.55367,6.1046],[-75.5538,6.10456],[-75.55395,6.10455],[-75.55409,6.10458],[-75.55418,6.10459],[-75.55427,6.10459],[-75.5544,6.10455],[-75.55449,6.10455],[-75.55461,6.10458],[-75.55466,6.10461],[-75.55468,6.10461],[-75.55477,6.1046],[-75.55489,6.10458],[-75.55494,6.10457],[-75.55496,6.10456],[-75.55506,6.10452],[-75.5551,6.10446],[-75.55514,6.1044],[-75.55518,6.10437],[-75.55525,6.10432],[-75.55537,6.10434],[-75.55554,6.10437],[-75.55563,6.10447],[-75.55571,6.10458],[-75.55579,6.10474],[-75.55582,6.10475],[-75.55593,6.10476],[-75.55611,6.10475],[-75.55626,6.10481],[-75.55651,6.10459],[-75.55665,6.10462],[-75.55669,6.10471],[-75.5567,6.10474],[-75.55671,6.10474],[-75.55681,6.10474],[-75.55696,6.10474],[-75.55709,6.10476],[-75.55723,6.10472],[-75.55736,6.10469],[-75.55744,6.10466],[-75.55749,6.10464],[-75.55758,6.10459],[-75.55771,6.10454],[-75.55786,6.10451],[-75.55808,6.10437],[-75.55831,6.10437],[-75.55839,6.10442],[-75.55855,6.10444],[-75.55865,6.10444],[-75.55879,6.10438],[-75.55886,6.10429],[-75.55901,6.10428],[-75.55923,6.10431],[-75.55938,6.10444],[-75.55955,6.10467],[-75.55959,6.10475],[-75.55972,6.10506],[-75.55979,6.1051],[-75.55997,6.10521],[-75.5601,6.10529],[-75.56038,6.10541],[-75.56051,6.10548],[-75.56076,6.10564],[-75.56095,6.10566],[-75.56099,6.10566],[-75.56102,6.10566],[-75.56113,6.10567],[-75.56154,6.10577],[-75.56201,6.10553],[-75.56239,6.10566],[-75.56286,6.1057],[-75.56322,6.10574],[-75.56342,6.10567],[-75.56356,6.10554],[-75.5636,6.10555],[-75.56383,6.10559],[-75.5641,6.10544],[-75.5643,6.10572],[-75.5643,6.10573],[-75.56447,6.10606],[-75.56461,6.10603],[-75.56487,6.10607],[-75.5651,6.10618],[-75.56527,6.10642],[-75.56533,6.10616],[-75.56555,6.10603],[-75.56577,6.10599],[-75.56595,6.10593],[-75.56612,6.10595],[-75.56604,6.10572],[-75.56613,6.10562],[-75.56603,6.10537],[-75.56602,6.10522],[-75.56609,6.10502],[-75.56615,6.10488],[-75.56621,6.10474],[-75.56621,6.10457],[-75.5662,6.10444],[-75.56619,6.10433],[-75.56624,6.10411],[-75.56632,6.10398],[-75.56642,6.10383],[-75.5665,6.10363],[-75.56658,6.10338],[-75.56665,6.10322],[-75.56679,6.10297],[-75.56693,6.10276],[-75.56705,6.10259],[-75.56725,6.1024],[-75.56746,6.10221],[-75.56761,6.10217],[-75.56788,6.10228],[-75.56797,6.10237],[-75.56804,6.10242],[-75.56815,6.10243],[-75.56821,6.10237],[-75.56824,6.1023],[-75.56824,6.10224],[-75.56817,6.10212],[-75.56807,6.10202],[-75.56799,6.10189],[-75.56798,6.10172],[-75.56802,6.10154],[-75.56806,6.1014],[-75.5682,6.10113],[-75.56832,6.10099],[-75.56851,6.10076],[-75.5687,6.10053],[-75.56884,6.10041],[-75.56899,6.10035],[-75.56919,6.10031],[-75.56936,6.10031],[-75.56961,6.10035],[-75.56983,6.10039],[-75.57,6.10043],[-75.57029,6.10055],[-75.57041,6.10062],[-75.57074,6.1007],[-75.57103,6.10078],[-75.57262,6.10122],[-75.57344,6.1022],[-75.57371,6.10274],[-75.57395,6.10306],[-75.57432,6.10368],[-75.57498,6.10482],[-75.57559,6.10609],[-75.57579,6.10646],[-75.5761,6.10689],[-75.57643,6.10724],[-75.57688,6.10758],[-75.57798,6.10821],[-75.57879,6.10862],[-75.57932,6.10896],[-75.57952,6.1091],[-75.57996,6.1094],[-75.58004,6.10945],[-75.58067,6.10977],[-75.58116,6.10992],[-75.58162,6.10999],[-75.58211,6.11003],[-75.58243,6.11002],[-75.58284,6.11002],[-75.58351,6.1101],[-75.58407,6.11016],[-75.58447,6.1102],[-75.58476,6.11028],[-75.58505,6.11043],[-75.58537,6.11067],[-75.58574,6.11094],[-75.5862,6.11122],[-75.58667,6.11144],[-75.58712,6.11157],[-75.58759,6.11168],[-75.58804,6.11176],[-75.58846,6.11181],[-75.58886,6.11188],[-75.58924,6.11194],[-75.58948,6.11202],[-75.58983,6.11225],[-75.59011,6.11253],[-75.59032,6.11273],[-75.59068,6.11387],[-75.59091,6.11454],[-75.59095,6.11492],[-75.59088,6.11541],[-75.59065,6.11602],[-75.5904,6.11651],[-75.59009,6.1171],[-75.5899,6.11755],[-75.58964,6.11816],[-75.58936,6.11898],[-75.58912,6.11958],[-75.58882,6.12035],[-75.58862,6.1209],[-75.58855,6.12129],[-75.58855,6.12165],[-75.5886,6.1221],[-75.58867,6.12271],[-75.58873,6.12326],[-75.58882,6.12377],[-75.58901,6.12449],[-75.58913,6.12512],[-75.58917,6.12542],[-75.58932,6.12582],[-75.58937,6.12611],[-75.58943,6.12674],[-75.58944,6.12738],[-75.58947,6.12768],[-75.58964,6.12799],[-75.58988,6.12828],[-75.59003,6.12843],[-75.5901,6.1285],[-75.59027,6.12863],[-75.59043,6.12873],[-75.59069,6.1289],[-75.59106,6.12928],[-75.59123,6.12965],[-75.59137,6.1301],[-75.5916,6.13053],[-75.59167,6.13066],[-75.59172,6.13076],[-75.59212,6.13166],[-75.59239,6.13243],[-75.5925,6.13307],[-75.59256,6.1337],[-75.59262,6.13427],[-75.59256,6.13497],[-75.5925,6.13571],[-75.5924,6.13637],[-75.59233,6.13687],[-75.59227,6.13713],[-75.59207,6.13754],[-75.59191,6.13789],[-75.59175,6.1382],[-75.59156,6.13855],[-75.59138,6.1389],[-75.59127,6.13944],[-75.59115,6.14007],[-75.59107,6.14075],[-75.59099,6.14145],[-75.59099,6.14175],[-75.59106,6.14206],[-75.59113,6.14237],[-75.59121,6.14278],[-75.59122,6.14282],[-75.59123,6.14314],[-75.59118,6.14342],[-75.59106,6.1437],[-75.59086,6.14396],[-75.59076,6.14412],[-75.59074,6.14431],[-75.5908,6.14459],[-75.59088,6.1447],[-75.59091,6.14474],[-75.59098,6.1448],[-75.59104,6.14485],[-75.59119,6.14493],[-75.59136,6.14499],[-75.59191,6.1451],[-75.59225,6.14514],[-75.5929,6.14521],[-75.59346,6.14525],[-75.59351,6.14525],[-75.59377,6.14527],[-75.59395,6.14526],[-75.59415,6.14524],[-75.5949,6.14517],[-75.59549,6.1451],[-75.59605,6.1451],[-75.59679,6.14521],[-75.59704,6.14529],[-75.59718,6.14544],[-75.5972,6.14562],[-75.59717,6.14583],[-75.59708,6.14598],[-75.5969,6.14619],[-75.59681,6.14637],[-75.59679,6.14659],[-75.59681,6.14688],[-75.59693,6.14722],[-75.59703,6.14738],[-75.5972,6.14762],[-75.59728,6.14787],[-75.59728,6.14812],[-75.59723,6.14827],[-75.59711,6.1484],[-75.59697,6.14844],[-75.59677,6.14841],[-75.59655,6.14839],[-75.59658,6.14844],[-75.59679,6.14874],[-75.59688,6.14888],[-75.59696,6.14899],[-75.59706,6.14923],[-75.59709,6.1494],[-75.5971,6.14949],[-75.59717,6.14967],[-75.5972,6.14971],[-75.59736,6.14998],[-75.59753,6.15016],[-75.59796,6.15061],[-75.59825,6.15093],[-75.59827,6.15096],[-75.59837,6.15116],[-75.59839,6.1512],[-75.59854,6.15175],[-75.59869,6.15215],[-75.59889,6.15248],[-75.59907,6.15266],[-75.59918,6.15273],[-75.59958,6.15297],[-75.59998,6.15317],[-75.60005,6.1532],[-75.6004,6.1533],[-75.60101,6.15341],[-75.60137,6.15351],[-75.60165,6.15361],[-75.60183,6.15368],[-75.602,6.1538],[-75.60217,6.15393],[-75.6022,6.15396],[-75.60239,6.15412],[-75.60246,6.15423],[-75.60254,6.15436],[-75.6026,6.15441],[-75.60284,6.15459],[-75.60307,6.15474],[-75.60311,6.15478],[-75.60323,6.15492],[-75.60338,6.15515],[-75.60343,6.15528],[-75.60345,6.15534],[-75.6035,6.15566],[-75.60357,6.15605],[-75.60356,6.15626],[-75.6036,6.15645],[-75.60364,6.15661],[-75.60367,6.15671],[-75.6037,6.15681],[-75.60375,6.15697],[-75.60382,6.15712],[-75.6039,6.15728],[-75.60406,6.15749],[-75.60439,6.1577],[-75.60422,6.15796],[-75.60399,6.15833],[-75.60395,6.15839],[-75.60373,6.15875],[-75.60369,6.15883],[-75.60361,6.15895],[-75.60335,6.15933],[-75.6032,6.15953],[-75.60307,6.15961],[-75.60286,6.1597],[-75.60259,6.15981],[-75.60234,6.1599],[-75.6021,6.16004],[-75.60196,6.16012],[-75.60205,6.16021],[-75.60209,6.16024],[-75.60239,6.16053],[-75.6027,6.16082],[-75.603,6.16111],[-75.60307,6.16117],[-75.60341,6.16148],[-75.60406,6.16211],[-75.60412,6.16216],[-75.60461,6.16263],[-75.60472,6.16277],[-75.60496,6.16304],[-75.6051,6.16321],[-75.6046,6.16353],[-75.60455,6.16356],[-75.60441,6.16369],[-75.60438,6.16372],[-75.6042,6.16388],[-75.60415,6.16393],[-75.60389,6.16425],[-75.60382,6.16433],[-75.60357,6.1649],[-75.60355,6.16495],[-75.60323,6.16601],[-75.60295,6.16703],[-75.6027,6.16799],[-75.60269,6.16803],[-75.60258,6.16855],[-75.60249,6.16918],[-75.60237,6.16959],[-75.6021,6.17018],[-75.60161,6.17077],[-75.60103,6.17139],[-75.6007,6.17172],[-75.60054,6.17187],[-75.59997,6.17231],[-75.59986,6.1724],[-75.59962,6.17258],[-75.59934,6.17279],[-75.59922,6.17287],[-75.59863,6.1733],[-75.59836,6.17348],[-75.59786,6.17381],[-75.59648,6.17484],[-75.59557,6.17554],[-75.59441,6.17663],[-75.59439,6.17665],[-75.5941,6.17686],[-75.59397,6.17696],[-75.59373,6.17714],[-75.59307,6.17768],[-75.59301,6.17772],[-75.59296,6.17779],[-75.59254,6.17829],[-75.59248,6.17836],[-75.59204,6.17901],[-75.59132,6.18009],[-75.59074,6.18111],[-75.59039,6.18158],[-75.59028,6.18176],[-75.58961,6.18284],[-75.58955,6.18294],[-75.58923,6.18342],[-75.58918,6.18349],[-75.58916,6.18352],[-75.58885,6.18388],[-75.58872,6.18404],[-75.58865,6.18411],[-75.58818,6.18455],[-75.58763,6.18508],[-75.58718,6.18546],[-75.58643,6.18605],[-75.5856,6.18662],[-75.58498,6.18703],[-75.58486,6.18714],[-75.58422,6.1877],[-75.58381,6.18814],[-75.58376,6.18818],[-75.58372,6.18827],[-75.58346,6.18872],[-75.58343,6.18877],[-75.58341,6.18875],[-75.58327,6.18855],[-75.58307,6.18826],[-75.58295,6.18809],[-75.58286,6.18801],[-75.5827,6.18794],[-75.58252,6.18792],[-75.58232,6.18789],[-75.58214,6.18784],[-75.58197,6.18774],[-75.58183,6.18763],[-75.58165,6.18747],[-75.58147,6.18738],[-75.5813,6.18732],[-75.58107,6.18719],[-75.58085,6.18701],[-75.58067,6.18681],[-75.58052,6.18659],[-75.58032,6.18629],[-75.5802,6.18609],[-75.5801,6.18587],[-75.58004,6.18567],[-75.57999,6.18538],[-75.57997,6.18516],[-75.57995,6.18491],[-75.57992,6.18468],[-75.57989,6.18445],[-75.57987,6.18424],[-75.57983,6.18406],[-75.57972,6.18391],[-75.57957,6.18379],[-75.57934,6.18371],[-75.57911,6.18364],[-75.5788,6.18355],[-75.57837,6.18333],[-75.57805,6.18307],[-75.57774,6.18276],[-75.57747,6.18258],[-75.57719,6.18245],[-75.5768,6.18231],[-75.57657,6.18225],[-75.57635,6.18215],[-75.5761,6.18202],[-75.57586,6.18187],[-75.57541,6.18167],[-75.57493,6.18153],[-75.5744,6.18134],[-75.57384,6.18115],[-75.57333,6.18093],[-75.57291,6.18067],[-75.57255,6.18048],[-75.57222,6.18031],[-75.57199,6.18023],[-75.57171,6.18017],[-75.57143,6.18017],[-75.57118,6.18024],[-75.57074,6.18045],[-75.57044,6.18055],[-75.57012,6.18057],[-75.56983,6.18057],[-75.56945,6.1805],[-75.56906,6.18034],[-75.56857,6.18017],[-75.56833,6.18014],[-75.56801,6.18017],[-75.56766,6.18031],[-75.5674,6.18038],[-75.56705,6.18031],[-75.56679,6.18024],[-75.56655,6.18014],[-75.56638,6.17996],[-75.56623,6.17966],[-75.56606,6.17947],[-75.56577,6.17932],[-75.5655,6.17929],[-75.56521,6.17929],[-75.56488,6.17924],[-75.5646,6.17915],[-75.5643,6.17901],[-75.56408,6.17887],[-75.56392,6.17881],[-75.56376,6.17877],[-75.56348,6.17876],[-75.56323,6.17873],[-75.56299,6.17864],[-75.56272,6.17845],[-75.56248,6.17817],[-75.56208,6.17788],[-75.56175,6.17763],[-75.56129,6.1774],[-75.56074,6.1772],[-75.56012,6.17704],[-75.55987,6.177],[-75.55955,6.177],[-75.55889,6.17706],[-75.55876,6.17706],[-75.55769,6.17695],[-75.55661,6.17702],[-75.55548,6.17722],[-75.55453,6.17723],[-75.55339,6.17686],[-75.55256,6.17642],[-75.55161,6.1763],[-75.55071,6.17598],[-75.55064,6.17598],[-75.55059,6.17598],[-75.55047,6.17596],[-75.55036,6.17591],[-75.55032,6.17589],[-75.55019,6.17586],[-75.55016,6.17585],[-75.55012,6.17584],[-75.55,6.17579],[-75.5499,6.17576],[-75.54978,6.17571],[-75.54973,6.17569],[-75.54962,6.17571],[-75.54951,6.17569],[-75.5494,6.17567],[-75.54936,6.17567],[-75.54929,6.17567],[-75.54917,6.17565],[-75.54907,6.17562],[-75.54897,6.17557],[-75.54891,6.17555],[-75.54879,6.17555],[-75.54873,6.17554],[-75.54863,6.17548],[-75.54855,6.17544],[-75.54843,6.17541],[-75.54831,6.1754],[-75.54826,6.1754],[-75.5482,6.17541],[-75.548,6.17537],[-75.54782,6.17533],[-75.5476,6.17527],[-75.54742,6.1752],[-75.54728,6.1752],[-75.54717,6.17511],[-75.54707,6.17502],[-75.54701,6.17495],[-75.54693,6.17489],[-75.54683,6.17483],[-75.54678,6.17481],[-75.54674,6.17482],[-75.5467,6.17484],[-75.54661,6.17488],[-75.54653,6.17489],[-75.54647,6.17489],[-75.54637,6.17488],[-75.54626,6.17487],[-75.5462,6.17485],[-75.54607,6.1748],[-75.54604,6.17479],[-75.54595,6.17475],[-75.54575,6.17468],[-75.54552,6.17457],[-75.5452,6.17442],[-75.54496,6.17423],[-75.54478,6.17406],[-75.54464,6.17391],[-75.54429,6.17359],[-75.54408,6.17311],[-75.54406,6.17294],[-75.54375,6.17269],[-75.54343,6.1726],[-75.54304,6.17265],[-75.54267,6.17261],[-75.5423,6.17259],[-75.54192,6.17243],[-75.54161,6.17225],[-75.5413,6.17218],[-75.54099,6.17199],[-75.54071,6.17055],[-75.54056,6.17052],[-75.54037,6.17047],[-75.54022,6.17042],[-75.54005,6.17039],[-75.53999,6.1704],[-75.53977,6.1704],[-75.53951,6.17048],[-75.53931,6.17058],[-75.53895,6.17072],[-75.53836,6.171],[-75.53815,6.1711],[-75.53796,6.1712],[-75.5375,6.17137],[-75.53744,6.17157],[-75.53732,6.17171],[-75.53714,6.17178],[-75.53695,6.17179],[-75.53674,6.17177],[-75.53646,6.17179],[-75.53618,6.17185],[-75.53593,6.1721],[-75.53576,6.17237],[-75.53562,6.17269],[-75.53559,6.17295],[-75.53559,6.17299],[-75.53551,6.17329],[-75.53535,6.17361],[-75.53534,6.17363],[-75.53506,6.1741],[-75.53484,6.17435],[-75.53455,6.17456],[-75.53435,6.17468],[-75.53428,6.17473],[-75.53428,6.1747],[-75.53392,6.17492],[-75.53381,6.17498],[-75.53348,6.17517],[-75.53309,6.1754],[-75.53266,6.17564],[-75.53245,6.17577],[-75.53237,6.17581],[-75.532,6.17603],[-75.53166,6.17623],[-75.53147,6.17633],[-75.53119,6.17646],[-75.53099,6.17655],[-75.53092,6.17661],[-75.53075,6.17675],[-75.53072,6.17682],[-75.53082,6.17691],[-75.53106,6.17708],[-75.53123,6.17722],[-75.53126,6.17725],[-75.53163,6.17754],[-75.53178,6.17761],[-75.53191,6.17765],[-75.53211,6.17771],[-75.53234,6.17775],[-75.53245,6.17778],[-75.53253,6.17781],[-75.53274,6.1779],[-75.5328,6.17793],[-75.53283,6.17794],[-75.5328,6.17797],[-75.53272,6.17806],[-75.53268,6.17815],[-75.53262,6.1783],[-75.53251,6.17861],[-75.53243,6.17879],[-75.53235,6.17894],[-75.53232,6.17899],[-75.53231,6.17901],[-75.53224,6.17915],[-75.5322,6.17937],[-75.53205,6.17986],[-75.53165,6.18064],[-75.53134,6.18097],[-75.53128,6.18101],[-75.53115,6.18111],[-75.53084,6.18136],[-75.53052,6.18162],[-75.53044,6.18172],[-75.53046,6.18205],[-75.53048,6.18237],[-75.53058,6.18283],[-75.5307,6.18324],[-75.53071,6.18341],[-75.53111,6.1836],[-75.53106,6.18382],[-75.53096,6.18398],[-75.53084,6.18422],[-75.53081,6.18444],[-75.53079,6.18454],[-75.53079,6.18458],[-75.53069,6.18483],[-75.53071,6.18503],[-75.53071,6.18517],[-75.53068,6.18539],[-75.5306,6.18564],[-75.53051,6.18589],[-75.53037,6.18619],[-75.53016,6.1866],[-75.53008,6.18686],[-75.53015,6.1871],[-75.53036,6.18725],[-75.53061,6.18754],[-75.53068,6.18778],[-75.53066,6.18809],[-75.53063,6.18847],[-75.53066,6.18883],[-75.53079,6.18932],[-75.53079,6.1895],[-75.53081,6.18984],[-75.53081,6.1903],[-75.53081,6.19106],[-75.53081,6.19137],[-75.53078,6.19219],[-75.53069,6.19279],[-75.53058,6.19364],[-75.53047,6.19411],[-75.53029,6.19455],[-75.53013,6.19481],[-75.53012,6.19499],[-75.53024,6.19517],[-75.5305,6.19541],[-75.53084,6.19561],[-75.53105,6.1958],[-75.53135,6.19602],[-75.53159,6.19622],[-75.53173,6.19649],[-75.53197,6.19687],[-75.53219,6.19708],[-75.5322,6.19731],[-75.53236,6.19756],[-75.53251,6.19781],[-75.53244,6.19795],[-75.53231,6.19796],[-75.53178,6.19788],[-75.53148,6.19781],[-75.53112,6.19775],[-75.5308,6.19767],[-75.53045,6.19751],[-75.53015,6.19734],[-75.52964,6.19721],[-75.5293,6.19717],[-75.52898,6.19711],[-75.52854,6.19698],[-75.52808,6.19686],[-75.52758,6.19672],[-75.5271,6.19667],[-75.52682,6.19659],[-75.52651,6.19632],[-75.52602,6.19607]]]]}},{"type":"Feature","properties":{"MpNombre":"Itagüí","MpCodigo":"05360","centroid":[6.17937,-75.61423]},"geometry":{"type":"MultiPolygon","coordinates":[[[[-75.60016,6.20021],[-75.5999,6.20013],[-75.59964,6.19999],[-75.59926,6.19991],[-75.59895,6.20005],[-75.59872,6.20004],[-75.59857,6.19991],[-75.59802,6.19954],[-75.59763,6.19939],[-75.5972,6.1993],[-75.59651,6.19918],[-75.59651,6.19907],[-75.59651,6.19872],[-75.59657,6.19801],[-75.59454,6.1969],[-75.59433,6.19683],[-75.59398,6.19627],[-75.59347,6.19612],[-75.59304,6.1961],[-75.59295,6.19645],[-75.59232,6.1965],[-75.59227,6.19617],[-75.59221,6.19572],[-75.59217,6.19535],[-75.59209,6.19485],[-75.59198,6.19422],[-75.59192,6.19387],[-75.59183,6.19326],[-75.5918,6.19308],[-75.59141,6.19304],[-75.59109,6.19301],[-75.59105,6.1934],[-75.58998,6.19396],[-75.58918,6.19438],[-75.58865,6.19466],[-75.58785,6.19509],[-75.58781,6.1952],[-75.58725,6.19677],[-75.58714,6.19677],[-75.58693,6.19675],[-75.58661,6.19667],[-75.586,6.19654],[-75.58542,6.19638],[-75.58485,6.19622],[-75.58439,6.1961],[-75.58383,6.19591],[-75.58332,6.19572],[-75.5831,6.19562],[-75.58296,6.19578],[-75.58283,6.19589],[-75.58264,6.196],[-75.58245,6.19606],[-75.58223,6.19617],[-75.58201,6.19625],[-75.58184,6.19634],[-75.58167,6.19639],[-75.58149,6.19639],[-75.58113,6.19639],[-75.58134,6.19579],[-75.5816,6.19502],[-75.58191,6.19437],[-75.58204,6.19395],[-75.58216,6.19349],[-75.58223,6.19319],[-75.58231,6.19283],[-75.58257,6.19184],[-75.58285,6.19065],[-75.58295,6.19021],[-75.58315,6.18946],[-75.58328,6.18913],[-75.58336,6.18892],[-75.58343,6.18877],[-75.58346,6.18872],[-75.58372,6.18827],[-75.58376,6.18818],[-75.58381,6.18814],[-75.58422,6.1877],[-75.58486,6.18714],[-75.58498,6.18703],[-75.5856,6.18662],[-75.58643,6.18605],[-75.58718,6.18546],[-75.58763,6.18508],[-75.58818,6.18455],[-75.58865,6.18411],[-75.58872,6.18404],[-75.58885,6.18388],[-75.58916,6.18352],[-75.58918,6.18349],[-75.58923,6.18342],[-75.58955,6.18294],[-75.58961,6.18284],[-75.59028,6.18176],[-75.59039,6.18158],[-75.59074,6.18111],[-75.59132,6.18009],[-75.59204,6.17901],[-75.59248,6.17836],[-75.59254,6.17829],[-75.59296,6.17779],[-75.59301,6.17772],[-75.59307,6.17768],[-75.59373,6.17714],[-75.59397,6.17696],[-75.5941,6.17686],[-75.59439,6.17665],[-75.59441,6.17663],[-75.59557,6.17554],[-75.59648,6.17484],[-75.59786,6.17381],[-75.59836,6.17348],[-75.59863,6.1733],[-75.59922,6.17287],[-75.59934,6.17279],[-75.59962,6.17258],[-75.59986,6.1724],[-75.59997,6.17231],[-75.60054,6.17187],[-75.6007,6.17172],[-75.60103,6.17139],[-75.60161,6.17077],[-75.6021,6.17018],[-75.60237,6.16959],[-75.60249,6.16918],[-75.60258,6.16855],[-75.60269,6.16803],[-75.6027,6.16799],[-75.60295,6.16703],[-75.60323,6.16601],[-75.60355,6.16495],[-75.60357,6.1649],[-75.60382,6.16433],[-75.60389,6.16425],[-75.60415,6.16393],[-75.6042,6.16388],[-75.60438,6.16372],[-75.60441,6.16369],[-75.60455,6.16356],[-75.6046,6.16353],[-75.6051,6.16321],[-75.60523,6.16313],[-75.6057,6.16286],[-75.60623,6.16264],[-75.60659,6.16251],[-75.60686,6.1624],[-75.60717,6.16232],[-75.60746,6.16225],[-75.60768,6.16217],[-75.60798,6.16208],[-75.60822,6.16204],[-75.60843,6.16205],[-75.60868,6.1621],[-75.60898,6.16218],[-75.60919,6.16222],[-75.60948,6.16219],[-75.60984,6.1621],[-75.61011,6.16201],[-75.61032,6.16193],[-75.61074,6.16182],[-75.61102,6.16171],[-75.61122,6.1616],[-75.61146,6.16142],[-75.6117,6.16118],[-75.61197,6.16085],[-75.61222,6.16065],[-75.6124,6.16055],[-75.61265,6.16046],[-75.61287,6.16042],[-75.61314,6.16037],[-75.61345,6.16027],[-75.61373,6.16014],[-75.61394,6.16],[-75.61431,6.15967],[-75.61459,6.15943],[-75.61478,6.15936],[-75.6153,6.15917],[-75.61568,6.15894],[-75.61608,6.1586],[-75.61658,6.15806],[-75.61697,6.1576],[-75.6174,6.15714],[-75.61766,6.1569],[-75.61791,6.15678],[-75.61812,6.15672],[-75.61834,6.15668],[-75.61872,6.15668],[-75.61914,6.15666],[-75.61951,6.1566],[-75.61976,6.1565],[-75.62005,6.15638],[-75.6203,6.15627],[-75.6205,6.1562],[-75.62068,6.15617],[-75.62106,6.15615],[-75.62156,6.1561],[-75.622,6.156],[-75.62234,6.15592],[-75.62259,6.15583],[-75.62287,6.15564],[-75.62314,6.15531],[-75.62339,6.15497],[-75.62368,6.15458],[-75.62408,6.15419],[-75.62435,6.15403],[-75.62441,6.15412],[-75.62451,6.15407],[-75.62454,6.15409],[-75.62493,6.1546],[-75.62499,6.15467],[-75.62509,6.15483],[-75.6252,6.15503],[-75.62524,6.15518],[-75.62527,6.15537],[-75.62535,6.15535],[-75.62533,6.15558],[-75.62529,6.15625],[-75.62538,6.1564],[-75.62559,6.15673],[-75.6255,6.15722],[-75.62548,6.15731],[-75.62541,6.15766],[-75.62532,6.15812],[-75.6253,6.15822],[-75.62517,6.15816],[-75.62514,6.15827],[-75.62512,6.15832],[-75.62509,6.15841],[-75.6252,6.15847],[-75.62521,6.15845],[-75.62524,6.15835],[-75.62527,6.15836],[-75.6253,6.15836],[-75.62533,6.15838],[-75.62531,6.15849],[-75.62534,6.15851],[-75.62533,6.15858],[-75.62532,6.1586],[-75.62529,6.15869],[-75.62526,6.15877],[-75.62531,6.1588],[-75.62527,6.1589],[-75.62525,6.15895],[-75.62522,6.15904],[-75.62525,6.15906],[-75.62522,6.15915],[-75.62531,6.15918],[-75.62529,6.15926],[-75.62524,6.15937],[-75.62522,6.15945],[-75.62519,6.15958],[-75.62518,6.15965],[-75.62512,6.15995],[-75.62507,6.15998],[-75.62509,6.16004],[-75.6251,6.16007],[-75.62507,6.16008],[-75.62505,6.16009],[-75.62508,6.16016],[-75.625,6.16025],[-75.62501,6.16028],[-75.62504,6.16033],[-75.62501,6.16035],[-75.62499,6.16036],[-75.62501,6.16041],[-75.62502,6.16045],[-75.62495,6.16053],[-75.62496,6.16057],[-75.62497,6.16063],[-75.62494,6.16065],[-75.62497,6.16072],[-75.625,6.1608],[-75.6252,6.16082],[-75.62524,6.16082],[-75.62527,6.16081],[-75.6253,6.1608],[-75.62534,6.1608],[-75.62541,6.16079],[-75.62546,6.16077],[-75.6256,6.16077],[-75.62566,6.16076],[-75.6257,6.16077],[-75.62577,6.16077],[-75.6258,6.16077],[-75.62583,6.16077],[-75.6259,6.16076],[-75.62594,6.16076],[-75.62599,6.16076],[-75.62604,6.16076],[-75.62612,6.16075],[-75.62666,6.16074],[-75.6272,6.16051],[-75.62753,6.16034],[-75.62758,6.16031],[-75.62761,6.1603],[-75.62767,6.16029],[-75.62772,6.16029],[-75.6278,6.16029],[-75.62788,6.1603],[-75.62792,6.16031],[-75.62813,6.16039],[-75.62827,6.16045],[-75.62855,6.16055],[-75.62887,6.16068],[-75.62895,6.1607],[-75.62918,6.1608],[-75.62951,6.16093],[-75.62958,6.16094],[-75.62991,6.16092],[-75.6303,6.16091],[-75.63043,6.16094],[-75.63059,6.16099],[-75.63092,6.16111],[-75.63108,6.16116],[-75.63121,6.16116],[-75.63129,6.16114],[-75.63141,6.16111],[-75.6319,6.16081],[-75.63199,6.16078],[-75.63208,6.16078],[-75.63215,6.1608],[-75.63261,6.16097],[-75.63305,6.16112],[-75.6332,6.16117],[-75.63336,6.16123],[-75.63353,6.16128],[-75.63375,6.16136],[-75.63389,6.16143],[-75.63434,6.16162],[-75.63468,6.16177],[-75.635,6.16191],[-75.63528,6.16204],[-75.63551,6.16214],[-75.6356,6.16218],[-75.63566,6.16225],[-75.63568,6.16227],[-75.63567,6.16232],[-75.63565,6.16238],[-75.6356,6.16253],[-75.63557,6.16263],[-75.63555,6.16273],[-75.63549,6.16288],[-75.63547,6.16291],[-75.63554,6.16305],[-75.63566,6.16311],[-75.63571,6.16314],[-75.63573,6.16314],[-75.63589,6.16319],[-75.63602,6.16319],[-75.63605,6.1632],[-75.63608,6.1632],[-75.63611,6.16323],[-75.63613,6.16327],[-75.63616,6.16334],[-75.63618,6.1634],[-75.63622,6.16346],[-75.63623,6.16349],[-75.63625,6.16355],[-75.63625,6.16377],[-75.63625,6.16403],[-75.63623,6.16407],[-75.63621,6.1641],[-75.63618,6.16412],[-75.63606,6.16414],[-75.63609,6.16423],[-75.6361,6.16429],[-75.63609,6.16432],[-75.63612,6.16437],[-75.63616,6.16439],[-75.63628,6.16425],[-75.63637,6.16426],[-75.63646,6.16426],[-75.63655,6.16427],[-75.63669,6.16423],[-75.63683,6.16417],[-75.6369,6.16413],[-75.63694,6.16409],[-75.63696,6.16405],[-75.637,6.16404],[-75.63704,6.16399],[-75.63708,6.16395],[-75.63715,6.16395],[-75.63731,6.16397],[-75.63743,6.16396],[-75.63749,6.16395],[-75.6376,6.16395],[-75.63767,6.16395],[-75.63782,6.16392],[-75.63796,6.16389],[-75.63808,6.16385],[-75.63819,6.16383],[-75.6383,6.16382],[-75.63843,6.16383],[-75.63866,6.1638],[-75.63888,6.16379],[-75.6391,6.16382],[-75.63923,6.16394],[-75.63929,6.16405],[-75.63935,6.16414],[-75.63939,6.16419],[-75.63948,6.16434],[-75.6395,6.16436],[-75.63957,6.1644],[-75.63965,6.16442],[-75.6397,6.16442],[-75.63976,6.16439],[-75.63986,6.16434],[-75.63994,6.16432],[-75.63999,6.1643],[-75.64006,6.16428],[-75.64012,6.16426],[-75.64017,6.16425],[-75.64021,6.16424],[-75.64027,6.16421],[-75.64031,6.16422],[-75.64044,6.16432],[-75.64068,6.16447],[-75.64079,6.16453],[-75.64081,6.16454],[-75.64086,6.16455],[-75.6409,6.16453],[-75.64093,6.16452],[-75.641,6.16448],[-75.64111,6.16442],[-75.64121,6.16439],[-75.64131,6.16438],[-75.64142,6.16441],[-75.64159,6.16442],[-75.64175,6.16443],[-75.64197,6.16446],[-75.64205,6.16446],[-75.64217,6.16444],[-75.64249,6.16443],[-75.64271,6.1645],[-75.64289,6.16452],[-75.64299,6.16454],[-75.64302,6.16454],[-75.64309,6.16454],[-75.64314,6.16456],[-75.64317,6.16457],[-75.64332,6.16461],[-75.64336,6.16463],[-75.64337,6.16468],[-75.64339,6.16476],[-75.64341,6.1648],[-75.64346,6.16489],[-75.64349,6.16493],[-75.64353,6.16495],[-75.64357,6.16496],[-75.6436,6.16497],[-75.64364,6.16497],[-75.64381,6.16505],[-75.64384,6.16507],[-75.64384,6.16511],[-75.64387,6.16511],[-75.64389,6.1651],[-75.64394,6.1651],[-75.64431,6.16569],[-75.64491,6.16562],[-75.64535,6.16558],[-75.64542,6.16557],[-75.64546,6.16581],[-75.64551,6.16607],[-75.64556,6.16632],[-75.64563,6.16656],[-75.64569,6.16685],[-75.6457,6.16695],[-75.64571,6.16715],[-75.64575,6.1674],[-75.64577,6.16759],[-75.64578,6.16769],[-75.6458,6.16788],[-75.64581,6.16792],[-75.64583,6.16798],[-75.64583,6.16801],[-75.64585,6.16811],[-75.64588,6.16826],[-75.64591,6.16838],[-75.64597,6.16845],[-75.64604,6.16852],[-75.6461,6.16857],[-75.64616,6.16863],[-75.64621,6.16869],[-75.64619,6.16884],[-75.64618,6.16888],[-75.64607,6.16906],[-75.64601,6.16923],[-75.64602,6.16937],[-75.64606,6.16965],[-75.6461,6.16991],[-75.64614,6.16996],[-75.64684,6.16995],[-75.64689,6.16993],[-75.6469,6.17],[-75.6471,6.1704],[-75.64732,6.17074],[-75.64747,6.17097],[-75.64757,6.17127],[-75.64764,6.1715],[-75.64764,6.17152],[-75.64761,6.17152],[-75.64759,6.17152],[-75.64756,6.17152],[-75.64753,6.17152],[-75.64749,6.17151],[-75.64738,6.17149],[-75.64728,6.17146],[-75.64717,6.17144],[-75.64705,6.17142],[-75.6468,6.17142],[-75.6466,6.17142],[-75.64651,6.17143],[-75.64641,6.17145],[-75.64623,6.17148],[-75.64603,6.17152],[-75.64591,6.17154],[-75.64583,6.17155],[-75.64566,6.17157],[-75.6455,6.17158],[-75.64538,6.1716],[-75.64514,6.17164],[-75.64496,6.17168],[-75.64476,6.1717],[-75.64458,6.1717],[-75.64441,6.17169],[-75.64427,6.17167],[-75.64419,6.17163],[-75.64412,6.17157],[-75.64406,6.17154],[-75.64397,6.1715],[-75.64387,6.1715],[-75.64379,6.17149],[-75.64373,6.17151],[-75.6437,6.17154],[-75.64366,6.17161],[-75.64364,6.17164],[-75.6436,6.1717],[-75.64355,6.17176],[-75.64351,6.17179],[-75.64347,6.17182],[-75.6434,6.17184],[-75.64327,6.17186],[-75.64308,6.17189],[-75.64288,6.17193],[-75.64276,6.17198],[-75.6426,6.17206],[-75.64225,6.17226],[-75.6419,6.17244],[-75.64166,6.17256],[-75.6415,6.17263],[-75.6414,6.17267],[-75.64134,6.17269],[-75.64122,6.17271],[-75.64111,6.17273],[-75.641,6.17273],[-75.64076,6.17274],[-75.64058,6.17274],[-75.64043,6.17275],[-75.64031,6.17279],[-75.64013,6.17285],[-75.63955,6.17307],[-75.63922,6.17319],[-75.63889,6.17333],[-75.63866,6.17344],[-75.63844,6.17353],[-75.63822,6.17359],[-75.63798,6.17367],[-75.63785,6.17372],[-75.63773,6.17378],[-75.63758,6.17391],[-75.63742,6.17405],[-75.63734,6.17413],[-75.63728,6.17418],[-75.63724,6.17421],[-75.63719,6.17424],[-75.63716,6.17425],[-75.6371,6.17426],[-75.63704,6.17427],[-75.63697,6.17426],[-75.63691,6.17425],[-75.63687,6.17423],[-75.63685,6.17421],[-75.63682,6.17416],[-75.63679,6.17412],[-75.63676,6.17412],[-75.63673,6.17412],[-75.63669,6.17412],[-75.63666,6.17414],[-75.63662,6.17416],[-75.63657,6.17419],[-75.63652,6.17422],[-75.63648,6.17425],[-75.63642,6.17428],[-75.63638,6.17429],[-75.63623,6.17429],[-75.63609,6.17429],[-75.63605,6.1743],[-75.63601,6.17431],[-75.63599,6.17434],[-75.63596,6.17437],[-75.63591,6.17444],[-75.63584,6.17463],[-75.6358,6.17472],[-75.63575,6.17481],[-75.63569,6.17489],[-75.63562,6.17496],[-75.63556,6.17502],[-75.63548,6.17508],[-75.63536,6.17515],[-75.63525,6.17521],[-75.63512,6.17525],[-75.63503,6.1753],[-75.63496,6.17535],[-75.63492,6.17541],[-75.63488,6.1755],[-75.63485,6.1756],[-75.63482,6.17566],[-75.63478,6.1757],[-75.63475,6.17574],[-75.6347,6.17578],[-75.63466,6.17581],[-75.63466,6.17585],[-75.63468,6.17587],[-75.63478,6.17593],[-75.63483,6.17596],[-75.63488,6.17599],[-75.63494,6.17605],[-75.63497,6.17612],[-75.63502,6.1762],[-75.63506,6.17627],[-75.63514,6.17639],[-75.63521,6.1765],[-75.63524,6.17655],[-75.63527,6.17662],[-75.63529,6.17668],[-75.63531,6.17674],[-75.63531,6.17688],[-75.63533,6.17706],[-75.63532,6.17717],[-75.63533,6.17725],[-75.63537,6.17733],[-75.63541,6.1774],[-75.63546,6.17748],[-75.63552,6.17752],[-75.63561,6.17758],[-75.6357,6.17761],[-75.63579,6.17764],[-75.63587,6.17769],[-75.63594,6.17774],[-75.63607,6.17786],[-75.63619,6.17801],[-75.63628,6.17815],[-75.63634,6.17827],[-75.63639,6.1784],[-75.63642,6.17847],[-75.63642,6.17859],[-75.63645,6.17875],[-75.6365,6.17899],[-75.63655,6.17919],[-75.6366,6.17939],[-75.63666,6.17961],[-75.63671,6.17978],[-75.6368,6.1799],[-75.63685,6.17998],[-75.63693,6.18006],[-75.63698,6.1801],[-75.63703,6.18015],[-75.63705,6.18019],[-75.63705,6.18025],[-75.63703,6.18031],[-75.63699,6.18037],[-75.63693,6.18049],[-75.63681,6.1806],[-75.6365,6.18078],[-75.63626,6.1809],[-75.63611,6.18101],[-75.63581,6.18127],[-75.63555,6.18151],[-75.63536,6.18172],[-75.63522,6.18188],[-75.63517,6.18197],[-75.63511,6.18209],[-75.63508,6.1822],[-75.63501,6.18246],[-75.63495,6.18279],[-75.63492,6.18295],[-75.63489,6.18305],[-75.63484,6.18316],[-75.63479,6.18324],[-75.63474,6.18333],[-75.63465,6.18345],[-75.63454,6.18352],[-75.63441,6.1836],[-75.63426,6.18366],[-75.63413,6.18372],[-75.63398,6.18378],[-75.63388,6.18385],[-75.63376,6.18395],[-75.63355,6.18414],[-75.63333,6.18436],[-75.63306,6.18465],[-75.63282,6.18491],[-75.63249,6.18525],[-75.63224,6.18545],[-75.63206,6.18559],[-75.63188,6.18571],[-75.6317,6.18581],[-75.63151,6.18587],[-75.63129,6.18592],[-75.63115,6.18594],[-75.63105,6.18598],[-75.6309,6.18606],[-75.63078,6.18611],[-75.63069,6.18616],[-75.63055,6.18617],[-75.6304,6.18618],[-75.63029,6.18616],[-75.63022,6.18613],[-75.63016,6.18609],[-75.63011,6.18607],[-75.63005,6.18605],[-75.62992,6.18604],[-75.62984,6.18604],[-75.62974,6.18608],[-75.62961,6.18623],[-75.62945,6.18638],[-75.62933,6.18651],[-75.62919,6.18672],[-75.6291,6.1869],[-75.629,6.18709],[-75.62893,6.18738],[-75.62883,6.18765],[-75.62871,6.18794],[-75.6286,6.1882],[-75.6285,6.18841],[-75.62839,6.18866],[-75.62836,6.18873],[-75.62832,6.18877],[-75.62827,6.18881],[-75.62822,6.18882],[-75.62818,6.18882],[-75.62812,6.18879],[-75.62808,6.18874],[-75.62799,6.18866],[-75.62787,6.18859],[-75.62778,6.18852],[-75.62768,6.18845],[-75.62755,6.18838],[-75.62742,6.18833],[-75.62731,6.18831],[-75.62718,6.18832],[-75.62713,6.18837],[-75.62712,6.18845],[-75.62716,6.18863],[-75.62726,6.18885],[-75.62731,6.18896],[-75.62735,6.18909],[-75.62735,6.18923],[-75.62734,6.18939],[-75.62734,6.1895],[-75.62733,6.18964],[-75.62731,6.18976],[-75.62729,6.18988],[-75.62726,6.19001],[-75.62722,6.19017],[-75.62718,6.19033],[-75.62716,6.19048],[-75.62714,6.19058],[-75.62712,6.19071],[-75.6271,6.191],[-75.62711,6.19123],[-75.62715,6.19147],[-75.62719,6.19175],[-75.62726,6.19194],[-75.62733,6.1921],[-75.62742,6.19224],[-75.62753,6.19237],[-75.62768,6.19248],[-75.62788,6.19263],[-75.62811,6.1928],[-75.62831,6.19296],[-75.62857,6.19316],[-75.62871,6.19333],[-75.62883,6.19345],[-75.62892,6.19366],[-75.62901,6.19385],[-75.62906,6.19401],[-75.62912,6.1944],[-75.62914,6.19471],[-75.62917,6.19489],[-75.62921,6.1951],[-75.62927,6.19533],[-75.62933,6.19557],[-75.62941,6.19579],[-75.62952,6.1961],[-75.62954,6.19616],[-75.62952,6.19623],[-75.62949,6.19628],[-75.62936,6.19635],[-75.62912,6.19641],[-75.62891,6.19646],[-75.62873,6.19649],[-75.62853,6.19652],[-75.62826,6.19654],[-75.62797,6.19656],[-75.62777,6.19659],[-75.62769,6.19663],[-75.62752,6.19669],[-75.62736,6.19675],[-75.62722,6.1968],[-75.62707,6.19683],[-75.62692,6.19683],[-75.62675,6.19681],[-75.62646,6.19671],[-75.62628,6.19664],[-75.62563,6.19641],[-75.62533,6.19635],[-75.62498,6.19629],[-75.62399,6.19633],[-75.62349,6.19631],[-75.62307,6.19624],[-75.62269,6.19616],[-75.6223,6.19615],[-75.62203,6.19615],[-75.62184,6.19615],[-75.62164,6.19614],[-75.62147,6.19614],[-75.62133,6.19616],[-75.62113,6.19625],[-75.62104,6.1963],[-75.62086,6.19638],[-75.62056,6.19644],[-75.6202,6.19647],[-75.61986,6.19649],[-75.61912,6.19654],[-75.6189,6.19657],[-75.61854,6.19663],[-75.61829,6.19667],[-75.6181,6.19673],[-75.61792,6.19676],[-75.61769,6.19681],[-75.6175,6.19685],[-75.61732,6.1969],[-75.61708,6.19694],[-75.61677,6.19705],[-75.61655,6.19715],[-75.6163,6.19725],[-75.61588,6.19741],[-75.61557,6.19756],[-75.61523,6.19773],[-75.61495,6.1979],[-75.61465,6.19812],[-75.61451,6.19823],[-75.61433,6.19834],[-75.61409,6.19844],[-75.61381,6.19855],[-75.61365,6.19861],[-75.61338,6.19871],[-75.61305,6.19878],[-75.61274,6.19882],[-75.61243,6.19883],[-75.61226,6.19883],[-75.61197,6.19882],[-75.6117,6.19881],[-75.61141,6.19884],[-75.6111,6.19891],[-75.61067,6.19895],[-75.6102,6.19904],[-75.6099,6.19915],[-75.60971,6.19921],[-75.60956,6.19923],[-75.60938,6.19924],[-75.60918,6.19921],[-75.60886,6.19909],[-75.60853,6.19897],[-75.60816,6.19881],[-75.60782,6.19859],[-75.60756,6.19834],[-75.60744,6.19823],[-75.60737,6.19818],[-75.6071,6.1981],[-75.60696,6.1981],[-75.60675,6.1981],[-75.60661,6.1981],[-75.60643,6.19816],[-75.60627,6.19823],[-75.60614,6.19829],[-75.60606,6.19835],[-75.60597,6.19842],[-75.60587,6.19851],[-75.60579,6.19856],[-75.60566,6.19865],[-75.60554,6.19866],[-75.60543,6.19863],[-75.60531,6.19856],[-75.60526,6.1985],[-75.60522,6.19848],[-75.60514,6.19839],[-75.60507,6.19831],[-75.60497,6.19824],[-75.60485,6.19819],[-75.60472,6.19817],[-75.60455,6.19816],[-75.60437,6.19816],[-75.60414,6.19816],[-75.60391,6.19816],[-75.60367,6.19818],[-75.60345,6.19822],[-75.60333,6.19828],[-75.6032,6.19839],[-75.60309,6.19854],[-75.60297,6.19869],[-75.60283,6.19887],[-75.60269,6.19903],[-75.60253,6.19924],[-75.60232,6.19942],[-75.60213,6.19959],[-75.60187,6.19979],[-75.60159,6.19997],[-75.60145,6.20005],[-75.60121,6.20013],[-75.60107,6.20027],[-75.60039,6.20025],[-75.60016,6.20021]]]]}},{"type":"Feature","properties":{"MpNombre":"Medellín","MpCodigo":"05001","centroid":[6.25765,-75.61129]},"geometry":{"type":"MultiPolygon","coordinates":[[[[-75.67007,6.37367],[-75.66974,6.3736],[-75.66964,6.3736],[-75.66913,6.37339],[-75.66872,6.37315],[-75.66853,6.37302],[-75.66814,6.37272],[-75.66785,6.37245],[-75.66761,6.37227],[-75.66742,6.37217],[-75.66719,6.37198],[-75.66681,6.37167],[-75.66652,6.37145],[-75.6662,6.37117],[-75.66607,6.37096],[-75.66596,6.37075],[-75.66593,6.37056],[-75.66593,6.37028],[-75.66587,6.36981],[-75.66585,6.36963],[-75.66571,6.36937],[-75.66549,6.36887],[-75.66533,6.36836],[-75.66529,6.36806],[-75.66531,6.36777],[-75.66531,6.36745],[-75.66528,6.36717],[-75.66528,6.36693],[-75.66529,6.36655],[-75.66536,6.36608],[-75.66537,6.3657],[-75.66532,6.36538],[-75.66526,6.36501],[-75.66519,6.36459],[-75.66516,6.36433],[-75.66508,6.36405],[-75.66492,6.36354],[-75.66475,6.36304],[-75.66457,6.36271],[-75.66432,6.36232],[-75.66409,6.36205],[-75.66369,6.36172],[-75.66344,6.3615],[-75.66326,6.36128],[-75.66298,6.36097],[-75.66268,6.36063],[-75.66244,6.36031],[-75.66225,6.36014],[-75.66205,6.35999],[-75.66177,6.35984],[-75.66158,6.3598],[-75.66138,6.35979],[-75.66113,6.35973],[-75.66092,6.35969],[-75.6607,6.35966],[-75.66055,6.35961],[-75.66038,6.35953],[-75.66023,6.35939],[-75.66011,6.35922],[-75.66003,6.35909],[-75.65996,6.35894],[-75.65991,6.35878],[-75.65984,6.3586],[-75.6598,6.35845],[-75.65977,6.35834],[-75.65962,6.35797],[-75.65942,6.35763],[-75.65924,6.35733],[-75.65887,6.35694],[-75.65841,6.35628],[-75.65806,6.35577],[-75.65755,6.35501],[-75.65729,6.35463],[-75.65687,6.35393],[-75.65649,6.35331],[-75.65621,6.35283],[-75.65588,6.35224],[-75.65577,6.3521],[-75.6556,6.35193],[-75.65544,6.35177],[-75.65532,6.35158],[-75.65518,6.35132],[-75.65508,6.35111],[-75.65502,6.35084],[-75.655,6.3506],[-75.655,6.35042],[-75.65496,6.35021],[-75.65493,6.35005],[-75.6549,6.34987],[-75.65489,6.34971],[-75.65488,6.34953],[-75.65483,6.34938],[-75.65468,6.34879],[-75.65461,6.34839],[-75.65458,6.34796],[-75.65455,6.34723],[-75.65456,6.34663],[-75.65456,6.34608],[-75.6546,6.34545],[-75.6546,6.34496],[-75.65468,6.34449],[-75.6548,6.34406],[-75.65487,6.34373],[-75.65495,6.3433],[-75.6551,6.34278],[-75.65515,6.3425],[-75.65512,6.34228],[-75.65509,6.34207],[-75.655,6.34187],[-75.65489,6.34167],[-75.65477,6.34149],[-75.65459,6.34121],[-75.6545,6.34097],[-75.65449,6.34068],[-75.65449,6.34019],[-75.65442,6.33967],[-75.65433,6.33925],[-75.65419,6.33891],[-75.65402,6.33845],[-75.65375,6.33794],[-75.65347,6.33745],[-75.65328,6.33715],[-75.653,6.33672],[-75.65278,6.33633],[-75.65252,6.3359],[-75.65234,6.33565],[-75.65216,6.33539],[-75.652,6.33515],[-75.65187,6.3349],[-75.65183,6.33469],[-75.65182,6.33448],[-75.65186,6.33425],[-75.65191,6.33397],[-75.65194,6.33376],[-75.65197,6.33354],[-75.65198,6.33334],[-75.65196,6.33316],[-75.6519,6.33301],[-75.65178,6.33291],[-75.65157,6.3327],[-75.6512,6.33238],[-75.65103,6.33224],[-75.65053,6.33168],[-75.65008,6.33126],[-75.64989,6.33109],[-75.64966,6.33108],[-75.64936,6.33109],[-75.64909,6.33111],[-75.64881,6.33115],[-75.64867,6.33109],[-75.64856,6.33097],[-75.6485,6.33087],[-75.64827,6.33051],[-75.64794,6.33013],[-75.64757,6.3297],[-75.6472,6.32933],[-75.64687,6.32904],[-75.64648,6.32868],[-75.64622,6.32845],[-75.64595,6.32817],[-75.6457,6.32796],[-75.64546,6.3278],[-75.6452,6.32756],[-75.64497,6.32724],[-75.6447,6.32676],[-75.64441,6.32622],[-75.64421,6.32578],[-75.6439,6.32536],[-75.64365,6.325],[-75.64329,6.32461],[-75.64293,6.32419],[-75.64231,6.32353],[-75.64184,6.32294],[-75.64151,6.32245],[-75.6411,6.32209],[-75.64089,6.32195],[-75.64053,6.32178],[-75.6402,6.32166],[-75.63983,6.32158],[-75.63952,6.32157],[-75.63903,6.32154],[-75.63851,6.32157],[-75.63814,6.32159],[-75.63779,6.32156],[-75.63753,6.32154],[-75.63734,6.32148],[-75.63715,6.32132],[-75.63697,6.32111],[-75.63678,6.32087],[-75.63653,6.32046],[-75.63629,6.31999],[-75.63608,6.31961],[-75.63585,6.31916],[-75.6357,6.31883],[-75.63557,6.31852],[-75.63547,6.31834],[-75.63527,6.31809],[-75.63488,6.31763],[-75.63467,6.31743],[-75.63443,6.31732],[-75.63423,6.31728],[-75.63401,6.31725],[-75.63371,6.31716],[-75.63336,6.31711],[-75.63307,6.31711],[-75.63279,6.31711],[-75.63257,6.31707],[-75.63245,6.31696],[-75.63238,6.31689],[-75.63229,6.31679],[-75.6322,6.3167],[-75.63207,6.31663],[-75.63195,6.31659],[-75.63178,6.31657],[-75.63158,6.31653],[-75.6314,6.31651],[-75.63108,6.31641],[-75.6308,6.3163],[-75.62987,6.31597],[-75.62934,6.31583],[-75.62887,6.3157],[-75.62842,6.31549],[-75.62812,6.31534],[-75.62774,6.31513],[-75.62735,6.31491],[-75.62699,6.31465],[-75.62676,6.31443],[-75.62646,6.3142],[-75.62639,6.31413],[-75.62622,6.31393],[-75.62609,6.31376],[-75.62601,6.31361],[-75.62593,6.31351],[-75.62585,6.31351],[-75.6257,6.31352],[-75.62554,6.31353],[-75.62533,6.31361],[-75.62514,6.3137],[-75.625,6.31378],[-75.62471,6.31399],[-75.62441,6.31424],[-75.62424,6.31441],[-75.62401,6.3146],[-75.6239,6.31472],[-75.6238,6.31479],[-75.62368,6.31486],[-75.62355,6.31489],[-75.62338,6.31496],[-75.62319,6.315],[-75.62305,6.31501],[-75.62282,6.315],[-75.62262,6.31491],[-75.62249,6.31481],[-75.62232,6.31469],[-75.62216,6.31457],[-75.62198,6.31445],[-75.62175,6.31432],[-75.62156,6.31425],[-75.62128,6.31422],[-75.62108,6.31424],[-75.62068,6.31428],[-75.62043,6.31428],[-75.62018,6.31428],[-75.61996,6.31422],[-75.61983,6.31415],[-75.61949,6.31399],[-75.6191,6.31381],[-75.61867,6.31369],[-75.61827,6.3136],[-75.61781,6.31351],[-75.61747,6.31346],[-75.61702,6.31336],[-75.61653,6.3133],[-75.61626,6.31329],[-75.61587,6.3133],[-75.61557,6.31333],[-75.61531,6.3134],[-75.6151,6.31346],[-75.61491,6.31355],[-75.61477,6.31361],[-75.61458,6.31372],[-75.61443,6.3138],[-75.61412,6.3139],[-75.61371,6.31401],[-75.61336,6.31412],[-75.61307,6.31428],[-75.6128,6.31449],[-75.6125,6.3147],[-75.61227,6.31483],[-75.61215,6.31485],[-75.61195,6.31485],[-75.61182,6.31477],[-75.61175,6.31465],[-75.61171,6.31452],[-75.61165,6.31439],[-75.61158,6.31431],[-75.61149,6.31422],[-75.61132,6.31412],[-75.61107,6.31392],[-75.6109,6.3138],[-75.61079,6.31375],[-75.61057,6.31366],[-75.61023,6.31359],[-75.60998,6.31355],[-75.60984,6.31355],[-75.60971,6.31356],[-75.60953,6.31359],[-75.60925,6.31363],[-75.60913,6.31366],[-75.60899,6.31368],[-75.60881,6.31368],[-75.60861,6.31366],[-75.6085,6.31363],[-75.60834,6.31357],[-75.60821,6.3135],[-75.60806,6.31338],[-75.60794,6.31323],[-75.60781,6.313],[-75.60772,6.31281],[-75.60771,6.31265],[-75.60772,6.31224],[-75.60771,6.31212],[-75.60763,6.31197],[-75.60746,6.31174],[-75.60713,6.31139],[-75.60696,6.31124],[-75.60671,6.31094],[-75.60643,6.31065],[-75.60626,6.31045],[-75.60618,6.31038],[-75.60601,6.31029],[-75.6058,6.31017],[-75.60562,6.31007],[-75.60548,6.30997],[-75.60534,6.30987],[-75.6052,6.30974],[-75.60501,6.30955],[-75.60478,6.30931],[-75.60451,6.30904],[-75.60429,6.30882],[-75.60405,6.30864],[-75.60386,6.30856],[-75.60374,6.30855],[-75.6036,6.30856],[-75.60344,6.30858],[-75.60331,6.30862],[-75.60321,6.30867],[-75.60314,6.30873],[-75.60309,6.30878],[-75.60302,6.30879],[-75.60291,6.30878],[-75.60273,6.30877],[-75.6026,6.30875],[-75.60245,6.30871],[-75.60233,6.30871],[-75.60217,6.30871],[-75.60188,6.30869],[-75.6015,6.30862],[-75.60119,6.30856],[-75.60102,6.30854],[-75.60081,6.30849],[-75.60062,6.30841],[-75.60045,6.30834],[-75.60008,6.30819],[-75.59967,6.308],[-75.59917,6.30773],[-75.59871,6.30749],[-75.59825,6.30715],[-75.59805,6.30697],[-75.59798,6.30694],[-75.59785,6.30698],[-75.5976,6.30705],[-75.59733,6.30712],[-75.59677,6.30725],[-75.59646,6.30733],[-75.59626,6.30737],[-75.59598,6.30739],[-75.59549,6.3075],[-75.59526,6.30754],[-75.59494,6.3076],[-75.59473,6.30765],[-75.5944,6.30775],[-75.59412,6.30784],[-75.59391,6.30792],[-75.59366,6.308],[-75.59336,6.3081],[-75.5931,6.30819],[-75.5928,6.30827],[-75.59252,6.30832],[-75.59233,6.30834],[-75.59218,6.30836],[-75.59196,6.30843],[-75.59177,6.30847],[-75.5916,6.30852],[-75.59134,6.30859],[-75.59112,6.30866],[-75.59085,6.30871],[-75.5905,6.30878],[-75.59014,6.30885],[-75.58994,6.30891],[-75.5897,6.30896],[-75.58941,6.30904],[-75.58911,6.30913],[-75.58882,6.30924],[-75.58869,6.30931],[-75.58856,6.30937],[-75.58839,6.30944],[-75.58828,6.30953],[-75.58809,6.30964],[-75.58802,6.30971],[-75.58776,6.30982],[-75.58759,6.30987],[-75.58735,6.30987],[-75.58711,6.30988],[-75.58676,6.30987],[-75.58652,6.30983],[-75.58638,6.30979],[-75.58625,6.30974],[-75.58607,6.30966],[-75.58591,6.30959],[-75.58576,6.30951],[-75.58559,6.30944],[-75.5854,6.30938],[-75.58517,6.30932],[-75.58494,6.30925],[-75.5847,6.30925],[-75.5844,6.30926],[-75.58422,6.30925],[-75.58403,6.30928],[-75.58386,6.30931],[-75.58367,6.30931],[-75.58342,6.30931],[-75.5831,6.30928],[-75.58282,6.30923],[-75.58258,6.3092],[-75.58239,6.30914],[-75.58216,6.30904],[-75.58193,6.30898],[-75.58175,6.30897],[-75.58161,6.30899],[-75.58142,6.30902],[-75.58115,6.30911],[-75.58088,6.30921],[-75.58059,6.30933],[-75.5802,6.30947],[-75.58001,6.30956],[-75.57962,6.30979],[-75.57927,6.30999],[-75.57882,6.31022],[-75.57867,6.3103],[-75.57839,6.31039],[-75.57822,6.31044],[-75.57808,6.3105],[-75.578,6.31058],[-75.57794,6.31064],[-75.57787,6.31067],[-75.57779,6.31067],[-75.57767,6.31067],[-75.57741,6.31063],[-75.57725,6.31067],[-75.57712,6.31072],[-75.5769,6.31084],[-75.57663,6.31106],[-75.57645,6.31114],[-75.57631,6.31117],[-75.57615,6.31117],[-75.576,6.31115],[-75.57587,6.3111],[-75.57577,6.31103],[-75.57564,6.31094],[-75.57493,6.31093],[-75.57463,6.31092],[-75.57319,6.31123],[-75.57173,6.31122],[-75.5705,6.31091],[-75.56948,6.31042],[-75.56898,6.31019],[-75.56848,6.30997],[-75.56789,6.3097],[-75.56599,6.30948],[-75.56524,6.3095],[-75.56448,6.30952],[-75.56424,6.30955],[-75.55748,6.30939],[-75.55748,6.30948],[-75.55747,6.30957],[-75.55745,6.30965],[-75.5574,6.30975],[-75.55732,6.30981],[-75.55721,6.30985],[-75.55711,6.30984],[-75.557,6.30979],[-75.55693,6.30975],[-75.55688,6.30973],[-75.55683,6.30973],[-75.55674,6.30974],[-75.55663,6.30974],[-75.55653,6.30973],[-75.55642,6.30969],[-75.5563,6.30963],[-75.55621,6.30954],[-75.55608,6.30937],[-75.55593,6.3092],[-75.55581,6.309],[-75.55554,6.30856],[-75.55541,6.30834],[-75.55516,6.30815],[-75.55474,6.30797],[-75.55433,6.3078],[-75.55376,6.30757],[-75.55336,6.30749],[-75.55302,6.30743],[-75.55273,6.30744],[-75.55248,6.30746],[-75.55239,6.30744],[-75.55228,6.30736],[-75.55211,6.30721],[-75.552,6.30712],[-75.55187,6.30706],[-75.55171,6.30704],[-75.55156,6.30703],[-75.5514,6.307],[-75.55102,6.30693],[-75.55073,6.30683],[-75.55058,6.30673],[-75.55049,6.30662],[-75.55043,6.30657],[-75.55037,6.30651],[-75.55031,6.30648],[-75.55023,6.30646],[-75.55014,6.30646],[-75.55006,6.30645],[-75.55,6.30649],[-75.54991,6.30654],[-75.54986,6.30657],[-75.54977,6.30658],[-75.54969,6.30659],[-75.5496,6.30657],[-75.54949,6.3065],[-75.54931,6.30636],[-75.54928,6.30629],[-75.54928,6.30619],[-75.54925,6.30611],[-75.5492,6.30605],[-75.54916,6.30601],[-75.54903,6.30597],[-75.54882,6.30599],[-75.54863,6.30597],[-75.54843,6.3059],[-75.54806,6.3058],[-75.54758,6.30561],[-75.54733,6.30548],[-75.54717,6.30542],[-75.54699,6.3054],[-75.54685,6.30542],[-75.54679,6.30547],[-75.54674,6.30553],[-75.54669,6.30554],[-75.54661,6.3055],[-75.54655,6.30547],[-75.54645,6.30545],[-75.54634,6.30547],[-75.54622,6.30555],[-75.54614,6.30563],[-75.5461,6.30567],[-75.54602,6.30569],[-75.54594,6.30567],[-75.54585,6.30561],[-75.54578,6.30553],[-75.54572,6.30535],[-75.54562,6.30512],[-75.5455,6.30498],[-75.54526,6.30483],[-75.54496,6.30464],[-75.54464,6.30441],[-75.54436,6.30421],[-75.54404,6.30406],[-75.54378,6.30392],[-75.54363,6.3038],[-75.54356,6.30371],[-75.54349,6.30358],[-75.54343,6.3036],[-75.54334,6.30366],[-75.54326,6.30368],[-75.5432,6.30371],[-75.54315,6.30371],[-75.54306,6.30372],[-75.54299,6.30374],[-75.5429,6.30378],[-75.5428,6.30382],[-75.54272,6.30384],[-75.54263,6.30384],[-75.54251,6.30384],[-75.54241,6.30383],[-75.5423,6.30379],[-75.54219,6.30372],[-75.54213,6.30364],[-75.54211,6.30354],[-75.54211,6.30343],[-75.54216,6.30335],[-75.54217,6.30327],[-75.54212,6.30311],[-75.54203,6.30293],[-75.54198,6.30286],[-75.54186,6.30281],[-75.54176,6.30277],[-75.54156,6.30274],[-75.54133,6.30272],[-75.54103,6.30268],[-75.54074,6.3026],[-75.54036,6.30237],[-75.53998,6.30215],[-75.53959,6.3018],[-75.53934,6.30141],[-75.53925,6.30118],[-75.53917,6.30092],[-75.53908,6.30075],[-75.53899,6.30066],[-75.53886,6.30062],[-75.53873,6.30061],[-75.53864,6.30063],[-75.53854,6.3007],[-75.53847,6.30074],[-75.53838,6.30076],[-75.5383,6.30076],[-75.53821,6.30073],[-75.53813,6.30069],[-75.5381,6.30062],[-75.5381,6.30055],[-75.5381,6.30042],[-75.53814,6.30034],[-75.53815,6.3003],[-75.53814,6.30024],[-75.5381,6.30018],[-75.53791,6.29997],[-75.53764,6.29965],[-75.53746,6.29945],[-75.53734,6.29928],[-75.53729,6.29915],[-75.53725,6.29899],[-75.53723,6.29884],[-75.53719,6.29872],[-75.5371,6.29859],[-75.53686,6.29836],[-75.53665,6.29821],[-75.53625,6.29798],[-75.53612,6.298],[-75.53588,6.29815],[-75.53568,6.29836],[-75.53549,6.29845],[-75.53533,6.29853],[-75.53522,6.29862],[-75.53514,6.29872],[-75.53514,6.29884],[-75.53514,6.29893],[-75.53511,6.29908],[-75.5347,6.29934],[-75.53432,6.29951],[-75.53408,6.29963],[-75.53401,6.29969],[-75.53391,6.29975],[-75.5338,6.29984],[-75.5337,6.2999],[-75.53361,6.29994],[-75.53346,6.29999],[-75.5331,6.30002],[-75.53287,6.30003],[-75.53277,6.29999],[-75.53248,6.29979],[-75.53226,6.29956],[-75.53211,6.29949],[-75.53196,6.29943],[-75.53161,6.29928],[-75.53128,6.29908],[-75.53111,6.29892],[-75.5308,6.29846],[-75.53069,6.29833],[-75.53053,6.29815],[-75.53036,6.29769],[-75.53012,6.29714],[-75.52989,6.2968],[-75.52975,6.29637],[-75.52965,6.2962],[-75.52963,6.29595],[-75.52975,6.29531],[-75.52984,6.29489],[-75.52998,6.29429],[-75.53004,6.29391],[-75.53003,6.29375],[-75.52997,6.29357],[-75.52985,6.29336],[-75.52963,6.29307],[-75.52943,6.29286],[-75.52919,6.29258],[-75.52875,6.29214],[-75.52833,6.29168],[-75.52819,6.2914],[-75.52811,6.2911],[-75.52805,6.29063],[-75.52803,6.29016],[-75.528,6.28989],[-75.52791,6.28972],[-75.52779,6.28952],[-75.52757,6.28922],[-75.52735,6.289],[-75.52718,6.28879],[-75.52707,6.28861],[-75.527,6.28837],[-75.52686,6.28803],[-75.52667,6.28774],[-75.52643,6.28748],[-75.52619,6.28728],[-75.52608,6.28721],[-75.52588,6.28717],[-75.5258,6.2873],[-75.52569,6.28746],[-75.52557,6.28761],[-75.52537,6.28777],[-75.52513,6.28788],[-75.52489,6.28796],[-75.52454,6.28803],[-75.52424,6.28809],[-75.52382,6.28817],[-75.52339,6.28828],[-75.52295,6.28842],[-75.52269,6.28849],[-75.52239,6.28851],[-75.52231,6.28853],[-75.52222,6.28855],[-75.52217,6.28855],[-75.52212,6.28856],[-75.52207,6.28853],[-75.52199,6.28848],[-75.52194,6.28845],[-75.52188,6.28844],[-75.52178,6.28844],[-75.52167,6.28846],[-75.52162,6.28846],[-75.52157,6.28858],[-75.52153,6.28869],[-75.52152,6.28876],[-75.52151,6.28885],[-75.52151,6.28895],[-75.52154,6.28904],[-75.5216,6.28922],[-75.52166,6.28937],[-75.52167,6.2894],[-75.52172,6.28957],[-75.52177,6.2897],[-75.52177,6.28984],[-75.52172,6.29],[-75.52163,6.29015],[-75.52158,6.29023],[-75.52153,6.29032],[-75.52144,6.29045],[-75.52131,6.29068],[-75.52119,6.29102],[-75.52117,6.29108],[-75.52106,6.2915],[-75.52101,6.29164],[-75.52098,6.29182],[-75.52098,6.29209],[-75.52105,6.29233],[-75.52115,6.29256],[-75.52124,6.29283],[-75.52127,6.29299],[-75.52127,6.29308],[-75.52122,6.29317],[-75.52115,6.29322],[-75.52108,6.29325],[-75.52105,6.29326],[-75.52091,6.29331],[-75.52082,6.29337],[-75.52073,6.29346],[-75.52067,6.29356],[-75.52056,6.29372],[-75.52051,6.29388],[-75.5205,6.29403],[-75.52048,6.29438],[-75.52045,6.29458],[-75.52042,6.29473],[-75.52037,6.29493],[-75.52033,6.29504],[-75.52018,6.29534],[-75.52009,6.29559],[-75.52,6.29596],[-75.51998,6.29618],[-75.51991,6.29636],[-75.51979,6.29652],[-75.51965,6.29676],[-75.51953,6.29693],[-75.51947,6.29722],[-75.51942,6.29737],[-75.51938,6.29747],[-75.51935,6.29752],[-75.51929,6.2976],[-75.51919,6.29766],[-75.51911,6.29781],[-75.519,6.29801],[-75.51894,6.29814],[-75.51885,6.29827],[-75.51876,6.29839],[-75.51867,6.29851],[-75.51853,6.2986],[-75.51851,6.29862],[-75.51837,6.29866],[-75.5182,6.2987],[-75.518,6.29881],[-75.51773,6.29895],[-75.51744,6.29909],[-75.51719,6.29924],[-75.51696,6.29934],[-75.51686,6.29937],[-75.51678,6.29949],[-75.5167,6.2997],[-75.51663,6.29979],[-75.51652,6.29985],[-75.51606,6.3],[-75.51591,6.30008],[-75.51554,6.30025],[-75.51541,6.30034],[-75.51534,6.30039],[-75.51515,6.30061],[-75.51489,6.30095],[-75.51469,6.30116],[-75.51451,6.30133],[-75.51446,6.30144],[-75.51446,6.30155],[-75.51441,6.30161],[-75.51437,6.30169],[-75.51433,6.30182],[-75.51428,6.30193],[-75.51422,6.30204],[-75.51419,6.30209],[-75.51413,6.30213],[-75.51409,6.30215],[-75.51405,6.30215],[-75.51402,6.30214],[-75.514,6.30212],[-75.514,6.30208],[-75.51401,6.30203],[-75.51406,6.30195],[-75.51412,6.30179],[-75.51417,6.30165],[-75.51419,6.30158],[-75.51419,6.30153],[-75.51419,6.30142],[-75.51416,6.30125],[-75.51411,6.30115],[-75.51403,6.30107],[-75.51377,6.30093],[-75.51342,6.30073],[-75.51271,6.30035],[-75.51264,6.30029],[-75.51258,6.30026],[-75.51248,6.30023],[-75.5124,6.30021],[-75.51224,6.30017],[-75.51205,6.30012],[-75.51181,6.30006],[-75.51162,6.3],[-75.51157,6.29999],[-75.51152,6.29997],[-75.51138,6.2999],[-75.51119,6.29979],[-75.51104,6.2997],[-75.51097,6.29966],[-75.5107,6.29949],[-75.51038,6.29935],[-75.51011,6.29921],[-75.50985,6.29908],[-75.50981,6.29907],[-75.50969,6.29904],[-75.50966,6.29903],[-75.50961,6.29902],[-75.50938,6.29895],[-75.50918,6.29891],[-75.50899,6.2989],[-75.50889,6.2989],[-75.50874,6.29891],[-75.50858,6.29891],[-75.50841,6.2989],[-75.50821,6.29887],[-75.50807,6.29888],[-75.50794,6.29887],[-75.50751,6.29884],[-75.50678,6.29883],[-75.50673,6.29882],[-75.50668,6.29881],[-75.50648,6.29853],[-75.50639,6.29839],[-75.50625,6.29823],[-75.50581,6.29774],[-75.50555,6.29745],[-75.50537,6.29726],[-75.50517,6.29703],[-75.50509,6.29695],[-75.50501,6.29687],[-75.50491,6.29675],[-75.50484,6.29664],[-75.50477,6.29653],[-75.50469,6.29636],[-75.50457,6.29622],[-75.50421,6.29601],[-75.50414,6.29597],[-75.50409,6.29595],[-75.50403,6.29592],[-75.50391,6.2959],[-75.50372,6.29591],[-75.50368,6.29593],[-75.50364,6.29595],[-75.5036,6.29596],[-75.50357,6.29597],[-75.50353,6.29598],[-75.50349,6.29599],[-75.50346,6.29599],[-75.50342,6.29597],[-75.50339,6.29598],[-75.50311,6.29602],[-75.50282,6.29606],[-75.50266,6.29607],[-75.5026,6.29603],[-75.50253,6.29597],[-75.50244,6.29595],[-75.50235,6.29593],[-75.50228,6.29594],[-75.50221,6.29596],[-75.50211,6.296],[-75.50204,6.29603],[-75.50197,6.29605],[-75.50191,6.29607],[-75.50188,6.29607],[-75.50183,6.2961],[-75.50179,6.29615],[-75.50177,6.29621],[-75.50176,6.29626],[-75.50174,6.29633],[-75.50171,6.29638],[-75.50167,6.29643],[-75.50164,6.29648],[-75.5016,6.29652],[-75.50155,6.29657],[-75.50126,6.29674],[-75.50113,6.29674],[-75.50087,6.29663],[-75.50078,6.29646],[-75.5008,6.29629],[-75.50084,6.29605],[-75.50082,6.2959],[-75.50073,6.29573],[-75.50062,6.29563],[-75.50047,6.29556],[-75.5003,6.29549],[-75.50011,6.29541],[-75.50003,6.29533],[-75.49998,6.29523],[-75.49997,6.29509],[-75.49992,6.29498],[-75.49981,6.29496],[-75.49967,6.29501],[-75.49956,6.29516],[-75.49947,6.29529],[-75.49938,6.29534],[-75.49929,6.29535],[-75.4992,6.29532],[-75.49915,6.29524],[-75.49912,6.29513],[-75.49906,6.29501],[-75.49917,6.29502],[-75.49924,6.29494],[-75.49932,6.29483],[-75.49948,6.29462],[-75.4996,6.29451],[-75.49965,6.29449],[-75.49967,6.29447],[-75.49968,6.29444],[-75.49972,6.29441],[-75.49975,6.29438],[-75.49978,6.29433],[-75.49982,6.29428],[-75.49989,6.29422],[-75.49996,6.29411],[-75.50001,6.29402],[-75.50007,6.29398],[-75.50021,6.2939],[-75.50031,6.2938],[-75.50027,6.29376],[-75.50018,6.29371],[-75.50009,6.29361],[-75.49998,6.2935],[-75.49992,6.29342],[-75.49984,6.29332],[-75.49979,6.29328],[-75.49973,6.29323],[-75.49968,6.29317],[-75.49964,6.29313],[-75.49963,6.29307],[-75.49962,6.29301],[-75.49961,6.29295],[-75.49961,6.29285],[-75.49961,6.2928],[-75.49962,6.29275],[-75.49968,6.29264],[-75.49975,6.29254],[-75.49983,6.29244],[-75.49994,6.29233],[-75.50003,6.29224],[-75.50016,6.29215],[-75.50025,6.29207],[-75.50029,6.29203],[-75.50033,6.29199],[-75.50039,6.29192],[-75.50043,6.29186],[-75.50048,6.2918],[-75.50052,6.29175],[-75.50054,6.29171],[-75.50062,6.29162],[-75.50065,6.29159],[-75.50071,6.29155],[-75.50076,6.29151],[-75.50081,6.29147],[-75.50084,6.29142],[-75.50091,6.29135],[-75.50094,6.29131],[-75.50095,6.29128],[-75.50095,6.29124],[-75.50093,6.29119],[-75.50091,6.29115],[-75.50085,6.29107],[-75.50076,6.29096],[-75.50073,6.29091],[-75.50072,6.29082],[-75.50075,6.29064],[-75.50078,6.29043],[-75.50079,6.29033],[-75.50079,6.29024],[-75.50075,6.29016],[-75.50068,6.29003],[-75.50058,6.2899],[-75.50053,6.28977],[-75.50049,6.28966],[-75.50046,6.28956],[-75.50042,6.28938],[-75.50038,6.28934],[-75.50032,6.28923],[-75.50027,6.28916],[-75.50022,6.28908],[-75.50018,6.28901],[-75.50011,6.28891],[-75.50007,6.28883],[-75.50001,6.28877],[-75.49993,6.28872],[-75.49985,6.28863],[-75.49974,6.28854],[-75.49959,6.28843],[-75.4994,6.28834],[-75.49915,6.28835],[-75.49896,6.2884],[-75.4988,6.28845],[-75.49856,6.28849],[-75.49843,6.28852],[-75.4983,6.28857],[-75.49815,6.28862],[-75.49803,6.2886],[-75.49799,6.28851],[-75.49799,6.28833],[-75.49796,6.28811],[-75.49792,6.28772],[-75.49789,6.28748],[-75.49783,6.28722],[-75.49778,6.287],[-75.49779,6.28674],[-75.49781,6.28653],[-75.49774,6.28636],[-75.49765,6.28617],[-75.49763,6.28598],[-75.49756,6.28573],[-75.49745,6.28557],[-75.49731,6.28541],[-75.4971,6.2852],[-75.49703,6.28499],[-75.49701,6.28478],[-75.49704,6.28452],[-75.49703,6.28427],[-75.49698,6.28413],[-75.49687,6.28404],[-75.49672,6.28402],[-75.49662,6.28416],[-75.49656,6.2844],[-75.49651,6.28454],[-75.49644,6.28469],[-75.49631,6.28477],[-75.49609,6.28478],[-75.49592,6.28466],[-75.49579,6.28459],[-75.49575,6.28444],[-75.49579,6.28418],[-75.4958,6.28394],[-75.49572,6.28364],[-75.49565,6.28326],[-75.49556,6.28311],[-75.49542,6.28296],[-75.49531,6.28277],[-75.49521,6.28256],[-75.49504,6.28224],[-75.49488,6.282],[-75.49485,6.28186],[-75.49494,6.28172],[-75.49493,6.2815],[-75.49487,6.28122],[-75.49483,6.28106],[-75.49479,6.28087],[-75.49465,6.28069],[-75.49462,6.28065],[-75.49458,6.28035],[-75.49463,6.28021],[-75.49462,6.28009],[-75.49458,6.27999],[-75.49486,6.27977],[-75.49495,6.27976],[-75.49493,6.27967],[-75.49499,6.27958],[-75.49511,6.2794],[-75.49518,6.2792],[-75.49522,6.27904],[-75.49527,6.2789],[-75.49532,6.27883],[-75.49532,6.27879],[-75.49529,6.27875],[-75.49523,6.27873],[-75.49511,6.27866],[-75.49499,6.27861],[-75.49486,6.27861],[-75.49471,6.27862],[-75.49451,6.27864],[-75.49439,6.27862],[-75.49424,6.27851],[-75.49414,6.27836],[-75.49406,6.2782],[-75.49396,6.27807],[-75.49379,6.27793],[-75.49366,6.2778],[-75.49357,6.27772],[-75.49342,6.27761],[-75.49325,6.27751],[-75.49295,6.27727],[-75.49285,6.27713],[-75.49272,6.27699],[-75.49253,6.27686],[-75.49248,6.27669],[-75.49243,6.27644],[-75.49236,6.27629],[-75.49245,6.27609],[-75.49257,6.27587],[-75.4927,6.27561],[-75.49277,6.27532],[-75.49287,6.27506],[-75.49297,6.27482],[-75.49311,6.27462],[-75.49328,6.2743],[-75.49343,6.27407],[-75.49347,6.27387],[-75.49349,6.27371],[-75.49358,6.27355],[-75.49363,6.27336],[-75.49364,6.2732],[-75.49368,6.27306],[-75.49376,6.27298],[-75.49382,6.27295],[-75.49394,6.27292],[-75.49409,6.27287],[-75.49444,6.2727],[-75.49465,6.27261],[-75.49492,6.27254],[-75.49516,6.27241],[-75.49532,6.27227],[-75.4955,6.27211],[-75.49561,6.27196],[-75.49575,6.2718],[-75.49579,6.27159],[-75.49581,6.27125],[-75.49599,6.27099],[-75.49617,6.27088],[-75.49627,6.27081],[-75.49627,6.27067],[-75.49626,6.27059],[-75.49626,6.27047],[-75.49621,6.2704],[-75.49608,6.27031],[-75.49601,6.27024],[-75.496,6.27016],[-75.49588,6.27004],[-75.49587,6.26995],[-75.4959,6.26982],[-75.49586,6.26971],[-75.49572,6.26962],[-75.49557,6.26953],[-75.49543,6.26943],[-75.49514,6.26933],[-75.49506,6.26931],[-75.49495,6.2693],[-75.4948,6.26926],[-75.49462,6.26908],[-75.49436,6.26899],[-75.49401,6.26893],[-75.49363,6.26883],[-75.49346,6.26873],[-75.49328,6.26855],[-75.49311,6.26834],[-75.49292,6.2681],[-75.49279,6.26794],[-75.49273,6.26778],[-75.49266,6.26762],[-75.4926,6.26745],[-75.49258,6.26729],[-75.49254,6.26705],[-75.49244,6.26669],[-75.49234,6.26642],[-75.49223,6.26622],[-75.49212,6.26607],[-75.49205,6.26588],[-75.49194,6.26577],[-75.49182,6.26558],[-75.49175,6.26552],[-75.49165,6.26545],[-75.49152,6.26536],[-75.4914,6.26529],[-75.49129,6.26525],[-75.49128,6.26513],[-75.49125,6.26504],[-75.49117,6.26488],[-75.49115,6.26478],[-75.49116,6.26464],[-75.49115,6.26452],[-75.49103,6.26442],[-75.49088,6.26428],[-75.49076,6.26412],[-75.49066,6.26403],[-75.49054,6.26391],[-75.49054,6.26376],[-75.49067,6.26353],[-75.49076,6.26334],[-75.4908,6.26319],[-75.49073,6.26304],[-75.49086,6.26299],[-75.49095,6.26297],[-75.491,6.2629],[-75.49101,6.26283],[-75.491,6.2627],[-75.4908,6.26242],[-75.49076,6.26223],[-75.49079,6.26206],[-75.49082,6.26198],[-75.49088,6.26189],[-75.49091,6.26178],[-75.49095,6.2617],[-75.49096,6.26161],[-75.49092,6.26148],[-75.49085,6.26137],[-75.49076,6.26126],[-75.49066,6.26113],[-75.49062,6.26106],[-75.49056,6.26102],[-75.49048,6.26103],[-75.49043,6.26099],[-75.49034,6.26088],[-75.49023,6.26066],[-75.49012,6.26048],[-75.48997,6.26031],[-75.48984,6.26012],[-75.48965,6.25999],[-75.48948,6.25989],[-75.48931,6.25973],[-75.48923,6.25966],[-75.48916,6.25959],[-75.48908,6.25949],[-75.489,6.25942],[-75.48892,6.25935],[-75.48879,6.25928],[-75.48869,6.25923],[-75.48858,6.25919],[-75.48845,6.2592],[-75.48833,6.25919],[-75.4882,6.25912],[-75.48803,6.25899],[-75.48792,6.2589],[-75.48774,6.25875],[-75.48759,6.25864],[-75.48752,6.25859],[-75.48738,6.25849],[-75.48729,6.25836],[-75.48724,6.25832],[-75.48712,6.25825],[-75.48707,6.25818],[-75.48705,6.25812],[-75.487,6.25803],[-75.48694,6.25795],[-75.48688,6.25786],[-75.48679,6.25779],[-75.48672,6.25771],[-75.48663,6.25766],[-75.48657,6.25759],[-75.48652,6.25755],[-75.48644,6.25749],[-75.48638,6.25743],[-75.48637,6.25738],[-75.48637,6.25733],[-75.48638,6.25728],[-75.48638,6.25724],[-75.48634,6.25721],[-75.48628,6.25716],[-75.48623,6.25709],[-75.48623,6.25698],[-75.48613,6.25683],[-75.48607,6.2566],[-75.4859,6.25639],[-75.48573,6.2562],[-75.48573,6.25596],[-75.4857,6.25576],[-75.48563,6.25557],[-75.48553,6.25542],[-75.48543,6.25533],[-75.48523,6.25521],[-75.48524,6.25491],[-75.48542,6.25466],[-75.48555,6.25459],[-75.48567,6.25457],[-75.4859,6.25458],[-75.486,6.25455],[-75.48611,6.25441],[-75.48619,6.25422],[-75.48614,6.25398],[-75.48587,6.2535],[-75.48558,6.25312],[-75.48528,6.25274],[-75.48516,6.25253],[-75.48496,6.25218],[-75.48479,6.25197],[-75.48461,6.25185],[-75.48425,6.25166],[-75.48388,6.25149],[-75.48348,6.25122],[-75.48314,6.25107],[-75.48243,6.25066],[-75.48208,6.25049],[-75.48183,6.25047],[-75.48162,6.25058],[-75.48156,6.25057],[-75.48151,6.25053],[-75.48148,6.25044],[-75.48153,6.25035],[-75.48158,6.25025],[-75.48165,6.25011],[-75.48168,6.25002],[-75.48178,6.24984],[-75.48185,6.24966],[-75.48194,6.24945],[-75.48207,6.24925],[-75.48204,6.24913],[-75.48193,6.24905],[-75.48174,6.24898],[-75.48151,6.24896],[-75.48134,6.24893],[-75.4811,6.2489],[-75.48088,6.24883],[-75.48072,6.24878],[-75.48053,6.24868],[-75.48042,6.24866],[-75.48026,6.24862],[-75.48001,6.24858],[-75.47984,6.24853],[-75.4798,6.24849],[-75.47975,6.24844],[-75.47966,6.24824],[-75.47947,6.24788],[-75.47937,6.24755],[-75.47931,6.24732],[-75.4792,6.24724],[-75.47896,6.24713],[-75.47885,6.24689],[-75.47873,6.24659],[-75.47862,6.24639],[-75.4785,6.24631],[-75.47836,6.24622],[-75.47833,6.24614],[-75.4782,6.24602],[-75.47807,6.2459],[-75.47794,6.24574],[-75.47786,6.24563],[-75.47769,6.24543],[-75.47761,6.24535],[-75.47754,6.24527],[-75.47749,6.24522],[-75.47745,6.24514],[-75.47741,6.24506],[-75.47737,6.24499],[-75.47695,6.24444],[-75.47649,6.24403],[-75.47606,6.24361],[-75.47543,6.24326],[-75.47506,6.24297],[-75.47478,6.24277],[-75.47441,6.24253],[-75.47411,6.24239],[-75.4738,6.24235],[-75.47362,6.24227],[-75.4735,6.24215],[-75.47337,6.24191],[-75.47319,6.24163],[-75.47319,6.24144],[-75.47323,6.24118],[-75.47326,6.24089],[-75.47331,6.24055],[-75.47339,6.24032],[-75.47349,6.24008],[-75.47345,6.24004],[-75.47354,6.23997],[-75.47364,6.23976],[-75.4737,6.23959],[-75.47369,6.23946],[-75.47366,6.23938],[-75.47363,6.2393],[-75.47358,6.2392],[-75.47355,6.23911],[-75.47353,6.23904],[-75.4735,6.23896],[-75.47348,6.2389],[-75.47346,6.23884],[-75.47342,6.23873],[-75.4734,6.23866],[-75.47337,6.23859],[-75.47334,6.23851],[-75.47333,6.23845],[-75.47329,6.23837],[-75.47327,6.23832],[-75.47325,6.23826],[-75.47322,6.2382],[-75.47321,6.23814],[-75.47318,6.23807],[-75.47317,6.23802],[-75.47315,6.23798],[-75.47314,6.23793],[-75.47312,6.23788],[-75.47309,6.23782],[-75.47308,6.23778],[-75.47306,6.23773],[-75.47306,6.23767],[-75.47305,6.23762],[-75.47306,6.23758],[-75.47307,6.23755],[-75.47301,6.23741],[-75.47296,6.23729],[-75.47291,6.23715],[-75.47288,6.23705],[-75.47285,6.23697],[-75.47285,6.23692],[-75.47286,6.23688],[-75.47292,6.23687],[-75.47297,6.23686],[-75.47304,6.23685],[-75.47311,6.23685],[-75.47318,6.23685],[-75.47323,6.23685],[-75.47326,6.23684],[-75.47328,6.23682],[-75.47334,6.23677],[-75.47341,6.23674],[-75.47352,6.23671],[-75.4736,6.23668],[-75.47368,6.23667],[-75.47377,6.23663],[-75.47384,6.23661],[-75.47396,6.23656],[-75.474,6.23654],[-75.47406,6.23652],[-75.47416,6.2365],[-75.47422,6.23648],[-75.47427,6.23647],[-75.47431,6.23646],[-75.47436,6.23645],[-75.47442,6.23643],[-75.47448,6.23641],[-75.47459,6.23638],[-75.47467,6.23637],[-75.47476,6.23635],[-75.47484,6.23632],[-75.47494,6.23629],[-75.47502,6.23625],[-75.47515,6.23619],[-75.47522,6.23616],[-75.47529,6.23615],[-75.47535,6.23613],[-75.47545,6.23611],[-75.47554,6.23609],[-75.47564,6.23606],[-75.47568,6.23605],[-75.47576,6.23603],[-75.47583,6.23601],[-75.47589,6.236],[-75.47596,6.23598],[-75.47604,6.23596],[-75.47611,6.23594],[-75.47616,6.23593],[-75.47629,6.23591],[-75.47643,6.23586],[-75.47661,6.23579],[-75.4767,6.23576],[-75.47678,6.23573],[-75.47688,6.2357],[-75.47697,6.23565],[-75.47703,6.23563],[-75.47708,6.2356],[-75.47714,6.23558],[-75.47719,6.23557],[-75.47724,6.23556],[-75.47727,6.23555],[-75.4773,6.23555],[-75.47733,6.23554],[-75.47739,6.23554],[-75.47744,6.23554],[-75.47753,6.23552],[-75.47759,6.23549],[-75.47764,6.23547],[-75.47769,6.23543],[-75.47776,6.23538],[-75.47781,6.23534],[-75.47787,6.23531],[-75.47791,6.23528],[-75.47797,6.23524],[-75.47802,6.23522],[-75.47805,6.23521],[-75.47808,6.23519],[-75.47811,6.23518],[-75.47816,6.23517],[-75.47819,6.23516],[-75.47824,6.23515],[-75.47828,6.23514],[-75.4783,6.23513],[-75.47834,6.23511],[-75.47837,6.23509],[-75.47841,6.23506],[-75.47844,6.23501],[-75.47848,6.23496],[-75.47853,6.23488],[-75.47862,6.2347],[-75.47868,6.23459],[-75.47872,6.23452],[-75.47873,6.23448],[-75.47874,6.2344],[-75.47874,6.23437],[-75.47875,6.23433],[-75.47875,6.2342],[-75.47876,6.23415],[-75.47876,6.23404],[-75.47876,6.23389],[-75.47878,6.23378],[-75.47879,6.23367],[-75.4788,6.23359],[-75.47881,6.23351],[-75.47882,6.23343],[-75.47881,6.23337],[-75.4788,6.23331],[-75.47878,6.23324],[-75.47877,6.23319],[-75.47875,6.2331],[-75.47873,6.23303],[-75.47873,6.23299],[-75.47872,6.23296],[-75.47872,6.2329],[-75.47872,6.23285],[-75.47873,6.23278],[-75.47875,6.23272],[-75.47878,6.23263],[-75.47881,6.23257],[-75.47883,6.23255],[-75.47886,6.23251],[-75.4789,6.23245],[-75.47899,6.23237],[-75.47903,6.23234],[-75.47912,6.23228],[-75.47921,6.23221],[-75.47926,6.23217],[-75.47933,6.23212],[-75.47938,6.23209],[-75.47943,6.23206],[-75.47949,6.23203],[-75.47956,6.232],[-75.47962,6.23199],[-75.47968,6.23196],[-75.47974,6.23194],[-75.47979,6.23192],[-75.47988,6.23188],[-75.47998,6.23183],[-75.48005,6.23178],[-75.48012,6.23172],[-75.48019,6.23166],[-75.48028,6.23156],[-75.48035,6.23148],[-75.48041,6.23141],[-75.48047,6.23135],[-75.48055,6.23126],[-75.48064,6.23117],[-75.48072,6.23108],[-75.48082,6.23099],[-75.48088,6.23093],[-75.48095,6.23088],[-75.48101,6.23083],[-75.48103,6.23081],[-75.48111,6.23075],[-75.48117,6.2307],[-75.48126,6.23062],[-75.48137,6.23054],[-75.48143,6.23048],[-75.48149,6.23043],[-75.48156,6.23045],[-75.48174,6.23063],[-75.48181,6.23057],[-75.48189,6.23047],[-75.48196,6.23036],[-75.48197,6.23032],[-75.48198,6.23028],[-75.48206,6.23022],[-75.48211,6.23022],[-75.48215,6.2302],[-75.48222,6.23022],[-75.48229,6.23023],[-75.48243,6.23026],[-75.48256,6.2303],[-75.48265,6.23031],[-75.48273,6.23033],[-75.48279,6.23033],[-75.48282,6.23034],[-75.48285,6.23034],[-75.4829,6.23035],[-75.48298,6.23035],[-75.48312,6.23036],[-75.48319,6.23037],[-75.48327,6.23037],[-75.48337,6.23038],[-75.48343,6.2304],[-75.48348,6.23041],[-75.48355,6.23044],[-75.48359,6.23045],[-75.48366,6.23048],[-75.48371,6.2305],[-75.48379,6.23055],[-75.48387,6.2306],[-75.48394,6.23066],[-75.48401,6.23074],[-75.48405,6.23078],[-75.48411,6.23085],[-75.48417,6.23093],[-75.48422,6.231],[-75.48426,6.23105],[-75.48431,6.23113],[-75.48434,6.23116],[-75.48438,6.23122],[-75.48443,6.23128],[-75.48448,6.23134],[-75.48457,6.2314],[-75.48461,6.23143],[-75.48468,6.23147],[-75.48473,6.2315],[-75.48478,6.23151],[-75.48484,6.23152],[-75.48492,6.23154],[-75.48504,6.23154],[-75.48512,6.23154],[-75.48519,6.23151],[-75.48526,6.23148],[-75.48533,6.23144],[-75.4854,6.23139],[-75.48546,6.23134],[-75.48549,6.23131],[-75.48556,6.23124],[-75.48564,6.23118],[-75.48572,6.23112],[-75.4858,6.23106],[-75.48587,6.23103],[-75.48593,6.23101],[-75.48596,6.231],[-75.48605,6.23098],[-75.48614,6.23097],[-75.48622,6.23095],[-75.48628,6.23094],[-75.48635,6.23092],[-75.4864,6.23091],[-75.48647,6.23088],[-75.48657,6.23083],[-75.48663,6.2308],[-75.48668,6.23076],[-75.48677,6.23071],[-75.48684,6.23067],[-75.48689,6.23064],[-75.48694,6.2306],[-75.48699,6.23057],[-75.48706,6.23053],[-75.48713,6.23048],[-75.4872,6.23045],[-75.48724,6.23043],[-75.48731,6.23041],[-75.48737,6.23039],[-75.48742,6.23038],[-75.48746,6.23037],[-75.48751,6.23036],[-75.48758,6.23034],[-75.48763,6.23033],[-75.4877,6.23031],[-75.48775,6.2303],[-75.48783,6.23028],[-75.48792,6.23025],[-75.48804,6.23022],[-75.48812,6.23019],[-75.48823,6.23016],[-75.48832,6.23013],[-75.4884,6.23007],[-75.48843,6.23004],[-75.48844,6.23002],[-75.48845,6.22998],[-75.48845,6.22993],[-75.48846,6.22984],[-75.48847,6.22976],[-75.48848,6.22971],[-75.4885,6.22965],[-75.48855,6.22955],[-75.4886,6.2295],[-75.48868,6.22945],[-75.48871,6.22943],[-75.48875,6.22941],[-75.48886,6.22935],[-75.48893,6.22931],[-75.48899,6.22927],[-75.48909,6.22921],[-75.48918,6.22916],[-75.48924,6.22912],[-75.48928,6.2291],[-75.48933,6.22906],[-75.48939,6.22902],[-75.48947,6.22898],[-75.48953,6.22894],[-75.48956,6.22894],[-75.48959,6.22894],[-75.48966,6.22895],[-75.48976,6.22897],[-75.48985,6.229],[-75.48993,6.22904],[-75.49004,6.22909],[-75.49014,6.22914],[-75.49022,6.22918],[-75.49027,6.22921],[-75.49032,6.22922],[-75.49039,6.22925],[-75.49046,6.22928],[-75.49053,6.22929],[-75.4906,6.2293],[-75.49069,6.22931],[-75.49075,6.22931],[-75.49082,6.22929],[-75.49088,6.22926],[-75.49097,6.22922],[-75.49103,6.22918],[-75.4911,6.22914],[-75.49119,6.22908],[-75.49125,6.22904],[-75.49129,6.229],[-75.49133,6.22895],[-75.49138,6.2289],[-75.49144,6.22883],[-75.49147,6.22878],[-75.49152,6.22869],[-75.49154,6.22861],[-75.49154,6.2285],[-75.4915,6.22837],[-75.49145,6.22827],[-75.49138,6.22819],[-75.49129,6.22808],[-75.49119,6.22795],[-75.49109,6.22784],[-75.49099,6.22771],[-75.49091,6.22761],[-75.49085,6.22753],[-75.49082,6.22749],[-75.49076,6.22741],[-75.4907,6.22731],[-75.49065,6.22724],[-75.49061,6.22716],[-75.49055,6.22707],[-75.49051,6.22696],[-75.49046,6.22686],[-75.49042,6.22676],[-75.49037,6.22663],[-75.49033,6.22653],[-75.4903,6.22645],[-75.49028,6.22637],[-75.49027,6.22634],[-75.49024,6.22625],[-75.49022,6.22617],[-75.49021,6.22611],[-75.4902,6.22605],[-75.4902,6.226],[-75.4902,6.2259],[-75.49026,6.22584],[-75.49028,6.22577],[-75.49028,6.22568],[-75.49029,6.22561],[-75.49029,6.22552],[-75.49029,6.22548],[-75.49027,6.2254],[-75.49025,6.22531],[-75.49024,6.22526],[-75.49024,6.22518],[-75.49024,6.22508],[-75.49024,6.22499],[-75.49024,6.2249],[-75.49023,6.22483],[-75.49023,6.22476],[-75.49022,6.2247],[-75.49023,6.22465],[-75.49023,6.2246],[-75.49024,6.22455],[-75.49025,6.2245],[-75.49027,6.22442],[-75.49026,6.22434],[-75.49024,6.22428],[-75.4902,6.22418],[-75.49013,6.22408],[-75.49008,6.224],[-75.49005,6.22395],[-75.49004,6.2239],[-75.49003,6.22381],[-75.49002,6.22375],[-75.49001,6.22367],[-75.49001,6.22357],[-75.49,6.2235],[-75.49002,6.22342],[-75.49004,6.22334],[-75.49007,6.22325],[-75.49008,6.2232],[-75.49009,6.22314],[-75.49012,6.22303],[-75.49016,6.22298],[-75.49021,6.22291],[-75.49027,6.22284],[-75.49034,6.22277],[-75.49041,6.22271],[-75.49048,6.22264],[-75.49051,6.2226],[-75.49055,6.22255],[-75.49057,6.2225],[-75.49057,6.22246],[-75.49057,6.2224],[-75.49063,6.22234],[-75.4907,6.2223],[-75.49077,6.22221],[-75.49083,6.22214],[-75.49087,6.22204],[-75.49088,6.22196],[-75.4909,6.22188],[-75.49094,6.2218],[-75.49101,6.22158],[-75.49102,6.22147],[-75.49093,6.22145],[-75.49088,6.22144],[-75.49089,6.22137],[-75.49091,6.2213],[-75.49093,6.2212],[-75.49097,6.22107],[-75.49096,6.22101],[-75.49102,6.22097],[-75.49106,6.22095],[-75.49112,6.22083],[-75.49117,6.22073],[-75.49121,6.22066],[-75.49124,6.22061],[-75.49128,6.22054],[-75.49133,6.22047],[-75.49138,6.22043],[-75.49143,6.2204],[-75.49147,6.22039],[-75.49154,6.2204],[-75.49173,6.22003],[-75.49169,6.22001],[-75.49165,6.21996],[-75.49163,6.21994],[-75.49161,6.21989],[-75.49158,6.21982],[-75.49155,6.21978],[-75.4915,6.21975],[-75.49141,6.2197],[-75.49134,6.21967],[-75.49126,6.21964],[-75.49118,6.21958],[-75.4911,6.21952],[-75.49107,6.21947],[-75.49104,6.21943],[-75.49101,6.21936],[-75.49098,6.21928],[-75.49095,6.21924],[-75.4909,6.21916],[-75.49084,6.21911],[-75.49074,6.21906],[-75.49068,6.21902],[-75.49063,6.21897],[-75.4906,6.21894],[-75.4905,6.21882],[-75.49044,6.21876],[-75.4904,6.21872],[-75.49032,6.21865],[-75.49028,6.21863],[-75.4903,6.21859],[-75.49022,6.21854],[-75.49017,6.2185],[-75.49022,6.21842],[-75.49026,6.21833],[-75.49028,6.21828],[-75.49032,6.21822],[-75.49034,6.21816],[-75.49037,6.21811],[-75.49039,6.21806],[-75.49043,6.21801],[-75.49046,6.21798],[-75.49051,6.21795],[-75.49055,6.21793],[-75.49059,6.21788],[-75.49064,6.21784],[-75.49071,6.21781],[-75.49077,6.21775],[-75.49083,6.2177],[-75.49087,6.21765],[-75.49087,6.21758],[-75.49087,6.21753],[-75.49086,6.2174],[-75.49082,6.21728],[-75.49077,6.21716],[-75.49074,6.21708],[-75.49074,6.21701],[-75.49077,6.21691],[-75.49082,6.21685],[-75.49082,6.21681],[-75.49079,6.21674],[-75.49073,6.21662],[-75.49078,6.2166],[-75.49074,6.21647],[-75.49074,6.21626],[-75.49073,6.21607],[-75.49072,6.21589],[-75.49054,6.21575],[-75.49025,6.21556],[-75.49001,6.21544],[-75.48975,6.21528],[-75.48944,6.21481],[-75.4889,6.214],[-75.48815,6.21328],[-75.48765,6.21296],[-75.48698,6.21261],[-75.48615,6.21236],[-75.48582,6.21225],[-75.48585,6.21216],[-75.48592,6.21205],[-75.48593,6.21197],[-75.4859,6.21191],[-75.48586,6.21185],[-75.48572,6.21174],[-75.4856,6.21164],[-75.48547,6.21152],[-75.48534,6.21139],[-75.48516,6.21122],[-75.48501,6.21115],[-75.48502,6.21108],[-75.48502,6.21103],[-75.48502,6.21094],[-75.48504,6.21081],[-75.48504,6.21075],[-75.48504,6.21066],[-75.485,6.21057],[-75.48493,6.21047],[-75.48483,6.21026],[-75.48483,6.21017],[-75.48485,6.21003],[-75.48488,6.20985],[-75.48487,6.20973],[-75.48487,6.20969],[-75.48479,6.2095],[-75.48468,6.2093],[-75.48456,6.20908],[-75.48452,6.20898],[-75.48451,6.20873],[-75.48451,6.20856],[-75.48451,6.20845],[-75.48449,6.20829],[-75.48449,6.20826],[-75.48451,6.20804],[-75.48453,6.20785],[-75.48455,6.20774],[-75.48457,6.20766],[-75.4846,6.20753],[-75.48468,6.20724],[-75.48475,6.20706],[-75.48478,6.20697],[-75.4848,6.20692],[-75.4849,6.20678],[-75.48492,6.20674],[-75.48501,6.20664],[-75.48505,6.20666],[-75.4851,6.20667],[-75.48513,6.20666],[-75.48518,6.20664],[-75.48521,6.20661],[-75.48524,6.20657],[-75.48527,6.20651],[-75.4853,6.20645],[-75.48532,6.20643],[-75.48541,6.20642],[-75.4855,6.20637],[-75.48564,6.20626],[-75.48577,6.20614],[-75.48588,6.20605],[-75.48586,6.20595],[-75.48583,6.20583],[-75.48582,6.20572],[-75.48582,6.20565],[-75.48583,6.20559],[-75.48586,6.20555],[-75.48589,6.2055],[-75.48593,6.20543],[-75.48596,6.20532],[-75.48598,6.20522],[-75.48593,6.20518],[-75.48579,6.20501],[-75.48569,6.20488],[-75.4856,6.20472],[-75.48554,6.20458],[-75.48552,6.20445],[-75.4855,6.20431],[-75.48549,6.20412],[-75.48552,6.20398],[-75.48559,6.20385],[-75.48563,6.20372],[-75.48565,6.20362],[-75.4857,6.20335],[-75.48572,6.20318],[-75.48574,6.20302],[-75.48576,6.20282],[-75.48577,6.20268],[-75.48571,6.20241],[-75.4857,6.20217],[-75.4857,6.20184],[-75.4857,6.20163],[-75.48567,6.20148],[-75.48564,6.20142],[-75.48561,6.20135],[-75.48555,6.20128],[-75.48549,6.20119],[-75.48544,6.20109],[-75.48534,6.20097],[-75.48524,6.20082],[-75.48514,6.20066],[-75.48503,6.2005],[-75.48492,6.20038],[-75.4848,6.20029],[-75.48465,6.20018],[-75.48453,6.20008],[-75.48448,6.20001],[-75.48438,6.19987],[-75.48425,6.19969],[-75.48413,6.19946],[-75.48401,6.19922],[-75.48389,6.19906],[-75.48379,6.19895],[-75.48354,6.1987],[-75.48331,6.19845],[-75.48316,6.19831],[-75.48299,6.19822],[-75.48293,6.19816],[-75.48285,6.19806],[-75.48281,6.19798],[-75.48282,6.19781],[-75.48289,6.19772],[-75.48296,6.19762],[-75.48305,6.19749],[-75.48312,6.19737],[-75.48316,6.19723],[-75.48317,6.19713],[-75.48323,6.19696],[-75.48333,6.19677],[-75.48338,6.19663],[-75.48348,6.19648],[-75.4836,6.19632],[-75.4837,6.19621],[-75.48384,6.19603],[-75.48391,6.19592],[-75.48393,6.19576],[-75.48393,6.19562],[-75.4839,6.19546],[-75.48383,6.19522],[-75.48383,6.19505],[-75.48388,6.19476],[-75.48396,6.19442],[-75.48401,6.19416],[-75.48408,6.19404],[-75.48412,6.19397],[-75.4842,6.19388],[-75.48428,6.19379],[-75.48437,6.19369],[-75.48452,6.19356],[-75.48465,6.19342],[-75.48481,6.19319],[-75.48499,6.19301],[-75.48515,6.19276],[-75.48541,6.19244],[-75.4855,6.19224],[-75.48555,6.19215],[-75.48555,6.19204],[-75.48551,6.19193],[-75.48542,6.19175],[-75.48534,6.19161],[-75.4852,6.19141],[-75.48507,6.19128],[-75.48488,6.19111],[-75.48473,6.19093],[-75.48476,6.19094],[-75.4848,6.19091],[-75.48496,6.19087],[-75.48504,6.19087],[-75.48509,6.19085],[-75.48515,6.19081],[-75.48525,6.19068],[-75.48534,6.19065],[-75.4855,6.19069],[-75.4857,6.19079],[-75.48573,6.19079],[-75.48586,6.19077],[-75.48597,6.19072],[-75.48614,6.19064],[-75.48617,6.19062],[-75.48629,6.19054],[-75.48647,6.19054],[-75.48664,6.19061],[-75.48673,6.19072],[-75.48706,6.19077],[-75.48722,6.19079],[-75.4874,6.19082],[-75.48759,6.19089],[-75.4877,6.19088],[-75.4878,6.1909],[-75.48824,6.191],[-75.48869,6.19107],[-75.4891,6.19113],[-75.48944,6.19117],[-75.48977,6.19118],[-75.49019,6.19117],[-75.49064,6.19117],[-75.49107,6.19116],[-75.49117,6.19103],[-75.49174,6.19111],[-75.49201,6.19115],[-75.49224,6.19117],[-75.49252,6.1912],[-75.49286,6.19123],[-75.49317,6.19123],[-75.4933,6.1912],[-75.49349,6.1913],[-75.49368,6.19141],[-75.4938,6.1915],[-75.49399,6.19155],[-75.49402,6.19159],[-75.49426,6.19168],[-75.49433,6.19173],[-75.49461,6.19184],[-75.49483,6.19192],[-75.49505,6.19196],[-75.49528,6.192],[-75.49558,6.19203],[-75.49578,6.19207],[-75.49606,6.19212],[-75.49626,6.19217],[-75.4966,6.19223],[-75.49683,6.19226],[-75.49697,6.19229],[-75.49705,6.19227],[-75.49715,6.19226],[-75.49724,6.19221],[-75.49729,6.19212],[-75.49733,6.19207],[-75.49738,6.19203],[-75.49747,6.19197],[-75.49754,6.19194],[-75.49762,6.19194],[-75.49769,6.19194],[-75.49786,6.19194],[-75.49795,6.19193],[-75.4981,6.19199],[-75.49814,6.19188],[-75.49816,6.19181],[-75.4982,6.19173],[-75.49826,6.19164],[-75.49833,6.19152],[-75.49832,6.19136],[-75.4983,6.19124],[-75.49831,6.19111],[-75.49826,6.19094],[-75.49823,6.19075],[-75.49822,6.19071],[-75.49819,6.1906],[-75.49819,6.19053],[-75.49821,6.19049],[-75.49825,6.19042],[-75.49831,6.19033],[-75.49836,6.19024],[-75.4984,6.19015],[-75.49844,6.19004],[-75.49846,6.19001],[-75.49849,6.19001],[-75.49861,6.18999],[-75.49873,6.18997],[-75.49895,6.18994],[-75.49903,6.18994],[-75.49916,6.18992],[-75.4993,6.18991],[-75.49943,6.18991],[-75.49957,6.1899],[-75.49969,6.1899],[-75.4998,6.1899],[-75.49984,6.18991],[-75.49995,6.18989],[-75.50002,6.18988],[-75.50008,6.18987],[-75.50011,6.18987],[-75.50015,6.18987],[-75.50027,6.18988],[-75.50061,6.18983],[-75.501,6.18982],[-75.50134,6.18983],[-75.50172,6.18984],[-75.50211,6.18986],[-75.50215,6.18994],[-75.50225,6.1901],[-75.50242,6.19019],[-75.50261,6.19028],[-75.5028,6.19037],[-75.50304,6.1905],[-75.50318,6.19059],[-75.5033,6.19066],[-75.50335,6.19069],[-75.50347,6.19076],[-75.50364,6.19086],[-75.5038,6.19091],[-75.50387,6.191],[-75.50396,6.19106],[-75.50409,6.19111],[-75.50419,6.19108],[-75.50421,6.1911],[-75.50432,6.19109],[-75.50444,6.19107],[-75.50475,6.19101],[-75.50505,6.19099],[-75.50525,6.19097],[-75.50538,6.19095],[-75.50552,6.19094],[-75.50563,6.19094],[-75.5058,6.19092],[-75.50594,6.19091],[-75.50608,6.19095],[-75.50626,6.19107],[-75.50654,6.19132],[-75.50671,6.19136],[-75.50689,6.19138],[-75.507,6.19158],[-75.50712,6.19179],[-75.50726,6.19203],[-75.50733,6.19214],[-75.50763,6.19248],[-75.50807,6.19283],[-75.50838,6.19309],[-75.50841,6.19312],[-75.50863,6.19335],[-75.50866,6.19334],[-75.50876,6.19332],[-75.50896,6.19334],[-75.50911,6.19335],[-75.50921,6.19336],[-75.50932,6.19336],[-75.50937,6.19336],[-75.50956,6.19336],[-75.5097,6.19336],[-75.50989,6.19335],[-75.51005,6.19338],[-75.51009,6.1934],[-75.51024,6.19344],[-75.51046,6.1935],[-75.51059,6.19356],[-75.51076,6.19363],[-75.51082,6.19365],[-75.51117,6.19377],[-75.51163,6.19398],[-75.51201,6.19411],[-75.51244,6.19419],[-75.51279,6.19428],[-75.51326,6.19444],[-75.51386,6.19464],[-75.51388,6.19461],[-75.51404,6.19468],[-75.51424,6.19475],[-75.51449,6.19483],[-75.51462,6.19487],[-75.51474,6.1949],[-75.51487,6.19494],[-75.51514,6.19503],[-75.51534,6.19509],[-75.51544,6.19512],[-75.51558,6.19517],[-75.51568,6.1952],[-75.51601,6.19533],[-75.51606,6.19535],[-75.51617,6.19539],[-75.51628,6.19547],[-75.51642,6.19554],[-75.51664,6.19563],[-75.51681,6.1957],[-75.51685,6.19572],[-75.51694,6.19574],[-75.51715,6.19583],[-75.51728,6.19587],[-75.51733,6.19589],[-75.51746,6.19594],[-75.51755,6.19597],[-75.51763,6.196],[-75.51778,6.19605],[-75.51785,6.19608],[-75.51799,6.19613],[-75.51809,6.19616],[-75.51817,6.19619],[-75.51823,6.19621],[-75.51826,6.19622],[-75.51843,6.19627],[-75.51847,6.19627],[-75.51857,6.19629],[-75.51889,6.19633],[-75.51928,6.19639],[-75.51938,6.19641],[-75.51947,6.19645],[-75.51968,6.19642],[-75.52002,6.19642],[-75.52022,6.19639],[-75.52039,6.19638],[-75.52065,6.19635],[-75.52087,6.19631],[-75.52115,6.19627],[-75.52145,6.19623],[-75.52169,6.19622],[-75.52189,6.19624],[-75.52216,6.19626],[-75.52265,6.19628],[-75.52317,6.1963],[-75.52363,6.19632],[-75.5238,6.19632],[-75.52418,6.19628],[-75.52439,6.19624],[-75.52475,6.1962],[-75.52506,6.19615],[-75.52519,6.19614],[-75.52535,6.19613],[-75.52575,6.19609],[-75.52602,6.19607],[-75.52651,6.19632],[-75.52682,6.19659],[-75.5271,6.19667],[-75.52758,6.19672],[-75.52808,6.19686],[-75.52854,6.19698],[-75.52898,6.19711],[-75.5293,6.19717],[-75.52964,6.19721],[-75.53015,6.19734],[-75.53045,6.19751],[-75.5308,6.19767],[-75.53112,6.19775],[-75.53148,6.19781],[-75.53178,6.19788],[-75.53231,6.19796],[-75.53244,6.19795],[-75.53251,6.19781],[-75.53236,6.19756],[-75.5322,6.19731],[-75.53219,6.19708],[-75.53197,6.19687],[-75.53173,6.19649],[-75.53159,6.19622],[-75.53135,6.19602],[-75.53105,6.1958],[-75.53084,6.19561],[-75.5305,6.19541],[-75.53024,6.19517],[-75.53012,6.19499],[-75.53013,6.19481],[-75.53029,6.19455],[-75.53047,6.19411],[-75.53058,6.19364],[-75.53069,6.19279],[-75.53078,6.19219],[-75.53081,6.19137],[-75.53081,6.19106],[-75.53081,6.1903],[-75.53081,6.18984],[-75.53079,6.1895],[-75.53079,6.18932],[-75.53066,6.18883],[-75.53063,6.18847],[-75.53066,6.18809],[-75.53068,6.18778],[-75.53061,6.18754],[-75.53036,6.18725],[-75.53015,6.1871],[-75.53008,6.18686],[-75.53016,6.1866],[-75.53037,6.18619],[-75.53051,6.18589],[-75.5306,6.18564],[-75.53068,6.18539],[-75.53071,6.18517],[-75.53071,6.18503],[-75.53069,6.18483],[-75.53079,6.18458],[-75.53079,6.18454],[-75.53081,6.18444],[-75.53084,6.18422],[-75.53096,6.18398],[-75.53106,6.18382],[-75.53111,6.1836],[-75.53071,6.18341],[-75.5307,6.18324],[-75.53058,6.18283],[-75.53048,6.18237],[-75.53046,6.18205],[-75.53044,6.18172],[-75.53052,6.18162],[-75.53084,6.18136],[-75.53115,6.18111],[-75.53128,6.18101],[-75.53134,6.18097],[-75.53165,6.18064],[-75.53205,6.17986],[-75.5322,6.17937],[-75.53224,6.17915],[-75.53231,6.17901],[-75.53232,6.17899],[-75.53235,6.17894],[-75.53243,6.17879],[-75.53251,6.17861],[-75.53262,6.1783],[-75.53268,6.17815],[-75.53272,6.17806],[-75.5328,6.17797],[-75.53283,6.17794],[-75.5328,6.17793],[-75.53274,6.1779],[-75.53253,6.17781],[-75.53245,6.17778],[-75.53234,6.17775],[-75.53211,6.17771],[-75.53191,6.17765],[-75.53178,6.17761],[-75.53163,6.17754],[-75.53126,6.17725],[-75.53123,6.17722],[-75.53106,6.17708],[-75.53082,6.17691],[-75.53072,6.17682],[-75.53075,6.17675],[-75.53092,6.17661],[-75.53099,6.17655],[-75.53119,6.17646],[-75.53147,6.17633],[-75.53166,6.17623],[-75.532,6.17603],[-75.53237,6.17581],[-75.53245,6.17577],[-75.53266,6.17564],[-75.53309,6.1754],[-75.53348,6.17517],[-75.53381,6.17498],[-75.53392,6.17492],[-75.53428,6.1747],[-75.53428,6.17473],[-75.53435,6.17468],[-75.53455,6.17456],[-75.53484,6.17435],[-75.53506,6.1741],[-75.53534,6.17363],[-75.53535,6.17361],[-75.53551,6.17329],[-75.53559,6.17299],[-75.53559,6.17295],[-75.53562,6.17269],[-75.53576,6.17237],[-75.53593,6.1721],[-75.53618,6.17185],[-75.53646,6.17179],[-75.53674,6.17177],[-75.53695,6.17179],[-75.53714,6.17178],[-75.53732,6.17171],[-75.53744,6.17157],[-75.5375,6.17137],[-75.53796,6.1712],[-75.53815,6.1711],[-75.53836,6.171],[-75.53895,6.17072],[-75.53931,6.17058],[-75.53951,6.17048],[-75.53977,6.1704],[-75.53999,6.1704],[-75.54005,6.17039],[-75.54022,6.17042],[-75.54037,6.17047],[-75.54056,6.17052],[-75.54071,6.17055],[-75.54099,6.17199],[-75.5413,6.17218],[-75.54161,6.17225],[-75.54192,6.17243],[-75.5423,6.17259],[-75.54267,6.17261],[-75.54304,6.17265],[-75.54343,6.1726],[-75.54375,6.17269],[-75.54406,6.17294],[-75.54408,6.17311],[-75.54429,6.17359],[-75.54464,6.17391],[-75.54478,6.17406],[-75.54496,6.17423],[-75.5452,6.17442],[-75.54552,6.17457],[-75.54575,6.17468],[-75.54595,6.17475],[-75.54604,6.17479],[-75.54607,6.1748],[-75.5462,6.17485],[-75.54626,6.17487],[-75.54637,6.17488],[-75.54647,6.17489],[-75.54653,6.17489],[-75.54661,6.17488],[-75.5467,6.17484],[-75.54674,6.17482],[-75.54678,6.17481],[-75.54683,6.17483],[-75.54693,6.17489],[-75.54701,6.17495],[-75.54707,6.17502],[-75.54717,6.17511],[-75.54728,6.1752],[-75.54742,6.1752],[-75.5476,6.17527],[-75.54782,6.17533],[-75.548,6.17537],[-75.5482,6.17541],[-75.54826,6.1754],[-75.54831,6.1754],[-75.54843,6.17541],[-75.54855,6.17544],[-75.54863,6.17548],[-75.54873,6.17554],[-75.54879,6.17555],[-75.54891,6.17555],[-75.54897,6.17557],[-75.54907,6.17562],[-75.54917,6.17565],[-75.54929,6.17567],[-75.54936,6.17567],[-75.5494,6.17567],[-75.54951,6.17569],[-75.54962,6.17571],[-75.54973,6.17569],[-75.54978,6.17571],[-75.5499,6.17576],[-75.55,6.17579],[-75.55012,6.17584],[-75.55016,6.17585],[-75.55019,6.17586],[-75.55032,6.17589],[-75.55036,6.17591],[-75.55047,6.17596],[-75.55059,6.17598],[-75.55064,6.17598],[-75.55071,6.17598],[-75.55161,6.1763],[-75.55256,6.17642],[-75.55339,6.17686],[-75.55453,6.17723],[-75.55548,6.17722],[-75.55661,6.17702],[-75.55769,6.17695],[-75.55876,6.17706],[-75.55889,6.17706],[-75.55955,6.177],[-75.55987,6.177],[-75.56012,6.17704],[-75.56074,6.1772],[-75.56129,6.1774],[-75.56175,6.17763],[-75.56208,6.17788],[-75.56248,6.17817],[-75.56272,6.17845],[-75.56299,6.17864],[-75.56323,6.17873],[-75.56348,6.17876],[-75.56376,6.17877],[-75.56392,6.17881],[-75.56408,6.17887],[-75.5643,6.17901],[-75.5646,6.17915],[-75.56488,6.17924],[-75.56521,6.17929],[-75.5655,6.17929],[-75.56577,6.17932],[-75.56606,6.17947],[-75.56623,6.17966],[-75.56638,6.17996],[-75.56655,6.18014],[-75.56679,6.18024],[-75.56705,6.18031],[-75.5674,6.18038],[-75.56766,6.18031],[-75.56801,6.18017],[-75.56833,6.18014],[-75.56857,6.18017],[-75.56906,6.18034],[-75.56945,6.1805],[-75.56983,6.18057],[-75.57012,6.18057],[-75.57044,6.18055],[-75.57074,6.18045],[-75.57118,6.18024],[-75.57143,6.18017],[-75.57171,6.18017],[-75.57199,6.18023],[-75.57222,6.18031],[-75.57255,6.18048],[-75.57291,6.18067],[-75.57333,6.18093],[-75.57384,6.18115],[-75.5744,6.18134],[-75.57493,6.18153],[-75.57541,6.18167],[-75.57586,6.18187],[-75.5761,6.18202],[-75.57635,6.18215],[-75.57657,6.18225],[-75.5768,6.18231],[-75.57719,6.18245],[-75.57747,6.18258],[-75.57774,6.18276],[-75.57805,6.18307],[-75.57837,6.18333],[-75.5788,6.18355],[-75.57911,6.18364],[-75.57934,6.18371],[-75.57957,6.18379],[-75.57972,6.18391],[-75.57983,6.18406],[-75.57987,6.18424],[-75.57989,6.18445],[-75.57992,6.18468],[-75.57995,6.18491],[-75.57997,6.18516],[-75.57999,6.18538],[-75.58004,6.18567],[-75.5801,6.18587],[-75.5802,6.18609],[-75.58032,6.18629],[-75.58052,6.18659],[-75.58067,6.18681],[-75.58085,6.18701],[-75.58107,6.18719],[-75.5813,6.18732],[-75.58147,6.18738],[-75.58165,6.18747],[-75.58183,6.18763],[-75.58197,6.18774],[-75.58214,6.18784],[-75.58232,6.18789],[-75.58252,6.18792],[-75.5827,6.18794],[-75.58286,6.18801],[-75.58295,6.18809],[-75.58307,6.18826],[-75.58327,6.18855],[-75.58341,6.18875],[-75.58343,6.18877],[-75.58336,6.18892],[-75.58328,6.18913],[-75.58315,6.18946],[-75.58295,6.19021],[-75.58285,6.19065],[-75.58257,6.19184],[-75.58231,6.19283],[-75.58223,6.19319],[-75.58216,6.19349],[-75.58204,6.19395],[-75.58191,6.19437],[-75.5816,6.19502],[-75.58134,6.19579],[-75.58113,6.19639],[-75.58149,6.19639],[-75.58167,6.19639],[-75.58184,6.19634],[-75.58201,6.19625],[-75.58223,6.19617],[-75.58245,6.19606],[-75.58264,6.196],[-75.58283,6.19589],[-75.58296,6.19578],[-75.5831,6.19562],[-75.58332,6.19572],[-75.58383,6.19591],[-75.58439,6.1961],[-75.58485,6.19622],[-75.58542,6.19638],[-75.586,6.19654],[-75.58661,6.19667],[-75.58693,6.19675],[-75.58714,6.19677],[-75.58725,6.19677],[-75.58781,6.1952],[-75.58785,6.19509],[-75.58865,6.19466],[-75.58918,6.19438],[-75.58998,6.19396],[-75.59105,6.1934],[-75.59109,6.19301],[-75.59141,6.19304],[-75.5918,6.19308],[-75.59183,6.19326],[-75.59192,6.19387],[-75.59198,6.19422],[-75.59209,6.19485],[-75.59217,6.19535],[-75.59221,6.19572],[-75.59227,6.19617],[-75.59232,6.1965],[-75.59295,6.19645],[-75.59304,6.1961],[-75.59347,6.19612],[-75.59398,6.19627],[-75.59433,6.19683],[-75.59454,6.1969],[-75.59657,6.19801],[-75.59651,6.19872],[-75.59651,6.19907],[-75.59651,6.19918],[-75.5972,6.1993],[-75.59763,6.19939],[-75.59802,6.19954],[-75.59857,6.19991],[-75.59872,6.20004],[-75.59895,6.20005],[-75.59926,6.19991],[-75.59964,6.19999],[-75.5999,6.20013],[-75.60016,6.20021],[-75.60039,6.20025],[-75.60107,6.20027],[-75.60121,6.20013],[-75.60145,6.20005],[-75.60159,6.19997],[-75.60187,6.19979],[-75.60213,6.19959],[-75.60232,6.19942],[-75.60253,6.19924],[-75.60269,6.19903],[-75.60283,6.19887],[-75.60297,6.19869],[-75.60309,6.19854],[-75.6032,6.19839],[-75.60333,6.19828],[-75.60345,6.19822],[-75.60367,6.19818],[-75.60391,6.19816],[-75.60414,6.19816],[-75.60437,6.19816],[-75.60455,6.19816],[-75.60472,6.19817],[-75.60485,6.19819],[-75.60497,6.19824],[-75.60507,6.19831],[-75.60514,6.19839],[-75.60522,6.19848],[-75.60526,6.1985],[-75.60531,6.19856],[-75.60543,6.19863],[-75.60554,6.19866],[-75.60566,6.19865],[-75.60579,6.19856],[-75.60587,6.19851],[-75.60597,6.19842],[-75.60606,6.19835],[-75.60614,6.19829],[-75.60627,6.19823],[-75.60643,6.19816],[-75.60661,6.1981],[-75.60675,6.1981],[-75.60696,6.1981],[-75.6071,6.1981],[-75.60737,6.19818],[-75.60744,6.19823],[-75.60756,6.19834],[-75.60782,6.19859],[-75.60816,6.19881],[-75.60853,6.19897],[-75.60886,6.19909],[-75.60918,6.19921],[-75.60938,6.19924],[-75.60956,6.19923],[-75.60971,6.19921],[-75.6099,6.19915],[-75.6102,6.19904],[-75.61067,6.19895],[-75.6111,6.19891],[-75.61141,6.19884],[-75.6117,6.19881],[-75.61197,6.19882],[-75.61226,6.19883],[-75.61243,6.19883],[-75.61274,6.19882],[-75.61305,6.19878],[-75.61338,6.19871],[-75.61365,6.19861],[-75.61381,6.19855],[-75.61409,6.19844],[-75.61433,6.19834],[-75.61451,6.19823],[-75.61465,6.19812],[-75.61495,6.1979],[-75.61523,6.19773],[-75.61557,6.19756],[-75.61588,6.19741],[-75.6163,6.19725],[-75.61655,6.19715],[-75.61677,6.19705],[-75.61708,6.19694],[-75.61732,6.1969],[-75.6175,6.19685],[-75.61769,6.19681],[-75.61792,6.19676],[-75.6181,6.19673],[-75.61829,6.19667],[-75.61854,6.19663],[-75.6189,6.19657],[-75.61912,6.19654],[-75.61986,6.19649],[-75.6202,6.19647],[-75.62056,6.19644],[-75.62086,6.19638],[-75.62104,6.1963],[-75.62113,6.19625],[-75.62133,6.19616],[-75.62147,6.19614],[-75.62164,6.19614],[-75.62184,6.19615],[-75.62203,6.19615],[-75.6223,6.19615],[-75.62269,6.19616],[-75.62307,6.19624],[-75.62349,6.19631],[-75.62399,6.19633],[-75.62498,6.19629],[-75.62533,6.19635],[-75.62563,6.19641],[-75.62628,6.19664],[-75.62646,6.19671],[-75.62675,6.19681],[-75.62692,6.19683],[-75.62707,6.19683],[-75.62722,6.1968],[-75.62736,6.19675],[-75.62752,6.19669],[-75.62769,6.19663],[-75.62777,6.19659],[-75.62797,6.19656],[-75.62826,6.19654],[-75.62853,6.19652],[-75.62873,6.19649],[-75.62891,6.19646],[-75.62912,6.19641],[-75.62936,6.19635],[-75.62949,6.19628],[-75.62952,6.19623],[-75.62954,6.19616],[-75.62952,6.1961],[-75.62941,6.19579],[-75.62933,6.19557],[-75.62927,6.19533],[-75.62921,6.1951],[-75.62917,6.19489],[-75.62914,6.19471],[-75.62912,6.1944],[-75.62906,6.19401],[-75.62901,6.19385],[-75.62892,6.19366],[-75.62883,6.19345],[-75.62871,6.19333],[-75.62857,6.19316],[-75.62831,6.19296],[-75.62811,6.1928],[-75.62788,6.19263],[-75.62768,6.19248],[-75.62753,6.19237],[-75.62742,6.19224],[-75.62733,6.1921],[-75.62726,6.19194],[-75.62719,6.19175],[-75.62715,6.19147],[-75.62711,6.19123],[-75.6271,6.191],[-75.62712,6.19071],[-75.62714,6.19058],[-75.62716,6.19048],[-75.62718,6.19033],[-75.62722,6.19017],[-75.62726,6.19001],[-75.62729,6.18988],[-75.62731,6.18976],[-75.62733,6.18964],[-75.62734,6.1895],[-75.62734,6.18939],[-75.62735,6.18923],[-75.62735,6.18909],[-75.62731,6.18896],[-75.62726,6.18885],[-75.62716,6.18863],[-75.62712,6.18845],[-75.62713,6.18837],[-75.62718,6.18832],[-75.62731,6.18831],[-75.62742,6.18833],[-75.62755,6.18838],[-75.62768,6.18845],[-75.62778,6.18852],[-75.62787,6.18859],[-75.62799,6.18866],[-75.62808,6.18874],[-75.62812,6.18879],[-75.62818,6.18882],[-75.62822,6.18882],[-75.62827,6.18881],[-75.62832,6.18877],[-75.62836,6.18873],[-75.62839,6.18866],[-75.6285,6.18841],[-75.6286,6.1882],[-75.62871,6.18794],[-75.62883,6.18765],[-75.62893,6.18738],[-75.629,6.18709],[-75.6291,6.1869],[-75.62919,6.18672],[-75.62933,6.18651],[-75.62945,6.18638],[-75.62961,6.18623],[-75.62974,6.18608],[-75.62984,6.18604],[-75.62992,6.18604],[-75.63005,6.18605],[-75.63011,6.18607],[-75.63016,6.18609],[-75.63022,6.18613],[-75.63029,6.18616],[-75.6304,6.18618],[-75.63055,6.18617],[-75.63069,6.18616],[-75.63078,6.18611],[-75.6309,6.18606],[-75.63105,6.18598],[-75.63115,6.18594],[-75.63129,6.18592],[-75.63151,6.18587],[-75.6317,6.18581],[-75.63188,6.18571],[-75.63206,6.18559],[-75.63224,6.18545],[-75.63249,6.18525],[-75.63282,6.18491],[-75.63306,6.18465],[-75.63333,6.18436],[-75.63355,6.18414],[-75.63376,6.18395],[-75.63388,6.18385],[-75.63398,6.18378],[-75.63413,6.18372],[-75.63426,6.18366],[-75.63441,6.1836],[-75.63454,6.18352],[-75.63465,6.18345],[-75.63474,6.18333],[-75.63479,6.18324],[-75.63484,6.18316],[-75.63489,6.18305],[-75.63492,6.18295],[-75.63495,6.18279],[-75.63501,6.18246],[-75.63508,6.1822],[-75.63511,6.18209],[-75.63517,6.18197],[-75.63522,6.18188],[-75.63536,6.18172],[-75.63555,6.18151],[-75.63581,6.18127],[-75.63611,6.18101],[-75.63626,6.1809],[-75.6365,6.18078],[-75.63681,6.1806],[-75.63693,6.18049],[-75.63699,6.18037],[-75.63703,6.18031],[-75.63705,6.18025],[-75.63705,6.18019],[-75.63703,6.18015],[-75.63698,6.1801],[-75.63693,6.18006],[-75.63685,6.17998],[-75.6368,6.1799],[-75.63671,6.17978],[-75.63666,6.17961],[-75.6366,6.17939],[-75.63655,6.17919],[-75.6365,6.17899],[-75.63645,6.17875],[-75.63642,6.17859],[-75.63642,6.17847],[-75.63639,6.1784],[-75.63634,6.17827],[-75.63628,6.17815],[-75.63619,6.17801],[-75.63607,6.17786],[-75.63594,6.17774],[-75.63587,6.17769],[-75.63579,6.17764],[-75.6357,6.17761],[-75.63561,6.17758],[-75.63552,6.17752],[-75.63546,6.17748],[-75.63541,6.1774],[-75.63537,6.17733],[-75.63533,6.17725],[-75.63532,6.17717],[-75.63533,6.17706],[-75.63531,6.17688],[-75.63531,6.17674],[-75.63529,6.17668],[-75.63527,6.17662],[-75.63524,6.17655],[-75.63521,6.1765],[-75.63514,6.17639],[-75.63506,6.17627],[-75.63502,6.1762],[-75.63497,6.17612],[-75.63494,6.17605],[-75.63488,6.17599],[-75.63483,6.17596],[-75.63478,6.17593],[-75.63468,6.17587],[-75.63466,6.17585],[-75.63466,6.17581],[-75.6347,6.17578],[-75.63475,6.17574],[-75.63478,6.1757],[-75.63482,6.17566],[-75.63485,6.1756],[-75.63488,6.1755],[-75.63492,6.17541],[-75.63496,6.17535],[-75.63503,6.1753],[-75.63512,6.17525],[-75.63525,6.17521],[-75.63536,6.17515],[-75.63548,6.17508],[-75.63556,6.17502],[-75.63562,6.17496],[-75.63569,6.17489],[-75.63575,6.17481],[-75.6358,6.17472],[-75.63584,6.17463],[-75.63591,6.17444],[-75.63596,6.17437],[-75.63599,6.17434],[-75.63601,6.17431],[-75.63605,6.1743],[-75.63609,6.17429],[-75.63623,6.17429],[-75.63638,6.17429],[-75.63642,6.17428],[-75.63648,6.17425],[-75.63652,6.17422],[-75.63657,6.17419],[-75.63662,6.17416],[-75.63666,6.17414],[-75.63669,6.17412],[-75.63673,6.17412],[-75.63676,6.17412],[-75.63679,6.17412],[-75.63682,6.17416],[-75.63685,6.17421],[-75.63687,6.17423],[-75.63691,6.17425],[-75.63697,6.17426],[-75.63704,6.17427],[-75.6371,6.17426],[-75.63716,6.17425],[-75.63719,6.17424],[-75.63724,6.17421],[-75.63728,6.17418],[-75.63734,6.17413],[-75.63742,6.17405],[-75.63758,6.17391],[-75.63773,6.17378],[-75.63785,6.17372],[-75.63798,6.17367],[-75.63822,6.17359],[-75.63844,6.17353],[-75.63866,6.17344],[-75.63889,6.17333],[-75.63922,6.17319],[-75.63955,6.17307],[-75.64013,6.17285],[-75.64031,6.17279],[-75.64043,6.17275],[-75.64058,6.17274],[-75.64076,6.17274],[-75.641,6.17273],[-75.64111,6.17273],[-75.64122,6.17271],[-75.64134,6.17269],[-75.6414,6.17267],[-75.6415,6.17263],[-75.64166,6.17256],[-75.6419,6.17244],[-75.64225,6.17226],[-75.6426,6.17206],[-75.64276,6.17198],[-75.64288,6.17193],[-75.64308,6.17189],[-75.64327,6.17186],[-75.6434,6.17184],[-75.64347,6.17182],[-75.64351,6.17179],[-75.64355,6.17176],[-75.6436,6.1717],[-75.64364,6.17164],[-75.64366,6.17161],[-75.6437,6.17154],[-75.64373,6.17151],[-75.64379,6.17149],[-75.64387,6.1715],[-75.64397,6.1715],[-75.64406,6.17154],[-75.64412,6.17157],[-75.64419,6.17163],[-75.64427,6.17167],[-75.64441,6.17169],[-75.64458,6.1717],[-75.64476,6.1717],[-75.64496,6.17168],[-75.64514,6.17164],[-75.64538,6.1716],[-75.6455,6.17158],[-75.64566,6.17157],[-75.64583,6.17155],[-75.64591,6.17154],[-75.64603,6.17152],[-75.64623,6.17148],[-75.64641,6.17145],[-75.64651,6.17143],[-75.6466,6.17142],[-75.6468,6.17142],[-75.64705,6.17142],[-75.64717,6.17144],[-75.64728,6.17146],[-75.64738,6.17149],[-75.64749,6.17151],[-75.64753,6.17152],[-75.64756,6.17152],[-75.64759,6.17152],[-75.64761,6.17152],[-75.64764,6.17152],[-75.64767,6.17152],[-75.64769,6.17153],[-75.64772,6.17153],[-75.64775,6.17155],[-75.64778,6.17157],[-75.64782,6.17159],[-75.64786,6.1716],[-75.64804,6.17161],[-75.64879,6.17164],[-75.64928,6.17163],[-75.65005,6.1716],[-75.65066,6.17162],[-75.65098,6.17158],[-75.65123,6.17153],[-75.65147,6.17145],[-75.65161,6.17136],[-75.65171,6.17126],[-75.6518,6.1711],[-75.65186,6.17088],[-75.6519,6.17073],[-75.65197,6.17066],[-75.65204,6.17061],[-75.65216,6.1706],[-75.65229,6.17061],[-75.65246,6.17068],[-75.65262,6.17076],[-75.65285,6.17091],[-75.65327,6.17129],[-75.6535,6.17152],[-75.65376,6.17173],[-75.65395,6.17182],[-75.65429,6.17186],[-75.65484,6.1719],[-75.65517,6.1719],[-75.65557,6.17184],[-75.65599,6.17178],[-75.65633,6.1717],[-75.65676,6.1716],[-75.65724,6.17148],[-75.65758,6.17135],[-75.65782,6.17125],[-75.65799,6.17117],[-75.65841,6.1709],[-75.65874,6.17067],[-75.65906,6.17046],[-75.65918,6.17039],[-75.65929,6.17039],[-75.65938,6.17042],[-75.65949,6.17051],[-75.65964,6.17066],[-75.65972,6.1707],[-75.65983,6.17071],[-75.65991,6.17071],[-75.66002,6.17068],[-75.66015,6.17062],[-75.6603,6.17052],[-75.66057,6.17035],[-75.66073,6.1702],[-75.66086,6.17006],[-75.66099,6.16987],[-75.66111,6.16966],[-75.66123,6.1694],[-75.66143,6.16912],[-75.66171,6.16875],[-75.66199,6.1684],[-75.66234,6.16806],[-75.66266,6.1678],[-75.663,6.16747],[-75.66325,6.16727],[-75.66354,6.1671],[-75.66396,6.16692],[-75.6644,6.16675],[-75.66465,6.16664],[-75.66508,6.16643],[-75.66546,6.16621],[-75.66586,6.16596],[-75.66633,6.16572],[-75.66682,6.16559],[-75.66713,6.16551],[-75.66739,6.16542],[-75.6677,6.16525],[-75.668,6.1651],[-75.66823,6.16503],[-75.66859,6.16496],[-75.66884,6.16491],[-75.66903,6.16487],[-75.6692,6.16482],[-75.6694,6.16471],[-75.66949,6.16466],[-75.66962,6.16462],[-75.66971,6.16461],[-75.6698,6.16462],[-75.66985,6.16464],[-75.66989,6.16468],[-75.66996,6.16475],[-75.67004,6.16482],[-75.67017,6.16496],[-75.67026,6.16506],[-75.67037,6.16518],[-75.67052,6.16532],[-75.67066,6.16541],[-75.6709,6.16556],[-75.6711,6.16574],[-75.67125,6.1659],[-75.67136,6.16603],[-75.67144,6.16614],[-75.67154,6.16628],[-75.67165,6.16644],[-75.67172,6.16655],[-75.6718,6.16668],[-75.67191,6.16683],[-75.67202,6.16696],[-75.67215,6.16707],[-75.67229,6.16716],[-75.67242,6.16724],[-75.67254,6.1673],[-75.67264,6.16734],[-75.67278,6.1674],[-75.67292,6.16746],[-75.67306,6.16753],[-75.67317,6.16758],[-75.67332,6.16762],[-75.67344,6.16765],[-75.67357,6.16766],[-75.67374,6.16766],[-75.67393,6.16765],[-75.67408,6.16763],[-75.67425,6.16763],[-75.67456,6.1676],[-75.67475,6.16755],[-75.67489,6.1675],[-75.675,6.16744],[-75.67506,6.1674],[-75.67511,6.16737],[-75.67517,6.16731],[-75.67532,6.16717],[-75.67544,6.16709],[-75.67556,6.16706],[-75.67578,6.16704],[-75.67591,6.16699],[-75.67603,6.16692],[-75.67624,6.16682],[-75.6764,6.16674],[-75.67647,6.16669],[-75.67653,6.16663],[-75.67658,6.16655],[-75.6767,6.1663],[-75.6769,6.16609],[-75.67723,6.16585],[-75.67764,6.16557],[-75.67792,6.16535],[-75.67806,6.16522],[-75.67823,6.16502],[-75.67839,6.16481],[-75.67873,6.16448],[-75.67903,6.1642],[-75.67923,6.16402],[-75.67937,6.16392],[-75.67943,6.16387],[-75.67947,6.16382],[-75.6796,6.16388],[-75.67979,6.16399],[-75.68001,6.16409],[-75.68008,6.16432],[-75.68022,6.16475],[-75.68044,6.16543],[-75.68066,6.16593],[-75.68094,6.16645],[-75.68123,6.16692],[-75.68145,6.16733],[-75.68168,6.16782],[-75.68184,6.16811],[-75.68197,6.16832],[-75.68205,6.16854],[-75.68205,6.16874],[-75.68198,6.16888],[-75.68193,6.16904],[-75.68191,6.16916],[-75.68191,6.16943],[-75.68193,6.16977],[-75.68191,6.17026],[-75.68179,6.17054],[-75.68163,6.17091],[-75.6816,6.17112],[-75.68161,6.17132],[-75.68172,6.17144],[-75.68184,6.17152],[-75.68191,6.17166],[-75.68193,6.17184],[-75.68193,6.17201],[-75.68186,6.17219],[-75.68171,6.17268],[-75.68152,6.17326],[-75.68135,6.17401],[-75.68124,6.17474],[-75.68124,6.17508],[-75.68131,6.17557],[-75.68128,6.17636],[-75.68128,6.17674],[-75.68136,6.17721],[-75.68177,6.17792],[-75.68229,6.1786],[-75.68298,6.1796],[-75.68334,6.18027],[-75.68363,6.18086],[-75.68391,6.18161],[-75.68417,6.18223],[-75.68436,6.18303],[-75.68479,6.18431],[-75.68505,6.18506],[-75.68511,6.18549],[-75.68505,6.18585],[-75.68495,6.18614],[-75.68485,6.18652],[-75.68484,6.18681],[-75.68489,6.18703],[-75.68511,6.18727],[-75.68544,6.18757],[-75.68593,6.18797],[-75.68632,6.18838],[-75.68654,6.18858],[-75.68685,6.18877],[-75.68713,6.18897],[-75.68736,6.18925],[-75.68748,6.18958],[-75.68781,6.19033],[-75.68818,6.19087],[-75.68875,6.1916],[-75.68904,6.19192],[-75.68925,6.19229],[-75.68946,6.19295],[-75.68954,6.19312],[-75.68965,6.19322],[-75.68997,6.19326],[-75.69024,6.19325],[-75.6908,6.19319],[-75.69149,6.1932],[-75.69218,6.19328],[-75.69334,6.19366],[-75.69405,6.194],[-75.69453,6.19431],[-75.69451,6.19436],[-75.69454,6.19451],[-75.69462,6.19462],[-75.69474,6.19466],[-75.69501,6.19469],[-75.69537,6.19478],[-75.69579,6.19499],[-75.69612,6.19528],[-75.69629,6.19559],[-75.69654,6.19636],[-75.69682,6.19702],[-75.69723,6.19826],[-75.69752,6.19897],[-75.6978,6.19968],[-75.69836,6.2008],[-75.69869,6.20129],[-75.69891,6.20149],[-75.69925,6.20176],[-75.69944,6.20189],[-75.69973,6.20199],[-75.70042,6.20226],[-75.70106,6.2026],[-75.70153,6.20288],[-75.70181,6.20321],[-75.70206,6.20354],[-75.70231,6.20386],[-75.70239,6.20419],[-75.70242,6.20448],[-75.70242,6.20495],[-75.70234,6.20534],[-75.7022,6.20564],[-75.70203,6.20587],[-75.70162,6.20634],[-75.70129,6.20672],[-75.70096,6.2073],[-75.70072,6.2075],[-75.7004,6.20787],[-75.70026,6.20806],[-75.70002,6.20821],[-75.69958,6.20836],[-75.69929,6.20855],[-75.69915,6.20871],[-75.69865,6.2096],[-75.69847,6.21],[-75.69835,6.2103],[-75.69835,6.21044],[-75.6984,6.21055],[-75.69911,6.21169],[-75.69947,6.21252],[-75.69964,6.21315],[-75.69979,6.2137],[-75.69984,6.21403],[-75.69987,6.21446],[-75.69987,6.2148],[-75.69988,6.21506],[-75.69991,6.21531],[-75.70007,6.21584],[-75.70022,6.21638],[-75.70044,6.21694],[-75.70063,6.21737],[-75.70107,6.21782],[-75.70131,6.21809],[-75.70142,6.21833],[-75.70145,6.21867],[-75.70143,6.21889],[-75.7012,6.21927],[-75.70098,6.21967],[-75.70072,6.22015],[-75.70038,6.22079],[-75.70021,6.22141],[-75.70015,6.22173],[-75.70012,6.222],[-75.70012,6.22222],[-75.70013,6.22239],[-75.7002,6.22249],[-75.70037,6.22262],[-75.7006,6.22292],[-75.70106,6.22362],[-75.70142,6.22437],[-75.70171,6.22514],[-75.70174,6.22555],[-75.70174,6.22586],[-75.70178,6.22605],[-75.70199,6.22626],[-75.70265,6.2272],[-75.70299,6.22775],[-75.70305,6.22794],[-75.70304,6.22816],[-75.703,6.22844],[-75.7028,6.22903],[-75.7024,6.22984],[-75.70225,6.23029],[-75.70206,6.23096],[-75.7019,6.23187],[-75.70188,6.23258],[-75.70196,6.23367],[-75.70213,6.23517],[-75.70231,6.23627],[-75.70267,6.23772],[-75.7033,6.23875],[-75.70378,6.23945],[-75.70417,6.2399],[-75.7047,6.24038],[-75.70517,6.24103],[-75.70537,6.24145],[-75.70551,6.24194],[-75.70566,6.24252],[-75.7058,6.24267],[-75.70602,6.24275],[-75.70671,6.24294],[-75.70742,6.24329],[-75.70765,6.24336],[-75.70783,6.24333],[-75.70796,6.24327],[-75.70826,6.24305],[-75.70885,6.24283],[-75.70946,6.24272],[-75.70977,6.24274],[-75.70991,6.24279],[-75.71001,6.24292],[-75.71005,6.24358],[-75.71007,6.24445],[-75.71003,6.24508],[-75.70993,6.24559],[-75.70969,6.24619],[-75.70916,6.24773],[-75.70885,6.24906],[-75.70871,6.24983],[-75.70873,6.25018],[-75.70886,6.25045],[-75.70904,6.25067],[-75.70912,6.25088],[-75.70912,6.25107],[-75.70906,6.25134],[-75.70887,6.25167],[-75.70864,6.25194],[-75.70857,6.25213],[-75.70859,6.25233],[-75.70875,6.25258],[-75.70908,6.25282],[-75.70964,6.25314],[-75.71016,6.25343],[-75.71022,6.25359],[-75.7102,6.2538],[-75.71007,6.254],[-75.70983,6.25407],[-75.70951,6.25416],[-75.70916,6.25431],[-75.70882,6.2546],[-75.70848,6.25498],[-75.70831,6.25528],[-75.70828,6.25581],[-75.70828,6.25649],[-75.70825,6.25673],[-75.70817,6.25693],[-75.70802,6.25735],[-75.7079,6.25778],[-75.70789,6.25809],[-75.70798,6.25841],[-75.70821,6.25868],[-75.70839,6.25883],[-75.70867,6.25891],[-75.70902,6.25893],[-75.70962,6.25898],[-75.71003,6.25905],[-75.71011,6.25942],[-75.71019,6.26019],[-75.71019,6.26066],[-75.71011,6.26184],[-75.71009,6.26234],[-75.71013,6.26253],[-75.71018,6.26275],[-75.71031,6.26309],[-75.71045,6.2636],[-75.71054,6.26409],[-75.71055,6.26461],[-75.71047,6.26535],[-75.71026,6.26635],[-75.71014,6.26697],[-75.71002,6.26753],[-75.70998,6.26784],[-75.70999,6.26852],[-75.71,6.26897],[-75.70997,6.2692],[-75.70991,6.26935],[-75.70977,6.26955],[-75.70957,6.26976],[-75.70945,6.27002],[-75.70941,6.27027],[-75.70942,6.27052],[-75.7094,6.27117],[-75.7094,6.27172],[-75.70938,6.2721],[-75.70931,6.27238],[-75.70921,6.27273],[-75.7091,6.27336],[-75.70902,6.27395],[-75.70896,6.27431],[-75.70884,6.27453],[-75.70856,6.27498],[-75.70838,6.27549],[-75.70834,6.27581],[-75.70836,6.27623],[-75.70838,6.27665],[-75.70831,6.27746],[-75.70829,6.27793],[-75.70836,6.27824],[-75.70844,6.27848],[-75.70844,6.27871],[-75.70842,6.27898],[-75.70834,6.27939],[-75.70822,6.28039],[-75.70814,6.28079],[-75.708,6.28138],[-75.70789,6.28174],[-75.70774,6.28194],[-75.70743,6.28212],[-75.70692,6.28234],[-75.70664,6.28252],[-75.70651,6.28265],[-75.70643,6.28292],[-75.70641,6.28317],[-75.70643,6.28343],[-75.70654,6.28371],[-75.70663,6.28394],[-75.70669,6.2842],[-75.70671,6.28455],[-75.70678,6.28484],[-75.70688,6.28505],[-75.70703,6.28518],[-75.70722,6.28536],[-75.70759,6.28562],[-75.70792,6.28586],[-75.70807,6.28602],[-75.70815,6.28617],[-75.70815,6.28652],[-75.7081,6.28709],[-75.70813,6.28758],[-75.70813,6.28805],[-75.70813,6.28845],[-75.70819,6.28886],[-75.70829,6.28927],[-75.70842,6.28962],[-75.70846,6.28994],[-75.70843,6.29022],[-75.70834,6.29048],[-75.7083,6.29067],[-75.70829,6.2909],[-75.70829,6.29103],[-75.70833,6.29116],[-75.70859,6.2914],[-75.70876,6.29156],[-75.70883,6.29171],[-75.70884,6.29189],[-75.70879,6.29205],[-75.70856,6.29227],[-75.70848,6.29241],[-75.70851,6.2926],[-75.70852,6.29282],[-75.70841,6.29306],[-75.70828,6.29323],[-75.70804,6.29344],[-75.70789,6.29374],[-75.70787,6.29419],[-75.70784,6.29438],[-75.70773,6.29455],[-75.70767,6.29482],[-75.70768,6.29517],[-75.70778,6.29562],[-75.708,6.29653],[-75.70826,6.29737],[-75.70841,6.29776],[-75.70865,6.29831],[-75.70884,6.29868],[-75.70894,6.29898],[-75.70894,6.2992],[-75.70884,6.29961],[-75.70873,6.30004],[-75.70873,6.30019],[-75.70878,6.30029],[-75.70884,6.30037],[-75.70896,6.30044],[-75.70902,6.30051],[-75.70903,6.30062],[-75.70899,6.3008],[-75.70883,6.30095],[-75.70859,6.30108],[-75.7084,6.30116],[-75.70828,6.30125],[-75.70821,6.30137],[-75.70819,6.30151],[-75.70819,6.30186],[-75.70819,6.30199],[-75.70815,6.30207],[-75.70811,6.30214],[-75.70791,6.30233],[-75.70784,6.30248],[-75.70783,6.30278],[-75.70785,6.30303],[-75.70795,6.30326],[-75.70805,6.30346],[-75.7081,6.30378],[-75.7082,6.30413],[-75.70823,6.30439],[-75.70821,6.30484],[-75.70819,6.30512],[-75.70829,6.30528],[-75.70847,6.3054],[-75.70879,6.30558],[-75.70891,6.30573],[-75.70899,6.30592],[-75.70905,6.30628],[-75.70909,6.30658],[-75.70912,6.30678],[-75.70921,6.3069],[-75.70937,6.30709],[-75.70944,6.30723],[-75.70949,6.30775],[-75.70959,6.30811],[-75.7097,6.30842],[-75.70987,6.30873],[-75.71007,6.30898],[-75.71059,6.30948],[-75.71069,6.30963],[-75.71081,6.30983],[-75.71084,6.31003],[-75.71083,6.3102],[-75.71073,6.31045],[-75.71063,6.31074],[-75.71059,6.31103],[-75.71053,6.31129],[-75.71042,6.31141],[-75.71037,6.31157],[-75.71043,6.31172],[-75.71052,6.31184],[-75.71054,6.31196],[-75.71055,6.31217],[-75.7105,6.31238],[-75.71036,6.31256],[-75.7103,6.31283],[-75.71032,6.31305],[-75.71048,6.31326],[-75.7105,6.31342],[-75.71048,6.31356],[-75.71045,6.31386],[-75.71046,6.31419],[-75.71051,6.31447],[-75.71062,6.31469],[-75.71096,6.31516],[-75.71131,6.3155],[-75.71159,6.31573],[-75.71188,6.31587],[-75.71217,6.31611],[-75.71226,6.31626],[-75.71226,6.31656],[-75.71232,6.31687],[-75.71256,6.31729],[-75.71266,6.31747],[-75.71279,6.31759],[-75.71294,6.31765],[-75.71314,6.31778],[-75.71333,6.31795],[-75.7135,6.31829],[-75.71364,6.31875],[-75.71375,6.31924],[-75.71386,6.31944],[-75.7142,6.31974],[-75.71463,6.32001],[-75.7151,6.32035],[-75.71548,6.32062],[-75.71599,6.32087],[-75.7169,6.32137],[-75.71755,6.32181],[-75.71783,6.32213],[-75.71809,6.32265],[-75.71815,6.32309],[-75.71827,6.32391],[-75.71831,6.32428],[-75.71835,6.32514],[-75.71839,6.3257],[-75.71842,6.32605],[-75.71838,6.3263],[-75.71828,6.32658],[-75.71815,6.32688],[-75.71813,6.32715],[-75.71819,6.32749],[-75.71825,6.32768],[-75.71831,6.32782],[-75.71846,6.32804],[-75.71879,6.32847],[-75.71889,6.32872],[-75.71891,6.32897],[-75.71887,6.32934],[-75.71881,6.32965],[-75.71874,6.33006],[-75.71869,6.3305],[-75.71869,6.33087],[-75.71861,6.33111],[-75.71855,6.3313],[-75.71843,6.33149],[-75.71814,6.33182],[-75.71771,6.33214],[-75.71728,6.33247],[-75.71703,6.3327],[-75.71675,6.33282],[-75.71635,6.33301],[-75.7159,6.33335],[-75.7157,6.33357],[-75.71564,6.33376],[-75.71562,6.33398],[-75.7157,6.33422],[-75.71587,6.33457],[-75.71604,6.33496],[-75.71612,6.33522],[-75.71624,6.33536],[-75.71644,6.33549],[-75.71668,6.33556],[-75.71699,6.33563],[-75.71735,6.33575],[-75.71762,6.33599],[-75.71775,6.33626],[-75.71775,6.33653],[-75.71768,6.33692],[-75.71767,6.33725],[-75.71774,6.33742],[-75.7179,6.33759],[-75.71813,6.33787],[-75.71823,6.33799],[-75.71825,6.33821],[-75.71827,6.33861],[-75.7183,6.33876],[-75.71836,6.33888],[-75.71861,6.33916],[-75.71878,6.33936],[-75.71885,6.3396],[-75.71888,6.33993],[-75.71892,6.34016],[-75.71901,6.34041],[-75.71919,6.34085],[-75.71929,6.34121],[-75.71929,6.34154],[-75.71923,6.34179],[-75.71911,6.34201],[-75.71889,6.34229],[-75.71869,6.34253],[-75.71861,6.34268],[-75.7186,6.34279],[-75.71867,6.34304],[-75.71867,6.3434],[-75.71863,6.34366],[-75.71849,6.34396],[-75.71827,6.34431],[-75.71804,6.34472],[-75.718,6.34495],[-75.71795,6.3454],[-75.7179,6.34561],[-75.7178,6.34571],[-75.7177,6.34583],[-75.71749,6.34591],[-75.71726,6.34594],[-75.71704,6.34592],[-75.71682,6.34592],[-75.71672,6.34595],[-75.71656,6.34601],[-75.71635,6.3461],[-75.71609,6.3462],[-75.71587,6.34624],[-75.71557,6.34634],[-75.71521,6.3465],[-75.71486,6.34661],[-75.71455,6.34675],[-75.71406,6.34699],[-75.71387,6.34713],[-75.71381,6.34723],[-75.71381,6.34737],[-75.71391,6.3475],[-75.71415,6.34779],[-75.71448,6.34828],[-75.71466,6.34859],[-75.7148,6.34888],[-75.71484,6.3491],[-75.71492,6.35002],[-75.71497,6.35091],[-75.71498,6.35156],[-75.71499,6.35186],[-75.71498,6.35196],[-75.71492,6.35203],[-75.71481,6.35206],[-75.71471,6.35204],[-75.71453,6.35204],[-75.71441,6.35207],[-75.71434,6.35219],[-75.71432,6.35233],[-75.71436,6.35258],[-75.71446,6.3529],[-75.71465,6.35336],[-75.71477,6.35367],[-75.71492,6.35393],[-75.71505,6.35412],[-75.7153,6.35442],[-75.71551,6.35473],[-75.71562,6.3549],[-75.71565,6.35511],[-75.71563,6.35534],[-75.71562,6.35556],[-75.71556,6.35594],[-75.71555,6.35612],[-75.71556,6.35631],[-75.71564,6.35649],[-75.71579,6.35683],[-75.71583,6.3571],[-75.71585,6.35741],[-75.71586,6.35765],[-75.71594,6.35795],[-75.71606,6.3583],[-75.71617,6.35847],[-75.71623,6.3588],[-75.71635,6.35936],[-75.71637,6.35987],[-75.7164,6.3603],[-75.71647,6.36046],[-75.71657,6.36058],[-75.71676,6.3607],[-75.71698,6.36078],[-75.71723,6.36082],[-75.71723,6.36086],[-75.71719,6.36097],[-75.71717,6.3612],[-75.71713,6.36151],[-75.71715,6.36178],[-75.71715,6.36192],[-75.71713,6.36208],[-75.71712,6.36229],[-75.71717,6.36264],[-75.71723,6.3629],[-75.71731,6.36303],[-75.71738,6.36309],[-75.71747,6.36321],[-75.7175,6.36328],[-75.71761,6.36347],[-75.7176,6.36354],[-75.71761,6.36372],[-75.71763,6.36383],[-75.71764,6.36393],[-75.71764,6.36414],[-75.71764,6.36418],[-75.71763,6.36435],[-75.71758,6.36463],[-75.71757,6.36467],[-75.71755,6.36469],[-75.71753,6.36472],[-75.71751,6.36473],[-75.71738,6.36482],[-75.71728,6.36491],[-75.71724,6.36497],[-75.71707,6.36509],[-75.71695,6.36518],[-75.71686,6.36527],[-75.71675,6.36541],[-75.71662,6.36556],[-75.71659,6.3656],[-75.71647,6.36577],[-75.71638,6.36591],[-75.71632,6.36599],[-75.7162,6.36608],[-75.71608,6.36619],[-75.71596,6.36625],[-75.71591,6.36634],[-75.71571,6.36648],[-75.71565,6.36652],[-75.71558,6.36656],[-75.71549,6.36665],[-75.71535,6.36678],[-75.71529,6.36684],[-75.71525,6.36688],[-75.71523,6.36691],[-75.71521,6.36694],[-75.71519,6.36696],[-75.71521,6.367],[-75.71522,6.36703],[-75.71524,6.36706],[-75.71527,6.36709],[-75.71529,6.36711],[-75.71531,6.36714],[-75.71533,6.36718],[-75.71533,6.3672],[-75.71533,6.36724],[-75.71532,6.36727],[-75.7153,6.3673],[-75.71527,6.36733],[-75.71524,6.36735],[-75.71521,6.36737],[-75.7152,6.3674],[-75.71517,6.36742],[-75.71514,6.36743],[-75.71511,6.36744],[-75.71507,6.36745],[-75.71504,6.36746],[-75.71501,6.36748],[-75.71502,6.36751],[-75.71503,6.36755],[-75.71501,6.36758],[-75.71498,6.36759],[-75.71494,6.36759],[-75.71491,6.3676],[-75.7149,6.36763],[-75.71488,6.36767],[-75.71487,6.3677],[-75.71485,6.36773],[-75.71483,6.36775],[-75.71481,6.36779],[-75.71481,6.36782],[-75.71478,6.36784],[-75.71475,6.36786],[-75.71474,6.3679],[-75.71476,6.36794],[-75.71479,6.36796],[-75.71479,6.368],[-75.71477,6.36802],[-75.71474,6.36804],[-75.71473,6.36807],[-75.71473,6.3681],[-75.71474,6.36813],[-75.71474,6.36817],[-75.71474,6.36821],[-75.71473,6.36824],[-75.71473,6.36828],[-75.71472,6.36832],[-75.71472,6.36835],[-75.71472,6.36838],[-75.71471,6.36841],[-75.71469,6.36844],[-75.71467,6.36849],[-75.71465,6.36854],[-75.71463,6.36858],[-75.7146,6.36862],[-75.71457,6.36865],[-75.71454,6.36868],[-75.71452,6.36871],[-75.7145,6.36873],[-75.71447,6.36877],[-75.71443,6.36883],[-75.7144,6.36885],[-75.71437,6.36887],[-75.71434,6.36891],[-75.71431,6.36894],[-75.71429,6.36898],[-75.71427,6.36901],[-75.71426,6.36905],[-75.71424,6.36908],[-75.71423,6.36911],[-75.71421,6.36915],[-75.7142,6.36921],[-75.7142,6.36926],[-75.71421,6.36929],[-75.71423,6.36934],[-75.71423,6.36938],[-75.71424,6.36943],[-75.71424,6.36946],[-75.71423,6.3695],[-75.71422,6.3696],[-75.7142,6.36965],[-75.7142,6.36969],[-75.71419,6.36973],[-75.71418,6.36977],[-75.71417,6.36982],[-75.71415,6.36995],[-75.71414,6.36999],[-75.71414,6.37003],[-75.71412,6.37012],[-75.71411,6.37016],[-75.71411,6.37021],[-75.7141,6.37024],[-75.7141,6.37027],[-75.71409,6.37032],[-75.71409,6.37037],[-75.71409,6.37041],[-75.71409,6.37044],[-75.71409,6.37048],[-75.71409,6.37051],[-75.7141,6.37055],[-75.7141,6.37059],[-75.71411,6.37066],[-75.71412,6.37069],[-75.71412,6.37073],[-75.71413,6.37078],[-75.71413,6.37081],[-75.71413,6.37085],[-75.71413,6.37088],[-75.71412,6.37091],[-75.7141,6.37094],[-75.71406,6.37097],[-75.71402,6.371],[-75.71399,6.37102],[-75.71396,6.37103],[-75.71393,6.37104],[-75.7139,6.37104],[-75.71387,6.37105],[-75.71395,6.37125],[-75.71401,6.37139],[-75.71396,6.37141],[-75.7136,6.37145],[-75.71346,6.37145],[-75.71342,6.37141],[-75.71333,6.37132],[-75.7133,6.37134],[-75.71326,6.37136],[-75.71322,6.37139],[-75.71318,6.3714],[-75.71314,6.37143],[-75.71308,6.37146],[-75.71303,6.37148],[-75.71298,6.37152],[-75.71295,6.37155],[-75.7129,6.37156],[-75.71285,6.37158],[-75.71281,6.37159],[-75.71278,6.37161],[-75.71272,6.37164],[-75.71266,6.37166],[-75.71261,6.37169],[-75.71258,6.3717],[-75.71254,6.37172],[-75.7125,6.37174],[-75.71245,6.37175],[-75.71242,6.37176],[-75.71237,6.37177],[-75.71233,6.37178],[-75.71228,6.3718],[-75.71224,6.37182],[-75.7122,6.37184],[-75.71213,6.37187],[-75.7121,6.37188],[-75.71208,6.3719],[-75.71203,6.3719],[-75.71199,6.37191],[-75.71196,6.37191],[-75.71193,6.37192],[-75.71189,6.37191],[-75.71185,6.3719],[-75.71179,6.37189],[-75.71173,6.37188],[-75.71169,6.37188],[-75.71166,6.37187],[-75.71157,6.37185],[-75.71152,6.37184],[-75.71144,6.37183],[-75.71139,6.37182],[-75.71134,6.37181],[-75.71125,6.37181],[-75.71117,6.3718],[-75.71112,6.3718],[-75.71106,6.3718],[-75.71103,6.3718],[-75.71099,6.3718],[-75.7109,6.37183],[-75.71086,6.37185],[-75.71082,6.37186],[-75.71076,6.37189],[-75.71073,6.3719],[-75.71069,6.37192],[-75.71063,6.37196],[-75.71059,6.37199],[-75.71055,6.37201],[-75.71049,6.37206],[-75.71047,6.37208],[-75.71042,6.37212],[-75.71038,6.37215],[-75.71034,6.37218],[-75.71027,6.37222],[-75.71021,6.37225],[-75.71008,6.3723],[-75.70993,6.37236],[-75.70988,6.37238],[-75.70985,6.37239],[-75.70981,6.3724],[-75.70977,6.37241],[-75.70972,6.37242],[-75.70961,6.37244],[-75.70951,6.37246],[-75.70941,6.37248],[-75.70932,6.37249],[-75.70928,6.37249],[-75.70921,6.37248],[-75.70918,6.37248],[-75.70913,6.37247],[-75.7091,6.37246],[-75.70905,6.37244],[-75.709,6.37241],[-75.70893,6.37238],[-75.70889,6.37237],[-75.70887,6.37235],[-75.70883,6.37231],[-75.70882,6.37228],[-75.70878,6.37227],[-75.70874,6.37224],[-75.70871,6.37221],[-75.70868,6.37219],[-75.70864,6.37216],[-75.7086,6.37214],[-75.70858,6.37213],[-75.70855,6.37211],[-75.70853,6.3721],[-75.7085,6.3721],[-75.70847,6.37211],[-75.70843,6.37214],[-75.70839,6.37218],[-75.70836,6.37221],[-75.70834,6.37223],[-75.7083,6.37227],[-75.70826,6.37231],[-75.70823,6.37233],[-75.70819,6.37235],[-75.70813,6.37238],[-75.7081,6.37239],[-75.70806,6.37236],[-75.70798,6.37231],[-75.70795,6.3723],[-75.7078,6.37231],[-75.70756,6.37239],[-75.70736,6.37248],[-75.70724,6.37259],[-75.70715,6.37274],[-75.70724,6.37279],[-75.70724,6.37291],[-75.70726,6.37299],[-75.7072,6.37332],[-75.70684,6.37327],[-75.7066,6.37323],[-75.70657,6.37322],[-75.70654,6.37318],[-75.70649,6.37313],[-75.70648,6.3732],[-75.70645,6.37321],[-75.70639,6.37322],[-75.70635,6.37323],[-75.70631,6.37322],[-75.70628,6.37322],[-75.70624,6.37321],[-75.70621,6.37321],[-75.70618,6.37319],[-75.70615,6.37318],[-75.70611,6.37318],[-75.70608,6.37317],[-75.70606,6.37316],[-75.70608,6.3732],[-75.70612,6.37324],[-75.70615,6.37329],[-75.70617,6.37333],[-75.70619,6.37338],[-75.70619,6.37344],[-75.70619,6.37348],[-75.70613,6.37345],[-75.70602,6.37339],[-75.70595,6.37334],[-75.70593,6.37333],[-75.70589,6.37331],[-75.70584,6.3733],[-75.7058,6.37329],[-75.70576,6.3733],[-75.70573,6.37331],[-75.70568,6.37332],[-75.70563,6.37332],[-75.7056,6.37331],[-75.70556,6.37329],[-75.70553,6.37328],[-75.70551,6.37327],[-75.70546,6.37326],[-75.70537,6.37326],[-75.70522,6.37324],[-75.7051,6.37327],[-75.705,6.37319],[-75.70494,6.37311],[-75.7049,6.37306],[-75.70489,6.373],[-75.70482,6.37288],[-75.7047,6.37274],[-75.70457,6.37257],[-75.70445,6.37247],[-75.70426,6.37244],[-75.70404,6.37246],[-75.7039,6.37252],[-75.70381,6.37257],[-75.70377,6.37258],[-75.70366,6.37261],[-75.70346,6.37262],[-75.70338,6.37263],[-75.70333,6.37263],[-75.70324,6.37264],[-75.70317,6.37266],[-75.70314,6.37271],[-75.70312,6.37277],[-75.70308,6.37283],[-75.70302,6.37284],[-75.70298,6.37284],[-75.70292,6.37279],[-75.70291,6.37271],[-75.70286,6.37264],[-75.70279,6.37257],[-75.70271,6.37253],[-75.70261,6.37248],[-75.70244,6.37243],[-75.70235,6.37237],[-75.7023,6.37232],[-75.70225,6.37227],[-75.70227,6.37211],[-75.70229,6.37202],[-75.70233,6.37195],[-75.70234,6.37192],[-75.70239,6.37185],[-75.70228,6.37184],[-75.70198,6.37171],[-75.70195,6.37168],[-75.70187,6.37161],[-75.70178,6.37147],[-75.70167,6.37132],[-75.70153,6.3712],[-75.70137,6.37112],[-75.70121,6.37108],[-75.7006,6.37091],[-75.70058,6.37102],[-75.70058,6.37123],[-75.70057,6.37136],[-75.70058,6.3715],[-75.70054,6.37182],[-75.70049,6.37202],[-75.70045,6.37214],[-75.70042,6.37225],[-75.70039,6.37232],[-75.70036,6.37245],[-75.70031,6.37256],[-75.70022,6.3726],[-75.69986,6.3726],[-75.69973,6.37258],[-75.69963,6.37264],[-75.69951,6.37273],[-75.6994,6.37286],[-75.69928,6.37305],[-75.69897,6.37271],[-75.69883,6.37256],[-75.69872,6.3725],[-75.69832,6.37224],[-75.69813,6.37212],[-75.69792,6.37196],[-75.69779,6.37186],[-75.69766,6.37169],[-75.69755,6.37156],[-75.69747,6.37151],[-75.69732,6.37147],[-75.69714,6.37145],[-75.69703,6.37141],[-75.69689,6.37126],[-75.69679,6.37121],[-75.6967,6.37115],[-75.6965,6.37099],[-75.69642,6.37092],[-75.69639,6.37089],[-75.69608,6.3706],[-75.69597,6.37044],[-75.69586,6.37038],[-75.69559,6.37025],[-75.69553,6.37022],[-75.69542,6.37016],[-75.69534,6.37012],[-75.69523,6.3701],[-75.69518,6.37011],[-75.69515,6.37012],[-75.69512,6.37013],[-75.69508,6.37014],[-75.69505,6.37017],[-75.69499,6.37022],[-75.69492,6.37028],[-75.69487,6.37032],[-75.69484,6.37034],[-75.69476,6.37038],[-75.6947,6.3704],[-75.69462,6.37043],[-75.69451,6.37042],[-75.69446,6.3704],[-75.69435,6.37037],[-75.6942,6.37033],[-75.69413,6.3703],[-75.69389,6.37017],[-75.69369,6.37002],[-75.69351,6.3699],[-75.69342,6.36982],[-75.69338,6.36977],[-75.69335,6.36971],[-75.69325,6.36989],[-75.69311,6.37006],[-75.69308,6.3701],[-75.69284,6.3703],[-75.69264,6.37044],[-75.69248,6.37053],[-75.69233,6.37067],[-75.69227,6.37079],[-75.69216,6.371],[-75.69199,6.3712],[-75.69184,6.37132],[-75.69176,6.3714],[-75.69166,6.37144],[-75.6915,6.37149],[-75.69125,6.37151],[-75.69107,6.37152],[-75.69065,6.37151],[-75.69049,6.37154],[-75.69031,6.37156],[-75.6901,6.37159],[-75.68999,6.37163],[-75.68987,6.37163],[-75.6897,6.37167],[-75.68955,6.37176],[-75.68949,6.37183],[-75.68932,6.37193],[-75.68905,6.37208],[-75.68882,6.37223],[-75.6886,6.37243],[-75.68852,6.37249],[-75.6885,6.3725],[-75.68847,6.37251],[-75.68828,6.37239],[-75.68804,6.37219],[-75.68754,6.37176],[-75.6873,6.37155],[-75.68727,6.37152],[-75.68725,6.37148],[-75.68722,6.37144],[-75.68718,6.37141],[-75.68715,6.37138],[-75.68712,6.37135],[-75.68709,6.37131],[-75.68706,6.37127],[-75.68703,6.37124],[-75.687,6.3712],[-75.68697,6.37117],[-75.68693,6.37114],[-75.6869,6.37111],[-75.68686,6.37108],[-75.68683,6.37105],[-75.6868,6.37101],[-75.68677,6.37097],[-75.68674,6.37094],[-75.68671,6.37091],[-75.68668,6.37087],[-75.68665,6.37083],[-75.68663,6.37079],[-75.68661,6.37075],[-75.6866,6.3707],[-75.6866,6.37066],[-75.68658,6.37061],[-75.68657,6.37057],[-75.68656,6.37052],[-75.68655,6.37048],[-75.68655,6.37043],[-75.68655,6.37038],[-75.68655,6.37034],[-75.68655,6.37029],[-75.68655,6.37025],[-75.68654,6.3702],[-75.68652,6.37016],[-75.6865,6.37011],[-75.68648,6.37007],[-75.68646,6.37003],[-75.68643,6.36999],[-75.68641,6.36995],[-75.68639,6.36991],[-75.68636,6.36987],[-75.68633,6.36984],[-75.6863,6.3698],[-75.68627,6.36977],[-75.68623,6.36974],[-75.6862,6.36971],[-75.68617,6.36967],[-75.68614,6.36964],[-75.6861,6.36961],[-75.68606,6.36959],[-75.68602,6.36957],[-75.68597,6.36956],[-75.68593,6.36956],[-75.68588,6.36957],[-75.68584,6.36958],[-75.68579,6.36959],[-75.68575,6.3696],[-75.6857,6.36961],[-75.68566,6.36964],[-75.68562,6.36966],[-75.68558,6.36968],[-75.68554,6.36971],[-75.68551,6.36974],[-75.68547,6.36976],[-75.68542,6.36976],[-75.68538,6.36976],[-75.68533,6.36977],[-75.68529,6.36978],[-75.68524,6.3698],[-75.6852,6.36981],[-75.68516,6.36984],[-75.68512,6.36986],[-75.68507,6.36988],[-75.68503,6.3699],[-75.68499,6.36992],[-75.68495,6.36994],[-75.6849,6.36994],[-75.68486,6.36994],[-75.68481,6.36993],[-75.68476,6.36992],[-75.68471,6.36991],[-75.68467,6.36991],[-75.68462,6.3699],[-75.68458,6.36991],[-75.68454,6.36993],[-75.6845,6.36996],[-75.68447,6.36999],[-75.68442,6.37],[-75.68438,6.37001],[-75.68434,6.37004],[-75.68431,6.37008],[-75.68428,6.37012],[-75.68425,6.37015],[-75.6842,6.37016],[-75.68416,6.37016],[-75.68411,6.37016],[-75.68406,6.37017],[-75.68402,6.37017],[-75.68397,6.37018],[-75.68393,6.37018],[-75.68388,6.37017],[-75.68383,6.37017],[-75.68379,6.37015],[-75.68374,6.37013],[-75.68371,6.37011],[-75.68366,6.37009],[-75.68361,6.37008],[-75.68357,6.37007],[-75.68352,6.37007],[-75.68347,6.37007],[-75.68343,6.37007],[-75.68338,6.37007],[-75.68333,6.37007],[-75.68329,6.37007],[-75.68324,6.37008],[-75.68319,6.37007],[-75.68315,6.37007],[-75.6831,6.37006],[-75.68306,6.37005],[-75.68301,6.37004],[-75.68297,6.37003],[-75.68292,6.37001],[-75.68289,6.36998],[-75.68273,6.36995],[-75.68269,6.36992],[-75.68265,6.36992],[-75.6826,6.36992],[-75.68256,6.36992],[-75.68251,6.36992],[-75.68246,6.36992],[-75.68243,6.36989],[-75.68239,6.36987],[-75.68235,6.36985],[-75.6823,6.36985],[-75.68225,6.36985],[-75.68221,6.36986],[-75.68216,6.36988],[-75.68212,6.36989],[-75.68207,6.36991],[-75.68203,6.36992],[-75.68198,6.36993],[-75.68194,6.36996],[-75.6819,6.36998],[-75.68186,6.36999],[-75.68181,6.37],[-75.68177,6.37001],[-75.68172,6.37002],[-75.68168,6.37003],[-75.68163,6.37005],[-75.68159,6.37006],[-75.68154,6.37007],[-75.68149,6.37007],[-75.68145,6.37006],[-75.6814,6.37005],[-75.68115,6.37012],[-75.6811,6.37014],[-75.68106,6.37014],[-75.68101,6.37013],[-75.68096,6.37013],[-75.68092,6.37011],[-75.68088,6.37009],[-75.68083,6.37008],[-75.68079,6.37007],[-75.68074,6.37007],[-75.68069,6.37006],[-75.68065,6.37006],[-75.6806,6.37006],[-75.68055,6.37005],[-75.68051,6.37004],[-75.68046,6.37005],[-75.68042,6.37006],[-75.68037,6.37007],[-75.68033,6.37007],[-75.68028,6.37006],[-75.68024,6.37005],[-75.68019,6.37004],[-75.68015,6.37003],[-75.6801,6.37002],[-75.68006,6.37003],[-75.68001,6.37002],[-75.67998,6.36999],[-75.67994,6.36997],[-75.67989,6.36996],[-75.67986,6.36999],[-75.67982,6.37002],[-75.67978,6.37004],[-75.67974,6.37005],[-75.67972,6.37],[-75.67965,6.37008],[-75.67961,6.3701],[-75.67957,6.37013],[-75.67953,6.37016],[-75.67949,6.37018],[-75.67945,6.3702],[-75.67941,6.37022],[-75.67936,6.37023],[-75.67932,6.37024],[-75.67928,6.37026],[-75.67923,6.37028],[-75.67919,6.3703],[-75.67915,6.37031],[-75.6791,6.37033],[-75.67906,6.37034],[-75.67901,6.37035],[-75.67896,6.37034],[-75.67892,6.37034],[-75.67886,6.37033],[-75.67873,6.37033],[-75.67868,6.37033],[-75.67864,6.37034],[-75.67861,6.37038],[-75.67857,6.37041],[-75.67853,6.37043],[-75.67845,6.37047],[-75.67841,6.37049],[-75.67837,6.37052],[-75.67835,6.37056],[-75.67832,6.3706],[-75.67831,6.37064],[-75.67828,6.37068],[-75.67826,6.37072],[-75.67822,6.37075],[-75.67819,6.37079],[-75.67817,6.37083],[-75.67815,6.37087],[-75.67813,6.37091],[-75.6781,6.37095],[-75.67807,6.37098],[-75.67803,6.37101],[-75.67799,6.37104],[-75.67796,6.37107],[-75.67793,6.3711],[-75.67789,6.37113],[-75.67785,6.37116],[-75.67782,6.3712],[-75.67779,6.37124],[-75.67777,6.37128],[-75.67774,6.37131],[-75.67772,6.37136],[-75.67772,6.3714],[-75.67772,6.37146],[-75.67771,6.3715],[-75.67768,6.37154],[-75.67766,6.37158],[-75.67765,6.37163],[-75.67763,6.37167],[-75.67761,6.37171],[-75.67758,6.37175],[-75.67756,6.37179],[-75.67754,6.37183],[-75.67752,6.37188],[-75.67749,6.37191],[-75.67746,6.37195],[-75.67743,6.37198],[-75.6774,6.37202],[-75.67736,6.37204],[-75.67732,6.37203],[-75.67728,6.37201],[-75.67724,6.37198],[-75.6772,6.37196],[-75.67715,6.37195],[-75.67711,6.37194],[-75.67706,6.37192],[-75.67702,6.3719],[-75.67698,6.37188],[-75.67694,6.37186],[-75.6769,6.37185],[-75.67685,6.37184],[-75.67681,6.37184],[-75.67676,6.37184],[-75.67671,6.37185],[-75.67667,6.37186],[-75.67662,6.37187],[-75.67658,6.37189],[-75.67654,6.37191],[-75.67649,6.37192],[-75.67644,6.37193],[-75.67638,6.37195],[-75.67634,6.37196],[-75.67629,6.37197],[-75.67624,6.37198],[-75.6762,6.372],[-75.67616,6.37203],[-75.67613,6.37205],[-75.67608,6.37207],[-75.67604,6.37209],[-75.676,6.37212],[-75.67596,6.37214],[-75.67592,6.37215],[-75.67587,6.37216],[-75.67582,6.37216],[-75.67578,6.37217],[-75.67574,6.37219],[-75.67569,6.37221],[-75.67565,6.37221],[-75.6756,6.37221],[-75.67555,6.37221],[-75.67551,6.37221],[-75.67546,6.37222],[-75.67542,6.37222],[-75.67537,6.37222],[-75.67533,6.37224],[-75.67529,6.37226],[-75.67525,6.37228],[-75.6752,6.37229],[-75.67516,6.3723],[-75.67511,6.37232],[-75.67507,6.37233],[-75.67502,6.37234],[-75.67498,6.37234],[-75.67493,6.37235],[-75.67489,6.37236],[-75.67484,6.37237],[-75.67479,6.37238],[-75.67475,6.3724],[-75.6747,6.3724],[-75.67466,6.3724],[-75.67461,6.3724],[-75.67456,6.37241],[-75.67452,6.37242],[-75.67447,6.37244],[-75.67443,6.37245],[-75.67439,6.37248],[-75.67435,6.37249],[-75.67431,6.37251],[-75.67426,6.37253],[-75.67422,6.37255],[-75.67418,6.37257],[-75.67414,6.37259],[-75.67409,6.3726],[-75.67405,6.3726],[-75.674,6.3726],[-75.67395,6.3726],[-75.67391,6.3726],[-75.67386,6.3726],[-75.67375,6.3726],[-75.67371,6.3726],[-75.67366,6.3726],[-75.67362,6.37259],[-75.67357,6.37259],[-75.67352,6.37259],[-75.67348,6.3726],[-75.67343,6.37261],[-75.67339,6.37262],[-75.67335,6.37265],[-75.67331,6.37267],[-75.67327,6.37269],[-75.67322,6.3727],[-75.67318,6.37271],[-75.67313,6.37272],[-75.67309,6.37274],[-75.67305,6.37276],[-75.673,6.37278],[-75.67296,6.3728],[-75.67292,6.37282],[-75.67288,6.37284],[-75.67285,6.37284],[-75.67282,6.37285],[-75.67263,6.37295],[-75.67251,6.37298],[-75.67221,6.37307],[-75.67215,6.37309],[-75.6719,6.37318],[-75.67165,6.37327],[-75.67138,6.3734],[-75.67115,6.37355],[-75.67086,6.37368],[-75.67068,6.37375],[-75.67048,6.37376],[-75.67028,6.37372],[-75.67007,6.37367]]]]}},{"type":"Feature","properties":{"MpNombre":"Copacabana","MpCodigo":"05212","centroid":[6.35181,-75.50081]},"geometry":{"type":"MultiPolygon","coordinates":[[[[-75.48845,6.42918],[-75.48857,6.42785],[-75.4886,6.42725],[-75.48862,6.42653],[-75.48864,6.42635],[-75.4887,6.42609],[-75.4888,6.4258],[-75.48887,6.4257],[-75.48895,6.4256],[-75.48919,6.42539],[-75.48997,6.42484],[-75.49015,6.42464],[-75.4903,6.42437],[-75.49045,6.42396],[-75.49051,6.42364],[-75.49055,6.42282],[-75.49055,6.42256],[-75.49059,6.42253],[-75.49086,6.42228],[-75.49104,6.42214],[-75.49113,6.42196],[-75.49117,6.42177],[-75.49118,6.4216],[-75.49115,6.42133],[-75.49107,6.42074],[-75.49097,6.42009],[-75.4909,6.41965],[-75.49078,6.41934],[-75.49061,6.41893],[-75.49047,6.41858],[-75.49034,6.41815],[-75.49025,6.41777],[-75.49015,6.41699],[-75.49007,6.41646],[-75.49,6.41632],[-75.48984,6.41618],[-75.48962,6.4159],[-75.48934,6.41559],[-75.48912,6.4153],[-75.48903,6.41512],[-75.48893,6.41487],[-75.48885,6.41459],[-75.4888,6.41438],[-75.48879,6.4142],[-75.48875,6.41393],[-75.48875,6.41369],[-75.48878,6.41345],[-75.48885,6.41319],[-75.48887,6.41298],[-75.48887,6.41276],[-75.48885,6.41239],[-75.48887,6.41207],[-75.48889,6.41172],[-75.48893,6.41151],[-75.48898,6.41124],[-75.48906,6.41101],[-75.4891,6.41087],[-75.48913,6.4107],[-75.48913,6.41049],[-75.48912,6.41019],[-75.4891,6.41005],[-75.48905,6.40986],[-75.489,6.40971],[-75.48895,6.40954],[-75.4889,6.4094],[-75.48884,6.40923],[-75.4888,6.4091],[-75.4888,6.40899],[-75.48882,6.40892],[-75.48886,6.40886],[-75.48891,6.40879],[-75.48902,6.4087],[-75.48907,6.40863],[-75.4891,6.40857],[-75.48911,6.40848],[-75.4891,6.40839],[-75.48908,6.40826],[-75.48905,6.40815],[-75.48902,6.40803],[-75.48898,6.4079],[-75.48893,6.40776],[-75.48887,6.40765],[-75.48875,6.40744],[-75.48866,6.40728],[-75.48862,6.4071],[-75.48861,6.40693],[-75.48861,6.40671],[-75.4886,6.40655],[-75.48857,6.40631],[-75.4885,6.40618],[-75.48834,6.406],[-75.48828,6.40592],[-75.48826,6.40584],[-75.48831,6.40577],[-75.48834,6.4057],[-75.48836,6.40559],[-75.48837,6.40539],[-75.48833,6.40528],[-75.48828,6.40522],[-75.48818,6.40511],[-75.4881,6.40499],[-75.48805,6.40487],[-75.48803,6.40473],[-75.48807,6.40443],[-75.48815,6.40414],[-75.48824,6.40397],[-75.48837,6.40371],[-75.48846,6.40342],[-75.48863,6.40292],[-75.48873,6.40273],[-75.48886,6.40257],[-75.48893,6.40245],[-75.48898,6.40229],[-75.48899,6.4021],[-75.48905,6.40189],[-75.4891,6.40173],[-75.48922,6.40151],[-75.48946,6.40111],[-75.48958,6.40091],[-75.48962,6.40081],[-75.48965,6.4007],[-75.48965,6.4006],[-75.48965,6.40044],[-75.48961,6.40029],[-75.48957,6.4001],[-75.48941,6.3997],[-75.48927,6.3993],[-75.48918,6.39882],[-75.48915,6.39846],[-75.48917,6.39831],[-75.48922,6.3982],[-75.48928,6.39809],[-75.48939,6.39793],[-75.48943,6.39779],[-75.48944,6.3976],[-75.48945,6.39735],[-75.48943,6.39717],[-75.48937,6.39688],[-75.48937,6.39672],[-75.4893,6.39657],[-75.4892,6.39644],[-75.48914,6.39639],[-75.48905,6.39634],[-75.48894,6.3963],[-75.48885,6.39626],[-75.48878,6.39619],[-75.48872,6.3961],[-75.48869,6.39603],[-75.48865,6.39596],[-75.48864,6.3959],[-75.48864,6.3958],[-75.48864,6.39573],[-75.4887,6.39557],[-75.48875,6.39538],[-75.4888,6.39505],[-75.48883,6.39485],[-75.48888,6.39465],[-75.48891,6.39458],[-75.48891,6.39448],[-75.48889,6.39439],[-75.48885,6.39431],[-75.48879,6.39424],[-75.48874,6.39419],[-75.48867,6.39413],[-75.48861,6.39411],[-75.48855,6.3941],[-75.48845,6.39404],[-75.48837,6.39398],[-75.48833,6.39393],[-75.48831,6.39386],[-75.48831,6.39378],[-75.48831,6.39364],[-75.48835,6.3933],[-75.48834,6.39309],[-75.48831,6.39301],[-75.48828,6.39294],[-75.48824,6.39285],[-75.48819,6.3928],[-75.48814,6.39276],[-75.48808,6.3927],[-75.48799,6.39263],[-75.48794,6.39254],[-75.48791,6.39246],[-75.48791,6.39242],[-75.48791,6.39219],[-75.48794,6.39188],[-75.48794,6.39172],[-75.48789,6.39149],[-75.48784,6.39139],[-75.48777,6.39128],[-75.48767,6.39118],[-75.48759,6.39107],[-75.48751,6.391],[-75.48737,6.39099],[-75.48727,6.39092],[-75.48715,6.39084],[-75.48702,6.39073],[-75.48677,6.39054],[-75.48654,6.3904],[-75.48644,6.39035],[-75.48612,6.39036],[-75.48585,6.39034],[-75.48564,6.39028],[-75.48554,6.3902],[-75.48542,6.39004],[-75.48529,6.38981],[-75.48517,6.38953],[-75.48512,6.38938],[-75.48512,6.38914],[-75.48507,6.38893],[-75.48503,6.38879],[-75.48488,6.3886],[-75.48473,6.38844],[-75.48463,6.38824],[-75.48456,6.38805],[-75.48455,6.38789],[-75.48459,6.38763],[-75.48466,6.38723],[-75.48467,6.38701],[-75.48463,6.38684],[-75.48451,6.38666],[-75.48442,6.38651],[-75.48427,6.38633],[-75.48403,6.38616],[-75.48381,6.38596],[-75.48353,6.38546],[-75.48331,6.38512],[-75.48329,6.38502],[-75.48323,6.38488],[-75.48312,6.38471],[-75.48295,6.38457],[-75.48287,6.3845],[-75.48271,6.38445],[-75.48251,6.38437],[-75.48229,6.38429],[-75.48219,6.38422],[-75.48207,6.38415],[-75.482,6.38403],[-75.48198,6.38391],[-75.48198,6.38379],[-75.48201,6.38336],[-75.48199,6.38317],[-75.48195,6.38306],[-75.4819,6.38298],[-75.48184,6.38291],[-75.48177,6.38285],[-75.48166,6.38282],[-75.48154,6.3828],[-75.48146,6.38277],[-75.48137,6.38272],[-75.48132,6.38267],[-75.48128,6.38263],[-75.48125,6.38255],[-75.48122,6.38243],[-75.48121,6.38231],[-75.48123,6.38212],[-75.48129,6.38184],[-75.4813,6.38152],[-75.4813,6.38132],[-75.48126,6.38112],[-75.48117,6.38092],[-75.48112,6.38076],[-75.48104,6.3806],[-75.48092,6.3805],[-75.48072,6.38034],[-75.48049,6.38017],[-75.48037,6.38009],[-75.48022,6.38003],[-75.48004,6.37995],[-75.47988,6.37986],[-75.47979,6.37977],[-75.47957,6.37953],[-75.47935,6.37933],[-75.47923,6.37919],[-75.4791,6.37916],[-75.47898,6.37916],[-75.47881,6.37917],[-75.4786,6.37918],[-75.47836,6.37919],[-75.47815,6.37915],[-75.47806,6.37909],[-75.47788,6.37899],[-75.47775,6.37891],[-75.47765,6.37883],[-75.47754,6.37872],[-75.47747,6.3786],[-75.47738,6.37847],[-75.47727,6.37833],[-75.47715,6.37823],[-75.47699,6.37815],[-75.47675,6.37808],[-75.47649,6.37803],[-75.47626,6.37802],[-75.47596,6.37799],[-75.47573,6.3779],[-75.47552,6.37778],[-75.47539,6.3776],[-75.47511,6.37727],[-75.47473,6.37694],[-75.47449,6.37682],[-75.47411,6.37665],[-75.4738,6.37639],[-75.47352,6.37609],[-75.47368,6.37609],[-75.47391,6.37609],[-75.47416,6.37606],[-75.47438,6.37605],[-75.4746,6.37601],[-75.47502,6.37592],[-75.4754,6.37587],[-75.47574,6.37585],[-75.47607,6.37584],[-75.47647,6.37584],[-75.47672,6.37584],[-75.47687,6.37579],[-75.47694,6.37573],[-75.47701,6.37566],[-75.47711,6.37557],[-75.47729,6.37539],[-75.47744,6.37527],[-75.47755,6.37519],[-75.47767,6.37515],[-75.47782,6.37515],[-75.47797,6.37516],[-75.47814,6.37521],[-75.47824,6.37527],[-75.47842,6.37541],[-75.47872,6.37565],[-75.47912,6.37602],[-75.47959,6.37642],[-75.48009,6.37674],[-75.48027,6.3768],[-75.48046,6.37682],[-75.4806,6.37682],[-75.48074,6.37678],[-75.48088,6.37673],[-75.481,6.37666],[-75.48109,6.3766],[-75.48125,6.37652],[-75.48145,6.37641],[-75.48173,6.37627],[-75.48204,6.37615],[-75.48231,6.37605],[-75.48257,6.37599],[-75.48271,6.37593],[-75.48279,6.37587],[-75.48285,6.37581],[-75.48288,6.37572],[-75.48291,6.37567],[-75.48295,6.37557],[-75.48301,6.37546],[-75.48315,6.37533],[-75.48331,6.37515],[-75.48348,6.37502],[-75.48361,6.37492],[-75.48381,6.37476],[-75.48409,6.37454],[-75.48441,6.3743],[-75.48473,6.3741],[-75.485,6.37393],[-75.48527,6.37374],[-75.4855,6.37362],[-75.4858,6.37352],[-75.48602,6.37344],[-75.48635,6.37331],[-75.4867,6.37322],[-75.48705,6.3731],[-75.48711,6.37304],[-75.48711,6.37296],[-75.48701,6.37283],[-75.48689,6.3727],[-75.48666,6.37253],[-75.48645,6.37239],[-75.48627,6.37229],[-75.48611,6.3722],[-75.48593,6.37214],[-75.48573,6.3721],[-75.4854,6.37196],[-75.48516,6.37174],[-75.48497,6.37147],[-75.48483,6.37118],[-75.48472,6.37083],[-75.48459,6.37057],[-75.48452,6.37042],[-75.48434,6.37025],[-75.48421,6.37014],[-75.48407,6.37002],[-75.48383,6.36986],[-75.48367,6.36969],[-75.48358,6.36958],[-75.48342,6.36936],[-75.4833,6.36916],[-75.48312,6.36888],[-75.483,6.36862],[-75.48288,6.36831],[-75.48282,6.36803],[-75.48276,6.36769],[-75.4827,6.36737],[-75.48263,6.36706],[-75.48259,6.3668],[-75.48256,6.36665],[-75.48254,6.36646],[-75.48248,6.36615],[-75.48245,6.36589],[-75.48243,6.36564],[-75.48239,6.36544],[-75.48236,6.36528],[-75.4823,6.36508],[-75.48225,6.36493],[-75.4822,6.3648],[-75.48212,6.3646],[-75.48196,6.36422],[-75.48181,6.36386],[-75.48167,6.36342],[-75.48157,6.36297],[-75.48149,6.36264],[-75.48149,6.3622],[-75.48149,6.36192],[-75.48146,6.36159],[-75.48135,6.36126],[-75.4812,6.36098],[-75.48102,6.36067],[-75.48088,6.36043],[-75.48077,6.36012],[-75.48069,6.35985],[-75.48067,6.35956],[-75.48063,6.35928],[-75.48064,6.35866],[-75.48063,6.35834],[-75.48062,6.3579],[-75.48059,6.35764],[-75.48045,6.35727],[-75.48034,6.35704],[-75.4802,6.3568],[-75.48008,6.35662],[-75.47994,6.35644],[-75.47982,6.35625],[-75.47972,6.35605],[-75.47963,6.35586],[-75.47956,6.35568],[-75.47953,6.35553],[-75.47947,6.35525],[-75.47938,6.35504],[-75.47922,6.3548],[-75.47912,6.35467],[-75.47889,6.3545],[-75.4787,6.35442],[-75.47855,6.35438],[-75.47822,6.35431],[-75.47778,6.35422],[-75.4774,6.3541],[-75.47713,6.35402],[-75.47685,6.35389],[-75.47666,6.35376],[-75.4765,6.35358],[-75.4764,6.35341],[-75.47624,6.35324],[-75.47607,6.35303],[-75.4759,6.3529],[-75.47573,6.35275],[-75.47558,6.35259],[-75.47547,6.35242],[-75.47535,6.35218],[-75.4753,6.35199],[-75.47526,6.35181],[-75.47517,6.35163],[-75.47509,6.35154],[-75.475,6.35141],[-75.47492,6.35128],[-75.47485,6.35117],[-75.4748,6.35105],[-75.47479,6.35093],[-75.47479,6.35085],[-75.47479,6.35072],[-75.47479,6.3506],[-75.47475,6.35044],[-75.47464,6.35027],[-75.47452,6.35015],[-75.47434,6.35],[-75.4742,6.34988],[-75.47409,6.34972],[-75.47401,6.34954],[-75.47373,6.34908],[-75.47339,6.34858],[-75.47321,6.34833],[-75.47304,6.34816],[-75.47278,6.3479],[-75.47247,6.34759],[-75.47209,6.34729],[-75.47169,6.34708],[-75.47142,6.34696],[-75.47108,6.3469],[-75.47091,6.34687],[-75.47063,6.34679],[-75.47043,6.34678],[-75.47023,6.34676],[-75.47005,6.34671],[-75.4699,6.3467],[-75.46958,6.34663],[-75.46944,6.34657],[-75.46929,6.3465],[-75.46912,6.34639],[-75.46897,6.3463],[-75.46883,6.34621],[-75.46868,6.34611],[-75.4685,6.346],[-75.46836,6.3459],[-75.46826,6.34584],[-75.46815,6.34575],[-75.46805,6.34566],[-75.46784,6.34542],[-75.46771,6.34531],[-75.46756,6.34518],[-75.46748,6.3451],[-75.46735,6.34501],[-75.46716,6.34489],[-75.467,6.34477],[-75.46684,6.34467],[-75.46675,6.3446],[-75.46657,6.34448],[-75.46642,6.34437],[-75.46632,6.34426],[-75.46623,6.34411],[-75.46615,6.344],[-75.46604,6.34386],[-75.46596,6.34374],[-75.46585,6.34359],[-75.46576,6.34347],[-75.46562,6.34334],[-75.46551,6.34325],[-75.46534,6.34315],[-75.46513,6.343],[-75.46494,6.34291],[-75.46472,6.34282],[-75.46449,6.34276],[-75.46428,6.34272],[-75.4641,6.34266],[-75.46394,6.34258],[-75.46383,6.34247],[-75.46366,6.34224],[-75.46352,6.342],[-75.4633,6.3417],[-75.46316,6.3414],[-75.46296,6.34101],[-75.4628,6.34061],[-75.46271,6.34032],[-75.46267,6.34004],[-75.46267,6.3398],[-75.46267,6.33961],[-75.46265,6.33944],[-75.46258,6.33915],[-75.46248,6.33898],[-75.46237,6.33887],[-75.46218,6.33876],[-75.46197,6.33861],[-75.46176,6.33837],[-75.46163,6.3382],[-75.4615,6.33803],[-75.4614,6.33784],[-75.46132,6.33764],[-75.46126,6.33742],[-75.46117,6.33713],[-75.46103,6.33687],[-75.46087,6.33671],[-75.4607,6.33662],[-75.46057,6.33658],[-75.4604,6.33651],[-75.46019,6.33639],[-75.45992,6.33618],[-75.45964,6.33595],[-75.45943,6.33585],[-75.45918,6.33584],[-75.45896,6.33584],[-75.45878,6.33584],[-75.4586,6.33582],[-75.45819,6.33574],[-75.45789,6.33566],[-75.45755,6.33556],[-75.45701,6.33545],[-75.45652,6.33538],[-75.45606,6.33538],[-75.45572,6.33538],[-75.45543,6.33538],[-75.45516,6.33539],[-75.45495,6.33541],[-75.45472,6.33541],[-75.45456,6.33542],[-75.45433,6.33544],[-75.45415,6.33546],[-75.45396,6.33546],[-75.45383,6.33544],[-75.45365,6.33537],[-75.45347,6.33532],[-75.45309,6.33519],[-75.45285,6.33512],[-75.4526,6.33508],[-75.4524,6.33507],[-75.45208,6.33508],[-75.45183,6.33511],[-75.45165,6.33511],[-75.45147,6.33511],[-75.45132,6.33509],[-75.45123,6.33509],[-75.45124,6.33501],[-75.45127,6.3349],[-75.45128,6.33485],[-75.45129,6.33478],[-75.45131,6.33468],[-75.45137,6.33445],[-75.45139,6.33435],[-75.4514,6.33418],[-75.45142,6.33405],[-75.45144,6.33394],[-75.45146,6.33383],[-75.45147,6.33368],[-75.45148,6.33363],[-75.45152,6.33361],[-75.45157,6.33358],[-75.4516,6.33356],[-75.45162,6.33354],[-75.45165,6.33352],[-75.45164,6.33347],[-75.45165,6.3334],[-75.45165,6.3332],[-75.45165,6.33311],[-75.45167,6.33292],[-75.45168,6.33279],[-75.45168,6.33271],[-75.4516,6.33269],[-75.45154,6.33266],[-75.45147,6.33259],[-75.45139,6.33252],[-75.4513,6.33241],[-75.45122,6.33229],[-75.45116,6.33216],[-75.45112,6.33207],[-75.45108,6.33193],[-75.45105,6.33179],[-75.45101,6.33162],[-75.45098,6.33156],[-75.45095,6.3315],[-75.45088,6.3314],[-75.45082,6.33134],[-75.45076,6.33126],[-75.45071,6.33124],[-75.45064,6.33119],[-75.45058,6.33107],[-75.45064,6.33091],[-75.45079,6.33063],[-75.45081,6.33059],[-75.45084,6.33056],[-75.45088,6.33049],[-75.45094,6.33036],[-75.45099,6.33024],[-75.45109,6.33012],[-75.45112,6.33004],[-75.45116,6.32988],[-75.45153,6.33047],[-75.45163,6.33061],[-75.45186,6.33095],[-75.45185,6.33101],[-75.45184,6.33112],[-75.45183,6.33118],[-75.45183,6.33127],[-75.45185,6.33135],[-75.45188,6.3314],[-75.45191,6.33147],[-75.45195,6.33156],[-75.45197,6.3316],[-75.45203,6.33153],[-75.4521,6.33144],[-75.45217,6.33137],[-75.45224,6.33132],[-75.45233,6.33119],[-75.4524,6.33113],[-75.45245,6.33106],[-75.45247,6.33102],[-75.45247,6.331],[-75.45248,6.33095],[-75.45249,6.33088],[-75.45252,6.33079],[-75.45253,6.33073],[-75.45253,6.33065],[-75.45254,6.33057],[-75.45254,6.3305],[-75.45254,6.33046],[-75.45255,6.33044],[-75.45257,6.33041],[-75.45261,6.33039],[-75.45266,6.33038],[-75.45272,6.33039],[-75.45277,6.33039],[-75.45283,6.33039],[-75.45287,6.33038],[-75.4529,6.33035],[-75.45293,6.33032],[-75.45301,6.33026],[-75.45308,6.33019],[-75.45314,6.33014],[-75.45338,6.32995],[-75.45342,6.32993],[-75.45345,6.32992],[-75.45348,6.32994],[-75.45352,6.32999],[-75.45355,6.33004],[-75.45361,6.33015],[-75.45366,6.33021],[-75.45368,6.33015],[-75.45379,6.3299],[-75.45388,6.32974],[-75.45391,6.32967],[-75.45398,6.32953],[-75.45399,6.3295],[-75.454,6.32947],[-75.45407,6.32933],[-75.45417,6.32911],[-75.45427,6.32897],[-75.45432,6.32891],[-75.45443,6.32882],[-75.45449,6.32877],[-75.45454,6.32873],[-75.45458,6.3287],[-75.45462,6.32866],[-75.45466,6.3286],[-75.45483,6.32844],[-75.45498,6.32828],[-75.45512,6.32813],[-75.45518,6.32807],[-75.4552,6.32804],[-75.45523,6.328],[-75.45524,6.32795],[-75.45524,6.3279],[-75.45526,6.32786],[-75.45531,6.3278],[-75.45538,6.32775],[-75.45551,6.32762],[-75.45555,6.32757],[-75.45565,6.32746],[-75.4558,6.32731],[-75.45583,6.32728],[-75.45585,6.32726],[-75.45596,6.32716],[-75.45598,6.32714],[-75.45608,6.32704],[-75.45605,6.32697],[-75.45605,6.32688],[-75.45606,6.32681],[-75.45606,6.32675],[-75.45621,6.32672],[-75.45629,6.32671],[-75.45633,6.32671],[-75.45636,6.32669],[-75.45648,6.32665],[-75.45654,6.32664],[-75.45661,6.32663],[-75.45666,6.32674],[-75.45667,6.32681],[-75.45698,6.3266],[-75.45728,6.32635],[-75.45741,6.32624],[-75.4575,6.32616],[-75.45759,6.32612],[-75.45763,6.32611],[-75.45771,6.32607],[-75.4579,6.32594],[-75.458,6.32591],[-75.45813,6.32583],[-75.45824,6.32573],[-75.45837,6.32563],[-75.45848,6.32555],[-75.45858,6.32547],[-75.45868,6.32538],[-75.45873,6.32533],[-75.45879,6.32527],[-75.45889,6.32517],[-75.45895,6.32513],[-75.459,6.32516],[-75.45916,6.3253],[-75.45922,6.32528],[-75.45954,6.32505],[-75.45968,6.32525],[-75.45971,6.32517],[-75.45977,6.32506],[-75.45981,6.32501],[-75.45984,6.32493],[-75.45988,6.32492],[-75.46041,6.32485],[-75.46051,6.32481],[-75.46059,6.32477],[-75.46059,6.3249],[-75.46072,6.32489],[-75.46078,6.32485],[-75.46082,6.32481],[-75.4609,6.32478],[-75.46094,6.32478],[-75.46102,6.32477],[-75.46133,6.32459],[-75.46156,6.32445],[-75.4616,6.32443],[-75.46168,6.3244],[-75.46178,6.32438],[-75.46189,6.32436],[-75.46199,6.32435],[-75.46207,6.32433],[-75.46211,6.32429],[-75.46213,6.32425],[-75.46215,6.32422],[-75.46224,6.32425],[-75.46231,6.32428],[-75.46236,6.32432],[-75.46241,6.32435],[-75.46247,6.32438],[-75.4625,6.32441],[-75.46257,6.32447],[-75.46259,6.32451],[-75.46264,6.32455],[-75.46269,6.32459],[-75.46276,6.32464],[-75.46287,6.32472],[-75.46293,6.32476],[-75.46298,6.32479],[-75.46305,6.3248],[-75.46321,6.32475],[-75.4633,6.32469],[-75.46335,6.32458],[-75.46337,6.3245],[-75.46337,6.32443],[-75.46338,6.32433],[-75.46338,6.32422],[-75.46338,6.32415],[-75.4634,6.32407],[-75.46342,6.32403],[-75.46349,6.32393],[-75.46357,6.32384],[-75.46363,6.32379],[-75.4637,6.32375],[-75.4638,6.32371],[-75.46385,6.32371],[-75.4639,6.32372],[-75.46394,6.32373],[-75.46398,6.32376],[-75.46401,6.32379],[-75.46404,6.32384],[-75.46407,6.32389],[-75.46413,6.32396],[-75.46419,6.32402],[-75.46427,6.32408],[-75.46438,6.32413],[-75.46441,6.3241],[-75.46463,6.32386],[-75.46476,6.3237],[-75.46481,6.32358],[-75.46481,6.32352],[-75.46478,6.32338],[-75.46474,6.32328],[-75.4647,6.32321],[-75.46469,6.32314],[-75.46467,6.32307],[-75.46467,6.323],[-75.46465,6.32292],[-75.46464,6.32285],[-75.46463,6.32278],[-75.4646,6.32272],[-75.46455,6.32269],[-75.46451,6.32267],[-75.46452,6.32262],[-75.46453,6.32258],[-75.46456,6.32254],[-75.46456,6.32249],[-75.46456,6.32244],[-75.4646,6.32218],[-75.46459,6.32215],[-75.46461,6.32205],[-75.46465,6.32187],[-75.46472,6.32175],[-75.46478,6.32163],[-75.46484,6.32132],[-75.46487,6.32115],[-75.46492,6.32101],[-75.46497,6.32091],[-75.46505,6.32082],[-75.46513,6.32077],[-75.46525,6.3207],[-75.46539,6.32063],[-75.46548,6.32061],[-75.46561,6.32057],[-75.46568,6.32054],[-75.46573,6.32052],[-75.4658,6.32047],[-75.46592,6.32037],[-75.46601,6.3203],[-75.46609,6.32022],[-75.46613,6.32011],[-75.46619,6.32004],[-75.46621,6.32001],[-75.46626,6.31994],[-75.46636,6.31986],[-75.4664,6.31983],[-75.4665,6.31976],[-75.46666,6.31949],[-75.4667,6.31942],[-75.46676,6.31933],[-75.4668,6.31925],[-75.46683,6.31921],[-75.46685,6.31918],[-75.46689,6.31918],[-75.46692,6.3192],[-75.46696,6.31923],[-75.46702,6.31931],[-75.46707,6.3194],[-75.46716,6.31946],[-75.4672,6.31945],[-75.4673,6.31942],[-75.46738,6.31935],[-75.46745,6.31926],[-75.46752,6.3192],[-75.46758,6.31919],[-75.46777,6.31915],[-75.46793,6.31913],[-75.46818,6.31915],[-75.4683,6.31921],[-75.46852,6.31935],[-75.46858,6.31938],[-75.46868,6.31926],[-75.46875,6.3192],[-75.46881,6.31916],[-75.46887,6.31912],[-75.46892,6.3191],[-75.46906,6.31905],[-75.46936,6.31896],[-75.46951,6.31899],[-75.46955,6.31899],[-75.46961,6.31896],[-75.46967,6.31892],[-75.46975,6.31888],[-75.4698,6.31884],[-75.46989,6.31875],[-75.46998,6.31865],[-75.47005,6.31858],[-75.47007,6.31857],[-75.47013,6.31857],[-75.47025,6.31857],[-75.47041,6.31856],[-75.47049,6.31856],[-75.47053,6.31856],[-75.47057,6.31856],[-75.47061,6.31855],[-75.47063,6.31854],[-75.47075,6.31843],[-75.47081,6.31839],[-75.47086,6.31838],[-75.47094,6.31838],[-75.47102,6.3184],[-75.47107,6.31842],[-75.47111,6.31843],[-75.47114,6.31844],[-75.4712,6.3185],[-75.47133,6.3186],[-75.4714,6.31867],[-75.47147,6.31873],[-75.47158,6.31881],[-75.47167,6.31884],[-75.47171,6.31882],[-75.47174,6.3188],[-75.47182,6.31878],[-75.47196,6.31876],[-75.47203,6.31876],[-75.47214,6.31877],[-75.47221,6.31877],[-75.47234,6.31878],[-75.47246,6.3188],[-75.4725,6.3188],[-75.47254,6.31879],[-75.4726,6.31876],[-75.47267,6.31871],[-75.47274,6.31865],[-75.47285,6.31857],[-75.47288,6.31855],[-75.47292,6.31851],[-75.47295,6.31848],[-75.47302,6.31846],[-75.47319,6.31839],[-75.47332,6.31833],[-75.47342,6.3183],[-75.47351,6.31828],[-75.47354,6.31826],[-75.47357,6.31824],[-75.47363,6.31821],[-75.4737,6.31816],[-75.47375,6.31814],[-75.47382,6.31809],[-75.47388,6.31806],[-75.47396,6.31802],[-75.47405,6.31799],[-75.4741,6.31798],[-75.47413,6.31798],[-75.4742,6.31797],[-75.47428,6.31795],[-75.47434,6.31794],[-75.47439,6.31791],[-75.47443,6.31789],[-75.47451,6.31785],[-75.47459,6.31782],[-75.47466,6.31778],[-75.47469,6.31776],[-75.47474,6.31775],[-75.47481,6.31774],[-75.47488,6.31774],[-75.47492,6.31772],[-75.47498,6.31767],[-75.47504,6.31764],[-75.47527,6.31752],[-75.47548,6.31743],[-75.47556,6.31739],[-75.47566,6.31734],[-75.47582,6.31726],[-75.47587,6.31726],[-75.47594,6.31728],[-75.47601,6.3173],[-75.47607,6.31734],[-75.47611,6.31737],[-75.47615,6.3174],[-75.4762,6.31746],[-75.47623,6.31749],[-75.47626,6.31754],[-75.47627,6.31758],[-75.47629,6.31762],[-75.47629,6.31766],[-75.47628,6.31771],[-75.47628,6.31777],[-75.47629,6.31788],[-75.47631,6.31795],[-75.47632,6.31798],[-75.47634,6.31802],[-75.47638,6.31805],[-75.47647,6.31809],[-75.47652,6.31811],[-75.47659,6.31813],[-75.47669,6.31817],[-75.47688,6.31827],[-75.47695,6.31827],[-75.47701,6.31826],[-75.47706,6.31823],[-75.47711,6.3182],[-75.47717,6.31817],[-75.47725,6.31813],[-75.47734,6.31811],[-75.47742,6.31812],[-75.4775,6.31813],[-75.47752,6.31813],[-75.47762,6.3181],[-75.47765,6.31811],[-75.47767,6.31812],[-75.47771,6.31814],[-75.47778,6.31816],[-75.47787,6.31817],[-75.4779,6.31817],[-75.47801,6.31818],[-75.47812,6.31817],[-75.47819,6.31816],[-75.47823,6.31814],[-75.47827,6.31812],[-75.47831,6.31809],[-75.47839,6.31808],[-75.47845,6.31809],[-75.47853,6.31811],[-75.47857,6.31813],[-75.47863,6.31816],[-75.47878,6.31823],[-75.47893,6.31829],[-75.47903,6.31834],[-75.4791,6.3184],[-75.47913,6.31843],[-75.47904,6.31877],[-75.47899,6.319],[-75.47894,6.31913],[-75.47888,6.31923],[-75.47884,6.31931],[-75.4788,6.3194],[-75.47873,6.3195],[-75.4787,6.31956],[-75.4787,6.3196],[-75.47871,6.31985],[-75.47871,6.31997],[-75.47872,6.32008],[-75.47873,6.32014],[-75.47874,6.32024],[-75.47875,6.32043],[-75.47877,6.32056],[-75.47878,6.32066],[-75.47881,6.3208],[-75.47882,6.32086],[-75.47886,6.32085],[-75.47896,6.32082],[-75.47908,6.32079],[-75.47922,6.32076],[-75.47935,6.32076],[-75.47949,6.32076],[-75.47967,6.32078],[-75.47986,6.3208],[-75.48001,6.32081],[-75.48016,6.32082],[-75.48032,6.32083],[-75.48053,6.32084],[-75.48065,6.32086],[-75.48073,6.32087],[-75.48093,6.3209],[-75.48112,6.32094],[-75.4813,6.32099],[-75.48133,6.321],[-75.48135,6.3209],[-75.48137,6.32081],[-75.4814,6.32074],[-75.48147,6.32068],[-75.48153,6.32063],[-75.4816,6.3206],[-75.48164,6.32058],[-75.48172,6.32055],[-75.48178,6.3205],[-75.48182,6.32047],[-75.48185,6.32042],[-75.4819,6.32037],[-75.48193,6.32034],[-75.48199,6.3203],[-75.48203,6.32027],[-75.48209,6.32023],[-75.48214,6.32018],[-75.4822,6.32014],[-75.48227,6.32009],[-75.4823,6.32007],[-75.48235,6.32002],[-75.48239,6.31998],[-75.48243,6.31992],[-75.48245,6.31988],[-75.4825,6.31984],[-75.48255,6.31982],[-75.48261,6.3198],[-75.4827,6.3198],[-75.48275,6.3198],[-75.48282,6.3198],[-75.48291,6.31977],[-75.48297,6.31977],[-75.48301,6.31976],[-75.48306,6.31977],[-75.4831,6.31978],[-75.48314,6.31978],[-75.48319,6.31977],[-75.48325,6.31977],[-75.48331,6.31976],[-75.48339,6.31974],[-75.48345,6.31973],[-75.48354,6.31973],[-75.48358,6.31975],[-75.48362,6.31978],[-75.48368,6.3198],[-75.48371,6.31981],[-75.48376,6.31982],[-75.48382,6.31981],[-75.48385,6.31982],[-75.4839,6.31982],[-75.48394,6.31982],[-75.48397,6.31982],[-75.48402,6.31983],[-75.48406,6.31985],[-75.4841,6.31987],[-75.48415,6.31993],[-75.48417,6.31996],[-75.48419,6.31999],[-75.48423,6.32],[-75.48427,6.32001],[-75.4843,6.32003],[-75.48436,6.32005],[-75.48439,6.32008],[-75.48443,6.32015],[-75.48443,6.32012],[-75.48444,6.32005],[-75.48442,6.31991],[-75.48439,6.31985],[-75.48436,6.31978],[-75.48433,6.31972],[-75.48432,6.31966],[-75.48414,6.31876],[-75.48395,6.31789],[-75.48381,6.317],[-75.48358,6.31629],[-75.48342,6.31566],[-75.48342,6.3156],[-75.48343,6.31493],[-75.4834,6.31441],[-75.48337,6.31377],[-75.48337,6.31331],[-75.48337,6.3131],[-75.48337,6.31299],[-75.48341,6.31285],[-75.48345,6.31278],[-75.48352,6.31254],[-75.48349,6.31233],[-75.48341,6.31219],[-75.48337,6.312],[-75.48336,6.31186],[-75.48341,6.31178],[-75.48347,6.31149],[-75.48345,6.31135],[-75.48345,6.31121],[-75.48344,6.31107],[-75.48345,6.311],[-75.48349,6.31093],[-75.4836,6.31085],[-75.48368,6.31076],[-75.48373,6.31069],[-75.48384,6.3105],[-75.48388,6.31042],[-75.48394,6.31034],[-75.48415,6.31027],[-75.48424,6.31023],[-75.48433,6.31021],[-75.48441,6.3102],[-75.48449,6.31019],[-75.48453,6.31022],[-75.48456,6.31025],[-75.48465,6.31026],[-75.48471,6.31026],[-75.48475,6.31023],[-75.48482,6.31019],[-75.48492,6.3101],[-75.48497,6.31008],[-75.48503,6.31008],[-75.48509,6.3101],[-75.48512,6.3101],[-75.48515,6.31006],[-75.48514,6.31002],[-75.48515,6.30999],[-75.48518,6.30997],[-75.4852,6.30995],[-75.48524,6.30992],[-75.48529,6.3099],[-75.48535,6.3099],[-75.48541,6.30991],[-75.48545,6.30993],[-75.48553,6.30999],[-75.48557,6.31001],[-75.48561,6.31001],[-75.48566,6.31],[-75.48568,6.30998],[-75.48569,6.30989],[-75.48565,6.30982],[-75.48564,6.30974],[-75.48563,6.30965],[-75.48565,6.30955],[-75.48567,6.30945],[-75.4857,6.30935],[-75.48575,6.30923],[-75.48579,6.30918],[-75.48584,6.30917],[-75.48589,6.30918],[-75.48598,6.3092],[-75.4861,6.30922],[-75.48617,6.30922],[-75.48626,6.3092],[-75.48632,6.30917],[-75.48638,6.30914],[-75.48641,6.30912],[-75.48645,6.30908],[-75.48649,6.30904],[-75.48654,6.30899],[-75.4866,6.30895],[-75.48667,6.30889],[-75.48674,6.30888],[-75.48682,6.30888],[-75.48688,6.30888],[-75.48704,6.30885],[-75.48712,6.30884],[-75.48736,6.30871],[-75.48738,6.30868],[-75.48741,6.30868],[-75.48745,6.30858],[-75.48749,6.30852],[-75.48751,6.30841],[-75.48753,6.30838],[-75.4876,6.30831],[-75.48765,6.30828],[-75.48772,6.30824],[-75.48778,6.30821],[-75.48784,6.30817],[-75.48792,6.30812],[-75.48795,6.30808],[-75.48799,6.30801],[-75.48801,6.30798],[-75.48806,6.30794],[-75.4881,6.3079],[-75.48815,6.30788],[-75.48821,6.30785],[-75.48828,6.30782],[-75.48835,6.30777],[-75.4884,6.30775],[-75.48847,6.30775],[-75.48849,6.30776],[-75.48853,6.30776],[-75.48858,6.3077],[-75.48867,6.30762],[-75.48873,6.30756],[-75.48881,6.3075],[-75.48896,6.30743],[-75.48906,6.30739],[-75.48923,6.30735],[-75.48935,6.30733],[-75.48954,6.30728],[-75.48972,6.30724],[-75.48992,6.3072],[-75.49003,6.30718],[-75.49016,6.30716],[-75.49023,6.30712],[-75.49032,6.30709],[-75.49037,6.307],[-75.49041,6.30695],[-75.49043,6.3069],[-75.49059,6.3065],[-75.49103,6.30569],[-75.49104,6.30551],[-75.49103,6.30548],[-75.49096,6.30536],[-75.49077,6.30521],[-75.49051,6.30488],[-75.49026,6.30459],[-75.49008,6.30433],[-75.48989,6.3042],[-75.4897,6.30406],[-75.4896,6.30395],[-75.48953,6.30378],[-75.48953,6.30367],[-75.48961,6.30346],[-75.4897,6.30328],[-75.48968,6.30312],[-75.4896,6.30295],[-75.48953,6.30286],[-75.48947,6.30274],[-75.48937,6.30264],[-75.48931,6.30257],[-75.48929,6.30254],[-75.48928,6.30249],[-75.48929,6.30243],[-75.48936,6.30235],[-75.48942,6.3023],[-75.48967,6.30177],[-75.48993,6.30107],[-75.48999,6.30091],[-75.49001,6.30084],[-75.49006,6.30076],[-75.48975,6.3006],[-75.48959,6.30051],[-75.48947,6.30045],[-75.48941,6.30042],[-75.48934,6.30039],[-75.48924,6.30036],[-75.48918,6.30033],[-75.4891,6.30028],[-75.48906,6.30025],[-75.489,6.30023],[-75.48895,6.30021],[-75.48889,6.30022],[-75.48884,6.30023],[-75.48875,6.30025],[-75.48865,6.30027],[-75.48855,6.30029],[-75.48843,6.3003],[-75.48837,6.30031],[-75.48831,6.30031],[-75.48824,6.30031],[-75.48818,6.30031],[-75.48808,6.30031],[-75.48798,6.30031],[-75.48788,6.3003],[-75.48777,6.30028],[-75.48772,6.30025],[-75.48762,6.30016],[-75.48763,6.30004],[-75.48763,6.3],[-75.48763,6.2999],[-75.48762,6.29978],[-75.48761,6.29971],[-75.48759,6.29963],[-75.48756,6.29955],[-75.48752,6.29948],[-75.48748,6.29938],[-75.48744,6.2993],[-75.48739,6.29922],[-75.48734,6.29912],[-75.4873,6.29904],[-75.48727,6.29897],[-75.48724,6.29891],[-75.4872,6.29886],[-75.48717,6.29881],[-75.48714,6.29876],[-75.4872,6.29872],[-75.48725,6.29869],[-75.48729,6.29866],[-75.48736,6.29861],[-75.48743,6.29858],[-75.48749,6.29854],[-75.48755,6.29851],[-75.48759,6.29848],[-75.48764,6.29845],[-75.48765,6.29841],[-75.48769,6.29833],[-75.48771,6.29829],[-75.48776,6.29822],[-75.48779,6.29817],[-75.48781,6.29813],[-75.48784,6.29808],[-75.48789,6.29799],[-75.48792,6.29791],[-75.48795,6.29783],[-75.48796,6.29776],[-75.48794,6.29766],[-75.48793,6.29761],[-75.48792,6.29752],[-75.4879,6.29739],[-75.48789,6.29731],[-75.4879,6.29722],[-75.48793,6.29716],[-75.48796,6.29705],[-75.48801,6.29694],[-75.48805,6.29683],[-75.48809,6.29675],[-75.48815,6.29663],[-75.48816,6.29658],[-75.48818,6.29653],[-75.48822,6.29646],[-75.48826,6.29641],[-75.48832,6.29637],[-75.48837,6.29634],[-75.48845,6.2963],[-75.48851,6.29627],[-75.48856,6.29624],[-75.48862,6.29621],[-75.48867,6.29618],[-75.48871,6.29616],[-75.48875,6.29614],[-75.48879,6.2961],[-75.48881,6.29608],[-75.48883,6.29605],[-75.48886,6.29602],[-75.48887,6.29599],[-75.48888,6.29596],[-75.4889,6.29592],[-75.48892,6.29586],[-75.48894,6.2958],[-75.48896,6.29575],[-75.48897,6.29571],[-75.489,6.29564],[-75.48903,6.29556],[-75.48905,6.2955],[-75.48905,6.29545],[-75.4891,6.29549],[-75.48913,6.2955],[-75.48919,6.29551],[-75.48929,6.29551],[-75.48935,6.29551],[-75.48941,6.2955],[-75.48951,6.29548],[-75.48962,6.29548],[-75.48968,6.29547],[-75.48973,6.29547],[-75.4898,6.29547],[-75.48988,6.29545],[-75.4899,6.29544],[-75.48993,6.29543],[-75.48999,6.29545],[-75.49003,6.29546],[-75.49006,6.29543],[-75.4901,6.29538],[-75.49016,6.29535],[-75.49021,6.2953],[-75.49023,6.29526],[-75.49026,6.2952],[-75.49029,6.29517],[-75.49033,6.29512],[-75.49035,6.29508],[-75.49038,6.29503],[-75.4904,6.29498],[-75.49041,6.29494],[-75.49041,6.29488],[-75.49043,6.29481],[-75.49046,6.29471],[-75.49049,6.29464],[-75.49053,6.29457],[-75.49056,6.29452],[-75.4906,6.29447],[-75.49066,6.29445],[-75.4907,6.29444],[-75.49106,6.29389],[-75.49206,6.2933],[-75.49317,6.29504],[-75.49343,6.29555],[-75.49366,6.29624],[-75.49383,6.29669],[-75.49391,6.29735],[-75.49406,6.29764],[-75.49432,6.2977],[-75.49468,6.29767],[-75.4953,6.29766],[-75.49564,6.29779],[-75.49593,6.29793],[-75.49631,6.29798],[-75.49722,6.29787],[-75.4978,6.29774],[-75.49849,6.29762],[-75.49908,6.29755],[-75.4998,6.29748],[-75.50007,6.29741],[-75.50052,6.29716],[-75.5007,6.29706],[-75.50103,6.29688],[-75.50126,6.29674],[-75.50155,6.29657],[-75.5016,6.29652],[-75.50164,6.29648],[-75.50167,6.29643],[-75.50171,6.29638],[-75.50174,6.29633],[-75.50176,6.29626],[-75.50177,6.29621],[-75.50179,6.29615],[-75.50183,6.2961],[-75.50188,6.29607],[-75.50191,6.29607],[-75.50197,6.29605],[-75.50204,6.29603],[-75.50211,6.296],[-75.50221,6.29596],[-75.50228,6.29594],[-75.50235,6.29593],[-75.50244,6.29595],[-75.50253,6.29597],[-75.5026,6.29603],[-75.50266,6.29607],[-75.50282,6.29606],[-75.50311,6.29602],[-75.50339,6.29598],[-75.50342,6.29597],[-75.50346,6.29599],[-75.50349,6.29599],[-75.50353,6.29598],[-75.50357,6.29597],[-75.5036,6.29596],[-75.50364,6.29595],[-75.50368,6.29593],[-75.50372,6.29591],[-75.50391,6.2959],[-75.50403,6.29592],[-75.50409,6.29595],[-75.50414,6.29597],[-75.50421,6.29601],[-75.50457,6.29622],[-75.50469,6.29636],[-75.50477,6.29653],[-75.50484,6.29664],[-75.50491,6.29675],[-75.50501,6.29687],[-75.50509,6.29695],[-75.50517,6.29703],[-75.50537,6.29726],[-75.50555,6.29745],[-75.50581,6.29774],[-75.50625,6.29823],[-75.50639,6.29839],[-75.50648,6.29853],[-75.50668,6.29881],[-75.50673,6.29882],[-75.50678,6.29883],[-75.50751,6.29884],[-75.50794,6.29887],[-75.50807,6.29888],[-75.50821,6.29887],[-75.50841,6.2989],[-75.50858,6.29891],[-75.50874,6.29891],[-75.50889,6.2989],[-75.50899,6.2989],[-75.50918,6.29891],[-75.50938,6.29895],[-75.50961,6.29902],[-75.50966,6.29903],[-75.50969,6.29904],[-75.50981,6.29907],[-75.50985,6.29908],[-75.51011,6.29921],[-75.51038,6.29935],[-75.5107,6.29949],[-75.51097,6.29966],[-75.51104,6.2997],[-75.51119,6.29979],[-75.51138,6.2999],[-75.51152,6.29997],[-75.51157,6.29999],[-75.51162,6.3],[-75.51181,6.30006],[-75.51205,6.30012],[-75.51224,6.30017],[-75.5124,6.30021],[-75.51248,6.30023],[-75.51258,6.30026],[-75.51264,6.30029],[-75.51271,6.30035],[-75.51342,6.30073],[-75.51377,6.30093],[-75.51403,6.30107],[-75.51411,6.30115],[-75.51416,6.30125],[-75.51419,6.30142],[-75.51419,6.30153],[-75.51419,6.30158],[-75.51417,6.30165],[-75.51412,6.30179],[-75.51406,6.30195],[-75.51401,6.30203],[-75.514,6.30208],[-75.514,6.30212],[-75.51402,6.30214],[-75.51405,6.30215],[-75.51409,6.30215],[-75.51413,6.30213],[-75.51419,6.30209],[-75.51422,6.30204],[-75.51428,6.30193],[-75.51433,6.30182],[-75.51437,6.30169],[-75.51441,6.30161],[-75.51446,6.30155],[-75.51446,6.30144],[-75.51451,6.30133],[-75.51469,6.30116],[-75.51489,6.30095],[-75.51515,6.30061],[-75.51534,6.30039],[-75.51541,6.30034],[-75.51554,6.30025],[-75.51591,6.30008],[-75.51606,6.3],[-75.51652,6.29985],[-75.51663,6.29979],[-75.5167,6.2997],[-75.51678,6.29949],[-75.51686,6.29937],[-75.51696,6.29934],[-75.51719,6.29924],[-75.51744,6.29909],[-75.51773,6.29895],[-75.518,6.29881],[-75.5182,6.2987],[-75.51837,6.29866],[-75.51851,6.29862],[-75.51853,6.2986],[-75.51867,6.29851],[-75.51876,6.29839],[-75.51885,6.29827],[-75.51894,6.29814],[-75.519,6.29801],[-75.51911,6.29781],[-75.51919,6.29766],[-75.51929,6.2976],[-75.51935,6.29752],[-75.51938,6.29747],[-75.51942,6.29737],[-75.51947,6.29722],[-75.51953,6.29693],[-75.51965,6.29676],[-75.51979,6.29652],[-75.51991,6.29636],[-75.51998,6.29618],[-75.52,6.29596],[-75.52009,6.29559],[-75.52018,6.29534],[-75.52033,6.29504],[-75.52037,6.29493],[-75.52042,6.29473],[-75.52045,6.29458],[-75.52048,6.29438],[-75.5205,6.29403],[-75.52051,6.29388],[-75.52056,6.29372],[-75.52067,6.29356],[-75.52073,6.29346],[-75.52082,6.29337],[-75.52091,6.29331],[-75.52105,6.29326],[-75.52108,6.29325],[-75.52115,6.29322],[-75.52122,6.29317],[-75.52127,6.29308],[-75.52127,6.29299],[-75.52124,6.29283],[-75.52115,6.29256],[-75.52105,6.29233],[-75.52098,6.29209],[-75.52098,6.29182],[-75.52101,6.29164],[-75.52106,6.2915],[-75.52117,6.29108],[-75.52119,6.29102],[-75.52131,6.29068],[-75.52144,6.29045],[-75.52153,6.29032],[-75.52158,6.29023],[-75.52163,6.29015],[-75.52172,6.29],[-75.52177,6.28984],[-75.52177,6.2897],[-75.52172,6.28957],[-75.52167,6.2894],[-75.52166,6.28937],[-75.5216,6.28922],[-75.52154,6.28904],[-75.52151,6.28895],[-75.52151,6.28885],[-75.52152,6.28876],[-75.52153,6.28869],[-75.52157,6.28858],[-75.52162,6.28846],[-75.52167,6.28846],[-75.52178,6.28844],[-75.52188,6.28844],[-75.52194,6.28845],[-75.52199,6.28848],[-75.52207,6.28853],[-75.52212,6.28856],[-75.52217,6.28855],[-75.52222,6.28855],[-75.52231,6.28853],[-75.52239,6.28851],[-75.52244,6.2894],[-75.5224,6.28983],[-75.52237,6.29007],[-75.52234,6.29045],[-75.5223,6.29064],[-75.52224,6.29113],[-75.52223,6.29152],[-75.52228,6.29208],[-75.52232,6.29226],[-75.52241,6.29256],[-75.52258,6.29304],[-75.52273,6.29339],[-75.52291,6.29387],[-75.52297,6.29401],[-75.52301,6.29417],[-75.52303,6.29442],[-75.52309,6.29473],[-75.52312,6.29498],[-75.52322,6.2953],[-75.5233,6.2956],[-75.52335,6.29572],[-75.52347,6.29591],[-75.52365,6.2962],[-75.52391,6.2965],[-75.52403,6.29668],[-75.52409,6.29678],[-75.52414,6.29692],[-75.52416,6.29708],[-75.5242,6.29736],[-75.52427,6.29756],[-75.52435,6.29778],[-75.52448,6.29804],[-75.52462,6.29827],[-75.52473,6.29847],[-75.52477,6.29861],[-75.52481,6.29884],[-75.52482,6.2991],[-75.52484,6.29933],[-75.52487,6.29948],[-75.525,6.29975],[-75.52514,6.29996],[-75.52529,6.30019],[-75.52548,6.30036],[-75.52579,6.30065],[-75.52599,6.30088],[-75.52613,6.30109],[-75.52624,6.30129],[-75.52632,6.30151],[-75.5264,6.30165],[-75.52649,6.30178],[-75.52674,6.30206],[-75.52693,6.30227],[-75.52699,6.30243],[-75.52705,6.3026],[-75.52712,6.30281],[-75.52715,6.30309],[-75.52718,6.30326],[-75.5272,6.30341],[-75.52727,6.30369],[-75.52735,6.30399],[-75.52747,6.3045],[-75.52756,6.305],[-75.52759,6.30523],[-75.52762,6.30559],[-75.52767,6.30599],[-75.52773,6.30641],[-75.52776,6.30675],[-75.52779,6.30708],[-75.52783,6.3073],[-75.52786,6.30743],[-75.52788,6.30753],[-75.52793,6.30768],[-75.52801,6.30788],[-75.52812,6.30811],[-75.52818,6.30828],[-75.5282,6.30839],[-75.52821,6.30851],[-75.52821,6.30866],[-75.52821,6.30871],[-75.5282,6.30877],[-75.5282,6.30882],[-75.52816,6.30888],[-75.52811,6.30894],[-75.52805,6.30902],[-75.52794,6.30915],[-75.52787,6.30928],[-75.52784,6.30934],[-75.52783,6.3094],[-75.52783,6.30946],[-75.52784,6.30951],[-75.52786,6.30961],[-75.52789,6.30974],[-75.52799,6.30996],[-75.52808,6.31021],[-75.52812,6.31035],[-75.52815,6.31052],[-75.52819,6.31069],[-75.52824,6.31095],[-75.52833,6.31126],[-75.52841,6.31143],[-75.52851,6.3116],[-75.52865,6.31178],[-75.52873,6.31195],[-75.52881,6.31212],[-75.5289,6.31219],[-75.52901,6.31224],[-75.5291,6.31234],[-75.5292,6.31245],[-75.52928,6.3125],[-75.52936,6.31255],[-75.52942,6.31257],[-75.52948,6.31261],[-75.52951,6.31266],[-75.52952,6.31272],[-75.5296,6.31285],[-75.52968,6.31306],[-75.5299,6.31342],[-75.53013,6.31395],[-75.53033,6.31437],[-75.53044,6.31473],[-75.53054,6.31514],[-75.53072,6.3156],[-75.53084,6.31582],[-75.53096,6.316],[-75.53118,6.31635],[-75.53127,6.31657],[-75.53132,6.31677],[-75.53135,6.31691],[-75.53138,6.31721],[-75.53143,6.31755],[-75.5315,6.31776],[-75.53158,6.31786],[-75.53173,6.31798],[-75.53177,6.31803],[-75.5318,6.3181],[-75.5318,6.31815],[-75.53182,6.31824],[-75.53182,6.3183],[-75.53179,6.31838],[-75.53176,6.3185],[-75.53173,6.31868],[-75.53172,6.31884],[-75.53169,6.31908],[-75.53171,6.31951],[-75.53173,6.3198],[-75.53179,6.3201],[-75.53186,6.32026],[-75.53194,6.32045],[-75.53207,6.32079],[-75.53224,6.32119],[-75.53233,6.32146],[-75.53237,6.32171],[-75.53239,6.32197],[-75.53244,6.32231],[-75.5325,6.32256],[-75.53268,6.32302],[-75.53288,6.32361],[-75.5329,6.32368],[-75.53292,6.32376],[-75.53296,6.32388],[-75.53305,6.32415],[-75.53321,6.3245],[-75.53338,6.32501],[-75.53366,6.32558],[-75.53385,6.32594],[-75.53406,6.32638],[-75.53422,6.32674],[-75.53434,6.32701],[-75.53456,6.32741],[-75.53474,6.32779],[-75.53497,6.32815],[-75.53516,6.32846],[-75.53534,6.3288],[-75.53558,6.32914],[-75.53572,6.32943],[-75.53578,6.32956],[-75.53579,6.3296],[-75.5358,6.3297],[-75.5358,6.32982],[-75.5358,6.32999],[-75.53578,6.33011],[-75.53576,6.33034],[-75.53572,6.33053],[-75.5357,6.33067],[-75.53572,6.33088],[-75.53576,6.33118],[-75.53582,6.33142],[-75.53591,6.33163],[-75.53596,6.33173],[-75.53601,6.33184],[-75.53602,6.33195],[-75.53602,6.33206],[-75.53599,6.33218],[-75.53592,6.3325],[-75.53585,6.33283],[-75.53578,6.33304],[-75.53571,6.33332],[-75.53566,6.33355],[-75.53561,6.33376],[-75.53555,6.33393],[-75.53547,6.33412],[-75.53539,6.33426],[-75.53529,6.33441],[-75.53522,6.33458],[-75.53519,6.33469],[-75.53519,6.3348],[-75.53522,6.33493],[-75.53523,6.335],[-75.53522,6.33507],[-75.53519,6.33509],[-75.53513,6.3351],[-75.5351,6.33508],[-75.53505,6.33504],[-75.53501,6.335],[-75.53495,6.33499],[-75.53488,6.33499],[-75.53486,6.33503],[-75.53486,6.33511],[-75.53486,6.33519],[-75.53486,6.33525],[-75.5349,6.33532],[-75.53495,6.33541],[-75.53503,6.33556],[-75.53508,6.3357],[-75.53509,6.33583],[-75.5351,6.33615],[-75.53506,6.33642],[-75.53504,6.33652],[-75.535,6.33659],[-75.53494,6.33664],[-75.53465,6.33671],[-75.5342,6.33681],[-75.53364,6.33695],[-75.53305,6.3371],[-75.53271,6.33719],[-75.53244,6.33727],[-75.53219,6.3373],[-75.53179,6.33734],[-75.53142,6.33739],[-75.53118,6.33741],[-75.53096,6.33746],[-75.53055,6.33753],[-75.53035,6.33756],[-75.5302,6.33759],[-75.5301,6.33765],[-75.52989,6.33771],[-75.52962,6.33773],[-75.52937,6.33773],[-75.52913,6.33775],[-75.52886,6.33777],[-75.52867,6.33779],[-75.5284,6.33783],[-75.52815,6.33788],[-75.52796,6.3379],[-75.52782,6.33789],[-75.52762,6.33785],[-75.52747,6.33781],[-75.52727,6.33777],[-75.52705,6.33775],[-75.52684,6.33776],[-75.52661,6.33776],[-75.52636,6.33776],[-75.52601,6.33773],[-75.52579,6.3377],[-75.52538,6.33767],[-75.52513,6.33769],[-75.52492,6.33773],[-75.52469,6.33778],[-75.52452,6.33783],[-75.52438,6.33788],[-75.52423,6.33799],[-75.52408,6.33812],[-75.52384,6.33831],[-75.52343,6.33859],[-75.52331,6.33869],[-75.52311,6.33889],[-75.52294,6.33913],[-75.52279,6.33938],[-75.52267,6.33962],[-75.52253,6.33987],[-75.52233,6.34013],[-75.52196,6.34065],[-75.5215,6.34133],[-75.5214,6.34151],[-75.52121,6.34193],[-75.52109,6.34224],[-75.52101,6.3425],[-75.52094,6.34273],[-75.52086,6.34292],[-75.52073,6.34317],[-75.52064,6.34332],[-75.52049,6.34355],[-75.52035,6.34377],[-75.52016,6.34401],[-75.51993,6.34429],[-75.51963,6.34466],[-75.5195,6.34485],[-75.51946,6.34496],[-75.51954,6.34532],[-75.51963,6.34557],[-75.51968,6.34574],[-75.51973,6.34587],[-75.51976,6.34602],[-75.51978,6.34627],[-75.51976,6.34643],[-75.51974,6.3465],[-75.51971,6.34654],[-75.51964,6.34658],[-75.5195,6.34662],[-75.51936,6.34664],[-75.51916,6.34665],[-75.51905,6.34665],[-75.51894,6.34671],[-75.51882,6.34677],[-75.51873,6.34686],[-75.51869,6.34695],[-75.51866,6.34704],[-75.51865,6.34712],[-75.51866,6.34727],[-75.5187,6.34768],[-75.5187,6.34782],[-75.51867,6.34789],[-75.51862,6.34795],[-75.51854,6.348],[-75.51848,6.348],[-75.51839,6.34797],[-75.51832,6.34796],[-75.51822,6.34796],[-75.51808,6.34796],[-75.51803,6.34797],[-75.51798,6.34802],[-75.51793,6.34808],[-75.51788,6.34814],[-75.51783,6.34826],[-75.51782,6.34831],[-75.51782,6.34846],[-75.51783,6.34859],[-75.51787,6.34876],[-75.51792,6.34898],[-75.51797,6.34927],[-75.51802,6.34966],[-75.51802,6.34979],[-75.51802,6.35007],[-75.51803,6.35023],[-75.51806,6.35034],[-75.51809,6.35042],[-75.51812,6.35052],[-75.51816,6.35058],[-75.51824,6.3507],[-75.51832,6.3508],[-75.51834,6.3509],[-75.51835,6.351],[-75.51834,6.3511],[-75.51832,6.35121],[-75.51827,6.35129],[-75.51821,6.35136],[-75.51816,6.35145],[-75.51813,6.35155],[-75.51811,6.35166],[-75.51808,6.35172],[-75.51805,6.35175],[-75.51799,6.35183],[-75.51791,6.35199],[-75.51782,6.35223],[-75.51763,6.35273],[-75.51755,6.35292],[-75.51732,6.35333],[-75.51711,6.35372],[-75.51701,6.35391],[-75.51696,6.35408],[-75.51692,6.35431],[-75.51691,6.3547],[-75.51687,6.35509],[-75.51683,6.35521],[-75.51662,6.35548],[-75.51652,6.35564],[-75.51643,6.35577],[-75.51634,6.35602],[-75.51629,6.35619],[-75.51624,6.35643],[-75.51621,6.35663],[-75.51622,6.35674],[-75.51629,6.35711],[-75.51633,6.35745],[-75.51633,6.358],[-75.51631,6.35815],[-75.51626,6.35828],[-75.51621,6.35846],[-75.51618,6.35857],[-75.51609,6.35878],[-75.51589,6.3593],[-75.51565,6.35998],[-75.51549,6.36048],[-75.51541,6.36075],[-75.51538,6.36087],[-75.51534,6.36095],[-75.51534,6.36101],[-75.51534,6.36108],[-75.51534,6.36117],[-75.51535,6.36125],[-75.51539,6.36134],[-75.51545,6.36144],[-75.51553,6.36155],[-75.5157,6.36177],[-75.51602,6.36225],[-75.51639,6.36271],[-75.51664,6.36308],[-75.51682,6.36329],[-75.51695,6.36339],[-75.51718,6.36364],[-75.51741,6.36391],[-75.51773,6.36432],[-75.51797,6.36461],[-75.51825,6.36485],[-75.51863,6.36511],[-75.51896,6.36534],[-75.51923,6.36547],[-75.51944,6.3656],[-75.51962,6.36577],[-75.51967,6.36588],[-75.51973,6.36603],[-75.51984,6.36616],[-75.52004,6.36632],[-75.52024,6.36643],[-75.52045,6.36652],[-75.52065,6.36666],[-75.52081,6.36681],[-75.52096,6.36698],[-75.5211,6.36716],[-75.52135,6.36737],[-75.52153,6.36751],[-75.52182,6.3677],[-75.52202,6.36781],[-75.52217,6.3679],[-75.52227,6.368],[-75.52242,6.36819],[-75.52254,6.36838],[-75.52264,6.36848],[-75.52278,6.36855],[-75.5229,6.36861],[-75.52302,6.3687],[-75.52311,6.36884],[-75.52316,6.36896],[-75.52323,6.36906],[-75.52341,6.36923],[-75.52358,6.36938],[-75.52373,6.36952],[-75.52387,6.36973],[-75.52397,6.36991],[-75.52401,6.37002],[-75.52403,6.37014],[-75.52403,6.37037],[-75.52403,6.37064],[-75.5241,6.3709],[-75.5242,6.37113],[-75.52427,6.37124],[-75.52435,6.37133],[-75.52444,6.37134],[-75.52454,6.37133],[-75.52468,6.37131],[-75.52477,6.37131],[-75.52484,6.37132],[-75.52491,6.37136],[-75.52497,6.37142],[-75.52503,6.3715],[-75.5252,6.37188],[-75.52532,6.3722],[-75.52547,6.37254],[-75.52554,6.37283],[-75.5256,6.37318],[-75.52561,6.37329],[-75.52561,6.37337],[-75.52557,6.37348],[-75.5255,6.37361],[-75.52539,6.37379],[-75.52534,6.37388],[-75.52531,6.37397],[-75.52535,6.37405],[-75.52542,6.37411],[-75.52552,6.37414],[-75.52561,6.3742],[-75.52569,6.37426],[-75.52575,6.37432],[-75.52583,6.37442],[-75.52593,6.37455],[-75.526,6.37468],[-75.52604,6.37488],[-75.52604,6.37494],[-75.52603,6.37502],[-75.52598,6.37512],[-75.52593,6.37518],[-75.5259,6.37524],[-75.5259,6.37531],[-75.5259,6.37536],[-75.5259,6.37543],[-75.5259,6.3755],[-75.5259,6.37556],[-75.52592,6.37563],[-75.52607,6.37588],[-75.52627,6.37621],[-75.52642,6.37638],[-75.52664,6.37668],[-75.52687,6.37704],[-75.52699,6.37718],[-75.52729,6.3774],[-75.52751,6.37759],[-75.52759,6.37761],[-75.5277,6.37761],[-75.52784,6.37761],[-75.52798,6.37765],[-75.52811,6.37772],[-75.52815,6.37777],[-75.52817,6.37789],[-75.52817,6.37806],[-75.52819,6.37819],[-75.52821,6.37833],[-75.52825,6.37845],[-75.52827,6.37855],[-75.52831,6.37859],[-75.52836,6.37866],[-75.52849,6.37875],[-75.52874,6.3789],[-75.52899,6.37905],[-75.52931,6.37923],[-75.52957,6.37941],[-75.52981,6.37959],[-75.53005,6.37981],[-75.53024,6.38006],[-75.53033,6.38019],[-75.5304,6.38037],[-75.53048,6.38065],[-75.53058,6.38089],[-75.53068,6.38111],[-75.53078,6.3813],[-75.53088,6.38148],[-75.53102,6.38169],[-75.53117,6.38193],[-75.53127,6.3821],[-75.53138,6.38225],[-75.53156,6.38248],[-75.5317,6.38257],[-75.5319,6.38258],[-75.53216,6.38259],[-75.53241,6.38259],[-75.53258,6.38259],[-75.53277,6.38262],[-75.53293,6.38266],[-75.53309,6.38275],[-75.5332,6.38284],[-75.53333,6.38298],[-75.53343,6.38312],[-75.53349,6.38325],[-75.53353,6.38338],[-75.53359,6.38362],[-75.5336,6.38376],[-75.53358,6.38388],[-75.53355,6.38396],[-75.53349,6.38407],[-75.53346,6.38418],[-75.53344,6.38432],[-75.53345,6.38448],[-75.53342,6.38458],[-75.53342,6.3847],[-75.5334,6.38481],[-75.53335,6.38495],[-75.53328,6.38505],[-75.53318,6.38516],[-75.53311,6.38524],[-75.53304,6.38533],[-75.53296,6.38549],[-75.53289,6.38561],[-75.53281,6.38579],[-75.53278,6.38587],[-75.53276,6.38595],[-75.53275,6.38607],[-75.53273,6.38618],[-75.53273,6.3863],[-75.53273,6.3864],[-75.53277,6.3865],[-75.53278,6.3866],[-75.53281,6.3867],[-75.53281,6.38681],[-75.53279,6.38687],[-75.53273,6.38705],[-75.53268,6.38721],[-75.53267,6.38739],[-75.53267,6.38754],[-75.53268,6.38764],[-75.53268,6.38776],[-75.53268,6.38788],[-75.53268,6.38811],[-75.53267,6.3883],[-75.53262,6.38846],[-75.53256,6.38856],[-75.53247,6.38867],[-75.53199,6.3887],[-75.5319,6.3888],[-75.53186,6.38888],[-75.53182,6.38896],[-75.53179,6.38905],[-75.53172,6.38927],[-75.53169,6.38932],[-75.53167,6.38937],[-75.53163,6.38942],[-75.53159,6.38947],[-75.53155,6.38951],[-75.53151,6.38954],[-75.53135,6.38963],[-75.5312,6.38972],[-75.53104,6.3898],[-75.531,6.38984],[-75.53096,6.38987],[-75.53091,6.3899],[-75.53086,6.38992],[-75.53081,6.38994],[-75.53075,6.38995],[-75.5307,6.38995],[-75.53064,6.38995],[-75.53009,6.38997],[-75.53002,6.38998],[-75.52996,6.38999],[-75.5299,6.39001],[-75.52984,6.39004],[-75.52978,6.39007],[-75.52973,6.39011],[-75.52968,6.39015],[-75.52951,6.39023],[-75.52934,6.39031],[-75.52917,6.39039],[-75.52909,6.39042],[-75.52902,6.39044],[-75.52894,6.39048],[-75.52887,6.39052],[-75.52881,6.39056],[-75.52875,6.39061],[-75.52869,6.39067],[-75.52864,6.39073],[-75.52834,6.39102],[-75.52831,6.39106],[-75.52828,6.39109],[-75.52825,6.39111],[-75.52822,6.39113],[-75.52818,6.39115],[-75.52814,6.39116],[-75.52809,6.39116],[-75.52804,6.39115],[-75.52799,6.39115],[-75.52794,6.39115],[-75.52789,6.39116],[-75.52784,6.39118],[-75.52778,6.3912],[-75.52773,6.39123],[-75.52768,6.39126],[-75.52762,6.39129],[-75.52758,6.39133],[-75.52753,6.39137],[-75.52749,6.39142],[-75.52742,6.3915],[-75.52734,6.39157],[-75.52726,6.39165],[-75.5272,6.39166],[-75.52715,6.39168],[-75.5271,6.3917],[-75.52706,6.39173],[-75.52702,6.39177],[-75.52695,6.39182],[-75.52688,6.39188],[-75.52681,6.39194],[-75.52674,6.39202],[-75.52668,6.39209],[-75.52666,6.39214],[-75.52655,6.3923],[-75.52644,6.39246],[-75.5264,6.3925],[-75.52635,6.39253],[-75.5263,6.39257],[-75.52625,6.39259],[-75.52619,6.39261],[-75.52613,6.39262],[-75.52608,6.39263],[-75.52591,6.39264],[-75.52573,6.39265],[-75.52566,6.39265],[-75.5256,6.39264],[-75.52553,6.39262],[-75.52548,6.3926],[-75.52538,6.3926],[-75.52533,6.39261],[-75.52528,6.39263],[-75.5252,6.39268],[-75.52512,6.39273],[-75.52504,6.39279],[-75.52497,6.39285],[-75.5249,6.39291],[-75.52434,6.39331],[-75.52397,6.3936],[-75.52403,6.39379],[-75.52411,6.39405],[-75.52423,6.39423],[-75.5243,6.39434],[-75.52435,6.39446],[-75.5244,6.39458],[-75.52445,6.3947],[-75.52449,6.39483],[-75.52461,6.39506],[-75.52472,6.39531],[-75.52475,6.39535],[-75.52477,6.3954],[-75.52478,6.39545],[-75.52479,6.3955],[-75.5248,6.39555],[-75.52479,6.3956],[-75.52478,6.39565],[-75.52476,6.3957],[-75.52474,6.39574],[-75.52472,6.39578],[-75.52469,6.39582],[-75.52465,6.39586],[-75.52461,6.39589],[-75.52457,6.39591],[-75.52452,6.39593],[-75.52408,6.39615],[-75.52404,6.39616],[-75.52401,6.39618],[-75.52398,6.39621],[-75.52396,6.39624],[-75.52394,6.39627],[-75.52393,6.39631],[-75.52392,6.39634],[-75.52392,6.39638],[-75.52401,6.39661],[-75.52413,6.39703],[-75.52424,6.3973],[-75.5243,6.39753],[-75.52432,6.39768],[-75.52432,6.39775],[-75.52431,6.39782],[-75.5243,6.39788],[-75.52428,6.39795],[-75.52425,6.39801],[-75.52414,6.39819],[-75.52391,6.39863],[-75.52381,6.39883],[-75.52371,6.39903],[-75.52368,6.39911],[-75.52365,6.39919],[-75.52363,6.39927],[-75.52362,6.39935],[-75.52361,6.39944],[-75.52361,6.39952],[-75.52361,6.39964],[-75.52362,6.39976],[-75.52364,6.39988],[-75.52366,6.39999],[-75.52368,6.40021],[-75.5237,6.40043],[-75.52373,6.40061],[-75.52374,6.40078],[-75.52374,6.40091],[-75.52373,6.40104],[-75.52374,6.40116],[-75.52374,6.4012],[-75.52374,6.40124],[-75.52376,6.40128],[-75.52377,6.40132],[-75.52379,6.40137],[-75.52381,6.40143],[-75.52382,6.40149],[-75.52383,6.40154],[-75.52383,6.4016],[-75.52385,6.40166],[-75.52387,6.40171],[-75.52392,6.40186],[-75.52397,6.40202],[-75.52398,6.40207],[-75.52399,6.40213],[-75.524,6.40218],[-75.5238,6.40237],[-75.52367,6.40248],[-75.52351,6.4026],[-75.52341,6.40271],[-75.52339,6.40273],[-75.52333,6.40284],[-75.52325,6.40298],[-75.52323,6.40302],[-75.5232,6.40303],[-75.52317,6.40304],[-75.52307,6.40304],[-75.52297,6.40303],[-75.52287,6.40303],[-75.5228,6.40304],[-75.52273,6.40305],[-75.52266,6.40306],[-75.5226,6.40308],[-75.52253,6.40311],[-75.52247,6.40314],[-75.52225,6.40331],[-75.52203,6.40348],[-75.52193,6.40356],[-75.52184,6.40364],[-75.52176,6.40373],[-75.52167,6.40382],[-75.52156,6.40391],[-75.52148,6.404],[-75.52145,6.40401],[-75.52142,6.40402],[-75.52139,6.40403],[-75.52135,6.40403],[-75.52132,6.40402],[-75.52129,6.40401],[-75.52126,6.404],[-75.52121,6.40398],[-75.52117,6.40395],[-75.52113,6.40392],[-75.52109,6.40388],[-75.52106,6.40384],[-75.52104,6.40381],[-75.52101,6.40378],[-75.52098,6.40376],[-75.52094,6.40374],[-75.5209,6.40373],[-75.52087,6.40372],[-75.52083,6.40372],[-75.52079,6.40373],[-75.52071,6.40375],[-75.52062,6.40378],[-75.52054,6.40382],[-75.52047,6.40386],[-75.52039,6.40391],[-75.52032,6.40396],[-75.52024,6.40402],[-75.52018,6.40404],[-75.52011,6.40405],[-75.52005,6.40406],[-75.51978,6.40412],[-75.51975,6.40414],[-75.51972,6.40415],[-75.51969,6.40416],[-75.51965,6.40416],[-75.51962,6.40416],[-75.51951,6.40411],[-75.5194,6.40406],[-75.5193,6.40401],[-75.51908,6.4039],[-75.51884,6.40378],[-75.51867,6.40372],[-75.51864,6.40372],[-75.51861,6.40372],[-75.51857,6.40372],[-75.51853,6.40373],[-75.5185,6.40374],[-75.51847,6.40376],[-75.51843,6.40382],[-75.5184,6.40389],[-75.51838,6.40396],[-75.51836,6.40403],[-75.51834,6.4041],[-75.51832,6.40416],[-75.5183,6.40421],[-75.51827,6.40427],[-75.51824,6.40432],[-75.5182,6.40437],[-75.51815,6.40442],[-75.51812,6.40446],[-75.51808,6.40451],[-75.51805,6.40455],[-75.51802,6.4046],[-75.51801,6.40463],[-75.51801,6.40465],[-75.51801,6.40468],[-75.51801,6.40471],[-75.51803,6.40475],[-75.51805,6.40477],[-75.51808,6.40483],[-75.51811,6.40489],[-75.51814,6.40495],[-75.51818,6.40507],[-75.51822,6.40519],[-75.51826,6.40531],[-75.5183,6.40546],[-75.51835,6.40561],[-75.51839,6.40579],[-75.51844,6.40598],[-75.51847,6.40612],[-75.51849,6.40626],[-75.5185,6.4064],[-75.51851,6.40654],[-75.51854,6.40679],[-75.51854,6.40687],[-75.51855,6.40695],[-75.51855,6.40702],[-75.51854,6.4071],[-75.51853,6.40715],[-75.5185,6.4072],[-75.51848,6.40725],[-75.51845,6.4073],[-75.51842,6.40734],[-75.51838,6.40738],[-75.51834,6.40741],[-75.5183,6.40744],[-75.51826,6.40748],[-75.51822,6.40752],[-75.51819,6.40756],[-75.51816,6.4076],[-75.51813,6.40764],[-75.51809,6.40767],[-75.51804,6.40773],[-75.51797,6.40779],[-75.51792,6.40785],[-75.51787,6.40792],[-75.51785,6.40795],[-75.51783,6.40798],[-75.51782,6.40803],[-75.5178,6.40808],[-75.51779,6.40812],[-75.51777,6.40817],[-75.51775,6.4082],[-75.51773,6.40823],[-75.51769,6.40828],[-75.51766,6.40834],[-75.51764,6.40837],[-75.51763,6.40841],[-75.51763,6.40845],[-75.51763,6.40849],[-75.51763,6.40853],[-75.51767,6.40875],[-75.5177,6.40896],[-75.51772,6.40908],[-75.51777,6.40925],[-75.51777,6.40929],[-75.51778,6.40933],[-75.51778,6.40936],[-75.51777,6.4094],[-75.51777,6.40944],[-75.51775,6.40951],[-75.51774,6.40957],[-75.51771,6.40963],[-75.51768,6.40969],[-75.51765,6.40975],[-75.51761,6.4098],[-75.51759,6.40985],[-75.51757,6.4099],[-75.51754,6.41001],[-75.51753,6.41004],[-75.51751,6.41006],[-75.51745,6.41011],[-75.51744,6.41014],[-75.51743,6.41017],[-75.51728,6.41023],[-75.51718,6.41026],[-75.51713,6.41026],[-75.51708,6.41027],[-75.51703,6.41026],[-75.51698,6.41026],[-75.51694,6.41024],[-75.51689,6.41022],[-75.51674,6.41012],[-75.5166,6.41002],[-75.51652,6.40997],[-75.51644,6.40992],[-75.51636,6.40988],[-75.51627,6.40985],[-75.51619,6.40982],[-75.5161,6.4098],[-75.51587,6.40979],[-75.51584,6.40978],[-75.51582,6.40976],[-75.51581,6.40973],[-75.51582,6.4097],[-75.51585,6.40964],[-75.51588,6.40959],[-75.51589,6.40954],[-75.5159,6.40949],[-75.5159,6.40943],[-75.5159,6.40938],[-75.51589,6.40933],[-75.51587,6.40928],[-75.51585,6.40923],[-75.51582,6.40919],[-75.51578,6.40915],[-75.51574,6.40911],[-75.51568,6.40908],[-75.51562,6.40906],[-75.51556,6.40903],[-75.51548,6.40901],[-75.5154,6.40899],[-75.51532,6.40897],[-75.51524,6.40897],[-75.51516,6.40896],[-75.51508,6.40896],[-75.51498,6.40895],[-75.51489,6.40893],[-75.51479,6.40891],[-75.5147,6.40888],[-75.51461,6.40884],[-75.51452,6.4088],[-75.51438,6.40873],[-75.51424,6.40867],[-75.5141,6.40861],[-75.51405,6.4086],[-75.51401,6.40859],[-75.51392,6.40857],[-75.51383,6.40856],[-75.51375,6.40855],[-75.51366,6.40855],[-75.51357,6.40856],[-75.51349,6.40859],[-75.5134,6.40861],[-75.51331,6.40862],[-75.51322,6.40863],[-75.51317,6.40864],[-75.51311,6.40864],[-75.51301,6.40862],[-75.5129,6.40861],[-75.51279,6.4086],[-75.51269,6.4086],[-75.51258,6.40861],[-75.51246,6.40863],[-75.51235,6.40865],[-75.51223,6.40868],[-75.51212,6.40871],[-75.51201,6.40875],[-75.51194,6.4088],[-75.51188,6.40886],[-75.51182,6.40892],[-75.51177,6.40898],[-75.51173,6.40903],[-75.5117,6.40908],[-75.51166,6.40915],[-75.51163,6.40921],[-75.5116,6.40928],[-75.51158,6.40936],[-75.51157,6.40941],[-75.51156,6.40947],[-75.51157,6.40953],[-75.51157,6.40959],[-75.51159,6.40964],[-75.51161,6.4097],[-75.51165,6.4098],[-75.51169,6.40991],[-75.51173,6.41002],[-75.51176,6.41013],[-75.51182,6.41025],[-75.51186,6.41031],[-75.51192,6.41039],[-75.51228,6.41081],[-75.5123,6.41083],[-75.51235,6.41095],[-75.51238,6.41108],[-75.51241,6.41121],[-75.51243,6.41136],[-75.51244,6.41151],[-75.51244,6.41155],[-75.51243,6.41159],[-75.51241,6.41163],[-75.51239,6.41167],[-75.51237,6.4117],[-75.5123,6.41174],[-75.51223,6.41177],[-75.51216,6.4118],[-75.51209,6.41183],[-75.51206,6.41185],[-75.51203,6.41187],[-75.512,6.4119],[-75.51198,6.41193],[-75.51196,6.41196],[-75.51195,6.412],[-75.51194,6.41203],[-75.51191,6.41216],[-75.51188,6.41229],[-75.51185,6.41241],[-75.51182,6.41251],[-75.51178,6.41261],[-75.51173,6.4127],[-75.51168,6.41279],[-75.51162,6.41287],[-75.51155,6.41295],[-75.51148,6.41302],[-75.51141,6.41308],[-75.51134,6.41315],[-75.51127,6.41322],[-75.51123,6.41331],[-75.51119,6.4134],[-75.51117,6.41344],[-75.51115,6.41348],[-75.51112,6.41352],[-75.51109,6.41355],[-75.51107,6.41359],[-75.51105,6.41363],[-75.51104,6.41367],[-75.51104,6.41371],[-75.51104,6.41374],[-75.51104,6.41376],[-75.51105,6.41379],[-75.51106,6.41383],[-75.51107,6.41386],[-75.51106,6.41389],[-75.51104,6.41395],[-75.51101,6.414],[-75.51097,6.41405],[-75.51093,6.4141],[-75.51091,6.41417],[-75.51088,6.41424],[-75.51084,6.41431],[-75.51081,6.41434],[-75.51077,6.41438],[-75.51073,6.41441],[-75.51069,6.41443],[-75.51065,6.41445],[-75.51051,6.41454],[-75.51038,6.41463],[-75.51029,6.41472],[-75.51019,6.4148],[-75.51009,6.41488],[-75.51002,6.41491],[-75.50996,6.41495],[-75.5099,6.41499],[-75.50982,6.41506],[-75.50975,6.41514],[-75.50969,6.41522],[-75.50966,6.41524],[-75.50963,6.41526],[-75.5096,6.41528],[-75.50957,6.41529],[-75.50954,6.41529],[-75.5095,6.41529],[-75.50947,6.41528],[-75.50942,6.41526],[-75.50936,6.41523],[-75.5093,6.41521],[-75.50924,6.4152],[-75.50919,6.41518],[-75.50914,6.41516],[-75.50909,6.41513],[-75.50905,6.4151],[-75.509,6.41506],[-75.50897,6.41502],[-75.50891,6.41495],[-75.50884,6.41489],[-75.50877,6.41483],[-75.50873,6.41481],[-75.50868,6.4148],[-75.50863,6.4148],[-75.50859,6.41479],[-75.5084,6.41475],[-75.50822,6.4147],[-75.50819,6.41469],[-75.50814,6.41469],[-75.50811,6.4147],[-75.50808,6.41472],[-75.50806,6.41476],[-75.50806,6.41479],[-75.50805,6.41482],[-75.50805,6.41486],[-75.50802,6.41489],[-75.50799,6.4149],[-75.50795,6.4149],[-75.50792,6.41491],[-75.5079,6.41492],[-75.50787,6.41493],[-75.50785,6.41495],[-75.50783,6.41498],[-75.5078,6.41501],[-75.50776,6.41504],[-75.50756,6.41507],[-75.50754,6.41504],[-75.50754,6.415],[-75.50752,6.41493],[-75.50749,6.41479],[-75.50746,6.41468],[-75.50745,6.41464],[-75.50743,6.4146],[-75.50741,6.41457],[-75.50736,6.41445],[-75.50733,6.41436],[-75.50731,6.41429],[-75.50729,6.41422],[-75.50728,6.41414],[-75.50725,6.41402],[-75.50721,6.41383],[-75.5072,6.4138],[-75.50719,6.41378],[-75.50716,6.41376],[-75.50712,6.41372],[-75.50708,6.41367],[-75.50707,6.41373],[-75.50699,6.41372],[-75.50691,6.41365],[-75.50678,6.41354],[-75.50668,6.41346],[-75.50659,6.4135],[-75.50646,6.41357],[-75.50637,6.41359],[-75.50622,6.41358],[-75.50617,6.41358],[-75.50605,6.41356],[-75.50595,6.41354],[-75.5059,6.41354],[-75.50585,6.41355],[-75.5058,6.41356],[-75.50543,6.41361],[-75.50516,6.41365],[-75.50505,6.41367],[-75.505,6.41366],[-75.505,6.41376],[-75.505,6.41386],[-75.50499,6.41395],[-75.50499,6.41404],[-75.50498,6.41412],[-75.50496,6.41421],[-75.50494,6.41429],[-75.5049,6.41443],[-75.50486,6.41457],[-75.50479,6.41468],[-75.50474,6.41479],[-75.50469,6.41486],[-75.50464,6.41494],[-75.5046,6.41502],[-75.50456,6.4151],[-75.50454,6.41513],[-75.50451,6.41515],[-75.50447,6.41516],[-75.50445,6.41516],[-75.50432,6.41516],[-75.50398,6.41519],[-75.50367,6.41527],[-75.50323,6.41543],[-75.5032,6.41544],[-75.50324,6.41547],[-75.50327,6.4155],[-75.5033,6.41554],[-75.50332,6.41558],[-75.50333,6.41563],[-75.50334,6.41568],[-75.50334,6.41572],[-75.50333,6.41581],[-75.50332,6.4159],[-75.50332,6.416],[-75.50332,6.41609],[-75.50333,6.41618],[-75.50335,6.41627],[-75.50336,6.41633],[-75.50339,6.4164],[-75.50341,6.41646],[-75.50345,6.41652],[-75.50348,6.41658],[-75.50356,6.41673],[-75.50364,6.41688],[-75.50362,6.4169],[-75.5036,6.41692],[-75.50357,6.41699],[-75.50354,6.41707],[-75.5035,6.41714],[-75.50346,6.41721],[-75.50341,6.41728],[-75.50337,6.41735],[-75.50333,6.41741],[-75.50329,6.41747],[-75.50324,6.41752],[-75.50318,6.41757],[-75.50316,6.41759],[-75.50314,6.41761],[-75.50311,6.41762],[-75.50308,6.41763],[-75.50305,6.41763],[-75.50302,6.41763],[-75.503,6.41762],[-75.50269,6.41749],[-75.50262,6.41745],[-75.50255,6.41742],[-75.50247,6.41739],[-75.5024,6.41737],[-75.50234,6.41736],[-75.50229,6.41735],[-75.50224,6.41735],[-75.50218,6.41736],[-75.50213,6.41736],[-75.50208,6.41736],[-75.50203,6.41735],[-75.50198,6.41734],[-75.50194,6.41732],[-75.50188,6.41727],[-75.50182,6.41722],[-75.50177,6.41717],[-75.50171,6.41711],[-75.50163,6.41698],[-75.50154,6.41685],[-75.50152,6.41679],[-75.5015,6.41674],[-75.50149,6.41668],[-75.50148,6.41662],[-75.50147,6.41653],[-75.50145,6.41645],[-75.50144,6.41636],[-75.5014,6.41618],[-75.50139,6.41615],[-75.50137,6.41612],[-75.50135,6.41609],[-75.50132,6.41607],[-75.50128,6.41605],[-75.50125,6.41603],[-75.50122,6.41602],[-75.50119,6.41601],[-75.50115,6.416],[-75.50112,6.416],[-75.50109,6.41599],[-75.50105,6.41592],[-75.50088,6.41567],[-75.50073,6.41546],[-75.50063,6.4153],[-75.5006,6.41527],[-75.50057,6.41525],[-75.50038,6.41504],[-75.5003,6.41518],[-75.50027,6.41528],[-75.50026,6.41531],[-75.50019,6.41534],[-75.5001,6.41538],[-75.50005,6.4154],[-75.49994,6.41548],[-75.49978,6.41562],[-75.49969,6.41569],[-75.49966,6.41572],[-75.49963,6.41574],[-75.49959,6.41576],[-75.49955,6.41578],[-75.49951,6.41578],[-75.49945,6.41581],[-75.49938,6.41585],[-75.49932,6.41589],[-75.49926,6.41593],[-75.49913,6.41605],[-75.4991,6.41608],[-75.49907,6.41611],[-75.49903,6.41612],[-75.49888,6.41613],[-75.49874,6.41615],[-75.49866,6.41616],[-75.49857,6.41617],[-75.49849,6.41619],[-75.49841,6.41622],[-75.49838,6.41624],[-75.49836,6.41627],[-75.49834,6.4163],[-75.49833,6.41633],[-75.49832,6.41638],[-75.49829,6.41651],[-75.49826,6.41655],[-75.49824,6.41658],[-75.49822,6.4166],[-75.49817,6.41665],[-75.49813,6.41671],[-75.49808,6.41678],[-75.49803,6.41685],[-75.49796,6.41693],[-75.49788,6.41703],[-75.49779,6.41711],[-75.49773,6.41718],[-75.49769,6.41722],[-75.49764,6.41725],[-75.49758,6.41729],[-75.49751,6.41732],[-75.49745,6.41736],[-75.49738,6.41739],[-75.49725,6.41747],[-75.49718,6.41751],[-75.49713,6.41754],[-75.49708,6.41755],[-75.49705,6.41756],[-75.49702,6.4176],[-75.497,6.41764],[-75.49699,6.41775],[-75.49696,6.41786],[-75.49692,6.41794],[-75.49688,6.41803],[-75.49686,6.4181],[-75.49685,6.41818],[-75.49677,6.41832],[-75.49675,6.41835],[-75.49672,6.41839],[-75.4967,6.41843],[-75.49669,6.41846],[-75.49668,6.41849],[-75.49665,6.41852],[-75.49662,6.41854],[-75.49658,6.41855],[-75.49654,6.41855],[-75.4965,6.41855],[-75.49645,6.41854],[-75.49639,6.41854],[-75.49633,6.41854],[-75.49627,6.41854],[-75.49624,6.41857],[-75.49622,6.41861],[-75.49621,6.41864],[-75.49618,6.41867],[-75.49614,6.4187],[-75.49611,6.41872],[-75.49603,6.41874],[-75.49599,6.41876],[-75.49595,6.41879],[-75.49592,6.41881],[-75.4959,6.41883],[-75.49589,6.41885],[-75.49587,6.41887],[-75.49586,6.4189],[-75.49583,6.41905],[-75.49581,6.41911],[-75.4958,6.41917],[-75.49575,6.41932],[-75.49574,6.41937],[-75.49572,6.41942],[-75.49572,6.41947],[-75.4957,6.41963],[-75.4957,6.4197],[-75.49569,6.41974],[-75.49569,6.4198],[-75.49568,6.41983],[-75.49566,6.41986],[-75.49559,6.41996],[-75.49555,6.42001],[-75.49552,6.42006],[-75.49547,6.42014],[-75.49546,6.42016],[-75.49545,6.42019],[-75.49544,6.42021],[-75.49544,6.42025],[-75.49544,6.42029],[-75.49544,6.42032],[-75.49546,6.42037],[-75.49547,6.42044],[-75.49547,6.42048],[-75.49545,6.42051],[-75.4955,6.42061],[-75.49559,6.42073],[-75.49568,6.42085],[-75.49576,6.42096],[-75.49584,6.42107],[-75.49599,6.42124],[-75.4961,6.42131],[-75.49622,6.42137],[-75.49636,6.42143],[-75.49653,6.42152],[-75.49663,6.42155],[-75.49681,6.42163],[-75.49705,6.42171],[-75.49716,6.42174],[-75.49727,6.42178],[-75.49729,6.4218],[-75.4973,6.42183],[-75.4973,6.42186],[-75.4973,6.42189],[-75.49728,6.42191],[-75.49705,6.42211],[-75.49688,6.42222],[-75.49668,6.42234],[-75.49627,6.42272],[-75.49604,6.42293],[-75.49602,6.42294],[-75.49599,6.42295],[-75.49597,6.42295],[-75.49594,6.42295],[-75.49592,6.42294],[-75.49589,6.42293],[-75.49578,6.4229],[-75.49567,6.42288],[-75.49556,6.42286],[-75.49544,6.42285],[-75.49533,6.42285],[-75.49526,6.42284],[-75.4952,6.42283],[-75.49513,6.42282],[-75.49507,6.4228],[-75.49501,6.42278],[-75.49494,6.42274],[-75.49488,6.42271],[-75.49482,6.42267],[-75.49476,6.42262],[-75.49471,6.42257],[-75.49463,6.42254],[-75.49454,6.42251],[-75.49446,6.42249],[-75.49437,6.42247],[-75.49425,6.42242],[-75.49413,6.42237],[-75.49401,6.42231],[-75.49357,6.42216],[-75.49357,6.4222],[-75.49358,6.42224],[-75.49357,6.42228],[-75.49357,6.42232],[-75.49356,6.42247],[-75.49356,6.42263],[-75.49355,6.42279],[-75.49353,6.42295],[-75.49352,6.42313],[-75.49352,6.4232],[-75.49351,6.42336],[-75.49351,6.42354],[-75.49351,6.42361],[-75.49352,6.42368],[-75.49353,6.42375],[-75.49355,6.42379],[-75.49357,6.42383],[-75.49359,6.42386],[-75.49361,6.42389],[-75.49365,6.42395],[-75.49368,6.424],[-75.49371,6.42406],[-75.49372,6.42412],[-75.49374,6.42417],[-75.49373,6.42431],[-75.49363,6.42481],[-75.49323,6.42567],[-75.49289,6.42718],[-75.49287,6.42721],[-75.4922,6.42829],[-75.49214,6.42837],[-75.49154,6.4292],[-75.49151,6.42925],[-75.49061,6.43016],[-75.48941,6.43067],[-75.48833,6.43038],[-75.48845,6.42918]]]]}},{"type":"Feature","properties":{"MpNombre":"Bello","MpCodigo":"05088","centroid":[6.35871,-75.58972]},"geometry":{"type":"MultiPolygon","coordinates":[[[[-75.5899,6.43372],[-75.58935,6.43317],[-75.58874,6.43271],[-75.58841,6.4324],[-75.58815,6.43212],[-75.58786,6.43171],[-75.58762,6.43122],[-75.58744,6.43076],[-75.58724,6.43021],[-75.58711,6.42993],[-75.58682,6.42937],[-75.58666,6.42912],[-75.58658,6.42898],[-75.58614,6.42849],[-75.58583,6.42816],[-75.5851,6.42712],[-75.58443,6.42653],[-75.58391,6.42593],[-75.58283,6.42515],[-75.58157,6.42507],[-75.58068,6.42537],[-75.57962,6.42543],[-75.5788,6.42529],[-75.57767,6.42458],[-75.57687,6.42385],[-75.5757,6.42304],[-75.5751,6.42244],[-75.57359,6.42176],[-75.57238,6.42145],[-75.5714,6.42145],[-75.57018,6.42144],[-75.56927,6.42197],[-75.56886,6.42211],[-75.5688,6.42213],[-75.56863,6.42215],[-75.56826,6.42215],[-75.56806,6.42217],[-75.5676,6.42186],[-75.56649,6.42096],[-75.56628,6.42031],[-75.56593,6.41971],[-75.56572,6.41886],[-75.56514,6.4164],[-75.56502,6.41344],[-75.56495,6.41168],[-75.56494,6.41038],[-75.56518,6.40897],[-75.56531,6.40696],[-75.5653,6.40495],[-75.56513,6.4037],[-75.56477,6.40262],[-75.5647,6.40243],[-75.56248,6.39886],[-75.55884,6.3935],[-75.5564,6.38714],[-75.55518,6.38476],[-75.55437,6.38357],[-75.55177,6.38299],[-75.54899,6.38341],[-75.5478,6.38522],[-75.54603,6.38743],[-75.54244,6.38786],[-75.53925,6.38789],[-75.53611,6.38712],[-75.53574,6.3871],[-75.53541,6.38749],[-75.53502,6.38737],[-75.53476,6.3875],[-75.53459,6.38762],[-75.5345,6.38773],[-75.53444,6.38785],[-75.53366,6.38779],[-75.5336,6.3878],[-75.53343,6.38785],[-75.53326,6.38794],[-75.5331,6.38815],[-75.53282,6.38855],[-75.53273,6.38865],[-75.53255,6.38866],[-75.53247,6.38867],[-75.53256,6.38856],[-75.53262,6.38846],[-75.53267,6.3883],[-75.53268,6.38811],[-75.53268,6.38788],[-75.53268,6.38776],[-75.53268,6.38764],[-75.53267,6.38754],[-75.53267,6.38739],[-75.53268,6.38721],[-75.53273,6.38705],[-75.53279,6.38687],[-75.53281,6.38681],[-75.53281,6.3867],[-75.53278,6.3866],[-75.53277,6.3865],[-75.53273,6.3864],[-75.53273,6.3863],[-75.53273,6.38618],[-75.53275,6.38607],[-75.53276,6.38595],[-75.53278,6.38587],[-75.53281,6.38579],[-75.53289,6.38561],[-75.53296,6.38549],[-75.53304,6.38533],[-75.53311,6.38524],[-75.53318,6.38516],[-75.53328,6.38505],[-75.53335,6.38495],[-75.5334,6.38481],[-75.53342,6.3847],[-75.53342,6.38458],[-75.53345,6.38448],[-75.53344,6.38432],[-75.53346,6.38418],[-75.53349,6.38407],[-75.53355,6.38396],[-75.53358,6.38388],[-75.5336,6.38376],[-75.53359,6.38362],[-75.53353,6.38338],[-75.53349,6.38325],[-75.53343,6.38312],[-75.53333,6.38298],[-75.5332,6.38284],[-75.53309,6.38275],[-75.53293,6.38266],[-75.53277,6.38262],[-75.53258,6.38259],[-75.53241,6.38259],[-75.53216,6.38259],[-75.5319,6.38258],[-75.5317,6.38257],[-75.53156,6.38248],[-75.53138,6.38225],[-75.53127,6.3821],[-75.53117,6.38193],[-75.53102,6.38169],[-75.53088,6.38148],[-75.53078,6.3813],[-75.53068,6.38111],[-75.53058,6.38089],[-75.53048,6.38065],[-75.5304,6.38037],[-75.53033,6.38019],[-75.53024,6.38006],[-75.53005,6.37981],[-75.52981,6.37959],[-75.52957,6.37941],[-75.52931,6.37923],[-75.52899,6.37905],[-75.52874,6.3789],[-75.52849,6.37875],[-75.52836,6.37866],[-75.52831,6.37859],[-75.52827,6.37855],[-75.52825,6.37845],[-75.52821,6.37833],[-75.52819,6.37819],[-75.52817,6.37806],[-75.52817,6.37789],[-75.52815,6.37777],[-75.52811,6.37772],[-75.52798,6.37765],[-75.52784,6.37761],[-75.5277,6.37761],[-75.52759,6.37761],[-75.52751,6.37759],[-75.52729,6.3774],[-75.52699,6.37718],[-75.52687,6.37704],[-75.52664,6.37668],[-75.52642,6.37638],[-75.52627,6.37621],[-75.52607,6.37588],[-75.52592,6.37563],[-75.5259,6.37556],[-75.5259,6.3755],[-75.5259,6.37543],[-75.5259,6.37536],[-75.5259,6.37531],[-75.5259,6.37524],[-75.52593,6.37518],[-75.52598,6.37512],[-75.52603,6.37502],[-75.52604,6.37494],[-75.52604,6.37488],[-75.526,6.37468],[-75.52593,6.37455],[-75.52583,6.37442],[-75.52575,6.37432],[-75.52569,6.37426],[-75.52561,6.3742],[-75.52552,6.37414],[-75.52542,6.37411],[-75.52535,6.37405],[-75.52531,6.37397],[-75.52534,6.37388],[-75.52539,6.37379],[-75.5255,6.37361],[-75.52557,6.37348],[-75.52561,6.37337],[-75.52561,6.37329],[-75.5256,6.37318],[-75.52554,6.37283],[-75.52547,6.37254],[-75.52532,6.3722],[-75.5252,6.37188],[-75.52503,6.3715],[-75.52497,6.37142],[-75.52491,6.37136],[-75.52484,6.37132],[-75.52477,6.37131],[-75.52468,6.37131],[-75.52454,6.37133],[-75.52444,6.37134],[-75.52435,6.37133],[-75.52427,6.37124],[-75.5242,6.37113],[-75.5241,6.3709],[-75.52403,6.37064],[-75.52403,6.37037],[-75.52403,6.37014],[-75.52401,6.37002],[-75.52397,6.36991],[-75.52387,6.36973],[-75.52373,6.36952],[-75.52358,6.36938],[-75.52341,6.36923],[-75.52323,6.36906],[-75.52316,6.36896],[-75.52311,6.36884],[-75.52302,6.3687],[-75.5229,6.36861],[-75.52278,6.36855],[-75.52264,6.36848],[-75.52254,6.36838],[-75.52242,6.36819],[-75.52227,6.368],[-75.52217,6.3679],[-75.52202,6.36781],[-75.52182,6.3677],[-75.52153,6.36751],[-75.52135,6.36737],[-75.5211,6.36716],[-75.52096,6.36698],[-75.52081,6.36681],[-75.52065,6.36666],[-75.52045,6.36652],[-75.52024,6.36643],[-75.52004,6.36632],[-75.51984,6.36616],[-75.51973,6.36603],[-75.51967,6.36588],[-75.51962,6.36577],[-75.51944,6.3656],[-75.51923,6.36547],[-75.51896,6.36534],[-75.51863,6.36511],[-75.51825,6.36485],[-75.51797,6.36461],[-75.51773,6.36432],[-75.51741,6.36391],[-75.51718,6.36364],[-75.51695,6.36339],[-75.51682,6.36329],[-75.51664,6.36308],[-75.51639,6.36271],[-75.51602,6.36225],[-75.5157,6.36177],[-75.51553,6.36155],[-75.51545,6.36144],[-75.51539,6.36134],[-75.51535,6.36125],[-75.51534,6.36117],[-75.51534,6.36108],[-75.51534,6.36101],[-75.51534,6.36095],[-75.51538,6.36087],[-75.51541,6.36075],[-75.51549,6.36048],[-75.51565,6.35998],[-75.51589,6.3593],[-75.51609,6.35878],[-75.51618,6.35857],[-75.51621,6.35846],[-75.51626,6.35828],[-75.51631,6.35815],[-75.51633,6.358],[-75.51633,6.35745],[-75.51629,6.35711],[-75.51622,6.35674],[-75.51621,6.35663],[-75.51624,6.35643],[-75.51629,6.35619],[-75.51634,6.35602],[-75.51643,6.35577],[-75.51652,6.35564],[-75.51662,6.35548],[-75.51683,6.35521],[-75.51687,6.35509],[-75.51691,6.3547],[-75.51692,6.35431],[-75.51696,6.35408],[-75.51701,6.35391],[-75.51711,6.35372],[-75.51732,6.35333],[-75.51755,6.35292],[-75.51763,6.35273],[-75.51782,6.35223],[-75.51791,6.35199],[-75.51799,6.35183],[-75.51805,6.35175],[-75.51808,6.35172],[-75.51811,6.35166],[-75.51813,6.35155],[-75.51816,6.35145],[-75.51821,6.35136],[-75.51827,6.35129],[-75.51832,6.35121],[-75.51834,6.3511],[-75.51835,6.351],[-75.51834,6.3509],[-75.51832,6.3508],[-75.51824,6.3507],[-75.51816,6.35058],[-75.51812,6.35052],[-75.51809,6.35042],[-75.51806,6.35034],[-75.51803,6.35023],[-75.51802,6.35007],[-75.51802,6.34979],[-75.51802,6.34966],[-75.51797,6.34927],[-75.51792,6.34898],[-75.51787,6.34876],[-75.51783,6.34859],[-75.51782,6.34846],[-75.51782,6.34831],[-75.51783,6.34826],[-75.51788,6.34814],[-75.51793,6.34808],[-75.51798,6.34802],[-75.51803,6.34797],[-75.51808,6.34796],[-75.51822,6.34796],[-75.51832,6.34796],[-75.51839,6.34797],[-75.51848,6.348],[-75.51854,6.348],[-75.51862,6.34795],[-75.51867,6.34789],[-75.5187,6.34782],[-75.5187,6.34768],[-75.51866,6.34727],[-75.51865,6.34712],[-75.51866,6.34704],[-75.51869,6.34695],[-75.51873,6.34686],[-75.51882,6.34677],[-75.51894,6.34671],[-75.51905,6.34665],[-75.51916,6.34665],[-75.51936,6.34664],[-75.5195,6.34662],[-75.51964,6.34658],[-75.51971,6.34654],[-75.51974,6.3465],[-75.51976,6.34643],[-75.51978,6.34627],[-75.51976,6.34602],[-75.51973,6.34587],[-75.51968,6.34574],[-75.51963,6.34557],[-75.51954,6.34532],[-75.51946,6.34496],[-75.5195,6.34485],[-75.51963,6.34466],[-75.51993,6.34429],[-75.52016,6.34401],[-75.52035,6.34377],[-75.52049,6.34355],[-75.52064,6.34332],[-75.52073,6.34317],[-75.52086,6.34292],[-75.52094,6.34273],[-75.52101,6.3425],[-75.52109,6.34224],[-75.52121,6.34193],[-75.5214,6.34151],[-75.5215,6.34133],[-75.52196,6.34065],[-75.52233,6.34013],[-75.52253,6.33987],[-75.52267,6.33962],[-75.52279,6.33938],[-75.52294,6.33913],[-75.52311,6.33889],[-75.52331,6.33869],[-75.52343,6.33859],[-75.52384,6.33831],[-75.52408,6.33812],[-75.52423,6.33799],[-75.52438,6.33788],[-75.52452,6.33783],[-75.52469,6.33778],[-75.52492,6.33773],[-75.52513,6.33769],[-75.52538,6.33767],[-75.52579,6.3377],[-75.52601,6.33773],[-75.52636,6.33776],[-75.52661,6.33776],[-75.52684,6.33776],[-75.52705,6.33775],[-75.52727,6.33777],[-75.52747,6.33781],[-75.52762,6.33785],[-75.52782,6.33789],[-75.52796,6.3379],[-75.52815,6.33788],[-75.5284,6.33783],[-75.52867,6.33779],[-75.52886,6.33777],[-75.52913,6.33775],[-75.52937,6.33773],[-75.52962,6.33773],[-75.52989,6.33771],[-75.5301,6.33765],[-75.5302,6.33759],[-75.53035,6.33756],[-75.53055,6.33753],[-75.53096,6.33746],[-75.53118,6.33741],[-75.53142,6.33739],[-75.53179,6.33734],[-75.53219,6.3373],[-75.53244,6.33727],[-75.53271,6.33719],[-75.53305,6.3371],[-75.53364,6.33695],[-75.5342,6.33681],[-75.53465,6.33671],[-75.53494,6.33664],[-75.535,6.33659],[-75.53504,6.33652],[-75.53506,6.33642],[-75.5351,6.33615],[-75.53509,6.33583],[-75.53508,6.3357],[-75.53503,6.33556],[-75.53495,6.33541],[-75.5349,6.33532],[-75.53486,6.33525],[-75.53486,6.33519],[-75.53486,6.33511],[-75.53486,6.33503],[-75.53488,6.33499],[-75.53495,6.33499],[-75.53501,6.335],[-75.53505,6.33504],[-75.5351,6.33508],[-75.53513,6.3351],[-75.53519,6.33509],[-75.53522,6.33507],[-75.53523,6.335],[-75.53522,6.33493],[-75.53519,6.3348],[-75.53519,6.33469],[-75.53522,6.33458],[-75.53529,6.33441],[-75.53539,6.33426],[-75.53547,6.33412],[-75.53555,6.33393],[-75.53561,6.33376],[-75.53566,6.33355],[-75.53571,6.33332],[-75.53578,6.33304],[-75.53585,6.33283],[-75.53592,6.3325],[-75.53599,6.33218],[-75.53602,6.33206],[-75.53602,6.33195],[-75.53601,6.33184],[-75.53596,6.33173],[-75.53591,6.33163],[-75.53582,6.33142],[-75.53576,6.33118],[-75.53572,6.33088],[-75.5357,6.33067],[-75.53572,6.33053],[-75.53576,6.33034],[-75.53578,6.33011],[-75.5358,6.32999],[-75.5358,6.32982],[-75.5358,6.3297],[-75.53579,6.3296],[-75.53578,6.32956],[-75.53572,6.32943],[-75.53558,6.32914],[-75.53534,6.3288],[-75.53516,6.32846],[-75.53497,6.32815],[-75.53474,6.32779],[-75.53456,6.32741],[-75.53434,6.32701],[-75.53422,6.32674],[-75.53406,6.32638],[-75.53385,6.32594],[-75.53366,6.32558],[-75.53338,6.32501],[-75.53321,6.3245],[-75.53305,6.32415],[-75.53296,6.32388],[-75.53292,6.32376],[-75.5329,6.32368],[-75.53288,6.32361],[-75.53268,6.32302],[-75.5325,6.32256],[-75.53244,6.32231],[-75.53239,6.32197],[-75.53237,6.32171],[-75.53233,6.32146],[-75.53224,6.32119],[-75.53207,6.32079],[-75.53194,6.32045],[-75.53186,6.32026],[-75.53179,6.3201],[-75.53173,6.3198],[-75.53171,6.31951],[-75.53169,6.31908],[-75.53172,6.31884],[-75.53173,6.31868],[-75.53176,6.3185],[-75.53179,6.31838],[-75.53182,6.3183],[-75.53182,6.31824],[-75.5318,6.31815],[-75.5318,6.3181],[-75.53177,6.31803],[-75.53173,6.31798],[-75.53158,6.31786],[-75.5315,6.31776],[-75.53143,6.31755],[-75.53138,6.31721],[-75.53135,6.31691],[-75.53132,6.31677],[-75.53127,6.31657],[-75.53118,6.31635],[-75.53096,6.316],[-75.53084,6.31582],[-75.53072,6.3156],[-75.53054,6.31514],[-75.53044,6.31473],[-75.53033,6.31437],[-75.53013,6.31395],[-75.5299,6.31342],[-75.52968,6.31306],[-75.5296,6.31285],[-75.52952,6.31272],[-75.52951,6.31266],[-75.52948,6.31261],[-75.52942,6.31257],[-75.52936,6.31255],[-75.52928,6.3125],[-75.5292,6.31245],[-75.5291,6.31234],[-75.52901,6.31224],[-75.5289,6.31219],[-75.52881,6.31212],[-75.52873,6.31195],[-75.52865,6.31178],[-75.52851,6.3116],[-75.52841,6.31143],[-75.52833,6.31126],[-75.52824,6.31095],[-75.52819,6.31069],[-75.52815,6.31052],[-75.52812,6.31035],[-75.52808,6.31021],[-75.52799,6.30996],[-75.52789,6.30974],[-75.52786,6.30961],[-75.52784,6.30951],[-75.52783,6.30946],[-75.52783,6.3094],[-75.52784,6.30934],[-75.52787,6.30928],[-75.52794,6.30915],[-75.52805,6.30902],[-75.52811,6.30894],[-75.52816,6.30888],[-75.5282,6.30882],[-75.5282,6.30877],[-75.52821,6.30871],[-75.52821,6.30866],[-75.52821,6.30851],[-75.5282,6.30839],[-75.52818,6.30828],[-75.52812,6.30811],[-75.52801,6.30788],[-75.52793,6.30768],[-75.52788,6.30753],[-75.52786,6.30743],[-75.52783,6.3073],[-75.52779,6.30708],[-75.52776,6.30675],[-75.52773,6.30641],[-75.52767,6.30599],[-75.52762,6.30559],[-75.52759,6.30523],[-75.52756,6.305],[-75.52747,6.3045],[-75.52735,6.30399],[-75.52727,6.30369],[-75.5272,6.30341],[-75.52718,6.30326],[-75.52715,6.30309],[-75.52712,6.30281],[-75.52705,6.3026],[-75.52699,6.30243],[-75.52693,6.30227],[-75.52674,6.30206],[-75.52649,6.30178],[-75.5264,6.30165],[-75.52632,6.30151],[-75.52624,6.30129],[-75.52613,6.30109],[-75.52599,6.30088],[-75.52579,6.30065],[-75.52548,6.30036],[-75.52529,6.30019],[-75.52514,6.29996],[-75.525,6.29975],[-75.52487,6.29948],[-75.52484,6.29933],[-75.52482,6.2991],[-75.52481,6.29884],[-75.52477,6.29861],[-75.52473,6.29847],[-75.52462,6.29827],[-75.52448,6.29804],[-75.52435,6.29778],[-75.52427,6.29756],[-75.5242,6.29736],[-75.52416,6.29708],[-75.52414,6.29692],[-75.52409,6.29678],[-75.52403,6.29668],[-75.52391,6.2965],[-75.52365,6.2962],[-75.52347,6.29591],[-75.52335,6.29572],[-75.5233,6.2956],[-75.52322,6.2953],[-75.52312,6.29498],[-75.52309,6.29473],[-75.52303,6.29442],[-75.52301,6.29417],[-75.52297,6.29401],[-75.52291,6.29387],[-75.52273,6.29339],[-75.52258,6.29304],[-75.52241,6.29256],[-75.52232,6.29226],[-75.52228,6.29208],[-75.52223,6.29152],[-75.52224,6.29113],[-75.5223,6.29064],[-75.52234,6.29045],[-75.52237,6.29007],[-75.5224,6.28983],[-75.52244,6.2894],[-75.52239,6.28851],[-75.52269,6.28849],[-75.52295,6.28842],[-75.52339,6.28828],[-75.52382,6.28817],[-75.52424,6.28809],[-75.52454,6.28803],[-75.52489,6.28796],[-75.52513,6.28788],[-75.52537,6.28777],[-75.52557,6.28761],[-75.52569,6.28746],[-75.5258,6.2873],[-75.52588,6.28717],[-75.52608,6.28721],[-75.52619,6.28728],[-75.52643,6.28748],[-75.52667,6.28774],[-75.52686,6.28803],[-75.527,6.28837],[-75.52707,6.28861],[-75.52718,6.28879],[-75.52735,6.289],[-75.52757,6.28922],[-75.52779,6.28952],[-75.52791,6.28972],[-75.528,6.28989],[-75.52803,6.29016],[-75.52805,6.29063],[-75.52811,6.2911],[-75.52819,6.2914],[-75.52833,6.29168],[-75.52875,6.29214],[-75.52919,6.29258],[-75.52943,6.29286],[-75.52963,6.29307],[-75.52985,6.29336],[-75.52997,6.29357],[-75.53003,6.29375],[-75.53004,6.29391],[-75.52998,6.29429],[-75.52984,6.29489],[-75.52975,6.29531],[-75.52963,6.29595],[-75.52965,6.2962],[-75.52975,6.29637],[-75.52989,6.2968],[-75.53012,6.29714],[-75.53036,6.29769],[-75.53053,6.29815],[-75.53069,6.29833],[-75.5308,6.29846],[-75.53111,6.29892],[-75.53128,6.29908],[-75.53161,6.29928],[-75.53196,6.29943],[-75.53211,6.29949],[-75.53226,6.29956],[-75.53248,6.29979],[-75.53277,6.29999],[-75.53287,6.30003],[-75.5331,6.30002],[-75.53346,6.29999],[-75.53361,6.29994],[-75.5337,6.2999],[-75.5338,6.29984],[-75.53391,6.29975],[-75.53401,6.29969],[-75.53408,6.29963],[-75.53432,6.29951],[-75.5347,6.29934],[-75.53511,6.29908],[-75.53514,6.29893],[-75.53514,6.29884],[-75.53514,6.29872],[-75.53522,6.29862],[-75.53533,6.29853],[-75.53549,6.29845],[-75.53568,6.29836],[-75.53588,6.29815],[-75.53612,6.298],[-75.53625,6.29798],[-75.53665,6.29821],[-75.53686,6.29836],[-75.5371,6.29859],[-75.53719,6.29872],[-75.53723,6.29884],[-75.53725,6.29899],[-75.53729,6.29915],[-75.53734,6.29928],[-75.53746,6.29945],[-75.53764,6.29965],[-75.53791,6.29997],[-75.5381,6.30018],[-75.53814,6.30024],[-75.53815,6.3003],[-75.53814,6.30034],[-75.5381,6.30042],[-75.5381,6.30055],[-75.5381,6.30062],[-75.53813,6.30069],[-75.53821,6.30073],[-75.5383,6.30076],[-75.53838,6.30076],[-75.53847,6.30074],[-75.53854,6.3007],[-75.53864,6.30063],[-75.53873,6.30061],[-75.53886,6.30062],[-75.53899,6.30066],[-75.53908,6.30075],[-75.53917,6.30092],[-75.53925,6.30118],[-75.53934,6.30141],[-75.53959,6.3018],[-75.53998,6.30215],[-75.54036,6.30237],[-75.54074,6.3026],[-75.54103,6.30268],[-75.54133,6.30272],[-75.54156,6.30274],[-75.54176,6.30277],[-75.54186,6.30281],[-75.54198,6.30286],[-75.54203,6.30293],[-75.54212,6.30311],[-75.54217,6.30327],[-75.54216,6.30335],[-75.54211,6.30343],[-75.54211,6.30354],[-75.54213,6.30364],[-75.54219,6.30372],[-75.5423,6.30379],[-75.54241,6.30383],[-75.54251,6.30384],[-75.54263,6.30384],[-75.54272,6.30384],[-75.5428,6.30382],[-75.5429,6.30378],[-75.54299,6.30374],[-75.54306,6.30372],[-75.54315,6.30371],[-75.5432,6.30371],[-75.54326,6.30368],[-75.54334,6.30366],[-75.54343,6.3036],[-75.54349,6.30358],[-75.54356,6.30371],[-75.54363,6.3038],[-75.54378,6.30392],[-75.54404,6.30406],[-75.54436,6.30421],[-75.54464,6.30441],[-75.54496,6.30464],[-75.54526,6.30483],[-75.5455,6.30498],[-75.54562,6.30512],[-75.54572,6.30535],[-75.54578,6.30553],[-75.54585,6.30561],[-75.54594,6.30567],[-75.54602,6.30569],[-75.5461,6.30567],[-75.54614,6.30563],[-75.54622,6.30555],[-75.54634,6.30547],[-75.54645,6.30545],[-75.54655,6.30547],[-75.54661,6.3055],[-75.54669,6.30554],[-75.54674,6.30553],[-75.54679,6.30547],[-75.54685,6.30542],[-75.54699,6.3054],[-75.54717,6.30542],[-75.54733,6.30548],[-75.54758,6.30561],[-75.54806,6.3058],[-75.54843,6.3059],[-75.54863,6.30597],[-75.54882,6.30599],[-75.54903,6.30597],[-75.54916,6.30601],[-75.5492,6.30605],[-75.54925,6.30611],[-75.54928,6.30619],[-75.54928,6.30629],[-75.54931,6.30636],[-75.54949,6.3065],[-75.5496,6.30657],[-75.54969,6.30659],[-75.54977,6.30658],[-75.54986,6.30657],[-75.54991,6.30654],[-75.55,6.30649],[-75.55006,6.30645],[-75.55014,6.30646],[-75.55023,6.30646],[-75.55031,6.30648],[-75.55037,6.30651],[-75.55043,6.30657],[-75.55049,6.30662],[-75.55058,6.30673],[-75.55073,6.30683],[-75.55102,6.30693],[-75.5514,6.307],[-75.55156,6.30703],[-75.55171,6.30704],[-75.55187,6.30706],[-75.552,6.30712],[-75.55211,6.30721],[-75.55228,6.30736],[-75.55239,6.30744],[-75.55248,6.30746],[-75.55273,6.30744],[-75.55302,6.30743],[-75.55336,6.30749],[-75.55376,6.30757],[-75.55433,6.3078],[-75.55474,6.30797],[-75.55516,6.30815],[-75.55541,6.30834],[-75.55554,6.30856],[-75.55581,6.309],[-75.55593,6.3092],[-75.55608,6.30937],[-75.55621,6.30954],[-75.5563,6.30963],[-75.55642,6.30969],[-75.55653,6.30973],[-75.55663,6.30974],[-75.55674,6.30974],[-75.55683,6.30973],[-75.55688,6.30973],[-75.55693,6.30975],[-75.557,6.30979],[-75.55711,6.30984],[-75.55721,6.30985],[-75.55732,6.30981],[-75.5574,6.30975],[-75.55745,6.30965],[-75.55747,6.30957],[-75.55748,6.30948],[-75.55748,6.30939],[-75.56424,6.30955],[-75.56448,6.30952],[-75.56524,6.3095],[-75.56599,6.30948],[-75.56789,6.3097],[-75.56848,6.30997],[-75.56898,6.31019],[-75.56948,6.31042],[-75.5705,6.31091],[-75.57173,6.31122],[-75.57319,6.31123],[-75.57463,6.31092],[-75.57493,6.31093],[-75.57564,6.31094],[-75.57577,6.31103],[-75.57587,6.3111],[-75.576,6.31115],[-75.57615,6.31117],[-75.57631,6.31117],[-75.57645,6.31114],[-75.57663,6.31106],[-75.5769,6.31084],[-75.57712,6.31072],[-75.57725,6.31067],[-75.57741,6.31063],[-75.57767,6.31067],[-75.57779,6.31067],[-75.57787,6.31067],[-75.57794,6.31064],[-75.578,6.31058],[-75.57808,6.3105],[-75.57822,6.31044],[-75.57839,6.31039],[-75.57867,6.3103],[-75.57882,6.31022],[-75.57927,6.30999],[-75.57962,6.30979],[-75.58001,6.30956],[-75.5802,6.30947],[-75.58059,6.30933],[-75.58088,6.30921],[-75.58115,6.30911],[-75.58142,6.30902],[-75.58161,6.30899],[-75.58175,6.30897],[-75.58193,6.30898],[-75.58216,6.30904],[-75.58239,6.30914],[-75.58258,6.3092],[-75.58282,6.30923],[-75.5831,6.30928],[-75.58342,6.30931],[-75.58367,6.30931],[-75.58386,6.30931],[-75.58403,6.30928],[-75.58422,6.30925],[-75.5844,6.30926],[-75.5847,6.30925],[-75.58494,6.30925],[-75.58517,6.30932],[-75.5854,6.30938],[-75.58559,6.30944],[-75.58576,6.30951],[-75.58591,6.30959],[-75.58607,6.30966],[-75.58625,6.30974],[-75.58638,6.30979],[-75.58652,6.30983],[-75.58676,6.30987],[-75.58711,6.30988],[-75.58735,6.30987],[-75.58759,6.30987],[-75.58776,6.30982],[-75.58802,6.30971],[-75.58809,6.30964],[-75.58828,6.30953],[-75.58839,6.30944],[-75.58856,6.30937],[-75.58869,6.30931],[-75.58882,6.30924],[-75.58911,6.30913],[-75.58941,6.30904],[-75.5897,6.30896],[-75.58994,6.30891],[-75.59014,6.30885],[-75.5905,6.30878],[-75.59085,6.30871],[-75.59112,6.30866],[-75.59134,6.30859],[-75.5916,6.30852],[-75.59177,6.30847],[-75.59196,6.30843],[-75.59218,6.30836],[-75.59233,6.30834],[-75.59252,6.30832],[-75.5928,6.30827],[-75.5931,6.30819],[-75.59336,6.3081],[-75.59366,6.308],[-75.59391,6.30792],[-75.59412,6.30784],[-75.5944,6.30775],[-75.59473,6.30765],[-75.59494,6.3076],[-75.59526,6.30754],[-75.59549,6.3075],[-75.59598,6.30739],[-75.59626,6.30737],[-75.59646,6.30733],[-75.59677,6.30725],[-75.59733,6.30712],[-75.5976,6.30705],[-75.59785,6.30698],[-75.59798,6.30694],[-75.59805,6.30697],[-75.59825,6.30715],[-75.59871,6.30749],[-75.59917,6.30773],[-75.59967,6.308],[-75.60008,6.30819],[-75.60045,6.30834],[-75.60062,6.30841],[-75.60081,6.30849],[-75.60102,6.30854],[-75.60119,6.30856],[-75.6015,6.30862],[-75.60188,6.30869],[-75.60217,6.30871],[-75.60233,6.30871],[-75.60245,6.30871],[-75.6026,6.30875],[-75.60273,6.30877],[-75.60291,6.30878],[-75.60302,6.30879],[-75.60309,6.30878],[-75.60314,6.30873],[-75.60321,6.30867],[-75.60331,6.30862],[-75.60344,6.30858],[-75.6036,6.30856],[-75.60374,6.30855],[-75.60386,6.30856],[-75.60405,6.30864],[-75.60429,6.30882],[-75.60451,6.30904],[-75.60478,6.30931],[-75.60501,6.30955],[-75.6052,6.30974],[-75.60534,6.30987],[-75.60548,6.30997],[-75.60562,6.31007],[-75.6058,6.31017],[-75.60601,6.31029],[-75.60618,6.31038],[-75.60626,6.31045],[-75.60643,6.31065],[-75.60671,6.31094],[-75.60696,6.31124],[-75.60713,6.31139],[-75.60746,6.31174],[-75.60763,6.31197],[-75.60771,6.31212],[-75.60772,6.31224],[-75.60771,6.31265],[-75.60772,6.31281],[-75.60781,6.313],[-75.60794,6.31323],[-75.60806,6.31338],[-75.60821,6.3135],[-75.60834,6.31357],[-75.6085,6.31363],[-75.60861,6.31366],[-75.60881,6.31368],[-75.60899,6.31368],[-75.60913,6.31366],[-75.60925,6.31363],[-75.60953,6.31359],[-75.60971,6.31356],[-75.60984,6.31355],[-75.60998,6.31355],[-75.61023,6.31359],[-75.61057,6.31366],[-75.61079,6.31375],[-75.6109,6.3138],[-75.61107,6.31392],[-75.61132,6.31412],[-75.61149,6.31422],[-75.61158,6.31431],[-75.61165,6.31439],[-75.61171,6.31452],[-75.61175,6.31465],[-75.61182,6.31477],[-75.61195,6.31485],[-75.61215,6.31485],[-75.61227,6.31483],[-75.6125,6.3147],[-75.6128,6.31449],[-75.61307,6.31428],[-75.61336,6.31412],[-75.61371,6.31401],[-75.61412,6.3139],[-75.61443,6.3138],[-75.61458,6.31372],[-75.61477,6.31361],[-75.61491,6.31355],[-75.6151,6.31346],[-75.61531,6.3134],[-75.61557,6.31333],[-75.61587,6.3133],[-75.61626,6.31329],[-75.61653,6.3133],[-75.61702,6.31336],[-75.61747,6.31346],[-75.61781,6.31351],[-75.61827,6.3136],[-75.61867,6.31369],[-75.6191,6.31381],[-75.61949,6.31399],[-75.61983,6.31415],[-75.61996,6.31422],[-75.62018,6.31428],[-75.62043,6.31428],[-75.62068,6.31428],[-75.62108,6.31424],[-75.62128,6.31422],[-75.62156,6.31425],[-75.62175,6.31432],[-75.62198,6.31445],[-75.62216,6.31457],[-75.62232,6.31469],[-75.62249,6.31481],[-75.62262,6.31491],[-75.62282,6.315],[-75.62305,6.31501],[-75.62319,6.315],[-75.62338,6.31496],[-75.62355,6.31489],[-75.62368,6.31486],[-75.6238,6.31479],[-75.6239,6.31472],[-75.62401,6.3146],[-75.62424,6.31441],[-75.62441,6.31424],[-75.62471,6.31399],[-75.625,6.31378],[-75.62514,6.3137],[-75.62533,6.31361],[-75.62554,6.31353],[-75.6257,6.31352],[-75.62585,6.31351],[-75.62593,6.31351],[-75.62601,6.31361],[-75.62609,6.31376],[-75.62622,6.31393],[-75.62639,6.31413],[-75.62646,6.3142],[-75.62676,6.31443],[-75.62699,6.31465],[-75.62735,6.31491],[-75.62774,6.31513],[-75.62812,6.31534],[-75.62842,6.31549],[-75.62887,6.3157],[-75.62934,6.31583],[-75.62987,6.31597],[-75.6308,6.3163],[-75.63108,6.31641],[-75.6314,6.31651],[-75.63158,6.31653],[-75.63178,6.31657],[-75.63195,6.31659],[-75.63207,6.31663],[-75.6322,6.3167],[-75.63229,6.31679],[-75.63238,6.31689],[-75.63245,6.31696],[-75.63257,6.31707],[-75.63279,6.31711],[-75.63307,6.31711],[-75.63336,6.31711],[-75.63371,6.31716],[-75.63401,6.31725],[-75.63423,6.31728],[-75.63443,6.31732],[-75.63467,6.31743],[-75.63488,6.31763],[-75.63527,6.31809],[-75.63547,6.31834],[-75.63557,6.31852],[-75.6357,6.31883],[-75.63585,6.31916],[-75.63608,6.31961],[-75.63629,6.31999],[-75.63653,6.32046],[-75.63678,6.32087],[-75.63697,6.32111],[-75.63715,6.32132],[-75.63734,6.32148],[-75.63753,6.32154],[-75.63779,6.32156],[-75.63814,6.32159],[-75.63851,6.32157],[-75.63903,6.32154],[-75.63952,6.32157],[-75.63983,6.32158],[-75.6402,6.32166],[-75.64053,6.32178],[-75.64089,6.32195],[-75.6411,6.32209],[-75.64151,6.32245],[-75.64184,6.32294],[-75.64231,6.32353],[-75.64293,6.32419],[-75.64329,6.32461],[-75.64365,6.325],[-75.6439,6.32536],[-75.64421,6.32578],[-75.64441,6.32622],[-75.6447,6.32676],[-75.64497,6.32724],[-75.6452,6.32756],[-75.64546,6.3278],[-75.6457,6.32796],[-75.64595,6.32817],[-75.64622,6.32845],[-75.64648,6.32868],[-75.64687,6.32904],[-75.6472,6.32933],[-75.64757,6.3297],[-75.64794,6.33013],[-75.64827,6.33051],[-75.6485,6.33087],[-75.64856,6.33097],[-75.64867,6.33109],[-75.64881,6.33115],[-75.64909,6.33111],[-75.64936,6.33109],[-75.64966,6.33108],[-75.64989,6.33109],[-75.65008,6.33126],[-75.65053,6.33168],[-75.65103,6.33224],[-75.6512,6.33238],[-75.65157,6.3327],[-75.65178,6.33291],[-75.6519,6.33301],[-75.65196,6.33316],[-75.65198,6.33334],[-75.65197,6.33354],[-75.65194,6.33376],[-75.65191,6.33397],[-75.65186,6.33425],[-75.65182,6.33448],[-75.65183,6.33469],[-75.65187,6.3349],[-75.652,6.33515],[-75.65216,6.33539],[-75.65234,6.33565],[-75.65252,6.3359],[-75.65278,6.33633],[-75.653,6.33672],[-75.65328,6.33715],[-75.65347,6.33745],[-75.65375,6.33794],[-75.65402,6.33845],[-75.65419,6.33891],[-75.65433,6.33925],[-75.65442,6.33967],[-75.65449,6.34019],[-75.65449,6.34068],[-75.6545,6.34097],[-75.65459,6.34121],[-75.65477,6.34149],[-75.65489,6.34167],[-75.655,6.34187],[-75.65509,6.34207],[-75.65512,6.34228],[-75.65515,6.3425],[-75.6551,6.34278],[-75.65495,6.3433],[-75.65487,6.34373],[-75.6548,6.34406],[-75.65468,6.34449],[-75.6546,6.34496],[-75.6546,6.34545],[-75.65456,6.34608],[-75.65456,6.34663],[-75.65455,6.34723],[-75.65458,6.34796],[-75.65461,6.34839],[-75.65468,6.34879],[-75.65483,6.34938],[-75.65488,6.34953],[-75.65489,6.34971],[-75.6549,6.34987],[-75.65493,6.35005],[-75.65496,6.35021],[-75.655,6.35042],[-75.655,6.3506],[-75.65502,6.35084],[-75.65508,6.35111],[-75.65518,6.35132],[-75.65532,6.35158],[-75.65544,6.35177],[-75.6556,6.35193],[-75.65577,6.3521],[-75.65588,6.35224],[-75.65621,6.35283],[-75.65649,6.35331],[-75.65687,6.35393],[-75.65729,6.35463],[-75.65755,6.35501],[-75.65806,6.35577],[-75.65841,6.35628],[-75.65887,6.35694],[-75.65924,6.35733],[-75.65942,6.35763],[-75.65962,6.35797],[-75.65977,6.35834],[-75.6598,6.35845],[-75.65984,6.3586],[-75.65991,6.35878],[-75.65996,6.35894],[-75.66003,6.35909],[-75.66011,6.35922],[-75.66023,6.35939],[-75.66038,6.35953],[-75.66055,6.35961],[-75.6607,6.35966],[-75.66092,6.35969],[-75.66113,6.35973],[-75.66138,6.35979],[-75.66158,6.3598],[-75.66177,6.35984],[-75.66205,6.35999],[-75.66225,6.36014],[-75.66244,6.36031],[-75.66268,6.36063],[-75.66298,6.36097],[-75.66326,6.36128],[-75.66344,6.3615],[-75.66369,6.36172],[-75.66409,6.36205],[-75.66432,6.36232],[-75.66457,6.36271],[-75.66475,6.36304],[-75.66492,6.36354],[-75.66508,6.36405],[-75.66516,6.36433],[-75.66519,6.36459],[-75.66526,6.36501],[-75.66532,6.36538],[-75.66537,6.3657],[-75.66536,6.36608],[-75.66529,6.36655],[-75.66528,6.36693],[-75.66528,6.36717],[-75.66531,6.36745],[-75.66531,6.36777],[-75.66529,6.36806],[-75.66533,6.36836],[-75.66549,6.36887],[-75.66571,6.36937],[-75.66585,6.36963],[-75.66587,6.36981],[-75.66593,6.37028],[-75.66593,6.37056],[-75.66596,6.37075],[-75.66607,6.37096],[-75.6662,6.37117],[-75.66652,6.37145],[-75.66681,6.37167],[-75.66719,6.37198],[-75.66742,6.37217],[-75.66761,6.37227],[-75.66785,6.37245],[-75.66814,6.37272],[-75.66853,6.37302],[-75.66872,6.37315],[-75.66843,6.37361],[-75.66826,6.37389],[-75.66809,6.3741],[-75.66773,6.37464],[-75.66743,6.3752],[-75.66706,6.37579],[-75.66672,6.37646],[-75.66642,6.3771],[-75.66578,6.37802],[-75.66528,6.37863],[-75.66501,6.37889],[-75.66495,6.37906],[-75.66512,6.37974],[-75.66525,6.38044],[-75.66532,6.38094],[-75.66523,6.38173],[-75.66518,6.38224],[-75.66519,6.38264],[-75.66506,6.38303],[-75.66483,6.38328],[-75.66459,6.38353],[-75.66408,6.38381],[-75.66368,6.38398],[-75.66342,6.38421],[-75.66329,6.38457],[-75.66319,6.38495],[-75.66311,6.38544],[-75.66308,6.38594],[-75.66304,6.38674],[-75.66305,6.3872],[-75.66296,6.38852],[-75.66295,6.38905],[-75.66272,6.38958],[-75.66256,6.38994],[-75.66246,6.39031],[-75.66246,6.39084],[-75.66255,6.39128],[-75.66254,6.39175],[-75.66239,6.39242],[-75.66222,6.39276],[-75.66194,6.39356],[-75.66161,6.39423],[-75.66138,6.39488],[-75.66118,6.39512],[-75.66107,6.39529],[-75.66097,6.39559],[-75.66094,6.39595],[-75.66095,6.3964],[-75.6611,6.39702],[-75.6612,6.39742],[-75.66126,6.39795],[-75.6612,6.39832],[-75.66102,6.39865],[-75.66087,6.39895],[-75.6607,6.3992],[-75.66067,6.39948],[-75.66067,6.39989],[-75.66072,6.40046],[-75.66093,6.40095],[-75.66105,6.4013],[-75.66133,6.40222],[-75.66147,6.40269],[-75.66154,6.40304],[-75.66158,6.40339],[-75.66158,6.40368],[-75.66161,6.40401],[-75.66166,6.40424],[-75.66203,6.40491],[-75.66168,6.40486],[-75.66103,6.40449],[-75.66014,6.40384],[-75.65932,6.40344],[-75.65807,6.40281],[-75.65801,6.40278],[-75.65744,6.40208],[-75.65687,6.40138],[-75.6563,6.40068],[-75.65545,6.40026],[-75.6546,6.39984],[-75.65361,6.39957],[-75.65247,6.39887],[-75.65091,6.39818],[-75.6502,6.39762],[-75.64949,6.39707],[-75.64878,6.39651],[-75.64807,6.39595],[-75.64694,6.39525],[-75.64609,6.39484],[-75.64538,6.39428],[-75.64452,6.39386],[-75.64367,6.39345],[-75.64254,6.39275],[-75.64169,6.39233],[-75.64084,6.39192],[-75.64013,6.39136],[-75.63971,6.39103],[-75.63942,6.3908],[-75.63885,6.3901],[-75.63828,6.3894],[-75.63771,6.3887],[-75.63699,6.38814],[-75.63628,6.38758],[-75.63543,6.38717],[-75.63444,6.38647],[-75.63359,6.38605],[-75.63274,6.3855],[-75.6316,6.38508],[-75.63019,6.38453],[-75.6292,6.38426],[-75.62849,6.3837],[-75.62736,6.38343],[-75.62608,6.38316],[-75.6251,6.38302],[-75.62411,6.38303],[-75.62298,6.38304],[-75.62199,6.38305],[-75.62129,6.38362],[-75.62102,6.38461],[-75.62046,6.38532],[-75.62018,6.38631],[-75.61977,6.38716],[-75.61935,6.38802],[-75.6188,6.38887],[-75.61838,6.38972],[-75.61782,6.39043],[-75.61741,6.39128],[-75.61699,6.39213],[-75.61672,6.39312],[-75.61673,6.39411],[-75.61631,6.39496],[-75.61589,6.39581],[-75.61548,6.39666],[-75.61492,6.39737],[-75.61493,6.39836],[-75.61494,6.39935],[-75.61551,6.40005],[-75.61566,6.4016],[-75.61617,6.4027],[-75.6162,6.40297],[-75.61619,6.40419],[-75.61614,6.40514],[-75.61604,6.40552],[-75.61588,6.40592],[-75.61544,6.40668],[-75.61529,6.40694],[-75.6143,6.40865],[-75.61393,6.40921],[-75.61329,6.41019],[-75.61236,6.41166],[-75.61204,6.41205],[-75.61185,6.4122],[-75.61133,6.41237],[-75.61072,6.4125],[-75.60909,6.41293],[-75.60886,6.41299],[-75.60777,6.41327],[-75.60719,6.41342],[-75.60596,6.41373],[-75.60458,6.41405],[-75.6038,6.41423],[-75.60343,6.41436],[-75.60288,6.41454],[-75.60265,6.41465],[-75.60238,6.41477],[-75.60182,6.41508],[-75.60129,6.41559],[-75.60086,6.41632],[-75.60054,6.41699],[-75.6001,6.41789],[-75.59962,6.41887],[-75.59948,6.41911],[-75.59924,6.41949],[-75.59911,6.41966],[-75.59866,6.42027],[-75.59839,6.42071],[-75.5982,6.42139],[-75.59803,6.42209],[-75.59783,6.42253],[-75.59752,6.4228],[-75.59706,6.42328],[-75.5968,6.42374],[-75.59648,6.42457],[-75.5964,6.42481],[-75.59611,6.42528],[-75.59544,6.42598],[-75.59469,6.42686],[-75.59443,6.42739],[-75.59427,6.42792],[-75.59422,6.42863],[-75.59422,6.42907],[-75.59424,6.43004],[-75.59414,6.43043],[-75.59385,6.43082],[-75.5936,6.43102],[-75.59338,6.43119],[-75.59246,6.43182],[-75.59194,6.43233],[-75.59162,6.43291],[-75.59152,6.4336],[-75.59147,6.43387],[-75.59133,6.43456],[-75.59122,6.43496],[-75.59119,6.435],[-75.59055,6.43433],[-75.5899,6.43372]]]]}},{"type":"Feature","properties":{"MpNombre":"Girardota","MpCodigo":"05308","centroid":[6.37974,-75.44796]},"geometry":{"type":"MultiPolygon","coordinates":[[[[-75.45094,6.43672],[-75.45074,6.43666],[-75.4506,6.43657],[-75.45053,6.43651],[-75.45031,6.43639],[-75.45017,6.43631],[-75.44999,6.4362],[-75.44982,6.43604],[-75.44955,6.43589],[-75.44934,6.43576],[-75.44899,6.43562],[-75.44876,6.43555],[-75.44848,6.43551],[-75.44846,6.43542],[-75.44844,6.4353],[-75.44844,6.43526],[-75.44843,6.43517],[-75.4484,6.43509],[-75.44837,6.43502],[-75.44831,6.43491],[-75.44828,6.43486],[-75.44824,6.43482],[-75.44816,6.43474],[-75.44813,6.43471],[-75.4481,6.43469],[-75.44806,6.43465],[-75.448,6.43457],[-75.44793,6.43446],[-75.44788,6.43441],[-75.44784,6.43439],[-75.44771,6.43431],[-75.44756,6.43422],[-75.44752,6.4342],[-75.44746,6.43418],[-75.44734,6.43417],[-75.4473,6.43417],[-75.44721,6.43417],[-75.44716,6.43417],[-75.44709,6.43414],[-75.44698,6.43406],[-75.44688,6.43398],[-75.44678,6.4339],[-75.44673,6.43387],[-75.44664,6.43378],[-75.44654,6.4337],[-75.4464,6.43359],[-75.44632,6.43351],[-75.44624,6.43342],[-75.44606,6.43323],[-75.44598,6.43313],[-75.44591,6.43305],[-75.44587,6.43302],[-75.44576,6.43298],[-75.44564,6.43294],[-75.44557,6.43291],[-75.4455,6.43285],[-75.44544,6.43279],[-75.44537,6.43264],[-75.44532,6.43253],[-75.44526,6.43241],[-75.4452,6.4323],[-75.44515,6.43218],[-75.4451,6.43207],[-75.44504,6.43195],[-75.44499,6.43184],[-75.44494,6.43172],[-75.44491,6.43161],[-75.44489,6.43153],[-75.44488,6.43148],[-75.44487,6.43132],[-75.44487,6.43129],[-75.44486,6.43116],[-75.44485,6.431],[-75.44485,6.43088],[-75.44484,6.43081],[-75.44483,6.43078],[-75.44479,6.43068],[-75.44471,6.43058],[-75.44462,6.43047],[-75.44455,6.43039],[-75.4445,6.43033],[-75.44442,6.43022],[-75.44437,6.43015],[-75.44432,6.43004],[-75.44428,6.42997],[-75.44424,6.42984],[-75.44422,6.42979],[-75.4442,6.42967],[-75.44419,6.42962],[-75.44419,6.42954],[-75.44421,6.42944],[-75.44425,6.42933],[-75.44426,6.42929],[-75.44429,6.42925],[-75.44436,6.4292],[-75.44445,6.42913],[-75.44456,6.42906],[-75.44466,6.42898],[-75.44476,6.42889],[-75.44481,6.42884],[-75.44491,6.42877],[-75.44502,6.42871],[-75.44512,6.42865],[-75.44523,6.42859],[-75.4453,6.42854],[-75.4454,6.42846],[-75.44551,6.42839],[-75.44556,6.42834],[-75.44565,6.42824],[-75.44571,6.42819],[-75.44574,6.42813],[-75.44577,6.42808],[-75.44582,6.42804],[-75.44592,6.42799],[-75.44603,6.42793],[-75.4459,6.4279],[-75.44582,6.42788],[-75.44576,6.42785],[-75.44569,6.42777],[-75.44566,6.42774],[-75.44555,6.42769],[-75.44544,6.42765],[-75.44535,6.42761],[-75.44532,6.4276],[-75.4452,6.42759],[-75.44505,6.42758],[-75.44502,6.42759],[-75.4449,6.42761],[-75.44485,6.42761],[-75.44481,6.4276],[-75.44478,6.42758],[-75.44475,6.42756],[-75.44471,6.42747],[-75.44468,6.42743],[-75.44465,6.42741],[-75.44456,6.42737],[-75.44446,6.42736],[-75.44442,6.42734],[-75.44438,6.42728],[-75.44432,6.42718],[-75.44429,6.42712],[-75.44423,6.42706],[-75.44412,6.427],[-75.44406,6.42696],[-75.444,6.42691],[-75.44398,6.42687],[-75.44394,6.42683],[-75.44389,6.42685],[-75.44348,6.42703],[-75.44338,6.42709],[-75.44329,6.42716],[-75.44324,6.42718],[-75.44321,6.4272],[-75.44318,6.42722],[-75.44306,6.42728],[-75.44297,6.42733],[-75.4429,6.42735],[-75.44287,6.42735],[-75.44283,6.42734],[-75.44277,6.4273],[-75.44267,6.42722],[-75.44259,6.42717],[-75.44253,6.42714],[-75.44245,6.42713],[-75.44232,6.42713],[-75.44219,6.42712],[-75.44207,6.42711],[-75.44196,6.42711],[-75.44184,6.42709],[-75.44171,6.42707],[-75.44158,6.42705],[-75.44145,6.42703],[-75.44142,6.42702],[-75.4414,6.42701],[-75.44137,6.42701],[-75.44131,6.42705],[-75.44128,6.42709],[-75.44124,6.42719],[-75.44122,6.42723],[-75.4412,6.42725],[-75.44118,6.42727],[-75.44106,6.42723],[-75.44094,6.42721],[-75.44086,6.42719],[-75.44078,6.42715],[-75.44065,6.42711],[-75.44054,6.42708],[-75.44052,6.42703],[-75.44051,6.427],[-75.44051,6.42697],[-75.44049,6.42693],[-75.44039,6.42684],[-75.44028,6.42679],[-75.44019,6.42674],[-75.44011,6.42668],[-75.44,6.42659],[-75.4399,6.4265],[-75.43984,6.42645],[-75.43981,6.42641],[-75.43979,6.42636],[-75.43979,6.42634],[-75.43982,6.42632],[-75.4399,6.42628],[-75.44003,6.42626],[-75.44005,6.42624],[-75.44007,6.42621],[-75.44008,6.42617],[-75.44007,6.42613],[-75.44,6.42602],[-75.43993,6.42591],[-75.43989,6.42586],[-75.43987,6.42585],[-75.43985,6.42582],[-75.43981,6.42581],[-75.43974,6.42581],[-75.43962,6.42578],[-75.43955,6.42571],[-75.43953,6.42569],[-75.4395,6.42565],[-75.43948,6.42562],[-75.43942,6.42551],[-75.43936,6.42546],[-75.43925,6.42536],[-75.43913,6.42528],[-75.43909,6.42524],[-75.43904,6.42517],[-75.43902,6.42515],[-75.43894,6.42513],[-75.4389,6.42512],[-75.43883,6.42509],[-75.43879,6.42508],[-75.43876,6.42506],[-75.43872,6.42498],[-75.43868,6.42492],[-75.43849,6.42474],[-75.43842,6.42468],[-75.43839,6.42464],[-75.43837,6.4246],[-75.43833,6.42449],[-75.43832,6.42445],[-75.4383,6.42439],[-75.43825,6.42427],[-75.43819,6.42415],[-75.43815,6.42411],[-75.43811,6.42407],[-75.43809,6.42405],[-75.43799,6.42396],[-75.43792,6.42389],[-75.43789,6.42387],[-75.43786,6.42384],[-75.43784,6.42379],[-75.43785,6.42375],[-75.43787,6.42372],[-75.43789,6.42367],[-75.4379,6.42361],[-75.43789,6.42355],[-75.43788,6.42348],[-75.43788,6.4234],[-75.43789,6.42336],[-75.4379,6.42331],[-75.4379,6.42328],[-75.43792,6.42325],[-75.43793,6.42319],[-75.43794,6.42316],[-75.43795,6.42313],[-75.43795,6.42311],[-75.43796,6.42306],[-75.43797,6.42302],[-75.43798,6.42299],[-75.43799,6.42296],[-75.438,6.42293],[-75.438,6.42286],[-75.438,6.42283],[-75.43796,6.42272],[-75.43794,6.4227],[-75.43789,6.42259],[-75.43787,6.42257],[-75.43785,6.42253],[-75.43776,6.42245],[-75.43773,6.42242],[-75.43769,6.42232],[-75.43768,6.42222],[-75.43768,6.42217],[-75.43767,6.4221],[-75.43766,6.42202],[-75.43766,6.42199],[-75.43766,6.42193],[-75.43767,6.42185],[-75.43769,6.42182],[-75.43769,6.42179],[-75.43772,6.42174],[-75.43773,6.42171],[-75.43775,6.42167],[-75.43777,6.42162],[-75.43779,6.42158],[-75.43781,6.42153],[-75.43783,6.42142],[-75.43782,6.42135],[-75.43783,6.42132],[-75.43784,6.42124],[-75.43785,6.42118],[-75.43786,6.42115],[-75.43788,6.42107],[-75.43788,6.42103],[-75.43789,6.42099],[-75.43789,6.42088],[-75.4379,6.42085],[-75.4379,6.42079],[-75.43788,6.42067],[-75.43785,6.42059],[-75.43779,6.42052],[-75.43774,6.42047],[-75.43768,6.4204],[-75.43766,6.42035],[-75.43763,6.42025],[-75.43762,6.4202],[-75.43758,6.4201],[-75.43754,6.42005],[-75.43751,6.42],[-75.43748,6.41996],[-75.43743,6.41992],[-75.43738,6.41988],[-75.43726,6.41982],[-75.4372,6.41979],[-75.43717,6.41976],[-75.43714,6.41974],[-75.43708,6.41969],[-75.43702,6.41963],[-75.43699,6.41961],[-75.43697,6.41958],[-75.43693,6.4195],[-75.43691,6.41945],[-75.4369,6.41937],[-75.4369,6.41932],[-75.43689,6.41922],[-75.4369,6.41919],[-75.43689,6.41916],[-75.4369,6.41907],[-75.43691,6.41904],[-75.43695,6.41889],[-75.43697,6.41882],[-75.43697,6.41878],[-75.43693,6.41871],[-75.43683,6.41858],[-75.43674,6.41849],[-75.43671,6.41844],[-75.43665,6.41833],[-75.43659,6.41823],[-75.43653,6.41817],[-75.43642,6.41809],[-75.43636,6.41805],[-75.43632,6.41802],[-75.43625,6.41798],[-75.43616,6.41793],[-75.43613,6.41792],[-75.43609,6.41792],[-75.43601,6.41791],[-75.43594,6.4179],[-75.43591,6.41789],[-75.43583,6.41784],[-75.43576,6.41779],[-75.43559,6.4177],[-75.43555,6.41765],[-75.43549,6.41754],[-75.43547,6.41751],[-75.43544,6.41744],[-75.43541,6.4174],[-75.43538,6.41737],[-75.43533,6.41731],[-75.43531,6.41729],[-75.43529,6.41727],[-75.43521,6.4172],[-75.43514,6.41713],[-75.43511,6.41708],[-75.43508,6.41706],[-75.43495,6.41699],[-75.43488,6.41693],[-75.43486,6.4169],[-75.4348,6.41685],[-75.43473,6.41681],[-75.43465,6.41674],[-75.43456,6.41669],[-75.43452,6.41668],[-75.43447,6.41664],[-75.43445,6.41661],[-75.43437,6.41651],[-75.43435,6.41648],[-75.43427,6.41637],[-75.4342,6.41627],[-75.43416,6.41621],[-75.43413,6.41615],[-75.43412,6.41608],[-75.4341,6.41596],[-75.43409,6.41589],[-75.43407,6.41583],[-75.43406,6.41578],[-75.43404,6.4157],[-75.43398,6.41558],[-75.43392,6.41547],[-75.43389,6.41541],[-75.43389,6.41538],[-75.43385,6.4153],[-75.4338,6.41523],[-75.4337,6.41515],[-75.43354,6.41504],[-75.43348,6.41497],[-75.43342,6.41494],[-75.43336,6.41489],[-75.43329,6.41483],[-75.43326,6.41481],[-75.43324,6.41479],[-75.43322,6.41477],[-75.4332,6.41476],[-75.43318,6.41474],[-75.43316,6.41472],[-75.43313,6.41471],[-75.43311,6.41469],[-75.4331,6.41467],[-75.43308,6.41465],[-75.43306,6.41463],[-75.43304,6.4146],[-75.43302,6.41458],[-75.43301,6.41456],[-75.43299,6.41454],[-75.43298,6.41451],[-75.43296,6.41449],[-75.43294,6.41447],[-75.43293,6.41445],[-75.4329,6.41443],[-75.43289,6.41441],[-75.43286,6.4144],[-75.43284,6.41438],[-75.43282,6.41437],[-75.43279,6.41435],[-75.43277,6.41434],[-75.43275,6.41433],[-75.43272,6.41432],[-75.43269,6.41431],[-75.43267,6.4143],[-75.43264,6.41429],[-75.43262,6.41428],[-75.4326,6.41426],[-75.43257,6.41425],[-75.43255,6.41424],[-75.43252,6.41423],[-75.4325,6.41422],[-75.43246,6.41421],[-75.43244,6.41419],[-75.43243,6.41417],[-75.43242,6.41414],[-75.43241,6.41412],[-75.4324,6.41409],[-75.43239,6.41406],[-75.43239,6.41404],[-75.43238,6.41401],[-75.43237,6.41399],[-75.43236,6.41396],[-75.43234,6.41394],[-75.43233,6.41391],[-75.43232,6.41389],[-75.4323,6.41387],[-75.43228,6.41385],[-75.43225,6.41383],[-75.43223,6.41382],[-75.43221,6.4138],[-75.43219,6.41378],[-75.43217,6.41376],[-75.43215,6.41374],[-75.43213,6.41373],[-75.4321,6.41372],[-75.43207,6.41372],[-75.43205,6.41371],[-75.43202,6.4137],[-75.432,6.41368],[-75.43198,6.41367],[-75.43196,6.41365],[-75.43194,6.41363],[-75.43192,6.41361],[-75.4319,6.41359],[-75.43189,6.41357],[-75.43188,6.41354],[-75.43187,6.41352],[-75.43185,6.4135],[-75.43183,6.41348],[-75.43181,6.41346],[-75.43179,6.41344],[-75.43176,6.41343],[-75.43174,6.41341],[-75.43171,6.4134],[-75.43169,6.41339],[-75.43168,6.41336],[-75.43167,6.41334],[-75.43165,6.41331],[-75.43164,6.41329],[-75.43163,6.41327],[-75.43161,6.41324],[-75.43159,6.41322],[-75.43157,6.41321],[-75.43155,6.41319],[-75.43153,6.41318],[-75.4315,6.41316],[-75.43148,6.41314],[-75.43146,6.41313],[-75.43143,6.41312],[-75.43141,6.41311],[-75.43138,6.41311],[-75.43135,6.41311],[-75.43133,6.41309],[-75.43132,6.41307],[-75.4313,6.41304],[-75.43129,6.41302],[-75.43127,6.413],[-75.43126,6.41297],[-75.43124,6.41296],[-75.43121,6.41294],[-75.43119,6.41293],[-75.43116,6.41292],[-75.43114,6.4129],[-75.43112,6.41289],[-75.4311,6.41287],[-75.43108,6.41285],[-75.43105,6.41284],[-75.43103,6.41283],[-75.431,6.41281],[-75.43098,6.4128],[-75.43096,6.41279],[-75.43093,6.41278],[-75.4309,6.41277],[-75.43088,6.41277],[-75.43085,6.41276],[-75.43083,6.41274],[-75.43081,6.41273],[-75.43078,6.41272],[-75.43076,6.41271],[-75.43073,6.4127],[-75.4307,6.41268],[-75.43064,6.41266],[-75.43061,6.41265],[-75.43059,6.41264],[-75.43056,6.41263],[-75.43053,6.41262],[-75.43051,6.41261],[-75.43048,6.4126],[-75.43046,6.41259],[-75.43043,6.41258],[-75.4304,6.41257],[-75.43038,6.41256],[-75.43035,6.41255],[-75.43033,6.41254],[-75.4303,6.41253],[-75.43028,6.41251],[-75.43025,6.4125],[-75.43023,6.41249],[-75.43021,6.41248],[-75.43018,6.41247],[-75.43015,6.41246],[-75.43013,6.41245],[-75.4301,6.41245],[-75.43007,6.41245],[-75.43005,6.41244],[-75.43003,6.41242],[-75.43001,6.4124],[-75.42999,6.41238],[-75.42995,6.41236],[-75.42991,6.41234],[-75.42989,6.41233],[-75.42987,6.41231],[-75.42985,6.4123],[-75.42982,6.41228],[-75.4298,6.41227],[-75.42977,6.41226],[-75.42974,6.41225],[-75.42972,6.41224],[-75.42969,6.41223],[-75.42967,6.41221],[-75.42964,6.4122],[-75.42962,6.41219],[-75.42958,6.41217],[-75.42955,6.41215],[-75.42953,6.41213],[-75.42951,6.41211],[-75.42949,6.41208],[-75.42947,6.41206],[-75.42945,6.41204],[-75.42943,6.41202],[-75.42941,6.412],[-75.42939,6.41197],[-75.42937,6.41195],[-75.42935,6.41191],[-75.42934,6.41188],[-75.42933,6.41185],[-75.42932,6.41181],[-75.42931,6.41179],[-75.4293,6.41175],[-75.42929,6.41172],[-75.42929,6.41169],[-75.42929,6.41166],[-75.42929,6.41162],[-75.42929,6.41159],[-75.42929,6.41153],[-75.42929,6.4115],[-75.42928,6.41146],[-75.42925,6.41142],[-75.42921,6.41139],[-75.42919,6.41136],[-75.42915,6.41135],[-75.42911,6.41136],[-75.42909,6.4114],[-75.42908,6.41143],[-75.42907,6.41145],[-75.42907,6.41148],[-75.42907,6.41152],[-75.42903,6.41151],[-75.42901,6.41149],[-75.42897,6.41148],[-75.42895,6.41146],[-75.42893,6.41144],[-75.42891,6.41143],[-75.42889,6.41141],[-75.42886,6.41138],[-75.42884,6.41136],[-75.42882,6.41134],[-75.4288,6.41132],[-75.42877,6.41129],[-75.42876,6.41124],[-75.42875,6.41121],[-75.42875,6.41116],[-75.42875,6.41113],[-75.42875,6.41108],[-75.42876,6.41106],[-75.42877,6.41102],[-75.42877,6.41099],[-75.42878,6.41096],[-75.42879,6.41092],[-75.42881,6.41088],[-75.42882,6.41084],[-75.42883,6.41082],[-75.42885,6.41078],[-75.42886,6.41076],[-75.42887,6.41073],[-75.42887,6.4107],[-75.42888,6.41065],[-75.42888,6.4106],[-75.42887,6.41056],[-75.42887,6.41053],[-75.42886,6.4105],[-75.42886,6.41047],[-75.42885,6.41043],[-75.42885,6.41038],[-75.42884,6.41036],[-75.42883,6.41032],[-75.42881,6.41028],[-75.42879,6.41024],[-75.42878,6.41022],[-75.42876,6.41019],[-75.42875,6.41015],[-75.42874,6.4101],[-75.42873,6.41007],[-75.42873,6.41003],[-75.42872,6.40999],[-75.42871,6.40996],[-75.4287,6.40993],[-75.42868,6.4099],[-75.42866,6.40987],[-75.42864,6.40984],[-75.42862,6.40981],[-75.42859,6.40977],[-75.42857,6.40974],[-75.42855,6.40971],[-75.42853,6.40968],[-75.42851,6.40965],[-75.42849,6.40963],[-75.42847,6.40961],[-75.42845,6.40958],[-75.42842,6.40957],[-75.42838,6.40956],[-75.42836,6.40955],[-75.42833,6.40954],[-75.4283,6.40954],[-75.42827,6.40953],[-75.42824,6.40953],[-75.4282,6.40953],[-75.42817,6.40954],[-75.42812,6.40954],[-75.42807,6.40954],[-75.42804,6.40953],[-75.42793,6.40953],[-75.42783,6.40952],[-75.42777,6.40951],[-75.42771,6.40949],[-75.42762,6.40945],[-75.4276,6.40943],[-75.42757,6.40941],[-75.42753,6.40939],[-75.42749,6.40937],[-75.42746,6.40934],[-75.42742,6.40931],[-75.42739,6.40928],[-75.42736,6.40925],[-75.42733,6.40923],[-75.4273,6.40921],[-75.42727,6.40918],[-75.42723,6.40916],[-75.42719,6.40914],[-75.42716,6.40912],[-75.42714,6.4091],[-75.42711,6.40907],[-75.42709,6.40905],[-75.42707,6.40903],[-75.42704,6.409],[-75.42703,6.40898],[-75.427,6.40895],[-75.42697,6.40893],[-75.42695,6.40891],[-75.42691,6.40888],[-75.42688,6.40886],[-75.42685,6.40884],[-75.42682,6.40882],[-75.42679,6.40881],[-75.42677,6.40879],[-75.42674,6.40877],[-75.42672,6.40876],[-75.42669,6.40873],[-75.42666,6.40871],[-75.42662,6.40869],[-75.42659,6.40867],[-75.42656,6.40865],[-75.42653,6.40864],[-75.4265,6.40861],[-75.42647,6.40859],[-75.42645,6.40856],[-75.42643,6.40854],[-75.42641,6.40852],[-75.42638,6.40849],[-75.42635,6.40847],[-75.42632,6.40845],[-75.42629,6.40844],[-75.42626,6.40842],[-75.42622,6.40839],[-75.42618,6.40836],[-75.42615,6.40834],[-75.42612,6.40831],[-75.42609,6.40828],[-75.42607,6.40825],[-75.42605,6.40822],[-75.42604,6.4082],[-75.42602,6.40817],[-75.426,6.40814],[-75.42598,6.4081],[-75.42596,6.40807],[-75.42595,6.40804],[-75.42593,6.408],[-75.4259,6.40796],[-75.42588,6.40792],[-75.42587,6.40789],[-75.42585,6.40786],[-75.42584,6.40783],[-75.42583,6.4078],[-75.42582,6.40777],[-75.4258,6.40773],[-75.42579,6.4077],[-75.42578,6.40767],[-75.42576,6.40763],[-75.42575,6.4076],[-75.42574,6.40757],[-75.42573,6.40754],[-75.42571,6.40751],[-75.42564,6.40743],[-75.42562,6.40741],[-75.42558,6.40737],[-75.42556,6.40734],[-75.42554,6.40732],[-75.42551,6.40729],[-75.42549,6.40725],[-75.42546,6.40722],[-75.42543,6.40719],[-75.4254,6.40717],[-75.42538,6.40715],[-75.42535,6.40712],[-75.42532,6.4071],[-75.42527,6.40706],[-75.42524,6.40704],[-75.4252,6.40703],[-75.42517,6.40702],[-75.42515,6.40702],[-75.42511,6.407],[-75.42508,6.40699],[-75.42506,6.40697],[-75.42504,6.40694],[-75.42502,6.40692],[-75.42499,6.40689],[-75.42496,6.40685],[-75.42493,6.40682],[-75.4249,6.40679],[-75.42488,6.40676],[-75.42485,6.40674],[-75.42483,6.40671],[-75.42479,6.40668],[-75.42477,6.40665],[-75.42475,6.40663],[-75.42472,6.40659],[-75.42469,6.40656],[-75.42467,6.40653],[-75.42464,6.4065],[-75.42462,6.40648],[-75.4246,6.40646],[-75.42458,6.40643],[-75.42456,6.4064],[-75.42454,6.40638],[-75.4245,6.40634],[-75.42447,6.40631],[-75.42444,6.40628],[-75.42441,6.40624],[-75.42438,6.40621],[-75.42435,6.40618],[-75.42431,6.40615],[-75.42429,6.40612],[-75.42427,6.4061],[-75.42425,6.40607],[-75.42422,6.40604],[-75.4242,6.40601],[-75.42418,6.40598],[-75.42415,6.40596],[-75.42413,6.40592],[-75.4241,6.40589],[-75.42407,6.40586],[-75.42404,6.40584],[-75.42402,6.40582],[-75.42399,6.40579],[-75.42397,6.40577],[-75.42395,6.40574],[-75.42392,6.40572],[-75.42389,6.40568],[-75.42387,6.40566],[-75.42384,6.40563],[-75.42382,6.4056],[-75.4238,6.40558],[-75.42377,6.40555],[-75.42374,6.40552],[-75.42371,6.4055],[-75.42369,6.40547],[-75.42367,6.40545],[-75.42365,6.40542],[-75.42362,6.40539],[-75.4236,6.40536],[-75.42358,6.40533],[-75.42356,6.40531],[-75.42354,6.40529],[-75.42352,6.40527],[-75.4235,6.40525],[-75.42347,6.40523],[-75.42344,6.4052],[-75.42341,6.40517],[-75.42338,6.40512],[-75.42335,6.40509],[-75.42333,6.40506],[-75.4233,6.40503],[-75.42327,6.40501],[-75.42325,6.40499],[-75.42323,6.40496],[-75.4232,6.40495],[-75.42317,6.40494],[-75.42314,6.40493],[-75.4231,6.40492],[-75.42306,6.40489],[-75.42302,6.40488],[-75.42298,6.40487],[-75.42296,6.40487],[-75.42293,6.40486],[-75.4229,6.40484],[-75.42287,6.40483],[-75.42284,6.40482],[-75.42281,6.40481],[-75.42279,6.40479],[-75.42275,6.40477],[-75.42272,6.40475],[-75.42269,6.40473],[-75.42266,6.40471],[-75.42262,6.40468],[-75.42259,6.40466],[-75.42255,6.40462],[-75.42253,6.4046],[-75.4225,6.40459],[-75.42246,6.40458],[-75.42223,6.40446],[-75.42224,6.40442],[-75.42224,6.40438],[-75.42224,6.40434],[-75.42224,6.40428],[-75.42224,6.40425],[-75.42223,6.40422],[-75.42223,6.40419],[-75.42222,6.40416],[-75.42221,6.40413],[-75.42221,6.40409],[-75.4222,6.40406],[-75.42219,6.40402],[-75.42217,6.40399],[-75.42215,6.40395],[-75.42214,6.40392],[-75.42212,6.40389],[-75.42211,6.40386],[-75.4221,6.40383],[-75.42208,6.4038],[-75.42207,6.40376],[-75.42204,6.40371],[-75.42202,6.40368],[-75.422,6.40365],[-75.42198,6.40362],[-75.42196,6.40358],[-75.42194,6.40355],[-75.42192,6.40352],[-75.4219,6.4035],[-75.42188,6.40346],[-75.42185,6.40342],[-75.42182,6.40338],[-75.4218,6.40335],[-75.42178,6.40333],[-75.42176,6.40329],[-75.42174,6.40327],[-75.42172,6.40325],[-75.4217,6.40322],[-75.42167,6.40318],[-75.42164,6.40314],[-75.42162,6.40311],[-75.4216,6.40306],[-75.42158,6.40303],[-75.42155,6.40299],[-75.42154,6.40297],[-75.42151,6.40293],[-75.42149,6.40289],[-75.42147,6.40285],[-75.42145,6.40282],[-75.42143,6.40279],[-75.42142,6.40277],[-75.42139,6.40273],[-75.42137,6.40269],[-75.42134,6.40266],[-75.42133,6.40263],[-75.4213,6.40259],[-75.42128,6.40255],[-75.42126,6.40252],[-75.42124,6.40247],[-75.42121,6.40243],[-75.42118,6.40239],[-75.42115,6.40235],[-75.42113,6.40234],[-75.42111,6.40231],[-75.42107,6.40229],[-75.42104,6.40226],[-75.421,6.40224],[-75.42096,6.40221],[-75.42093,6.4022],[-75.42091,6.40218],[-75.42088,6.40217],[-75.42085,6.40215],[-75.42082,6.40213],[-75.42079,6.40212],[-75.42076,6.40208],[-75.42073,6.40204],[-75.42071,6.402],[-75.42069,6.40198],[-75.42068,6.40194],[-75.42067,6.4019],[-75.42067,6.40185],[-75.42067,6.40182],[-75.42067,6.40179],[-75.42066,6.40176],[-75.42066,6.40172],[-75.42067,6.40167],[-75.42068,6.40162],[-75.42068,6.40159],[-75.42069,6.40155],[-75.42071,6.40152],[-75.42072,6.40149],[-75.42073,6.40146],[-75.42074,6.40143],[-75.42074,6.40139],[-75.42075,6.40137],[-75.42077,6.40132],[-75.42079,6.40127],[-75.4208,6.40124],[-75.42082,6.40121],[-75.42083,6.40119],[-75.42085,6.40115],[-75.42087,6.40112],[-75.42089,6.40108],[-75.42092,6.40103],[-75.42095,6.401],[-75.42098,6.40096],[-75.421,6.40093],[-75.42102,6.40091],[-75.42105,6.40088],[-75.42107,6.40085],[-75.4211,6.40083],[-75.42114,6.4008],[-75.42118,6.40077],[-75.4212,6.40076],[-75.42123,6.40074],[-75.42126,6.40072],[-75.42129,6.40071],[-75.42132,6.4007],[-75.42135,6.40069],[-75.42138,6.40067],[-75.42142,6.40066],[-75.42137,6.4001],[-75.42135,6.40004],[-75.42139,6.40002],[-75.42143,6.4],[-75.42148,6.39997],[-75.42156,6.39992],[-75.42165,6.39987],[-75.42172,6.3998],[-75.4217,6.39979],[-75.42168,6.39977],[-75.42166,6.39974],[-75.42163,6.39972],[-75.42159,6.39968],[-75.42154,6.39963],[-75.4215,6.39959],[-75.42147,6.39956],[-75.42145,6.39952],[-75.42144,6.39948],[-75.42143,6.39944],[-75.42142,6.39941],[-75.42142,6.39938],[-75.42142,6.39933],[-75.42142,6.39929],[-75.42142,6.39924],[-75.42142,6.39921],[-75.42142,6.39918],[-75.42142,6.39913],[-75.42142,6.39909],[-75.42142,6.39904],[-75.42141,6.39898],[-75.42141,6.39891],[-75.42141,6.39885],[-75.4214,6.39879],[-75.4214,6.39874],[-75.4214,6.3987],[-75.42139,6.39864],[-75.4214,6.39861],[-75.4214,6.39857],[-75.4214,6.39852],[-75.4214,6.39848],[-75.42141,6.3984],[-75.42142,6.39836],[-75.42142,6.39832],[-75.42142,6.39827],[-75.42142,6.39823],[-75.42142,6.39819],[-75.42141,6.39815],[-75.42141,6.39811],[-75.4214,6.39807],[-75.42139,6.39802],[-75.42135,6.39795],[-75.42137,6.39792],[-75.42138,6.39789],[-75.42139,6.39786],[-75.42139,6.39784],[-75.4214,6.39781],[-75.42141,6.39778],[-75.42142,6.39775],[-75.42142,6.39772],[-75.4214,6.39767],[-75.42141,6.39763],[-75.42145,6.39763],[-75.42147,6.3976],[-75.42149,6.39757],[-75.42152,6.39754],[-75.42153,6.39751],[-75.42154,6.39748],[-75.42155,6.39745],[-75.42156,6.39742],[-75.42156,6.39738],[-75.42156,6.39733],[-75.42156,6.39726],[-75.42157,6.3972],[-75.42157,6.39713],[-75.42156,6.39708],[-75.42155,6.39704],[-75.42153,6.397],[-75.42155,6.39696],[-75.42157,6.39697],[-75.42158,6.39694],[-75.42158,6.39691],[-75.42158,6.39688],[-75.42158,6.39683],[-75.42158,6.3968],[-75.42158,6.39675],[-75.42158,6.39668],[-75.42158,6.39662],[-75.42158,6.39656],[-75.42156,6.39652],[-75.42154,6.39648],[-75.4215,6.39642],[-75.42148,6.39638],[-75.42147,6.39635],[-75.42146,6.39633],[-75.42144,6.39629],[-75.42142,6.39627],[-75.4214,6.39624],[-75.42137,6.39622],[-75.42134,6.39619],[-75.4213,6.39615],[-75.42127,6.39612],[-75.42125,6.3961],[-75.42123,6.39607],[-75.42121,6.39604],[-75.42119,6.39602],[-75.42117,6.39599],[-75.42114,6.39596],[-75.42111,6.39594],[-75.42108,6.39591],[-75.42105,6.39588],[-75.42103,6.39586],[-75.421,6.39583],[-75.42097,6.3958],[-75.42095,6.39578],[-75.42091,6.39576],[-75.42088,6.39574],[-75.42089,6.39572],[-75.42091,6.39568],[-75.42092,6.39564],[-75.42092,6.39561],[-75.42089,6.39557],[-75.42086,6.39554],[-75.42083,6.39551],[-75.42078,6.39547],[-75.42074,6.39543],[-75.4207,6.39539],[-75.42065,6.39533],[-75.42062,6.39528],[-75.42058,6.39524],[-75.42055,6.3952],[-75.42053,6.39517],[-75.42045,6.39515],[-75.42037,6.39514],[-75.42028,6.39512],[-75.42025,6.39511],[-75.42022,6.39511],[-75.42014,6.39509],[-75.42006,6.39507],[-75.41999,6.39506],[-75.4199,6.39505],[-75.41982,6.39503],[-75.41973,6.39502],[-75.41966,6.39501],[-75.4191,6.39486],[-75.41906,6.39486],[-75.41903,6.39487],[-75.41898,6.39489],[-75.41894,6.39492],[-75.41891,6.39493],[-75.41888,6.39495],[-75.41886,6.39496],[-75.41883,6.39497],[-75.4188,6.39498],[-75.41875,6.39498],[-75.41873,6.39499],[-75.4187,6.39499],[-75.41866,6.395],[-75.41861,6.395],[-75.41858,6.395],[-75.41855,6.39501],[-75.41851,6.39501],[-75.41845,6.39502],[-75.41842,6.39502],[-75.41839,6.39503],[-75.41835,6.39503],[-75.4183,6.39504],[-75.41827,6.39505],[-75.41823,6.39506],[-75.4182,6.39506],[-75.41818,6.39507],[-75.41814,6.39508],[-75.4181,6.39509],[-75.41805,6.3951],[-75.41802,6.3951],[-75.41797,6.39511],[-75.41793,6.39513],[-75.41789,6.39514],[-75.41786,6.39515],[-75.41783,6.39516],[-75.41781,6.39517],[-75.41779,6.39518],[-75.41776,6.3952],[-75.41772,6.3952],[-75.41768,6.39522],[-75.41764,6.39523],[-75.41762,6.39525],[-75.41758,6.39526],[-75.41755,6.39527],[-75.41753,6.39527],[-75.41749,6.39528],[-75.41746,6.39531],[-75.41743,6.3953],[-75.41739,6.39531],[-75.41738,6.39535],[-75.41736,6.39537],[-75.41733,6.39538],[-75.4173,6.39539],[-75.41726,6.39542],[-75.41724,6.39545],[-75.41721,6.39547],[-75.41718,6.39549],[-75.41716,6.39551],[-75.41713,6.39553],[-75.4171,6.39555],[-75.41707,6.39556],[-75.41703,6.39558],[-75.417,6.3956],[-75.41699,6.39563],[-75.41697,6.39565],[-75.41694,6.39568],[-75.41691,6.39572],[-75.41688,6.39574],[-75.41685,6.39575],[-75.41682,6.39576],[-75.4168,6.39578],[-75.41677,6.3958],[-75.41673,6.39582],[-75.41669,6.39584],[-75.41666,6.39585],[-75.41664,6.39586],[-75.41661,6.39586],[-75.41657,6.39586],[-75.41653,6.39586],[-75.4165,6.39585],[-75.41647,6.39583],[-75.41643,6.39584],[-75.41639,6.39584],[-75.41636,6.39585],[-75.41633,6.39586],[-75.41629,6.39589],[-75.41625,6.39591],[-75.41622,6.39592],[-75.41618,6.39595],[-75.41613,6.39596],[-75.41609,6.39598],[-75.41605,6.39599],[-75.41603,6.39599],[-75.416,6.396],[-75.41597,6.39601],[-75.41593,6.39601],[-75.41568,6.3964],[-75.41553,6.39664],[-75.41545,6.3966],[-75.41536,6.39655],[-75.41524,6.39647],[-75.41509,6.39638],[-75.41504,6.39635],[-75.41496,6.39629],[-75.4149,6.39625],[-75.41486,6.3962],[-75.41483,6.39616],[-75.41478,6.39617],[-75.41476,6.39618],[-75.41473,6.3962],[-75.4147,6.39623],[-75.41467,6.39627],[-75.41465,6.39631],[-75.41463,6.39635],[-75.41462,6.39638],[-75.41461,6.3964],[-75.41458,6.39642],[-75.41454,6.39643],[-75.4145,6.39642],[-75.41443,6.39642],[-75.41438,6.39642],[-75.41434,6.3964],[-75.41435,6.39635],[-75.41435,6.39631],[-75.41435,6.39628],[-75.41434,6.39624],[-75.41431,6.39621],[-75.41425,6.39617],[-75.41423,6.39616],[-75.4142,6.39615],[-75.41416,6.39614],[-75.41412,6.39614],[-75.4141,6.39614],[-75.41406,6.39614],[-75.41403,6.39614],[-75.414,6.39614],[-75.41396,6.39616],[-75.41392,6.39617],[-75.41387,6.39619],[-75.41385,6.3962],[-75.41381,6.39621],[-75.41376,6.39621],[-75.41372,6.39619],[-75.41369,6.39618],[-75.41366,6.39617],[-75.41362,6.39617],[-75.4136,6.39616],[-75.41356,6.39616],[-75.41352,6.39618],[-75.4135,6.39619],[-75.41346,6.39619],[-75.41342,6.39619],[-75.41338,6.3962],[-75.41335,6.3962],[-75.41332,6.3962],[-75.41328,6.3962],[-75.41325,6.3962],[-75.41322,6.39621],[-75.41319,6.39621],[-75.41316,6.39622],[-75.41311,6.39623],[-75.41308,6.39624],[-75.41304,6.39625],[-75.41301,6.39626],[-75.41298,6.39628],[-75.41295,6.39629],[-75.41292,6.39628],[-75.4129,6.39625],[-75.41288,6.39623],[-75.41284,6.39622],[-75.41281,6.39621],[-75.41278,6.39618],[-75.41277,6.39616],[-75.41274,6.39614],[-75.4127,6.39613],[-75.41266,6.39612],[-75.41263,6.39611],[-75.4126,6.39609],[-75.41259,6.39605],[-75.41258,6.39602],[-75.41257,6.39598],[-75.41256,6.39595],[-75.41254,6.39593],[-75.41252,6.39591],[-75.4125,6.39588],[-75.41248,6.39584],[-75.41245,6.39577],[-75.41243,6.3957],[-75.41239,6.39565],[-75.4123,6.3956],[-75.41227,6.39556],[-75.41219,6.39541],[-75.41214,6.39532],[-75.41196,6.39515],[-75.41182,6.39503],[-75.41167,6.39486],[-75.41157,6.39468],[-75.41149,6.39452],[-75.41142,6.39437],[-75.41138,6.39431],[-75.41135,6.3943],[-75.41131,6.39427],[-75.4113,6.39425],[-75.41128,6.394],[-75.41125,6.39395],[-75.41124,6.39388],[-75.41124,6.39379],[-75.41123,6.39375],[-75.41122,6.3937],[-75.41122,6.39367],[-75.4112,6.39361],[-75.41118,6.39356],[-75.41117,6.39352],[-75.41116,6.39344],[-75.41115,6.39339],[-75.41114,6.39335],[-75.41113,6.39329],[-75.41112,6.39326],[-75.41111,6.39321],[-75.41108,6.39314],[-75.41103,6.39304],[-75.41099,6.39295],[-75.41097,6.39292],[-75.41094,6.39287],[-75.41091,6.39282],[-75.41089,6.39277],[-75.41088,6.39274],[-75.41084,6.39267],[-75.41083,6.39263],[-75.4108,6.39257],[-75.41078,6.39249],[-75.41077,6.39245],[-75.41076,6.39242],[-75.41073,6.39237],[-75.41072,6.39228],[-75.41069,6.39226],[-75.41066,6.39224],[-75.41063,6.39221],[-75.41061,6.39219],[-75.41059,6.39217],[-75.41057,6.39214],[-75.41054,6.39211],[-75.41052,6.39209],[-75.41049,6.39206],[-75.41047,6.39204],[-75.41045,6.392],[-75.41044,6.39198],[-75.41042,6.39195],[-75.41039,6.39192],[-75.41037,6.39188],[-75.41035,6.39185],[-75.41034,6.39182],[-75.41034,6.39178],[-75.41033,6.39174],[-75.41031,6.3917],[-75.41029,6.39167],[-75.41028,6.39165],[-75.41023,6.39157],[-75.41021,6.39154],[-75.41019,6.39152],[-75.41018,6.3915],[-75.41016,6.39147],[-75.41014,6.39145],[-75.41013,6.39143],[-75.41011,6.3914],[-75.4101,6.39138],[-75.41008,6.39136],[-75.41006,6.39132],[-75.41003,6.3913],[-75.41001,6.39128],[-75.41,6.39125],[-75.40998,6.39122],[-75.40996,6.39118],[-75.40995,6.39116],[-75.40995,6.39113],[-75.40994,6.3911],[-75.40993,6.39107],[-75.40992,6.39104],[-75.40991,6.39101],[-75.40991,6.39098],[-75.4099,6.39095],[-75.40989,6.39092],[-75.40988,6.39089],[-75.40987,6.39085],[-75.40986,6.39081],[-75.40985,6.39076],[-75.40984,6.39073],[-75.40984,6.39069],[-75.40984,6.39065],[-75.40985,6.39061],[-75.40986,6.39058],[-75.40986,6.39055],[-75.40987,6.39051],[-75.40989,6.39049],[-75.40989,6.39046],[-75.4099,6.39043],[-75.40992,6.39039],[-75.40993,6.39036],[-75.40994,6.39032],[-75.40994,6.39029],[-75.40995,6.39025],[-75.40996,6.39022],[-75.40996,6.3902],[-75.40996,6.39017],[-75.40996,6.39013],[-75.40996,6.3901],[-75.40995,6.39007],[-75.40992,6.39005],[-75.40994,6.39002],[-75.40995,6.38998],[-75.40996,6.38994],[-75.40996,6.38989],[-75.40997,6.38985],[-75.40997,6.3898],[-75.40997,6.38977],[-75.40997,6.38973],[-75.40997,6.38967],[-75.40997,6.38963],[-75.40997,6.38959],[-75.40996,6.38952],[-75.40995,6.38947],[-75.40994,6.38943],[-75.40994,6.38939],[-75.40993,6.38934],[-75.40992,6.3893],[-75.4099,6.38923],[-75.40989,6.38918],[-75.40986,6.38911],[-75.40985,6.38907],[-75.40985,6.38903],[-75.40985,6.389],[-75.40997,6.38895],[-75.40996,6.38891],[-75.40996,6.38887],[-75.40995,6.38884],[-75.40995,6.38881],[-75.40995,6.38877],[-75.40994,6.38872],[-75.40993,6.38868],[-75.40992,6.38865],[-75.4099,6.3886],[-75.40989,6.38857],[-75.40987,6.38853],[-75.40985,6.3885],[-75.40984,6.38848],[-75.40982,6.38844],[-75.4098,6.3884],[-75.40978,6.38837],[-75.40975,6.38834],[-75.40973,6.3883],[-75.40971,6.38827],[-75.40969,6.38824],[-75.40968,6.38821],[-75.40966,6.38819],[-75.40963,6.38816],[-75.40959,6.38813],[-75.40956,6.38811],[-75.40951,6.38808],[-75.40946,6.38806],[-75.40943,6.38804],[-75.40942,6.38801],[-75.4094,6.38798],[-75.40938,6.38795],[-75.40936,6.38791],[-75.40935,6.38788],[-75.40933,6.38785],[-75.40931,6.38783],[-75.40929,6.3878],[-75.40928,6.38778],[-75.40925,6.38775],[-75.40923,6.38772],[-75.4092,6.38768],[-75.40917,6.38765],[-75.40915,6.38762],[-75.40913,6.3876],[-75.40911,6.38758],[-75.40907,6.38755],[-75.40905,6.38753],[-75.40903,6.38751],[-75.40901,6.38748],[-75.40899,6.38746],[-75.40897,6.38744],[-75.40895,6.3874],[-75.40894,6.38736],[-75.40892,6.38733],[-75.40889,6.3873],[-75.40885,6.38729],[-75.40881,6.38728],[-75.40878,6.38727],[-75.40875,6.38726],[-75.40872,6.38722],[-75.40869,6.38719],[-75.40867,6.38716],[-75.40865,6.38713],[-75.40863,6.3871],[-75.40861,6.38707],[-75.4086,6.38704],[-75.40859,6.387],[-75.40858,6.38696],[-75.40858,6.38693],[-75.40856,6.38689],[-75.40854,6.38687],[-75.40853,6.38684],[-75.40851,6.38682],[-75.4085,6.3868],[-75.40848,6.38678],[-75.40844,6.38678],[-75.4084,6.38677],[-75.4084,6.38675],[-75.4084,6.38672],[-75.40843,6.38669],[-75.40845,6.38667],[-75.40847,6.38665],[-75.40849,6.38663],[-75.40851,6.38661],[-75.40852,6.38658],[-75.40852,6.38654],[-75.40851,6.3865],[-75.40851,6.38646],[-75.40851,6.38642],[-75.40851,6.38637],[-75.40852,6.38633],[-75.40853,6.38629],[-75.40855,6.38625],[-75.40856,6.38622],[-75.40857,6.38619],[-75.40858,6.38615],[-75.4086,6.38612],[-75.40861,6.38608],[-75.40863,6.38605],[-75.40866,6.38603],[-75.40869,6.38601],[-75.40873,6.38601],[-75.40876,6.386],[-75.40879,6.38598],[-75.40879,6.38595],[-75.40879,6.38592],[-75.40878,6.38589],[-75.40877,6.38586],[-75.40876,6.38583],[-75.40875,6.3858],[-75.40873,6.38578],[-75.40869,6.38575],[-75.40866,6.38575],[-75.40863,6.38575],[-75.4086,6.38573],[-75.40858,6.3857],[-75.40857,6.38566],[-75.40855,6.38563],[-75.40854,6.38559],[-75.40854,6.38557],[-75.40853,6.38554],[-75.40852,6.3855],[-75.40851,6.38547],[-75.4085,6.38544],[-75.40848,6.38541],[-75.40846,6.38538],[-75.40843,6.38536],[-75.40841,6.38534],[-75.40838,6.38532],[-75.40835,6.38529],[-75.40831,6.38526],[-75.40831,6.38523],[-75.4083,6.38519],[-75.40828,6.38516],[-75.40826,6.38513],[-75.40824,6.38511],[-75.40822,6.3851],[-75.40819,6.38507],[-75.40817,6.38504],[-75.40813,6.38501],[-75.4081,6.38499],[-75.40808,6.38497],[-75.40805,6.38494],[-75.40802,6.38491],[-75.40801,6.38489],[-75.40799,6.38487],[-75.40796,6.38484],[-75.40794,6.38482],[-75.40791,6.38479],[-75.40788,6.38477],[-75.40785,6.38476],[-75.40782,6.38475],[-75.40778,6.38472],[-75.40774,6.3847],[-75.40771,6.38468],[-75.40769,6.38465],[-75.40767,6.38462],[-75.40765,6.3846],[-75.40762,6.38458],[-75.4076,6.38455],[-75.40758,6.38453],[-75.40755,6.3845],[-75.40752,6.38448],[-75.40749,6.38445],[-75.40746,6.38443],[-75.40745,6.3844],[-75.40744,6.38436],[-75.40743,6.38433],[-75.4074,6.38431],[-75.40738,6.38427],[-75.40736,6.38424],[-75.40734,6.38422],[-75.40731,6.38421],[-75.40728,6.3842],[-75.40725,6.38419],[-75.40722,6.38418],[-75.40719,6.38418],[-75.40715,6.38417],[-75.40711,6.38417],[-75.40709,6.38415],[-75.40707,6.38413],[-75.40705,6.3841],[-75.40703,6.38407],[-75.407,6.38406],[-75.40696,6.38406],[-75.40692,6.38406],[-75.40688,6.38406],[-75.40684,6.38405],[-75.40681,6.38404],[-75.40677,6.38405],[-75.40675,6.38407],[-75.40672,6.38407],[-75.40669,6.38406],[-75.40667,6.38402],[-75.40669,6.38398],[-75.40669,6.38395],[-75.40669,6.38392],[-75.4067,6.38388],[-75.40669,6.38385],[-75.40668,6.38383],[-75.40667,6.38379],[-75.40666,6.38375],[-75.40664,6.38371],[-75.40663,6.38367],[-75.40662,6.38362],[-75.40661,6.38359],[-75.4066,6.38356],[-75.40659,6.38354],[-75.40656,6.38351],[-75.40653,6.38348],[-75.40651,6.38345],[-75.40649,6.38341],[-75.40647,6.38338],[-75.40646,6.38334],[-75.40645,6.38331],[-75.40644,6.38326],[-75.40644,6.38322],[-75.40648,6.38321],[-75.4065,6.38319],[-75.40653,6.38317],[-75.40656,6.38314],[-75.40657,6.38312],[-75.40656,6.38308],[-75.40655,6.38304],[-75.40652,6.38301],[-75.4065,6.38299],[-75.40647,6.38297],[-75.40644,6.38295],[-75.40643,6.38292],[-75.40641,6.38289],[-75.4064,6.38286],[-75.40638,6.38283],[-75.40636,6.38279],[-75.40633,6.38276],[-75.40632,6.38272],[-75.4063,6.38268],[-75.40628,6.38266],[-75.40626,6.38263],[-75.40625,6.3826],[-75.40625,6.38257],[-75.40626,6.38254],[-75.40628,6.38251],[-75.40631,6.38248],[-75.40633,6.38244],[-75.40634,6.38238],[-75.40634,6.38233],[-75.40634,6.38229],[-75.40635,6.38225],[-75.40635,6.38221],[-75.40634,6.38215],[-75.40634,6.38212],[-75.40636,6.38207],[-75.40639,6.38204],[-75.40641,6.38203],[-75.40642,6.382],[-75.40642,6.38198],[-75.40644,6.38195],[-75.40647,6.38193],[-75.4065,6.38189],[-75.40651,6.38186],[-75.40652,6.38183],[-75.40654,6.3818],[-75.40651,6.38179],[-75.40647,6.38179],[-75.40644,6.38179],[-75.4064,6.38177],[-75.40643,6.38173],[-75.40646,6.38168],[-75.40646,6.38164],[-75.40647,6.38162],[-75.40647,6.38158],[-75.40646,6.38155],[-75.40689,6.38128],[-75.40678,6.38116],[-75.40671,6.38108],[-75.40666,6.38102],[-75.40664,6.38098],[-75.40661,6.38092],[-75.40659,6.38088],[-75.40653,6.38079],[-75.40629,6.38075],[-75.4061,6.38051],[-75.40606,6.38047],[-75.40603,6.38043],[-75.406,6.3804],[-75.40597,6.38036],[-75.40594,6.38032],[-75.40592,6.38028],[-75.40589,6.38024],[-75.40587,6.3802],[-75.40584,6.38015],[-75.40581,6.38011],[-75.40579,6.38007],[-75.40577,6.38003],[-75.40574,6.37999],[-75.4057,6.37995],[-75.40568,6.37992],[-75.40565,6.37987],[-75.40563,6.37983],[-75.40562,6.37979],[-75.40563,6.37975],[-75.40565,6.37972],[-75.40567,6.37969],[-75.40568,6.37967],[-75.4057,6.37964],[-75.40572,6.3796],[-75.40574,6.37956],[-75.40576,6.37954],[-75.40577,6.3795],[-75.40578,6.37946],[-75.40579,6.37943],[-75.40581,6.3794],[-75.40583,6.37938],[-75.40585,6.37935],[-75.40587,6.37934],[-75.4059,6.37931],[-75.40592,6.37929],[-75.40591,6.37926],[-75.40592,6.37922],[-75.40594,6.37921],[-75.40595,6.37919],[-75.40597,6.37916],[-75.40599,6.37914],[-75.40601,6.37911],[-75.40604,6.3791],[-75.40606,6.37907],[-75.40606,6.37903],[-75.40607,6.379],[-75.40609,6.37898],[-75.40609,6.37895],[-75.40607,6.37892],[-75.40608,6.3789],[-75.4061,6.37887],[-75.40611,6.37885],[-75.40612,6.37882],[-75.40612,6.37877],[-75.40613,6.37874],[-75.40615,6.3787],[-75.40608,6.37866],[-75.40605,6.37866],[-75.406,6.37865],[-75.40597,6.37865],[-75.40592,6.37864],[-75.40589,6.37862],[-75.40587,6.3786],[-75.40583,6.37859],[-75.4058,6.37857],[-75.40577,6.37855],[-75.40575,6.37854],[-75.40572,6.37852],[-75.40568,6.37851],[-75.40565,6.3785],[-75.40561,6.37849],[-75.40557,6.37847],[-75.40554,6.37845],[-75.40548,6.37845],[-75.40544,6.37844],[-75.40538,6.37844],[-75.40534,6.37844],[-75.40529,6.37844],[-75.40525,6.37845],[-75.40519,6.37845],[-75.40515,6.37846],[-75.4051,6.37847],[-75.40505,6.37847],[-75.405,6.37848],[-75.40495,6.37848],[-75.40493,6.37845],[-75.40492,6.3784],[-75.40492,6.37836],[-75.40491,6.37831],[-75.40489,6.37826],[-75.40488,6.37821],[-75.40486,6.37817],[-75.40485,6.37813],[-75.40483,6.37807],[-75.4048,6.37803],[-75.40479,6.37798],[-75.40476,6.37794],[-75.40473,6.3779],[-75.40471,6.37786],[-75.4047,6.37781],[-75.40473,6.37778],[-75.40481,6.37772],[-75.40484,6.37769],[-75.40488,6.37766],[-75.40492,6.37763],[-75.40496,6.37761],[-75.405,6.37758],[-75.40504,6.37756],[-75.40508,6.37754],[-75.40513,6.37752],[-75.40517,6.3775],[-75.40521,6.37748],[-75.40526,6.37747],[-75.4053,6.37746],[-75.40534,6.37744],[-75.40539,6.37742],[-75.40543,6.3774],[-75.40548,6.37738],[-75.40552,6.37736],[-75.40556,6.37735],[-75.40561,6.37733],[-75.40566,6.37732],[-75.40571,6.37731],[-75.40576,6.3773],[-75.40581,6.37729],[-75.40586,6.37728],[-75.4059,6.37727],[-75.40595,6.37726],[-75.406,6.37725],[-75.40605,6.37723],[-75.4061,6.37722],[-75.40609,6.37713],[-75.40608,6.37708],[-75.40608,6.37703],[-75.40606,6.37698],[-75.40605,6.37694],[-75.40604,6.37689],[-75.40602,6.37684],[-75.40601,6.37679],[-75.406,6.37674],[-75.40599,6.3767],[-75.40599,6.37665],[-75.40598,6.3766],[-75.40597,6.37655],[-75.40596,6.37651],[-75.40594,6.37647],[-75.40592,6.37642],[-75.4059,6.37638],[-75.40589,6.37633],[-75.40584,6.37624],[-75.40581,6.37621],[-75.40578,6.37618],[-75.40574,6.37615],[-75.40571,6.37611],[-75.40568,6.37608],[-75.4056,6.37597],[-75.40566,6.37586],[-75.40567,6.37581],[-75.40569,6.37577],[-75.40571,6.37571],[-75.40572,6.37568],[-75.40574,6.37563],[-75.40575,6.37559],[-75.40576,6.37554],[-75.40578,6.3755],[-75.4058,6.37546],[-75.40581,6.37541],[-75.40582,6.37536],[-75.40583,6.37532],[-75.40584,6.37527],[-75.40583,6.37522],[-75.40582,6.37518],[-75.4058,6.37513],[-75.40579,6.37508],[-75.40577,6.37504],[-75.40575,6.375],[-75.40572,6.37496],[-75.4057,6.37491],[-75.40567,6.37487],[-75.40565,6.37482],[-75.40563,6.37478],[-75.40562,6.37474],[-75.4056,6.37469],[-75.40559,6.37464],[-75.40559,6.3746],[-75.40559,6.3745],[-75.4056,6.37445],[-75.4056,6.37441],[-75.4056,6.37426],[-75.4056,6.37421],[-75.4056,6.37416],[-75.40558,6.37407],[-75.40557,6.37402],[-75.40556,6.37397],[-75.40555,6.37393],[-75.40553,6.37388],[-75.40551,6.37383],[-75.40548,6.37379],[-75.40546,6.37375],[-75.40543,6.37372],[-75.4054,6.37367],[-75.40537,6.37363],[-75.40535,6.37359],[-75.40532,6.37355],[-75.40529,6.37351],[-75.40526,6.37347],[-75.40523,6.37344],[-75.4052,6.3734],[-75.40518,6.37336],[-75.40515,6.37332],[-75.40512,6.37328],[-75.4051,6.37324],[-75.40509,6.3732],[-75.40507,6.37315],[-75.40505,6.37311],[-75.40503,6.37306],[-75.405,6.37302],[-75.40497,6.37297],[-75.40495,6.37293],[-75.40493,6.37289],[-75.4049,6.37285],[-75.40488,6.37281],[-75.40486,6.37277],[-75.40484,6.37272],[-75.40483,6.37268],[-75.40481,6.37263],[-75.40481,6.37258],[-75.40482,6.37254],[-75.40484,6.37249],[-75.40485,6.37245],[-75.40487,6.3724],[-75.40489,6.37237],[-75.40491,6.37233],[-75.40494,6.37228],[-75.40496,6.37224],[-75.40499,6.3722],[-75.40501,6.37216],[-75.40503,6.37211],[-75.40505,6.37207],[-75.40506,6.37202],[-75.40509,6.37198],[-75.40511,6.37193],[-75.40515,6.37185],[-75.40527,6.37159],[-75.40525,6.37157],[-75.40522,6.37154],[-75.40519,6.3715],[-75.40516,6.37146],[-75.40513,6.37141],[-75.40511,6.37137],[-75.40509,6.37132],[-75.40507,6.37128],[-75.40505,6.37123],[-75.40503,6.37119],[-75.405,6.37114],[-75.40496,6.37105],[-75.40493,6.37101],[-75.40491,6.37096],[-75.40489,6.37092],[-75.40488,6.37088],[-75.40486,6.37083],[-75.40484,6.37079],[-75.40482,6.37074],[-75.4048,6.37069],[-75.40478,6.37065],[-75.40475,6.37061],[-75.40472,6.37057],[-75.4047,6.37053],[-75.40468,6.37049],[-75.40465,6.37044],[-75.40463,6.37039],[-75.40461,6.37035],[-75.40458,6.37031],[-75.40453,6.37031],[-75.40449,6.37032],[-75.40446,6.37034],[-75.40443,6.37037],[-75.40438,6.37039],[-75.40438,6.37035],[-75.40438,6.37023],[-75.40438,6.37019],[-75.40438,6.37015],[-75.40437,6.37011],[-75.40435,6.37007],[-75.40433,6.37004],[-75.40428,6.36999],[-75.40426,6.36995],[-75.40425,6.36991],[-75.40426,6.36988],[-75.40427,6.36984],[-75.40427,6.3698],[-75.40428,6.36976],[-75.40427,6.36972],[-75.40427,6.36969],[-75.40427,6.36965],[-75.40426,6.3696],[-75.40425,6.36956],[-75.40424,6.36953],[-75.40424,6.36949],[-75.40423,6.36944],[-75.40423,6.3694],[-75.40423,6.36936],[-75.40422,6.36933],[-75.40422,6.36928],[-75.40422,6.36924],[-75.40422,6.36921],[-75.40422,6.36917],[-75.40421,6.36913],[-75.40421,6.3691],[-75.4042,6.36906],[-75.40417,6.36898],[-75.40416,6.36895],[-75.40414,6.36891],[-75.40412,6.36888],[-75.4041,6.36885],[-75.40408,6.36881],[-75.40406,6.36876],[-75.4041,6.36874],[-75.40419,6.36869],[-75.40424,6.36867],[-75.40427,6.36865],[-75.40431,6.36862],[-75.40435,6.36859],[-75.40438,6.36855],[-75.40442,6.36852],[-75.40447,6.36849],[-75.4045,6.36846],[-75.40455,6.36844],[-75.40459,6.36841],[-75.40462,6.36838],[-75.40466,6.36835],[-75.4047,6.36832],[-75.40475,6.36829],[-75.40479,6.36827],[-75.40484,6.36826],[-75.40489,6.36825],[-75.40493,6.36825],[-75.40498,6.36824],[-75.40502,6.36824],[-75.40507,6.36823],[-75.40512,6.36823],[-75.40517,6.36822],[-75.40521,6.36821],[-75.40526,6.36819],[-75.40528,6.36817],[-75.40527,6.36815],[-75.40525,6.36812],[-75.40523,6.36809],[-75.40522,6.36806],[-75.40521,6.36801],[-75.4052,6.36796],[-75.40519,6.36792],[-75.40519,6.36789],[-75.40519,6.36787],[-75.40519,6.36784],[-75.40519,6.3678],[-75.40519,6.36777],[-75.40519,6.36774],[-75.40519,6.3677],[-75.40519,6.36766],[-75.40519,6.36762],[-75.40519,6.36759],[-75.40519,6.36756],[-75.40518,6.36753],[-75.40518,6.3675],[-75.40518,6.36746],[-75.40517,6.36743],[-75.40517,6.3674],[-75.40517,6.36736],[-75.40517,6.36733],[-75.40518,6.3673],[-75.40519,6.36725],[-75.40521,6.36721],[-75.40522,6.36719],[-75.40525,6.36716],[-75.40527,6.36713],[-75.40529,6.36709],[-75.4053,6.36706],[-75.40531,6.36702],[-75.40532,6.36698],[-75.40534,6.36695],[-75.40535,6.3669],[-75.40537,6.36685],[-75.40539,6.36681],[-75.40542,6.36677],[-75.40539,6.36675],[-75.40536,6.36674],[-75.40531,6.36671],[-75.40527,6.36669],[-75.40526,6.36667],[-75.40524,6.36664],[-75.40524,6.36661],[-75.40524,6.36658],[-75.40523,6.36654],[-75.40522,6.3665],[-75.4052,6.36646],[-75.40519,6.36643],[-75.40517,6.3664],[-75.40514,6.36634],[-75.40512,6.36631],[-75.4051,6.36629],[-75.40508,6.36626],[-75.40506,6.36624],[-75.40504,6.36623],[-75.40502,6.36621],[-75.40499,6.3662],[-75.40495,6.36618],[-75.40491,6.36618],[-75.40488,6.36617],[-75.40484,6.36615],[-75.4048,6.36613],[-75.40478,6.36611],[-75.40476,6.36608],[-75.40475,6.36604],[-75.40474,6.366],[-75.40473,6.36597],[-75.40471,6.36594],[-75.4047,6.3659],[-75.40469,6.36586],[-75.40468,6.36582],[-75.40466,6.36578],[-75.40462,6.36574],[-75.40459,6.36571],[-75.40457,6.36569],[-75.40456,6.36567],[-75.40455,6.36564],[-75.40453,6.36561],[-75.40452,6.36558],[-75.4045,6.36554],[-75.40448,6.36551],[-75.40446,6.36547],[-75.40444,6.36543],[-75.4044,6.3654],[-75.40439,6.36538],[-75.40436,6.36535],[-75.40433,6.36532],[-75.40431,6.3653],[-75.40428,6.36526],[-75.40424,6.36523],[-75.40421,6.36521],[-75.40418,6.36519],[-75.40416,6.36517],[-75.40413,6.36515],[-75.4041,6.36514],[-75.40407,6.36512],[-75.40404,6.3651],[-75.40401,6.36509],[-75.40398,6.36509],[-75.40374,6.36456],[-75.40403,6.36434],[-75.40441,6.36405],[-75.40475,6.36367],[-75.40508,6.36333],[-75.40524,6.36312],[-75.40532,6.36296],[-75.40527,6.36286],[-75.40514,6.36275],[-75.40505,6.36264],[-75.40487,6.3625],[-75.40472,6.36235],[-75.4046,6.36223],[-75.40445,6.36211],[-75.40431,6.36198],[-75.40418,6.36187],[-75.40403,6.36175],[-75.40383,6.36157],[-75.40368,6.36145],[-75.40347,6.36123],[-75.40332,6.36101],[-75.40318,6.36081],[-75.40305,6.36062],[-75.40296,6.3605],[-75.40286,6.36039],[-75.40274,6.36028],[-75.4026,6.36017],[-75.40239,6.36],[-75.40216,6.35988],[-75.40197,6.35975],[-75.40168,6.35961],[-75.40147,6.35953],[-75.40125,6.35943],[-75.40099,6.35934],[-75.40076,6.35921],[-75.40051,6.3591],[-75.4003,6.35902],[-75.40004,6.35883],[-75.39986,6.35862],[-75.39981,6.3585],[-75.39981,6.3584],[-75.39984,6.3582],[-75.40001,6.35792],[-75.40022,6.35769],[-75.40063,6.35741],[-75.40107,6.35721],[-75.40145,6.35706],[-75.40172,6.35694],[-75.40187,6.35682],[-75.402,6.35665],[-75.40206,6.35653],[-75.40212,6.35637],[-75.40218,6.35623],[-75.4022,6.35606],[-75.40226,6.3558],[-75.4023,6.35557],[-75.40236,6.35525],[-75.40238,6.355],[-75.40238,6.35486],[-75.40238,6.35473],[-75.40238,6.35456],[-75.40238,6.35439],[-75.40236,6.35431],[-75.40224,6.35408],[-75.40219,6.35394],[-75.40215,6.35382],[-75.40214,6.35368],[-75.40214,6.3535],[-75.40216,6.35329],[-75.4022,6.35315],[-75.40229,6.35291],[-75.40235,6.3528],[-75.40248,6.3526],[-75.4027,6.35241],[-75.40278,6.35235],[-75.40285,6.35232],[-75.40298,6.35226],[-75.40317,6.35218],[-75.40335,6.35213],[-75.40359,6.35206],[-75.40378,6.35201],[-75.40404,6.35193],[-75.40435,6.35182],[-75.40459,6.35171],[-75.40474,6.3516],[-75.40489,6.35147],[-75.40507,6.35136],[-75.40521,6.35125],[-75.40538,6.35114],[-75.40552,6.35106],[-75.40568,6.35099],[-75.4058,6.35092],[-75.40601,6.3508],[-75.40621,6.35067],[-75.40645,6.3505],[-75.40655,6.3504],[-75.40665,6.35027],[-75.40675,6.35012],[-75.40684,6.34998],[-75.4069,6.34975],[-75.40696,6.3496],[-75.40699,6.3494],[-75.407,6.34915],[-75.407,6.34899],[-75.407,6.34871],[-75.40697,6.34842],[-75.40708,6.34844],[-75.40718,6.34847],[-75.40731,6.34854],[-75.40743,6.34863],[-75.40755,6.34871],[-75.4076,6.34874],[-75.40769,6.34877],[-75.40779,6.34881],[-75.40788,6.34884],[-75.40796,6.34887],[-75.40809,6.3489],[-75.40819,6.34892],[-75.40831,6.34895],[-75.40846,6.34897],[-75.40857,6.34896],[-75.40872,6.34898],[-75.40876,6.34894],[-75.40889,6.34897],[-75.40901,6.34897],[-75.40907,6.34898],[-75.40907,6.34904],[-75.4092,6.34905],[-75.40941,6.34905],[-75.40959,6.34907],[-75.40969,6.34909],[-75.40975,6.34913],[-75.40986,6.34919],[-75.41,6.34926],[-75.4101,6.34928],[-75.41021,6.3493],[-75.4104,6.34931],[-75.41054,6.34932],[-75.41068,6.34932],[-75.4108,6.34934],[-75.41089,6.34934],[-75.41103,6.34934],[-75.41112,6.34933],[-75.41122,6.34932],[-75.41127,6.34931],[-75.41138,6.34928],[-75.41145,6.34924],[-75.41153,6.3492],[-75.41165,6.34915],[-75.41176,6.3491],[-75.41183,6.34907],[-75.41192,6.34901],[-75.41202,6.34897],[-75.41208,6.34896],[-75.41214,6.34897],[-75.41219,6.34898],[-75.41225,6.34901],[-75.41235,6.34892],[-75.41242,6.34886],[-75.41245,6.34882],[-75.41253,6.34873],[-75.41261,6.34867],[-75.41266,6.34861],[-75.41275,6.34853],[-75.41283,6.34847],[-75.41294,6.3484],[-75.41306,6.34835],[-75.4131,6.34832],[-75.41315,6.34828],[-75.41326,6.34824],[-75.41336,6.34821],[-75.4135,6.34817],[-75.41363,6.34815],[-75.4138,6.34813],[-75.41389,6.34811],[-75.41404,6.34809],[-75.41412,6.34807],[-75.41421,6.34807],[-75.41429,6.3481],[-75.41436,6.34812],[-75.41446,6.34817],[-75.41459,6.34823],[-75.41471,6.34831],[-75.41481,6.34846],[-75.4149,6.3485],[-75.41497,6.34853],[-75.41506,6.34852],[-75.41515,6.34852],[-75.4153,6.34852],[-75.41543,6.34852],[-75.41552,6.34852],[-75.41554,6.34845],[-75.41558,6.34831],[-75.4156,6.34823],[-75.41563,6.34815],[-75.41567,6.34805],[-75.41569,6.34801],[-75.41574,6.34795],[-75.41577,6.34791],[-75.4158,6.34785],[-75.41585,6.34786],[-75.4159,6.34788],[-75.41596,6.34788],[-75.41599,6.34784],[-75.41604,6.34778],[-75.41607,6.34773],[-75.41609,6.34765],[-75.41613,6.34751],[-75.41613,6.34746],[-75.41612,6.34737],[-75.41611,6.34729],[-75.41613,6.3472],[-75.41614,6.3471],[-75.41615,6.34698],[-75.41623,6.34699],[-75.4163,6.34699],[-75.41629,6.34692],[-75.41628,6.34684],[-75.41626,6.34675],[-75.41624,6.34666],[-75.41623,6.3466],[-75.41621,6.34656],[-75.41618,6.34652],[-75.41611,6.34644],[-75.41605,6.34636],[-75.41599,6.34629],[-75.41593,6.34622],[-75.41591,6.34617],[-75.41589,6.34611],[-75.41587,6.34606],[-75.41588,6.346],[-75.41592,6.34583],[-75.41596,6.34568],[-75.41598,6.34555],[-75.41597,6.34549],[-75.41595,6.34541],[-75.41593,6.34529],[-75.41591,6.34519],[-75.41589,6.34512],[-75.41586,6.34502],[-75.41584,6.34493],[-75.41577,6.3449],[-75.41576,6.34486],[-75.41574,6.34482],[-75.41574,6.34477],[-75.41574,6.34474],[-75.41575,6.3447],[-75.41575,6.34467],[-75.41583,6.34456],[-75.41594,6.34439],[-75.41597,6.34432],[-75.41603,6.34426],[-75.41615,6.34415],[-75.41627,6.34404],[-75.41644,6.34391],[-75.41656,6.34381],[-75.4166,6.34375],[-75.41665,6.34372],[-75.41669,6.34367],[-75.4167,6.34363],[-75.4167,6.34355],[-75.41669,6.34349],[-75.41667,6.34346],[-75.41663,6.34343],[-75.41658,6.3434],[-75.41655,6.34335],[-75.41651,6.34327],[-75.41647,6.34321],[-75.41646,6.34313],[-75.41644,6.34303],[-75.41643,6.34291],[-75.41643,6.34286],[-75.4164,6.34278],[-75.41638,6.34269],[-75.41632,6.34255],[-75.4163,6.34251],[-75.41624,6.34241],[-75.41621,6.34235],[-75.41618,6.34226],[-75.41615,6.34221],[-75.41611,6.34209],[-75.41607,6.34201],[-75.416,6.34187],[-75.41597,6.34183],[-75.41593,6.34176],[-75.41588,6.34167],[-75.41584,6.34157],[-75.41578,6.34144],[-75.41575,6.34139],[-75.41568,6.34129],[-75.41563,6.34123],[-75.4156,6.3412],[-75.41554,6.34115],[-75.41543,6.34108],[-75.41536,6.34105],[-75.41527,6.34101],[-75.41516,6.34097],[-75.41509,6.34092],[-75.41497,6.34083],[-75.41495,6.34078],[-75.41492,6.34072],[-75.41486,6.34061],[-75.41485,6.34049],[-75.41486,6.34042],[-75.41487,6.34032],[-75.4149,6.34015],[-75.41492,6.34004],[-75.41493,6.33994],[-75.41494,6.33982],[-75.41495,6.33979],[-75.41497,6.33969],[-75.41501,6.33959],[-75.41506,6.33945],[-75.41507,6.33938],[-75.41508,6.33923],[-75.41508,6.33907],[-75.41507,6.33895],[-75.41505,6.33879],[-75.41504,6.33867],[-75.41503,6.33852],[-75.41502,6.33834],[-75.415,6.33822],[-75.41495,6.33807],[-75.41493,6.33802],[-75.41487,6.33791],[-75.41484,6.33781],[-75.41481,6.33774],[-75.41478,6.33769],[-75.41476,6.33766],[-75.41477,6.33764],[-75.41479,6.33761],[-75.41482,6.33757],[-75.41486,6.33754],[-75.41496,6.33746],[-75.41499,6.33743],[-75.41505,6.33734],[-75.4151,6.33729],[-75.41516,6.33723],[-75.41524,6.3372],[-75.41534,6.33714],[-75.41546,6.33711],[-75.41561,6.33714],[-75.41584,6.33718],[-75.4159,6.33721],[-75.41593,6.33722],[-75.41613,6.33735],[-75.41636,6.33745],[-75.41647,6.33747],[-75.41667,6.33747],[-75.41679,6.33738],[-75.417,6.33725],[-75.41715,6.33713],[-75.41721,6.33708],[-75.41726,6.33702],[-75.4173,6.33697],[-75.41733,6.33688],[-75.41737,6.33678],[-75.41741,6.33669],[-75.41743,6.33663],[-75.41745,6.33654],[-75.41748,6.33646],[-75.41752,6.33639],[-75.41757,6.33633],[-75.4176,6.33629],[-75.41765,6.33623],[-75.41769,6.33617],[-75.41771,6.3361],[-75.41776,6.33601],[-75.41779,6.33595],[-75.41782,6.33583],[-75.41785,6.33575],[-75.4178,6.33562],[-75.41776,6.33552],[-75.41775,6.33547],[-75.41775,6.33537],[-75.41776,6.33529],[-75.41778,6.3352],[-75.41779,6.33515],[-75.41784,6.33503],[-75.41787,6.33494],[-75.4179,6.33485],[-75.41802,6.33494],[-75.41806,6.33487],[-75.41811,6.3348],[-75.41816,6.33471],[-75.41822,6.33464],[-75.41835,6.33454],[-75.41848,6.33444],[-75.41856,6.3344],[-75.41864,6.33436],[-75.41869,6.33433],[-75.41884,6.33433],[-75.41897,6.33428],[-75.4191,6.33421],[-75.4193,6.33411],[-75.41946,6.33405],[-75.41963,6.33402],[-75.41974,6.33395],[-75.41989,6.33401],[-75.42014,6.33411],[-75.42046,6.33422],[-75.42081,6.33433],[-75.42094,6.3341],[-75.42108,6.33373],[-75.4213,6.33329],[-75.42147,6.33292],[-75.42163,6.33289],[-75.42186,6.33286],[-75.4221,6.33283],[-75.42234,6.33278],[-75.42256,6.33275],[-75.42276,6.33273],[-75.42295,6.33272],[-75.42305,6.33272],[-75.42305,6.33268],[-75.42306,6.3326],[-75.42308,6.33243],[-75.42311,6.33226],[-75.42314,6.33212],[-75.4232,6.33195],[-75.4233,6.33178],[-75.42338,6.33166],[-75.4234,6.33157],[-75.42339,6.33143],[-75.4234,6.33126],[-75.42346,6.33112],[-75.42357,6.33093],[-75.42363,6.33076],[-75.42362,6.33061],[-75.42359,6.3305],[-75.42351,6.33037],[-75.42343,6.33028],[-75.42336,6.33019],[-75.42331,6.3301],[-75.42331,6.33],[-75.42332,6.32989],[-75.42346,6.32982],[-75.42361,6.32976],[-75.42361,6.32973],[-75.4236,6.32966],[-75.42358,6.32958],[-75.42355,6.32946],[-75.42354,6.3294],[-75.42354,6.32933],[-75.42355,6.32927],[-75.42357,6.32917],[-75.42357,6.32906],[-75.42354,6.32897],[-75.4236,6.32896],[-75.42356,6.32883],[-75.42353,6.32875],[-75.4235,6.32864],[-75.42347,6.32856],[-75.42343,6.32848],[-75.4234,6.32843],[-75.42329,6.32824],[-75.42323,6.32812],[-75.42319,6.32799],[-75.42317,6.3279],[-75.42317,6.32774],[-75.42314,6.3276],[-75.42311,6.32739],[-75.42312,6.32721],[-75.42312,6.32699],[-75.42313,6.32679],[-75.42313,6.3266],[-75.42312,6.3265],[-75.42312,6.32639],[-75.4231,6.32631],[-75.42301,6.32632],[-75.42291,6.32635],[-75.42272,6.32636],[-75.42261,6.32632],[-75.42229,6.32629],[-75.42199,6.32624],[-75.42178,6.32619],[-75.4215,6.32608],[-75.42139,6.32602],[-75.42128,6.32599],[-75.42124,6.32582],[-75.42121,6.32567],[-75.42124,6.32549],[-75.42135,6.32532],[-75.42135,6.32517],[-75.42125,6.32496],[-75.421,6.32479],[-75.42087,6.32462],[-75.42087,6.32459],[-75.42088,6.3245],[-75.42088,6.32444],[-75.42085,6.32434],[-75.42083,6.32405],[-75.42079,6.32379],[-75.42086,6.32366],[-75.42095,6.3236],[-75.42107,6.32349],[-75.42115,6.32337],[-75.4212,6.32319],[-75.4212,6.32305],[-75.4212,6.32291],[-75.42127,6.32283],[-75.42151,6.32265],[-75.42184,6.3224],[-75.42193,6.32228],[-75.42202,6.32213],[-75.42199,6.32192],[-75.42195,6.3217],[-75.42191,6.32152],[-75.42183,6.32132],[-75.42186,6.3212],[-75.42197,6.32112],[-75.42215,6.321],[-75.42219,6.32091],[-75.42225,6.32081],[-75.42239,6.32074],[-75.42247,6.32067],[-75.42247,6.32057],[-75.42246,6.32038],[-75.42245,6.32008],[-75.42251,6.31997],[-75.42261,6.31989],[-75.42274,6.31979],[-75.42289,6.31971],[-75.42298,6.31956],[-75.42303,6.31939],[-75.4233,6.31911],[-75.4236,6.31882],[-75.42385,6.31873],[-75.4238,6.31851],[-75.42379,6.31839],[-75.42378,6.31825],[-75.42378,6.31812],[-75.42379,6.31799],[-75.42384,6.31793],[-75.4239,6.31793],[-75.42392,6.31789],[-75.42395,6.31782],[-75.42397,6.31774],[-75.42399,6.31769],[-75.42405,6.31762],[-75.42408,6.31758],[-75.42413,6.31752],[-75.42417,6.31747],[-75.42424,6.31737],[-75.42429,6.3173],[-75.4243,6.31724],[-75.42431,6.31714],[-75.42432,6.31696],[-75.42435,6.31671],[-75.42433,6.31652],[-75.42431,6.31646],[-75.42428,6.31639],[-75.42424,6.31634],[-75.42419,6.31628],[-75.42408,6.31612],[-75.42398,6.31599],[-75.42394,6.31595],[-75.42397,6.31586],[-75.42398,6.31579],[-75.42401,6.31578],[-75.42405,6.31573],[-75.42413,6.31562],[-75.42419,6.31554],[-75.42423,6.31544],[-75.4243,6.31536],[-75.42436,6.31532],[-75.42442,6.31529],[-75.42451,6.31525],[-75.42461,6.3152],[-75.42469,6.31517],[-75.42477,6.31513],[-75.42483,6.31514],[-75.42491,6.31516],[-75.42501,6.31519],[-75.42511,6.31523],[-75.42518,6.31524],[-75.42527,6.31525],[-75.42541,6.31524],[-75.4255,6.31523],[-75.42558,6.31524],[-75.42567,6.31526],[-75.4258,6.31529],[-75.42588,6.31531],[-75.42599,6.31536],[-75.42612,6.31541],[-75.42624,6.31546],[-75.42638,6.31552],[-75.42643,6.31555],[-75.42656,6.31562],[-75.42664,6.31569],[-75.42669,6.31574],[-75.42674,6.31583],[-75.4268,6.31593],[-75.42685,6.31597],[-75.42693,6.31601],[-75.42699,6.31604],[-75.42709,6.31608],[-75.42724,6.31612],[-75.4274,6.31617],[-75.42755,6.31622],[-75.42772,6.31626],[-75.42789,6.31631],[-75.42794,6.31632],[-75.42804,6.31634],[-75.42814,6.31636],[-75.42819,6.31638],[-75.42828,6.3164],[-75.42837,6.31643],[-75.4285,6.31648],[-75.4286,6.31651],[-75.42866,6.31653],[-75.4287,6.31656],[-75.42875,6.31661],[-75.42878,6.31666],[-75.42882,6.31671],[-75.42887,6.31674],[-75.42891,6.31675],[-75.42895,6.31675],[-75.42902,6.31673],[-75.42911,6.3167],[-75.42918,6.31667],[-75.42923,6.31666],[-75.42927,6.31668],[-75.42933,6.31672],[-75.42937,6.31676],[-75.42949,6.31684],[-75.42953,6.31687],[-75.42962,6.31691],[-75.42972,6.31693],[-75.42983,6.31694],[-75.42988,6.31694],[-75.42995,6.31693],[-75.43007,6.31691],[-75.43016,6.31689],[-75.43024,6.31687],[-75.4303,6.31686],[-75.43038,6.31683],[-75.43041,6.31682],[-75.43046,6.31681],[-75.43058,6.31679],[-75.43065,6.31678],[-75.43069,6.31679],[-75.43077,6.31681],[-75.43083,6.31681],[-75.4309,6.3168],[-75.43096,6.31677],[-75.43101,6.31675],[-75.43106,6.31671],[-75.43113,6.31665],[-75.4312,6.3166],[-75.43126,6.31656],[-75.43132,6.31654],[-75.4314,6.31652],[-75.43151,6.31648],[-75.43163,6.31644],[-75.4317,6.31642],[-75.43182,6.31643],[-75.43184,6.31649],[-75.43189,6.31655],[-75.43196,6.31665],[-75.43201,6.31673],[-75.43208,6.31682],[-75.43218,6.31696],[-75.43223,6.31705],[-75.43228,6.31712],[-75.43231,6.31716],[-75.43234,6.31719],[-75.43235,6.31728],[-75.43237,6.31734],[-75.43237,6.3174],[-75.43238,6.31746],[-75.43239,6.31752],[-75.43242,6.31761],[-75.43247,6.31775],[-75.43255,6.31795],[-75.43259,6.31804],[-75.43262,6.31813],[-75.43264,6.3182],[-75.43265,6.31824],[-75.43266,6.31829],[-75.43268,6.31842],[-75.4327,6.31849],[-75.43271,6.31853],[-75.43272,6.31857],[-75.43277,6.31867],[-75.43281,6.31872],[-75.43288,6.31881],[-75.43294,6.31889],[-75.43296,6.31896],[-75.43297,6.31902],[-75.43297,6.31908],[-75.43299,6.31916],[-75.433,6.31922],[-75.43301,6.31929],[-75.43302,6.31963],[-75.43306,6.31969],[-75.43314,6.31977],[-75.43326,6.31987],[-75.43332,6.31993],[-75.43342,6.31998],[-75.43354,6.32002],[-75.43364,6.32005],[-75.43373,6.32006],[-75.43379,6.32005],[-75.43386,6.32006],[-75.43396,6.32007],[-75.43402,6.32007],[-75.43413,6.32006],[-75.43419,6.32007],[-75.43424,6.32009],[-75.43429,6.32012],[-75.43435,6.32018],[-75.43441,6.32026],[-75.43448,6.32036],[-75.43456,6.32045],[-75.43463,6.32053],[-75.4347,6.32059],[-75.43482,6.32068],[-75.43493,6.32075],[-75.43504,6.32081],[-75.43512,6.32087],[-75.43514,6.3209],[-75.43516,6.32096],[-75.4352,6.32106],[-75.43527,6.32118],[-75.43534,6.32128],[-75.43546,6.32142],[-75.43553,6.32152],[-75.43562,6.32162],[-75.4357,6.32171],[-75.43576,6.32175],[-75.43586,6.32177],[-75.43594,6.32179],[-75.43601,6.32181],[-75.43612,6.32183],[-75.4362,6.32185],[-75.43631,6.32186],[-75.43638,6.32186],[-75.43646,6.32186],[-75.43655,6.32185],[-75.43659,6.32183],[-75.43663,6.32181],[-75.4367,6.32178],[-75.43675,6.32175],[-75.43681,6.32172],[-75.43688,6.32169],[-75.43696,6.32164],[-75.43704,6.32161],[-75.43712,6.3216],[-75.43718,6.32161],[-75.43727,6.32165],[-75.43732,6.32167],[-75.43739,6.32171],[-75.43745,6.32173],[-75.43749,6.32173],[-75.43757,6.32174],[-75.43764,6.32174],[-75.43769,6.32174],[-75.43777,6.32175],[-75.43783,6.32175],[-75.43789,6.32176],[-75.43794,6.32177],[-75.43802,6.32178],[-75.43811,6.32179],[-75.43817,6.32181],[-75.43821,6.32181],[-75.43824,6.32182],[-75.43827,6.32183],[-75.43831,6.32187],[-75.43837,6.32191],[-75.43846,6.32197],[-75.43851,6.32201],[-75.43856,6.32204],[-75.43861,6.32208],[-75.43866,6.32212],[-75.43871,6.32218],[-75.43875,6.32222],[-75.43879,6.32226],[-75.43885,6.32231],[-75.43892,6.32235],[-75.43898,6.3224],[-75.43903,6.32245],[-75.43909,6.32251],[-75.43913,6.32255],[-75.43917,6.32258],[-75.43924,6.32262],[-75.43929,6.32265],[-75.43936,6.32269],[-75.43941,6.3227],[-75.43946,6.32271],[-75.43953,6.32271],[-75.43962,6.32272],[-75.43972,6.32275],[-75.43977,6.32277],[-75.43981,6.32278],[-75.43988,6.32281],[-75.43994,6.32285],[-75.44,6.32291],[-75.44006,6.32296],[-75.44011,6.32298],[-75.44018,6.323],[-75.44024,6.323],[-75.44032,6.323],[-75.44038,6.32298],[-75.44042,6.32297],[-75.44049,6.32294],[-75.44057,6.3229],[-75.44063,6.32287],[-75.44067,6.32287],[-75.44075,6.32288],[-75.44081,6.32288],[-75.44088,6.32288],[-75.44094,6.32288],[-75.44101,6.32286],[-75.44109,6.32283],[-75.44117,6.3228],[-75.44122,6.32279],[-75.44126,6.32278],[-75.44129,6.32278],[-75.44136,6.32279],[-75.44142,6.3228],[-75.44146,6.32277],[-75.4415,6.32281],[-75.44156,6.32284],[-75.44162,6.32287],[-75.44174,6.32293],[-75.44182,6.32296],[-75.44191,6.32299],[-75.44201,6.323],[-75.44204,6.32302],[-75.44215,6.32301],[-75.44226,6.323],[-75.44238,6.32298],[-75.44252,6.32297],[-75.44267,6.32296],[-75.44281,6.32297],[-75.44287,6.32299],[-75.44293,6.32302],[-75.44298,6.32306],[-75.44303,6.32306],[-75.44306,6.32309],[-75.44312,6.32312],[-75.44321,6.32319],[-75.44337,6.32336],[-75.44352,6.32353],[-75.44369,6.3237],[-75.44378,6.32373],[-75.44386,6.32384],[-75.44399,6.32405],[-75.44413,6.32428],[-75.44425,6.32451],[-75.44428,6.32461],[-75.44428,6.32477],[-75.44429,6.32486],[-75.44436,6.32501],[-75.44444,6.32514],[-75.44454,6.32528],[-75.4446,6.32536],[-75.44466,6.32545],[-75.44471,6.32552],[-75.44477,6.32561],[-75.44482,6.32568],[-75.44488,6.32575],[-75.4449,6.3258],[-75.44494,6.32588],[-75.44499,6.32596],[-75.44505,6.32604],[-75.44511,6.32612],[-75.4452,6.32625],[-75.44526,6.32632],[-75.44532,6.32642],[-75.44538,6.32649],[-75.44544,6.32656],[-75.4455,6.32665],[-75.44554,6.32671],[-75.44558,6.32675],[-75.44562,6.32681],[-75.44566,6.32687],[-75.4457,6.32695],[-75.44573,6.32701],[-75.44577,6.32704],[-75.44581,6.32706],[-75.44586,6.32707],[-75.4459,6.32709],[-75.44593,6.32711],[-75.44596,6.32715],[-75.44599,6.32721],[-75.44603,6.32727],[-75.44608,6.32734],[-75.44613,6.32739],[-75.44619,6.32749],[-75.44622,6.32754],[-75.44626,6.32762],[-75.4463,6.32769],[-75.44635,6.32777],[-75.44637,6.32781],[-75.4464,6.32786],[-75.44642,6.3279],[-75.44646,6.32795],[-75.44649,6.328],[-75.44652,6.32804],[-75.44658,6.32812],[-75.44663,6.32817],[-75.44671,6.32825],[-75.44679,6.32833],[-75.44687,6.32839],[-75.44696,6.32846],[-75.44703,6.32852],[-75.44713,6.32861],[-75.44717,6.32863],[-75.44724,6.32871],[-75.44726,6.32873],[-75.44734,6.32876],[-75.44744,6.3288],[-75.44757,6.32883],[-75.44767,6.3289],[-75.44777,6.32898],[-75.44786,6.32906],[-75.44792,6.32914],[-75.44797,6.32925],[-75.44801,6.32935],[-75.44805,6.32948],[-75.44808,6.32957],[-75.44814,6.32967],[-75.4482,6.32978],[-75.44824,6.32983],[-75.44831,6.3299],[-75.44837,6.32996],[-75.4484,6.32999],[-75.44847,6.33008],[-75.44853,6.33016],[-75.44858,6.33023],[-75.44862,6.33028],[-75.44863,6.33032],[-75.44864,6.33041],[-75.44865,6.33054],[-75.44867,6.33059],[-75.44867,6.33066],[-75.44868,6.33076],[-75.44869,6.33086],[-75.44871,6.33093],[-75.44872,6.33097],[-75.44874,6.33099],[-75.44882,6.33106],[-75.4489,6.33115],[-75.44894,6.33122],[-75.44895,6.33129],[-75.44896,6.33134],[-75.44898,6.3314],[-75.44903,6.33148],[-75.44909,6.33155],[-75.44911,6.33161],[-75.44912,6.33166],[-75.44913,6.33173],[-75.44915,6.33179],[-75.44919,6.3319],[-75.44921,6.33203],[-75.44922,6.33216],[-75.44924,6.33227],[-75.44926,6.33241],[-75.4493,6.33267],[-75.44932,6.33286],[-75.44938,6.33312],[-75.44941,6.33329],[-75.44946,6.33348],[-75.44951,6.33372],[-75.44955,6.33387],[-75.44957,6.33411],[-75.4496,6.33433],[-75.4497,6.33435],[-75.44983,6.33439],[-75.44999,6.33443],[-75.45015,6.33447],[-75.4503,6.3345],[-75.45044,6.33453],[-75.45055,6.33457],[-75.45064,6.33465],[-75.45077,6.33475],[-75.45099,6.33492],[-75.45114,6.33503],[-75.45123,6.33509],[-75.45132,6.33509],[-75.45147,6.33511],[-75.45165,6.33511],[-75.45183,6.33511],[-75.45208,6.33508],[-75.4524,6.33507],[-75.4526,6.33508],[-75.45285,6.33512],[-75.45309,6.33519],[-75.45347,6.33532],[-75.45365,6.33537],[-75.45383,6.33544],[-75.45396,6.33546],[-75.45415,6.33546],[-75.45433,6.33544],[-75.45456,6.33542],[-75.45472,6.33541],[-75.45495,6.33541],[-75.45516,6.33539],[-75.45543,6.33538],[-75.45572,6.33538],[-75.45606,6.33538],[-75.45652,6.33538],[-75.45701,6.33545],[-75.45755,6.33556],[-75.45789,6.33566],[-75.45819,6.33574],[-75.4586,6.33582],[-75.45878,6.33584],[-75.45896,6.33584],[-75.45918,6.33584],[-75.45943,6.33585],[-75.45964,6.33595],[-75.45992,6.33618],[-75.46019,6.33639],[-75.4604,6.33651],[-75.46057,6.33658],[-75.4607,6.33662],[-75.46087,6.33671],[-75.46103,6.33687],[-75.46117,6.33713],[-75.46126,6.33742],[-75.46132,6.33764],[-75.4614,6.33784],[-75.4615,6.33803],[-75.46163,6.3382],[-75.46176,6.33837],[-75.46197,6.33861],[-75.46218,6.33876],[-75.46237,6.33887],[-75.46248,6.33898],[-75.46258,6.33915],[-75.46265,6.33944],[-75.46267,6.33961],[-75.46267,6.3398],[-75.46267,6.34004],[-75.46271,6.34032],[-75.4628,6.34061],[-75.46296,6.34101],[-75.46316,6.3414],[-75.4633,6.3417],[-75.46352,6.342],[-75.46366,6.34224],[-75.46383,6.34247],[-75.46394,6.34258],[-75.4641,6.34266],[-75.46428,6.34272],[-75.46449,6.34276],[-75.46472,6.34282],[-75.46494,6.34291],[-75.46513,6.343],[-75.46534,6.34315],[-75.46551,6.34325],[-75.46562,6.34334],[-75.46576,6.34347],[-75.46585,6.34359],[-75.46596,6.34374],[-75.46604,6.34386],[-75.46615,6.344],[-75.46623,6.34411],[-75.46632,6.34426],[-75.46642,6.34437],[-75.46657,6.34448],[-75.46675,6.3446],[-75.46684,6.34467],[-75.467,6.34477],[-75.46716,6.34489],[-75.46735,6.34501],[-75.46748,6.3451],[-75.46756,6.34518],[-75.46771,6.34531],[-75.46784,6.34542],[-75.46805,6.34566],[-75.46815,6.34575],[-75.46826,6.34584],[-75.46836,6.3459],[-75.4685,6.346],[-75.46868,6.34611],[-75.46883,6.34621],[-75.46897,6.3463],[-75.46912,6.34639],[-75.46929,6.3465],[-75.46944,6.34657],[-75.46958,6.34663],[-75.4699,6.3467],[-75.47005,6.34671],[-75.47023,6.34676],[-75.47043,6.34678],[-75.47063,6.34679],[-75.47091,6.34687],[-75.47108,6.3469],[-75.47142,6.34696],[-75.47169,6.34708],[-75.47209,6.34729],[-75.47247,6.34759],[-75.47278,6.3479],[-75.47304,6.34816],[-75.47321,6.34833],[-75.47339,6.34858],[-75.47373,6.34908],[-75.47401,6.34954],[-75.47409,6.34972],[-75.4742,6.34988],[-75.47434,6.35],[-75.47452,6.35015],[-75.47464,6.35027],[-75.47475,6.35044],[-75.47479,6.3506],[-75.47479,6.35072],[-75.47479,6.35085],[-75.47479,6.35093],[-75.4748,6.35105],[-75.47485,6.35117],[-75.47492,6.35128],[-75.475,6.35141],[-75.47509,6.35154],[-75.47517,6.35163],[-75.47526,6.35181],[-75.4753,6.35199],[-75.47535,6.35218],[-75.47547,6.35242],[-75.47558,6.35259],[-75.47573,6.35275],[-75.4759,6.3529],[-75.47607,6.35303],[-75.47624,6.35324],[-75.4764,6.35341],[-75.4765,6.35358],[-75.47666,6.35376],[-75.47685,6.35389],[-75.47713,6.35402],[-75.4774,6.3541],[-75.47778,6.35422],[-75.47822,6.35431],[-75.47855,6.35438],[-75.4787,6.35442],[-75.47889,6.3545],[-75.47912,6.35467],[-75.47922,6.3548],[-75.47938,6.35504],[-75.47947,6.35525],[-75.47953,6.35553],[-75.47956,6.35568],[-75.47963,6.35586],[-75.47972,6.35605],[-75.47982,6.35625],[-75.47994,6.35644],[-75.48008,6.35662],[-75.4802,6.3568],[-75.48034,6.35704],[-75.48045,6.35727],[-75.48059,6.35764],[-75.48062,6.3579],[-75.48063,6.35834],[-75.48064,6.35866],[-75.48063,6.35928],[-75.48067,6.35956],[-75.48069,6.35985],[-75.48077,6.36012],[-75.48088,6.36043],[-75.48102,6.36067],[-75.4812,6.36098],[-75.48135,6.36126],[-75.48146,6.36159],[-75.48149,6.36192],[-75.48149,6.3622],[-75.48149,6.36264],[-75.48157,6.36297],[-75.48167,6.36342],[-75.48181,6.36386],[-75.48196,6.36422],[-75.48212,6.3646],[-75.4822,6.3648],[-75.48225,6.36493],[-75.4823,6.36508],[-75.48236,6.36528],[-75.48239,6.36544],[-75.48243,6.36564],[-75.48245,6.36589],[-75.48248,6.36615],[-75.48254,6.36646],[-75.48256,6.36665],[-75.48259,6.3668],[-75.48263,6.36706],[-75.4827,6.36737],[-75.48276,6.36769],[-75.48282,6.36803],[-75.48288,6.36831],[-75.483,6.36862],[-75.48312,6.36888],[-75.4833,6.36916],[-75.48342,6.36936],[-75.48358,6.36958],[-75.48367,6.36969],[-75.48383,6.36986],[-75.48407,6.37002],[-75.48421,6.37014],[-75.48434,6.37025],[-75.48452,6.37042],[-75.48459,6.37057],[-75.48472,6.37083],[-75.48483,6.37118],[-75.48497,6.37147],[-75.48516,6.37174],[-75.4854,6.37196],[-75.48573,6.3721],[-75.48593,6.37214],[-75.48611,6.3722],[-75.48627,6.37229],[-75.48645,6.37239],[-75.48666,6.37253],[-75.48689,6.3727],[-75.48701,6.37283],[-75.48711,6.37296],[-75.48711,6.37304],[-75.48705,6.3731],[-75.4867,6.37322],[-75.48635,6.37331],[-75.48602,6.37344],[-75.4858,6.37352],[-75.4855,6.37362],[-75.48527,6.37374],[-75.485,6.37393],[-75.48473,6.3741],[-75.48441,6.3743],[-75.48409,6.37454],[-75.48381,6.37476],[-75.48361,6.37492],[-75.48348,6.37502],[-75.48331,6.37515],[-75.48315,6.37533],[-75.48301,6.37546],[-75.48295,6.37557],[-75.48291,6.37567],[-75.48288,6.37572],[-75.48285,6.37581],[-75.48279,6.37587],[-75.48271,6.37593],[-75.48257,6.37599],[-75.48231,6.37605],[-75.48204,6.37615],[-75.48173,6.37627],[-75.48145,6.37641],[-75.48125,6.37652],[-75.48109,6.3766],[-75.481,6.37666],[-75.48088,6.37673],[-75.48074,6.37678],[-75.4806,6.37682],[-75.48046,6.37682],[-75.48027,6.3768],[-75.48009,6.37674],[-75.47959,6.37642],[-75.47912,6.37602],[-75.47872,6.37565],[-75.47842,6.37541],[-75.47824,6.37527],[-75.47814,6.37521],[-75.47797,6.37516],[-75.47782,6.37515],[-75.47767,6.37515],[-75.47755,6.37519],[-75.47744,6.37527],[-75.47729,6.37539],[-75.47711,6.37557],[-75.47701,6.37566],[-75.47694,6.37573],[-75.47687,6.37579],[-75.47672,6.37584],[-75.47647,6.37584],[-75.47607,6.37584],[-75.47574,6.37585],[-75.4754,6.37587],[-75.47502,6.37592],[-75.4746,6.37601],[-75.47438,6.37605],[-75.47416,6.37606],[-75.47391,6.37609],[-75.47368,6.37609],[-75.47352,6.37609],[-75.4738,6.37639],[-75.47411,6.37665],[-75.47449,6.37682],[-75.47473,6.37694],[-75.47511,6.37727],[-75.47539,6.3776],[-75.47552,6.37778],[-75.47573,6.3779],[-75.47596,6.37799],[-75.47626,6.37802],[-75.47649,6.37803],[-75.47675,6.37808],[-75.47699,6.37815],[-75.47715,6.37823],[-75.47727,6.37833],[-75.47738,6.37847],[-75.47747,6.3786],[-75.47754,6.37872],[-75.47765,6.37883],[-75.47775,6.37891],[-75.47788,6.37899],[-75.47806,6.37909],[-75.47815,6.37915],[-75.47836,6.37919],[-75.4786,6.37918],[-75.47881,6.37917],[-75.47898,6.37916],[-75.4791,6.37916],[-75.47923,6.37919],[-75.47935,6.37933],[-75.47957,6.37953],[-75.47979,6.37977],[-75.47988,6.37986],[-75.48004,6.37995],[-75.48022,6.38003],[-75.48037,6.38009],[-75.48049,6.38017],[-75.48072,6.38034],[-75.48092,6.3805],[-75.48104,6.3806],[-75.48112,6.38076],[-75.48117,6.38092],[-75.48126,6.38112],[-75.4813,6.38132],[-75.4813,6.38152],[-75.48129,6.38184],[-75.48123,6.38212],[-75.48121,6.38231],[-75.48122,6.38243],[-75.48125,6.38255],[-75.48128,6.38263],[-75.48132,6.38267],[-75.48137,6.38272],[-75.48146,6.38277],[-75.48154,6.3828],[-75.48166,6.38282],[-75.48177,6.38285],[-75.48184,6.38291],[-75.4819,6.38298],[-75.48195,6.38306],[-75.48199,6.38317],[-75.48201,6.38336],[-75.48198,6.38379],[-75.48198,6.38391],[-75.482,6.38403],[-75.48207,6.38415],[-75.48219,6.38422],[-75.48229,6.38429],[-75.48251,6.38437],[-75.48271,6.38445],[-75.48287,6.3845],[-75.48295,6.38457],[-75.48312,6.38471],[-75.48323,6.38488],[-75.48329,6.38502],[-75.48331,6.38512],[-75.48353,6.38546],[-75.48381,6.38596],[-75.48403,6.38616],[-75.48427,6.38633],[-75.48442,6.38651],[-75.48451,6.38666],[-75.48463,6.38684],[-75.48467,6.38701],[-75.48466,6.38723],[-75.48459,6.38763],[-75.48455,6.38789],[-75.48456,6.38805],[-75.48463,6.38824],[-75.48473,6.38844],[-75.48488,6.3886],[-75.48503,6.38879],[-75.48507,6.38893],[-75.48512,6.38914],[-75.48512,6.38938],[-75.48517,6.38953],[-75.48529,6.38981],[-75.48542,6.39004],[-75.48554,6.3902],[-75.48564,6.39028],[-75.48585,6.39034],[-75.48612,6.39036],[-75.48644,6.39035],[-75.48654,6.3904],[-75.48677,6.39054],[-75.48702,6.39073],[-75.48715,6.39084],[-75.48727,6.39092],[-75.48737,6.39099],[-75.48751,6.391],[-75.48759,6.39107],[-75.48767,6.39118],[-75.48777,6.39128],[-75.48784,6.39139],[-75.48789,6.39149],[-75.48794,6.39172],[-75.48794,6.39188],[-75.48791,6.39219],[-75.48791,6.39242],[-75.48791,6.39246],[-75.48794,6.39254],[-75.48799,6.39263],[-75.48808,6.3927],[-75.48814,6.39276],[-75.48819,6.3928],[-75.48824,6.39285],[-75.48828,6.39294],[-75.48831,6.39301],[-75.48834,6.39309],[-75.48835,6.3933],[-75.48831,6.39364],[-75.48831,6.39378],[-75.48831,6.39386],[-75.48833,6.39393],[-75.48837,6.39398],[-75.48845,6.39404],[-75.48855,6.3941],[-75.48861,6.39411],[-75.48867,6.39413],[-75.48874,6.39419],[-75.48879,6.39424],[-75.48885,6.39431],[-75.48889,6.39439],[-75.48891,6.39448],[-75.48891,6.39458],[-75.48888,6.39465],[-75.48883,6.39485],[-75.4888,6.39505],[-75.48875,6.39538],[-75.4887,6.39557],[-75.48864,6.39573],[-75.48864,6.3958],[-75.48864,6.3959],[-75.48865,6.39596],[-75.48869,6.39603],[-75.48872,6.3961],[-75.48878,6.39619],[-75.48885,6.39626],[-75.48894,6.3963],[-75.48905,6.39634],[-75.48914,6.39639],[-75.4892,6.39644],[-75.4893,6.39657],[-75.48937,6.39672],[-75.48937,6.39688],[-75.48943,6.39717],[-75.48945,6.39735],[-75.48944,6.3976],[-75.48943,6.39779],[-75.48939,6.39793],[-75.48928,6.39809],[-75.48922,6.3982],[-75.48917,6.39831],[-75.48915,6.39846],[-75.48918,6.39882],[-75.48927,6.3993],[-75.48941,6.3997],[-75.48957,6.4001],[-75.48961,6.40029],[-75.48965,6.40044],[-75.48965,6.4006],[-75.48965,6.4007],[-75.48962,6.40081],[-75.48958,6.40091],[-75.48946,6.40111],[-75.48922,6.40151],[-75.4891,6.40173],[-75.48905,6.40189],[-75.48899,6.4021],[-75.48898,6.40229],[-75.48893,6.40245],[-75.48886,6.40257],[-75.48873,6.40273],[-75.48863,6.40292],[-75.48846,6.40342],[-75.48837,6.40371],[-75.48824,6.40397],[-75.48815,6.40414],[-75.48807,6.40443],[-75.48803,6.40473],[-75.48805,6.40487],[-75.4881,6.40499],[-75.48818,6.40511],[-75.48828,6.40522],[-75.48833,6.40528],[-75.48837,6.40539],[-75.48836,6.40559],[-75.48834,6.4057],[-75.48831,6.40577],[-75.48826,6.40584],[-75.48828,6.40592],[-75.48834,6.406],[-75.4885,6.40618],[-75.48857,6.40631],[-75.4886,6.40655],[-75.48861,6.40671],[-75.48861,6.40693],[-75.48862,6.4071],[-75.48866,6.40728],[-75.48875,6.40744],[-75.48887,6.40765],[-75.48893,6.40776],[-75.48898,6.4079],[-75.48902,6.40803],[-75.48905,6.40815],[-75.48908,6.40826],[-75.4891,6.40839],[-75.48911,6.40848],[-75.4891,6.40857],[-75.48907,6.40863],[-75.48902,6.4087],[-75.48891,6.40879],[-75.48886,6.40886],[-75.48882,6.40892],[-75.4888,6.40899],[-75.4888,6.4091],[-75.48884,6.40923],[-75.4889,6.4094],[-75.48895,6.40954],[-75.489,6.40971],[-75.48905,6.40986],[-75.4891,6.41005],[-75.48912,6.41019],[-75.48913,6.41049],[-75.48913,6.4107],[-75.4891,6.41087],[-75.48906,6.41101],[-75.48898,6.41124],[-75.48893,6.41151],[-75.48889,6.41172],[-75.48887,6.41207],[-75.48885,6.41239],[-75.48887,6.41276],[-75.48887,6.41298],[-75.48885,6.41319],[-75.48878,6.41345],[-75.48875,6.41369],[-75.48875,6.41393],[-75.48879,6.4142],[-75.4888,6.41438],[-75.48885,6.41459],[-75.48893,6.41487],[-75.48903,6.41512],[-75.48912,6.4153],[-75.48934,6.41559],[-75.48962,6.4159],[-75.48984,6.41618],[-75.49,6.41632],[-75.49007,6.41646],[-75.49015,6.41699],[-75.49025,6.41777],[-75.49034,6.41815],[-75.49047,6.41858],[-75.49061,6.41893],[-75.49078,6.41934],[-75.4909,6.41965],[-75.49097,6.42009],[-75.49107,6.42074],[-75.49115,6.42133],[-75.49118,6.4216],[-75.49117,6.42177],[-75.49113,6.42196],[-75.49104,6.42214],[-75.49086,6.42228],[-75.49059,6.42253],[-75.49055,6.42256],[-75.49055,6.42282],[-75.49051,6.42364],[-75.49045,6.42396],[-75.4903,6.42437],[-75.49015,6.42464],[-75.48997,6.42484],[-75.48919,6.42539],[-75.48895,6.4256],[-75.48887,6.4257],[-75.4888,6.4258],[-75.4887,6.42609],[-75.48864,6.42635],[-75.48862,6.42653],[-75.4886,6.42725],[-75.48857,6.42785],[-75.48845,6.42918],[-75.48833,6.43038],[-75.48688,6.43049],[-75.48685,6.43049],[-75.48494,6.43041],[-75.48242,6.42988],[-75.48201,6.42989],[-75.48196,6.42989],[-75.48191,6.4299],[-75.48181,6.42997],[-75.48165,6.43006],[-75.4815,6.43016],[-75.48129,6.43029],[-75.48105,6.43038],[-75.48082,6.43042],[-75.4806,6.43043],[-75.48037,6.43047],[-75.48012,6.43052],[-75.47994,6.43056],[-75.47976,6.43062],[-75.47954,6.43067],[-75.47945,6.43071],[-75.4793,6.43075],[-75.47901,6.43079],[-75.47875,6.43079],[-75.47861,6.43079],[-75.47839,6.43076],[-75.47823,6.43076],[-75.47807,6.43076],[-75.47796,6.43083],[-75.47789,6.43094],[-75.47782,6.43108],[-75.47774,6.4312],[-75.47767,6.43131],[-75.47759,6.43141],[-75.47749,6.43152],[-75.4774,6.4316],[-75.4773,6.43167],[-75.47723,6.43171],[-75.47712,6.43173],[-75.477,6.43173],[-75.47689,6.43172],[-75.47681,6.43169],[-75.47677,6.43166],[-75.47664,6.43159],[-75.47642,6.43152],[-75.47623,6.43151],[-75.47605,6.43151],[-75.47584,6.43152],[-75.4756,6.43152],[-75.47538,6.43152],[-75.47519,6.43149],[-75.47498,6.43142],[-75.47479,6.43132],[-75.47469,6.43122],[-75.47447,6.43105],[-75.47429,6.43097],[-75.47409,6.4309],[-75.47391,6.43087],[-75.47363,6.43084],[-75.47331,6.43077],[-75.47304,6.43067],[-75.47287,6.43056],[-75.47277,6.43043],[-75.4727,6.43036],[-75.47258,6.43028],[-75.47242,6.43024],[-75.47223,6.43024],[-75.47212,6.43025],[-75.47204,6.43033],[-75.4719,6.43049],[-75.47168,6.43078],[-75.47127,6.43132],[-75.471,6.43168],[-75.47073,6.43201],[-75.47041,6.43235],[-75.47007,6.43263],[-75.46981,6.43283],[-75.46936,6.43305],[-75.46887,6.43333],[-75.46875,6.43345],[-75.4687,6.43354],[-75.46867,6.43367],[-75.46869,6.43384],[-75.4687,6.43405],[-75.4688,6.4343],[-75.46887,6.4345],[-75.46892,6.43482],[-75.46893,6.43511],[-75.46893,6.43532],[-75.46891,6.43547],[-75.46882,6.43567],[-75.46869,6.43592],[-75.46845,6.43625],[-75.46826,6.43643],[-75.46813,6.43653],[-75.46802,6.43654],[-75.46783,6.43655],[-75.46742,6.43655],[-75.46711,6.43655],[-75.46676,6.43654],[-75.46652,6.43649],[-75.46623,6.4364],[-75.46586,6.43625],[-75.46557,6.43614],[-75.46498,6.4359],[-75.46379,6.43532],[-75.46342,6.43513],[-75.46299,6.43492],[-75.46229,6.43469],[-75.4617,6.43449],[-75.46098,6.43436],[-75.46069,6.43426],[-75.46038,6.43406],[-75.46016,6.43397],[-75.45993,6.43397],[-75.45969,6.43399],[-75.45947,6.43408],[-75.45925,6.43423],[-75.45912,6.43435],[-75.45895,6.43454],[-75.45883,6.43467],[-75.45849,6.43498],[-75.45817,6.43521],[-75.45785,6.43542],[-75.45755,6.43562],[-75.45741,6.43571],[-75.45721,6.43581],[-75.45708,6.43586],[-75.45694,6.43589],[-75.45669,6.43591],[-75.45624,6.43594],[-75.45602,6.43594],[-75.45569,6.43594],[-75.45537,6.43594],[-75.45512,6.43594],[-75.45481,6.43595],[-75.45457,6.43595],[-75.45434,6.43596],[-75.45413,6.43596],[-75.45392,6.43597],[-75.45368,6.43597],[-75.45342,6.43597],[-75.45309,6.43598],[-75.4528,6.43601],[-75.45256,6.4361],[-75.45236,6.43619],[-75.4522,6.43626],[-75.45208,6.43634],[-75.45194,6.43644],[-75.45178,6.43655],[-75.45166,6.43662],[-75.45156,6.43667],[-75.45136,6.43676],[-75.45117,6.43676],[-75.45094,6.43672]]]]}},{"type":"Feature","properties":{"MpNombre":"Barbosa","MpCodigo":"05079","centroid":[6.44341,-75.32925]},"geometry":{"type":"MultiPolygon","coordinates":[[[[-75.32276,6.51314],[-75.32252,6.51309],[-75.32235,6.51303],[-75.32231,6.51297],[-75.32223,6.51288],[-75.32213,6.51283],[-75.32201,6.51279],[-75.32182,6.51277],[-75.32169,6.51274],[-75.32159,6.5127],[-75.32148,6.51266],[-75.3214,6.51265],[-75.32137,6.51266],[-75.32129,6.51269],[-75.32116,6.51271],[-75.32093,6.51271],[-75.32072,6.5127],[-75.32061,6.51268],[-75.32056,6.51265],[-75.32048,6.51258],[-75.32037,6.51249],[-75.32032,6.51247],[-75.32021,6.51247],[-75.3201,6.51248],[-75.32,6.51249],[-75.31993,6.5125],[-75.31984,6.51251],[-75.31975,6.51253],[-75.31964,6.51256],[-75.31956,6.51259],[-75.3195,6.51264],[-75.31944,6.51266],[-75.31937,6.51269],[-75.3193,6.5127],[-75.31923,6.5127],[-75.31914,6.5127],[-75.31907,6.5127],[-75.31896,6.51266],[-75.31883,6.51258],[-75.31863,6.51245],[-75.31853,6.51238],[-75.31844,6.51237],[-75.31837,6.51238],[-75.31831,6.51243],[-75.3182,6.51249],[-75.31813,6.51257],[-75.3181,6.51261],[-75.31805,6.51264],[-75.31802,6.51265],[-75.31795,6.51263],[-75.3179,6.51259],[-75.31784,6.51252],[-75.31784,6.51247],[-75.31788,6.51239],[-75.31794,6.51231],[-75.31793,6.51224],[-75.3179,6.5122],[-75.31787,6.51216],[-75.31781,6.51212],[-75.31773,6.51209],[-75.31766,6.51207],[-75.31759,6.51207],[-75.31752,6.51207],[-75.31748,6.51208],[-75.31744,6.51213],[-75.3174,6.51214],[-75.31733,6.51214],[-75.31722,6.51214],[-75.31706,6.5121],[-75.31685,6.51205],[-75.31663,6.51192],[-75.31658,6.51187],[-75.31654,6.51178],[-75.31653,6.51167],[-75.31651,6.5116],[-75.31647,6.51155],[-75.31639,6.51148],[-75.31628,6.51142],[-75.31612,6.51137],[-75.31595,6.51134],[-75.31577,6.51129],[-75.31556,6.51119],[-75.3154,6.51109],[-75.31522,6.51095],[-75.31505,6.51077],[-75.31491,6.51059],[-75.31476,6.51045],[-75.31453,6.51033],[-75.31438,6.51028],[-75.31417,6.51025],[-75.31402,6.51022],[-75.3139,6.51016],[-75.31377,6.51007],[-75.31349,6.50982],[-75.31324,6.50964],[-75.31295,6.50956],[-75.31278,6.50953],[-75.31269,6.50952],[-75.31262,6.50952],[-75.31254,6.50953],[-75.31248,6.50954],[-75.31237,6.50958],[-75.31212,6.50966],[-75.31188,6.50971],[-75.31174,6.50968],[-75.31158,6.5096],[-75.31147,6.50952],[-75.31135,6.50943],[-75.31121,6.50933],[-75.31102,6.50913],[-75.31061,6.5086],[-75.31038,6.50835],[-75.31028,6.5083],[-75.31011,6.50827],[-75.30997,6.50827],[-75.3098,6.5083],[-75.30962,6.50835],[-75.30944,6.5084],[-75.30917,6.50851],[-75.30882,6.50861],[-75.30848,6.5087],[-75.30825,6.50873],[-75.30798,6.50873],[-75.30778,6.50873],[-75.30758,6.5087],[-75.3073,6.50861],[-75.30696,6.50851],[-75.30669,6.5084],[-75.30614,6.50817],[-75.30587,6.50803],[-75.3056,6.50786],[-75.3051,6.50749],[-75.30479,6.50725],[-75.30428,6.50692],[-75.30394,6.50667],[-75.30341,6.50637],[-75.3031,6.50619],[-75.30276,6.50611],[-75.30222,6.50612],[-75.30185,6.50616],[-75.30161,6.5062],[-75.3014,6.50626],[-75.30117,6.50635],[-75.3009,6.50642],[-75.30046,6.50651],[-75.30017,6.50659],[-75.29988,6.50665],[-75.29952,6.50677],[-75.2991,6.5069],[-75.29878,6.507],[-75.29842,6.50706],[-75.29825,6.50706],[-75.29805,6.50704],[-75.29792,6.50698],[-75.29778,6.50692],[-75.2976,6.50681],[-75.29746,6.50671],[-75.29729,6.50663],[-75.29709,6.50661],[-75.29692,6.50661],[-75.29669,6.50664],[-75.29653,6.50668],[-75.29616,6.5068],[-75.2958,6.50689],[-75.29549,6.50699],[-75.29521,6.50709],[-75.29493,6.50721],[-75.2946,6.50727],[-75.29434,6.50729],[-75.29413,6.50724],[-75.29393,6.50713],[-75.29354,6.50704],[-75.2933,6.50704],[-75.29318,6.50708],[-75.29309,6.50712],[-75.29304,6.50713],[-75.29297,6.50712],[-75.29288,6.50709],[-75.29271,6.507],[-75.29232,6.50679],[-75.29201,6.50651],[-75.29177,6.50626],[-75.29156,6.50621],[-75.29128,6.50614],[-75.29086,6.50607],[-75.29065,6.50607],[-75.2905,6.50609],[-75.29032,6.50615],[-75.29014,6.5062],[-75.28986,6.50631],[-75.28958,6.50638],[-75.28932,6.50638],[-75.2891,6.50635],[-75.28893,6.50627],[-75.28879,6.50616],[-75.28869,6.50606],[-75.28861,6.50594],[-75.28856,6.50577],[-75.28853,6.50553],[-75.2885,6.50521],[-75.28845,6.50506],[-75.28838,6.50493],[-75.28828,6.50476],[-75.28812,6.50456],[-75.28793,6.50431],[-75.2876,6.50394],[-75.28726,6.50364],[-75.2871,6.50346],[-75.28698,6.50328],[-75.28689,6.50307],[-75.28681,6.50289],[-75.28673,6.50273],[-75.28665,6.50264],[-75.28658,6.50257],[-75.28653,6.50252],[-75.28647,6.50249],[-75.28636,6.50241],[-75.28628,6.50234],[-75.28616,6.5022],[-75.28598,6.50196],[-75.28584,6.50168],[-75.28567,6.50149],[-75.28537,6.50112],[-75.28514,6.5008],[-75.28503,6.5006],[-75.28497,6.50045],[-75.28494,6.50031],[-75.28495,6.49996],[-75.2849,6.49971],[-75.28484,6.4996],[-75.28472,6.49948],[-75.28451,6.49929],[-75.28418,6.4989],[-75.28386,6.4985],[-75.2837,6.49831],[-75.28363,6.49816],[-75.28358,6.4979],[-75.28354,6.49769],[-75.28349,6.49746],[-75.28343,6.49724],[-75.28333,6.49703],[-75.28317,6.49679],[-75.28295,6.49645],[-75.28283,6.49622],[-75.28263,6.49583],[-75.28235,6.49545],[-75.28217,6.4953],[-75.282,6.49522],[-75.2818,6.49517],[-75.28161,6.49515],[-75.28139,6.49515],[-75.28123,6.49509],[-75.28107,6.49499],[-75.28092,6.49485],[-75.28083,6.49469],[-75.28075,6.49451],[-75.28071,6.49432],[-75.28068,6.49376],[-75.28067,6.49358],[-75.28064,6.49345],[-75.28058,6.49334],[-75.28049,6.49324],[-75.28039,6.49312],[-75.2803,6.493],[-75.28021,6.49281],[-75.2802,6.49265],[-75.28023,6.49241],[-75.28027,6.49228],[-75.28033,6.49215],[-75.28043,6.49203],[-75.28055,6.49186],[-75.28062,6.49171],[-75.28065,6.49153],[-75.28065,6.4914],[-75.28063,6.49126],[-75.2806,6.49116],[-75.28054,6.49107],[-75.28047,6.49098],[-75.2804,6.4909],[-75.28026,6.49082],[-75.28013,6.49079],[-75.27974,6.49079],[-75.27938,6.49076],[-75.27917,6.49074],[-75.27879,6.49068],[-75.2785,6.49063],[-75.27804,6.49061],[-75.27769,6.49061],[-75.27741,6.49061],[-75.27713,6.4906],[-75.27673,6.49057],[-75.2765,6.49061],[-75.27634,6.49065],[-75.27624,6.49069],[-75.27615,6.49075],[-75.27608,6.49088],[-75.27598,6.49104],[-75.27585,6.49125],[-75.27575,6.49137],[-75.27566,6.49142],[-75.27557,6.49145],[-75.27546,6.49145],[-75.27529,6.49144],[-75.27509,6.49142],[-75.27491,6.49138],[-75.2748,6.49137],[-75.27468,6.49138],[-75.27459,6.49141],[-75.27452,6.49144],[-75.27442,6.49149],[-75.27435,6.49156],[-75.27429,6.49159],[-75.27426,6.4917],[-75.27427,6.49189],[-75.2743,6.49199],[-75.27435,6.49208],[-75.27435,6.49219],[-75.27434,6.49232],[-75.27432,6.49238],[-75.27428,6.49245],[-75.27422,6.49251],[-75.27414,6.49259],[-75.27405,6.4926],[-75.27394,6.4926],[-75.27383,6.4926],[-75.27377,6.49261],[-75.27372,6.49264],[-75.27369,6.49268],[-75.27364,6.4927],[-75.27356,6.49272],[-75.2735,6.49272],[-75.27342,6.49269],[-75.27338,6.49266],[-75.27335,6.49262],[-75.27332,6.49258],[-75.27326,6.49251],[-75.27319,6.4924],[-75.2731,6.4923],[-75.27296,6.49221],[-75.27278,6.4922],[-75.2726,6.49222],[-75.2725,6.49226],[-75.2723,6.49235],[-75.27218,6.49235],[-75.27212,6.4923],[-75.27208,6.49227],[-75.27202,6.49221],[-75.27195,6.49213],[-75.27185,6.49204],[-75.27174,6.49202],[-75.2716,6.49204],[-75.27142,6.49207],[-75.27125,6.49209],[-75.27107,6.4921],[-75.27097,6.49207],[-75.27081,6.492],[-75.27064,6.492],[-75.27057,6.492],[-75.27048,6.492],[-75.27043,6.49202],[-75.27034,6.49205],[-75.2702,6.49207],[-75.26989,6.49207],[-75.26941,6.49206],[-75.26906,6.49205],[-75.26879,6.492],[-75.26858,6.49198],[-75.26838,6.49201],[-75.26823,6.49202],[-75.2681,6.49205],[-75.26791,6.49211],[-75.26772,6.49212],[-75.2676,6.49212],[-75.26749,6.49208],[-75.2674,6.49205],[-75.26722,6.49197],[-75.26714,6.49195],[-75.26696,6.49195],[-75.26668,6.49195],[-75.26637,6.49199],[-75.26614,6.49205],[-75.26587,6.49213],[-75.26555,6.49218],[-75.26546,6.49224],[-75.26539,6.49232],[-75.26522,6.49249],[-75.26514,6.49257],[-75.26496,6.49274],[-75.26488,6.49283],[-75.26486,6.49297],[-75.26486,6.4931],[-75.26489,6.49321],[-75.26491,6.49328],[-75.26496,6.49337],[-75.26499,6.49347],[-75.26502,6.49356],[-75.26507,6.49367],[-75.26509,6.49376],[-75.2651,6.49388],[-75.26511,6.49396],[-75.26512,6.49402],[-75.26515,6.4941],[-75.26518,6.49417],[-75.26523,6.49428],[-75.26526,6.49443],[-75.26526,6.49453],[-75.26527,6.49468],[-75.26527,6.49482],[-75.26527,6.4949],[-75.26527,6.49501],[-75.26523,6.4951],[-75.26518,6.4952],[-75.26511,6.49536],[-75.26506,6.49552],[-75.26504,6.49564],[-75.26506,6.49574],[-75.26511,6.49581],[-75.26517,6.49591],[-75.26528,6.49602],[-75.26536,6.49608],[-75.26547,6.49613],[-75.26562,6.49617],[-75.26582,6.49621],[-75.26605,6.49625],[-75.26622,6.49629],[-75.26639,6.49634],[-75.2665,6.49642],[-75.26658,6.49648],[-75.26665,6.49656],[-75.26669,6.49661],[-75.26674,6.49669],[-75.26675,6.49676],[-75.26676,6.49685],[-75.26676,6.49691],[-75.26677,6.49704],[-75.26677,6.49715],[-75.26675,6.49728],[-75.26673,6.49739],[-75.26668,6.49758],[-75.26659,6.49787],[-75.26653,6.49814],[-75.26646,6.49839],[-75.26633,6.49875],[-75.26625,6.49916],[-75.26618,6.49934],[-75.26609,6.49949],[-75.26596,6.49959],[-75.26588,6.49965],[-75.26578,6.49969],[-75.26568,6.49974],[-75.26551,6.49981],[-75.26533,6.49989],[-75.26523,6.49998],[-75.26513,6.50009],[-75.26502,6.50022],[-75.26494,6.50036],[-75.26491,6.50048],[-75.26491,6.50057],[-75.26491,6.50075],[-75.26492,6.50095],[-75.26493,6.50104],[-75.265,6.5011],[-75.26505,6.50116],[-75.26512,6.50124],[-75.26519,6.50132],[-75.26527,6.50144],[-75.26535,6.50153],[-75.26542,6.50162],[-75.26545,6.5017],[-75.26549,6.50178],[-75.2655,6.50186],[-75.26551,6.50205],[-75.26549,6.50221],[-75.26548,6.50228],[-75.26546,6.50236],[-75.26544,6.50241],[-75.26541,6.50249],[-75.26534,6.50263],[-75.26516,6.50301],[-75.26497,6.50344],[-75.2649,6.50368],[-75.26484,6.50385],[-75.26475,6.50414],[-75.26467,6.50433],[-75.26462,6.50441],[-75.26456,6.5045],[-75.26451,6.50457],[-75.26446,6.50463],[-75.26437,6.5047],[-75.26426,6.50477],[-75.26416,6.50482],[-75.26409,6.50486],[-75.26403,6.50492],[-75.26396,6.505],[-75.2639,6.5051],[-75.26386,6.5052],[-75.2638,6.50534],[-75.26373,6.50549],[-75.26369,6.50564],[-75.26365,6.50586],[-75.26353,6.50619],[-75.26343,6.50649],[-75.26336,6.50677],[-75.26327,6.50713],[-75.26323,6.5073],[-75.26322,6.5074],[-75.26322,6.50756],[-75.26323,6.50771],[-75.26324,6.50785],[-75.26326,6.508],[-75.26329,6.50815],[-75.26293,6.50814],[-75.26265,6.50814],[-75.26246,6.50811],[-75.26227,6.50807],[-75.2621,6.50803],[-75.26193,6.50795],[-75.26171,6.50787],[-75.2615,6.50782],[-75.26135,6.50775],[-75.26116,6.5077],[-75.26091,6.50766],[-75.26064,6.50762],[-75.26038,6.50763],[-75.26,6.50769],[-75.25982,6.50773],[-75.25959,6.50782],[-75.25936,6.5079],[-75.25916,6.50798],[-75.259,6.50803],[-75.2589,6.50811],[-75.25879,6.50818],[-75.2587,6.50824],[-75.25862,6.50827],[-75.25852,6.50831],[-75.25844,6.50834],[-75.25835,6.50837],[-75.25824,6.50838],[-75.25809,6.50836],[-75.258,6.50829],[-75.25779,6.50816],[-75.25763,6.50808],[-75.25746,6.50802],[-75.25729,6.50797],[-75.25709,6.50792],[-75.25678,6.50788],[-75.25635,6.50786],[-75.25586,6.50787],[-75.25551,6.50786],[-75.25521,6.50786],[-75.25482,6.50783],[-75.25449,6.5078],[-75.25418,6.5078],[-75.25375,6.50779],[-75.25351,6.50777],[-75.25326,6.50775],[-75.25289,6.50778],[-75.25263,6.50779],[-75.2524,6.50779],[-75.25221,6.50776],[-75.25204,6.50775],[-75.25185,6.50775],[-75.25168,6.50775],[-75.25154,6.50775],[-75.25142,6.50774],[-75.2513,6.50771],[-75.25119,6.50768],[-75.2511,6.50763],[-75.25101,6.50753],[-75.25097,6.50747],[-75.2509,6.50743],[-75.25078,6.50741],[-75.25062,6.50741],[-75.25047,6.50742],[-75.25032,6.50745],[-75.25018,6.50746],[-75.25006,6.50746],[-75.24993,6.50746],[-75.24976,6.50745],[-75.24966,6.50743],[-75.24956,6.50739],[-75.24935,6.5073],[-75.2491,6.50716],[-75.24894,6.5071],[-75.24881,6.50703],[-75.24867,6.50698],[-75.24849,6.5069],[-75.24838,6.50685],[-75.24832,6.5068],[-75.24822,6.50672],[-75.24819,6.5066],[-75.24819,6.5064],[-75.24819,6.50621],[-75.24818,6.50604],[-75.24817,6.50595],[-75.24814,6.50588],[-75.24812,6.50582],[-75.24807,6.50575],[-75.24799,6.50565],[-75.24792,6.50557],[-75.24781,6.50548],[-75.24765,6.50536],[-75.24756,6.50529],[-75.24752,6.50523],[-75.24746,6.50515],[-75.24742,6.50509],[-75.24738,6.50503],[-75.24731,6.50499],[-75.24726,6.50497],[-75.24718,6.50497],[-75.24711,6.50496],[-75.24704,6.50494],[-75.24694,6.50491],[-75.24688,6.50487],[-75.24683,6.50477],[-75.24682,6.50467],[-75.24682,6.5046],[-75.2468,6.50452],[-75.24678,6.50443],[-75.24675,6.50438],[-75.2467,6.50433],[-75.24659,6.50429],[-75.24643,6.50425],[-75.24627,6.50422],[-75.24612,6.50415],[-75.24593,6.504],[-75.24576,6.50382],[-75.24558,6.50363],[-75.24542,6.50339],[-75.24532,6.50326],[-75.24527,6.50316],[-75.24525,6.50302],[-75.24525,6.50284],[-75.24525,6.5027],[-75.24529,6.5026],[-75.24534,6.50249],[-75.2454,6.50241],[-75.24545,6.50235],[-75.24552,6.50225],[-75.24559,6.50215],[-75.24566,6.50205],[-75.24568,6.50197],[-75.2457,6.5019],[-75.2457,6.50181],[-75.2457,6.50174],[-75.24566,6.50166],[-75.24558,6.50158],[-75.24546,6.50156],[-75.24538,6.50157],[-75.24529,6.50159],[-75.24519,6.50163],[-75.24507,6.50167],[-75.24491,6.50168],[-75.24475,6.50168],[-75.2446,6.50167],[-75.24443,6.50166],[-75.24433,6.50162],[-75.24409,6.50151],[-75.24391,6.50138],[-75.24345,6.501],[-75.2432,6.50081],[-75.24311,6.50075],[-75.24302,6.50066],[-75.24299,6.50063],[-75.24291,6.50055],[-75.2429,6.50047],[-75.24293,6.50039],[-75.24301,6.50032],[-75.24311,6.5002],[-75.24319,6.50012],[-75.24324,6.50007],[-75.24326,6.49997],[-75.24327,6.49984],[-75.24328,6.49974],[-75.24323,6.49966],[-75.24314,6.49961],[-75.24304,6.4996],[-75.24289,6.4996],[-75.2428,6.49964],[-75.24265,6.49972],[-75.24259,6.4998],[-75.24254,6.49983],[-75.24244,6.49982],[-75.24235,6.49974],[-75.24229,6.49967],[-75.24219,6.49963],[-75.242,6.49962],[-75.2418,6.49961],[-75.24144,6.49956],[-75.24122,6.49954],[-75.24098,6.49948],[-75.24083,6.49941],[-75.24053,6.49926],[-75.24011,6.49898],[-75.2397,6.49872],[-75.23937,6.49853],[-75.23915,6.49839],[-75.239,6.49833],[-75.23882,6.49826],[-75.2387,6.49826],[-75.23859,6.49825],[-75.23848,6.4983],[-75.23838,6.4984],[-75.23829,6.49852],[-75.23817,6.49862],[-75.23807,6.49865],[-75.23785,6.49866],[-75.23758,6.49866],[-75.23737,6.49865],[-75.23725,6.49863],[-75.23707,6.49861],[-75.23697,6.49858],[-75.23685,6.49851],[-75.23671,6.49843],[-75.23658,6.49834],[-75.23645,6.49824],[-75.23635,6.49815],[-75.23628,6.49809],[-75.2362,6.498],[-75.23606,6.49789],[-75.23597,6.49787],[-75.23584,6.49786],[-75.23576,6.49792],[-75.23567,6.49799],[-75.23556,6.49808],[-75.23548,6.49819],[-75.23541,6.49826],[-75.23534,6.49832],[-75.23525,6.49837],[-75.23512,6.49837],[-75.23503,6.49835],[-75.23488,6.49827],[-75.23481,6.49819],[-75.23471,6.49808],[-75.23461,6.4979],[-75.23454,6.49774],[-75.23449,6.49764],[-75.23445,6.49757],[-75.2344,6.49743],[-75.23431,6.49732],[-75.2342,6.49722],[-75.23403,6.4972],[-75.2339,6.49719],[-75.23378,6.49722],[-75.23366,6.49728],[-75.23347,6.49737],[-75.23337,6.49743],[-75.23331,6.49745],[-75.2332,6.49744],[-75.23314,6.49738],[-75.2331,6.49729],[-75.2331,6.49721],[-75.23309,6.49714],[-75.23309,6.49705],[-75.23308,6.49696],[-75.23305,6.49687],[-75.23302,6.49679],[-75.23297,6.49673],[-75.23291,6.49667],[-75.23284,6.49661],[-75.23274,6.49656],[-75.23265,6.49656],[-75.23256,6.49662],[-75.2325,6.49666],[-75.23241,6.49674],[-75.23236,6.49677],[-75.23226,6.49678],[-75.23216,6.49678],[-75.23203,6.49674],[-75.23192,6.49666],[-75.23173,6.49659],[-75.23145,6.4965],[-75.2313,6.49645],[-75.23112,6.49638],[-75.2309,6.49633],[-75.23073,6.49632],[-75.23057,6.49631],[-75.23044,6.49631],[-75.23023,6.49635],[-75.23011,6.49641],[-75.22998,6.49649],[-75.22987,6.49656],[-75.22975,6.49661],[-75.22964,6.49661],[-75.22951,6.49659],[-75.22939,6.49651],[-75.22908,6.49633],[-75.22883,6.49618],[-75.2287,6.4961],[-75.22862,6.49607],[-75.22844,6.49604],[-75.22834,6.49602],[-75.22821,6.49598],[-75.22805,6.49591],[-75.22789,6.4958],[-75.22773,6.49567],[-75.22762,6.49553],[-75.22752,6.4954],[-75.22748,6.49533],[-75.22741,6.49529],[-75.22732,6.49529],[-75.22726,6.49529],[-75.22715,6.4953],[-75.22708,6.49531],[-75.22702,6.49532],[-75.22693,6.49532],[-75.22684,6.49532],[-75.22676,6.49529],[-75.2267,6.49525],[-75.22663,6.49508],[-75.22656,6.49487],[-75.22655,6.4948],[-75.2265,6.49471],[-75.22645,6.49464],[-75.22637,6.49459],[-75.22627,6.49457],[-75.2261,6.49454],[-75.22593,6.49453],[-75.22573,6.49452],[-75.22564,6.49449],[-75.22557,6.49442],[-75.22549,6.49432],[-75.22542,6.49417],[-75.22536,6.49404],[-75.22527,6.49385],[-75.22522,6.49375],[-75.22518,6.49369],[-75.22515,6.49363],[-75.22513,6.49354],[-75.2251,6.49345],[-75.22507,6.49336],[-75.22506,6.49325],[-75.22506,6.49313],[-75.22506,6.49297],[-75.22507,6.49263],[-75.22508,6.49237],[-75.22508,6.49218],[-75.22508,6.49205],[-75.22508,6.4919],[-75.22508,6.49172],[-75.22506,6.4916],[-75.22501,6.49148],[-75.22493,6.49134],[-75.22487,6.49122],[-75.22484,6.49114],[-75.22483,6.49106],[-75.22483,6.49097],[-75.22483,6.49089],[-75.22484,6.49081],[-75.22487,6.49073],[-75.22493,6.49063],[-75.22499,6.49054],[-75.22501,6.49037],[-75.225,6.49026],[-75.22491,6.49015],[-75.22478,6.49007],[-75.22463,6.49001],[-75.22448,6.48997],[-75.22418,6.48981],[-75.22397,6.48972],[-75.22378,6.48961],[-75.22343,6.48941],[-75.22309,6.48919],[-75.22288,6.48906],[-75.22276,6.48896],[-75.22267,6.4889],[-75.22256,6.48888],[-75.22242,6.48885],[-75.22225,6.48881],[-75.22206,6.48875],[-75.2219,6.48869],[-75.22172,6.48856],[-75.22158,6.48845],[-75.22148,6.48833],[-75.2214,6.48828],[-75.2212,6.48817],[-75.22089,6.48805],[-75.22065,6.48797],[-75.2205,6.48791],[-75.22035,6.4879],[-75.2202,6.48791],[-75.2201,6.48798],[-75.22002,6.48804],[-75.2199,6.48811],[-75.21984,6.48815],[-75.21977,6.48818],[-75.21973,6.48821],[-75.21963,6.48825],[-75.21959,6.48825],[-75.21952,6.48825],[-75.21947,6.48825],[-75.21943,6.48821],[-75.2194,6.48815],[-75.21935,6.48809],[-75.2193,6.48805],[-75.21922,6.48799],[-75.21913,6.48798],[-75.21902,6.48799],[-75.21888,6.48803],[-75.21878,6.4881],[-75.21867,6.48815],[-75.21858,6.48818],[-75.21846,6.48818],[-75.2183,6.48816],[-75.21815,6.48811],[-75.218,6.48803],[-75.21779,6.48788],[-75.21757,6.48773],[-75.21738,6.48754],[-75.21729,6.48743],[-75.21721,6.48734],[-75.21713,6.4872],[-75.2171,6.48706],[-75.2171,6.48676],[-75.2171,6.48651],[-75.21709,6.4863],[-75.21705,6.48608],[-75.217,6.48586],[-75.21694,6.48568],[-75.21691,6.48549],[-75.21689,6.48527],[-75.21686,6.48503],[-75.21689,6.48493],[-75.21692,6.48478],[-75.21699,6.48463],[-75.21708,6.4845],[-75.21724,6.48439],[-75.2174,6.48428],[-75.21754,6.48418],[-75.21761,6.48408],[-75.21769,6.48393],[-75.21775,6.4838],[-75.21779,6.48366],[-75.21781,6.48348],[-75.21782,6.48308],[-75.21784,6.48266],[-75.21785,6.48252],[-75.21788,6.48244],[-75.21792,6.48236],[-75.21795,6.4823],[-75.21812,6.48212],[-75.21843,6.48183],[-75.21874,6.48157],[-75.2189,6.4814],[-75.21906,6.4812],[-75.21921,6.48095],[-75.21929,6.48078],[-75.21931,6.48067],[-75.21935,6.48055],[-75.21942,6.48044],[-75.21958,6.48035],[-75.2197,6.48024],[-75.2198,6.48012],[-75.21985,6.48001],[-75.21987,6.47996],[-75.21989,6.47989],[-75.2199,6.47982],[-75.2199,6.47977],[-75.2199,6.47971],[-75.2199,6.47963],[-75.21988,6.47953],[-75.21985,6.47944],[-75.21984,6.47941],[-75.21982,6.47934],[-75.21982,6.47927],[-75.2199,6.47917],[-75.22003,6.47911],[-75.2203,6.47905],[-75.22052,6.47902],[-75.22075,6.47898],[-75.22085,6.47896],[-75.22097,6.47896],[-75.22117,6.47894],[-75.22128,6.47894],[-75.22138,6.47894],[-75.22151,6.47894],[-75.22161,6.47894],[-75.2217,6.47894],[-75.22181,6.47895],[-75.2219,6.47894],[-75.22202,6.47894],[-75.22214,6.47894],[-75.2223,6.47893],[-75.22248,6.47893],[-75.22266,6.47892],[-75.22277,6.47892],[-75.22286,6.47892],[-75.22299,6.47892],[-75.22312,6.47895],[-75.22327,6.47898],[-75.22344,6.47901],[-75.22358,6.47902],[-75.22374,6.47902],[-75.22388,6.47902],[-75.22402,6.47902],[-75.22416,6.47902],[-75.22429,6.47905],[-75.22439,6.47908],[-75.22446,6.47911],[-75.22461,6.47914],[-75.22472,6.47914],[-75.22494,6.47914],[-75.22514,6.47908],[-75.22532,6.47899],[-75.22549,6.47886],[-75.22567,6.47869],[-75.2259,6.47854],[-75.22613,6.47844],[-75.22636,6.47837],[-75.22651,6.47837],[-75.2267,6.47838],[-75.22696,6.47842],[-75.22724,6.47851],[-75.22752,6.47857],[-75.22774,6.47857],[-75.22783,6.47857],[-75.22798,6.47857],[-75.22813,6.47854],[-75.22834,6.47848],[-75.22853,6.4784],[-75.22881,6.47828],[-75.22917,6.47809],[-75.22956,6.47787],[-75.22994,6.47766],[-75.23018,6.4775],[-75.23044,6.47731],[-75.23069,6.47712],[-75.23089,6.47696],[-75.23103,6.47683],[-75.23113,6.47675],[-75.23125,6.47669],[-75.23144,6.47663],[-75.23167,6.4766],[-75.23193,6.47656],[-75.23219,6.47646],[-75.23239,6.47637],[-75.23255,6.47628],[-75.23262,6.47621],[-75.23269,6.47613],[-75.23275,6.47605],[-75.23278,6.47598],[-75.23284,6.4759],[-75.23291,6.47577],[-75.233,6.47562],[-75.23308,6.47546],[-75.23312,6.47534],[-75.23315,6.47522],[-75.23319,6.47514],[-75.2332,6.47496],[-75.2332,6.47477],[-75.23319,6.4746],[-75.23314,6.47445],[-75.23308,6.47436],[-75.23297,6.47421],[-75.23287,6.47404],[-75.23274,6.47388],[-75.23257,6.47373],[-75.23246,6.47361],[-75.23236,6.47349],[-75.23219,6.47325],[-75.23205,6.47306],[-75.23198,6.47296],[-75.23186,6.47274],[-75.23177,6.47255],[-75.23166,6.47232],[-75.23149,6.47203],[-75.23132,6.47173],[-75.2312,6.47147],[-75.23114,6.4712],[-75.23111,6.47101],[-75.23108,6.47077],[-75.23098,6.47061],[-75.23082,6.4704],[-75.23069,6.47026],[-75.23048,6.47002],[-75.23035,6.46985],[-75.23027,6.46957],[-75.23022,6.46935],[-75.23016,6.46904],[-75.23014,6.46886],[-75.23019,6.46876],[-75.23027,6.46864],[-75.2304,6.46854],[-75.23058,6.46848],[-75.23082,6.46845],[-75.23107,6.46841],[-75.23126,6.46837],[-75.23154,6.46832],[-75.23179,6.46821],[-75.2321,6.46802],[-75.23241,6.46782],[-75.23278,6.46757],[-75.23332,6.46724],[-75.23388,6.4669],[-75.23407,6.46671],[-75.23417,6.46661],[-75.23433,6.46648],[-75.23462,6.46633],[-75.23501,6.46623],[-75.2352,6.46621],[-75.23544,6.4662],[-75.23559,6.4662],[-75.23577,6.46616],[-75.2359,6.46613],[-75.23606,6.46608],[-75.23618,6.46599],[-75.23628,6.46587],[-75.23637,6.46574],[-75.23646,6.46558],[-75.23658,6.46531],[-75.2367,6.46498],[-75.23679,6.46471],[-75.23686,6.46449],[-75.23695,6.46423],[-75.23707,6.46393],[-75.23717,6.4637],[-75.2373,6.46352],[-75.23742,6.46336],[-75.23757,6.46316],[-75.23771,6.46297],[-75.23778,6.46278],[-75.23777,6.46256],[-75.23767,6.46229],[-75.23761,6.46207],[-75.23758,6.46182],[-75.23756,6.46156],[-75.23758,6.46137],[-75.23762,6.46113],[-75.23762,6.46095],[-75.23762,6.46079],[-75.23763,6.46062],[-75.23768,6.46026],[-75.23774,6.45998],[-75.23775,6.45975],[-75.23777,6.45953],[-75.23777,6.45922],[-75.23777,6.45891],[-75.23765,6.4586],[-75.23756,6.45845],[-75.23747,6.45832],[-75.23736,6.45812],[-75.2373,6.45799],[-75.23721,6.45782],[-75.23717,6.45759],[-75.23715,6.45737],[-75.23715,6.45718],[-75.23717,6.45687],[-75.23737,6.45641],[-75.23753,6.45601],[-75.23767,6.45567],[-75.23786,6.45534],[-75.23802,6.45506],[-75.23836,6.45464],[-75.2387,6.45427],[-75.23886,6.45406],[-75.23911,6.45379],[-75.23921,6.45368],[-75.23934,6.45347],[-75.23962,6.45323],[-75.23985,6.45302],[-75.24009,6.45287],[-75.24036,6.45268],[-75.24049,6.45256],[-75.2406,6.4524],[-75.24072,6.45225],[-75.24082,6.45206],[-75.24091,6.45189],[-75.24102,6.4517],[-75.24115,6.4515],[-75.24135,6.45113],[-75.24153,6.45086],[-75.24171,6.45059],[-75.24183,6.4504],[-75.2419,6.45031],[-75.242,6.45016],[-75.24215,6.44993],[-75.24223,6.44982],[-75.24229,6.44966],[-75.2423,6.44951],[-75.24229,6.44937],[-75.24226,6.44921],[-75.24223,6.44903],[-75.24217,6.4488],[-75.24209,6.4486],[-75.24202,6.4484],[-75.24195,6.44818],[-75.24187,6.44789],[-75.24181,6.44776],[-75.24195,6.44767],[-75.24207,6.44753],[-75.24209,6.44718],[-75.24215,6.44692],[-75.24223,6.44652],[-75.2424,6.44615],[-75.24264,6.44585],[-75.24265,6.44562],[-75.24257,6.44516],[-75.24239,6.44476],[-75.2423,6.44447],[-75.24214,6.44458],[-75.24186,6.44476],[-75.24146,6.44501],[-75.24132,6.44519],[-75.24117,6.44485],[-75.24104,6.44448],[-75.24095,6.44429],[-75.2412,6.44411],[-75.24153,6.44376],[-75.24188,6.44332],[-75.24205,6.44288],[-75.24211,6.44246],[-75.24211,6.44207],[-75.24204,6.44179],[-75.24185,6.44145],[-75.24157,6.44105],[-75.24135,6.44081],[-75.24124,6.44047],[-75.24121,6.44023],[-75.24126,6.43986],[-75.24128,6.43968],[-75.24149,6.43962],[-75.24186,6.43935],[-75.24246,6.43878],[-75.24293,6.43818],[-75.24341,6.43756],[-75.24353,6.43722],[-75.24371,6.43688],[-75.244,6.43641],[-75.24406,6.43638],[-75.24412,6.43635],[-75.24459,6.43625],[-75.24512,6.4362],[-75.24537,6.43616],[-75.24567,6.43613],[-75.24588,6.4361],[-75.24628,6.43605],[-75.24689,6.43586],[-75.24713,6.4356],[-75.24734,6.43507],[-75.24747,6.43482],[-75.24768,6.43462],[-75.24791,6.43447],[-75.24818,6.43418],[-75.24854,6.4337],[-75.24909,6.43329],[-75.2495,6.43313],[-75.24966,6.43313],[-75.24984,6.43312],[-75.2502,6.43319],[-75.25085,6.43327],[-75.25109,6.43328],[-75.25142,6.43324],[-75.25172,6.43317],[-75.25202,6.433],[-75.25229,6.43283],[-75.25261,6.4325],[-75.25278,6.43236],[-75.25285,6.4323],[-75.25325,6.4321],[-75.25346,6.43202],[-75.25367,6.43198],[-75.25385,6.43195],[-75.25404,6.43206],[-75.25427,6.4321],[-75.25449,6.4322],[-75.25492,6.43238],[-75.25525,6.43257],[-75.25554,6.43285],[-75.25592,6.43323],[-75.2561,6.4335],[-75.25617,6.43342],[-75.25644,6.43328],[-75.25671,6.43308],[-75.25725,6.43247],[-75.25766,6.43193],[-75.25792,6.43135],[-75.25808,6.43081],[-75.25822,6.43034],[-75.25826,6.43029],[-75.25838,6.43012],[-75.25856,6.42993],[-75.25865,6.42986],[-75.2588,6.42973],[-75.25903,6.4296],[-75.2592,6.42954],[-75.25923,6.42953],[-75.25954,6.42945],[-75.25974,6.42931],[-75.26014,6.42913],[-75.26032,6.42898],[-75.26053,6.4288],[-75.26081,6.42858],[-75.2611,6.42831],[-75.26142,6.42801],[-75.26158,6.42787],[-75.26195,6.42757],[-75.26232,6.4274],[-75.26271,6.42721],[-75.26288,6.42709],[-75.263,6.42693],[-75.26314,6.42684],[-75.26343,6.42681],[-75.26393,6.4269],[-75.26403,6.42693],[-75.26444,6.42704],[-75.26513,6.4271],[-75.26534,6.42707],[-75.2655,6.42696],[-75.26557,6.42676],[-75.26559,6.42656],[-75.26553,6.42625],[-75.26539,6.42524],[-75.26538,6.4248],[-75.26562,6.42457],[-75.26582,6.42428],[-75.26591,6.42402],[-75.26602,6.42362],[-75.26612,6.42351],[-75.26636,6.42341],[-75.26664,6.42332],[-75.2669,6.42326],[-75.26715,6.42332],[-75.26751,6.42335],[-75.26794,6.42328],[-75.26844,6.42307],[-75.26865,6.42297],[-75.26876,6.42302],[-75.26903,6.42323],[-75.26909,6.42339],[-75.26918,6.42369],[-75.26941,6.42413],[-75.26953,6.42439],[-75.26978,6.42477],[-75.26997,6.42494],[-75.27006,6.42496],[-75.27019,6.42494],[-75.27027,6.42493],[-75.27034,6.42489],[-75.27046,6.42486],[-75.27063,6.4249],[-75.27088,6.4249],[-75.27112,6.42483],[-75.27136,6.42472],[-75.27155,6.42447],[-75.27181,6.42416],[-75.27221,6.42369],[-75.27267,6.42346],[-75.2735,6.42297],[-75.27373,6.42278],[-75.27384,6.42273],[-75.27389,6.42272],[-75.27395,6.42271],[-75.27404,6.42274],[-75.27436,6.42286],[-75.27468,6.42299],[-75.2749,6.42301],[-75.27512,6.42298],[-75.27561,6.42279],[-75.27582,6.42257],[-75.27607,6.42216],[-75.27609,6.42179],[-75.2761,6.42144],[-75.27598,6.42097],[-75.27575,6.42039],[-75.27557,6.42001],[-75.27546,6.41956],[-75.27546,6.41935],[-75.27546,6.41907],[-75.27544,6.41877],[-75.27558,6.41837],[-75.27571,6.41806],[-75.27576,6.4179],[-75.27574,6.41768],[-75.27552,6.41708],[-75.27577,6.417],[-75.27607,6.41694],[-75.27635,6.41695],[-75.27675,6.41689],[-75.2771,6.41683],[-75.27737,6.4168],[-75.27768,6.41668],[-75.27812,6.41635],[-75.27843,6.41589],[-75.2786,6.4155],[-75.27875,6.4149],[-75.27879,6.41484],[-75.2789,6.41466],[-75.27913,6.41438],[-75.27946,6.41417],[-75.27986,6.41392],[-75.2801,6.41382],[-75.28056,6.41364],[-75.28064,6.41364],[-75.2807,6.41365],[-75.28073,6.41366],[-75.28075,6.41367],[-75.28081,6.41371],[-75.28095,6.41382],[-75.28112,6.41391],[-75.28119,6.41394],[-75.28128,6.41394],[-75.28133,6.41394],[-75.28139,6.41394],[-75.28148,6.41389],[-75.28158,6.41381],[-75.2817,6.41369],[-75.28189,6.41347],[-75.28213,6.41326],[-75.2824,6.413],[-75.28242,6.41263],[-75.28243,6.41257],[-75.2825,6.41256],[-75.28256,6.41255],[-75.28268,6.4124],[-75.28272,6.41232],[-75.28273,6.41227],[-75.2828,6.41228],[-75.28288,6.41228],[-75.283,6.41219],[-75.28329,6.41186],[-75.28346,6.4117],[-75.28356,6.41162],[-75.28362,6.41149],[-75.28375,6.4113],[-75.2841,6.4111],[-75.28439,6.41104],[-75.2846,6.41101],[-75.28467,6.41101],[-75.28474,6.411],[-75.28477,6.41097],[-75.28483,6.4107],[-75.28494,6.4104],[-75.28501,6.41023],[-75.28504,6.41012],[-75.28511,6.41008],[-75.28555,6.40979],[-75.2858,6.40972],[-75.28601,6.40975],[-75.28608,6.40977],[-75.28614,6.40976],[-75.28616,6.40974],[-75.28618,6.40971],[-75.28619,6.40967],[-75.28621,6.40963],[-75.28623,6.40957],[-75.28627,6.40954],[-75.28633,6.40952],[-75.28628,6.40946],[-75.28613,6.40931],[-75.28605,6.4092],[-75.2861,6.40916],[-75.28625,6.40894],[-75.28645,6.40866],[-75.28663,6.40833],[-75.28687,6.40813],[-75.28715,6.40801],[-75.28738,6.40794],[-75.28757,6.40789],[-75.28769,6.40785],[-75.28784,6.40778],[-75.28807,6.40757],[-75.28813,6.40751],[-75.2883,6.40732],[-75.28846,6.40702],[-75.28853,6.40655],[-75.28858,6.40617],[-75.28862,6.40575],[-75.28875,6.40551],[-75.28886,6.40529],[-75.28898,6.40503],[-75.28908,6.40468],[-75.28906,6.40435],[-75.28902,6.40398],[-75.28902,6.40369],[-75.28904,6.40348],[-75.28898,6.40324],[-75.28888,6.40283],[-75.28875,6.40251],[-75.28859,6.40235],[-75.28833,6.40212],[-75.288,6.40189],[-75.28769,6.40176],[-75.28765,6.40133],[-75.2875,6.4006],[-75.28741,6.40038],[-75.28733,6.40005],[-75.28732,6.40002],[-75.2874,6.39999],[-75.2877,6.39988],[-75.28801,6.39977],[-75.28819,6.39971],[-75.28824,6.39979],[-75.28833,6.39996],[-75.28847,6.40012],[-75.28863,6.40027],[-75.28876,6.40038],[-75.28892,6.40048],[-75.2892,6.40063],[-75.28941,6.40069],[-75.28948,6.40086],[-75.28955,6.40095],[-75.28966,6.40105],[-75.2898,6.40116],[-75.28989,6.4013],[-75.28997,6.40145],[-75.29002,6.40148],[-75.29005,6.40149],[-75.29021,6.40148],[-75.29055,6.40133],[-75.29082,6.40112],[-75.29093,6.40106],[-75.29099,6.40105],[-75.29106,6.40107],[-75.29111,6.4011],[-75.2912,6.40115],[-75.29133,6.40115],[-75.29159,6.40113],[-75.29178,6.40107],[-75.29181,6.40113],[-75.29186,6.40123],[-75.29192,6.40136],[-75.29193,6.40145],[-75.29194,6.40149],[-75.29201,6.40162],[-75.29212,6.40177],[-75.29223,6.40193],[-75.29236,6.40213],[-75.29246,6.40226],[-75.29275,6.40229],[-75.29314,6.40237],[-75.29347,6.40249],[-75.29363,6.4025],[-75.29374,6.4025],[-75.2938,6.40247],[-75.29384,6.40242],[-75.2939,6.40234],[-75.29393,6.40232],[-75.29405,6.40226],[-75.29425,6.40226],[-75.29476,6.40225],[-75.29521,6.40226],[-75.29545,6.40228],[-75.29561,6.40229],[-75.29575,6.40229],[-75.29583,6.40256],[-75.29594,6.40286],[-75.29603,6.40316],[-75.29608,6.40344],[-75.29639,6.40367],[-75.29699,6.40387],[-75.29748,6.40399],[-75.29878,6.40406],[-75.29904,6.40405],[-75.29951,6.40402],[-75.30133,6.40397],[-75.30159,6.40395],[-75.30257,6.40384],[-75.30321,6.40342],[-75.30324,6.4032],[-75.30324,6.40313],[-75.30326,6.40287],[-75.3032,6.40233],[-75.30312,6.40208],[-75.30307,6.40199],[-75.30293,6.4017],[-75.30289,6.40161],[-75.30334,6.40143],[-75.3034,6.40138],[-75.30355,6.40126],[-75.30364,6.40116],[-75.30373,6.40106],[-75.30393,6.4008],[-75.30404,6.40065],[-75.30415,6.40057],[-75.30418,6.40053],[-75.30435,6.40032],[-75.30453,6.40016],[-75.3046,6.4001],[-75.3048,6.40002],[-75.30507,6.39997],[-75.3052,6.39996],[-75.30528,6.39997],[-75.30534,6.39999],[-75.30566,6.40002],[-75.30582,6.39999],[-75.30613,6.39992],[-75.30646,6.39984],[-75.30668,6.39971],[-75.30691,6.39958],[-75.30704,6.39949],[-75.30711,6.39946],[-75.30725,6.39944],[-75.30739,6.39943],[-75.30751,6.39943],[-75.30808,6.39937],[-75.30827,6.39934],[-75.30862,6.39923],[-75.30888,6.39913],[-75.3091,6.39898],[-75.30928,6.39887],[-75.30939,6.39882],[-75.30949,6.39877],[-75.30967,6.39871],[-75.30972,6.39863],[-75.30978,6.39848],[-75.30997,6.39808],[-75.31011,6.39787],[-75.31031,6.39758],[-75.31034,6.39734],[-75.31024,6.39705],[-75.31009,6.39669],[-75.30985,6.39635],[-75.30982,6.39631],[-75.30959,6.396],[-75.30938,6.39562],[-75.30922,6.39528],[-75.30915,6.39501],[-75.30894,6.39464],[-75.30879,6.39445],[-75.30871,6.39435],[-75.30837,6.39402],[-75.30803,6.39373],[-75.30782,6.39338],[-75.30762,6.39279],[-75.30752,6.3924],[-75.30747,6.39231],[-75.30719,6.39229],[-75.30685,6.39218],[-75.30668,6.39209],[-75.30664,6.39206],[-75.30668,6.39203],[-75.30671,6.39201],[-75.30675,6.39199],[-75.30679,6.39197],[-75.30681,6.39196],[-75.30684,6.39195],[-75.30687,6.39194],[-75.30689,6.39193],[-75.30692,6.39192],[-75.30695,6.3919],[-75.30699,6.39189],[-75.30703,6.39188],[-75.30706,6.39187],[-75.30709,6.39186],[-75.30712,6.39185],[-75.30715,6.39184],[-75.30719,6.39183],[-75.30722,6.39181],[-75.30724,6.3918],[-75.30729,6.39178],[-75.30731,6.39176],[-75.30733,6.39175],[-75.30736,6.39174],[-75.30739,6.39171],[-75.30742,6.39169],[-75.30744,6.39167],[-75.30748,6.39164],[-75.30752,6.3916],[-75.30754,6.39156],[-75.30756,6.39154],[-75.30758,6.39152],[-75.30761,6.39148],[-75.30762,6.39145],[-75.30765,6.39142],[-75.30769,6.39138],[-75.30772,6.39134],[-75.30775,6.39132],[-75.30777,6.3913],[-75.3078,6.39127],[-75.30783,6.39124],[-75.30786,6.39122],[-75.30788,6.3912],[-75.3079,6.39118],[-75.30793,6.39115],[-75.30795,6.39112],[-75.30797,6.39109],[-75.30799,6.39107],[-75.30803,6.39104],[-75.30807,6.39101],[-75.3081,6.39099],[-75.30813,6.39098],[-75.30816,6.39097],[-75.30818,6.39095],[-75.30821,6.39094],[-75.30824,6.39093],[-75.30826,6.39092],[-75.30829,6.39089],[-75.30832,6.39086],[-75.30834,6.39083],[-75.30837,6.3908],[-75.30839,6.39075],[-75.30841,6.39071],[-75.30842,6.39068],[-75.30844,6.39065],[-75.30847,6.39061],[-75.30851,6.39057],[-75.30854,6.39055],[-75.30857,6.39054],[-75.3086,6.39052],[-75.30864,6.3905],[-75.30868,6.39049],[-75.30871,6.39047],[-75.30873,6.39046],[-75.30877,6.39044],[-75.3088,6.39043],[-75.30884,6.39041],[-75.30887,6.3904],[-75.30889,6.39043],[-75.30891,6.39045],[-75.30894,6.39048],[-75.30896,6.39051],[-75.30899,6.39054],[-75.30902,6.39057],[-75.30905,6.3906],[-75.30907,6.39063],[-75.3091,6.39067],[-75.30914,6.3907],[-75.30917,6.39073],[-75.3092,6.39076],[-75.30923,6.3908],[-75.30925,6.39083],[-75.30928,6.39087],[-75.3093,6.39091],[-75.30932,6.39094],[-75.30934,6.39098],[-75.30936,6.39102],[-75.30937,6.39105],[-75.30939,6.39108],[-75.30941,6.39111],[-75.30943,6.39115],[-75.30945,6.39118],[-75.30947,6.39121],[-75.3095,6.39125],[-75.30952,6.39128],[-75.30954,6.3913],[-75.30956,6.39132],[-75.30959,6.39135],[-75.30962,6.39138],[-75.30965,6.3914],[-75.30967,6.39142],[-75.3097,6.39144],[-75.30972,6.39147],[-75.30974,6.39148],[-75.30977,6.39151],[-75.30979,6.39154],[-75.30982,6.39157],[-75.30984,6.39159],[-75.30988,6.3916],[-75.30992,6.39161],[-75.30995,6.39161],[-75.31001,6.3916],[-75.31004,6.3916],[-75.31008,6.39161],[-75.31013,6.39162],[-75.31016,6.39163],[-75.31019,6.39164],[-75.31023,6.39164],[-75.31025,6.39165],[-75.31029,6.39166],[-75.31032,6.39166],[-75.31038,6.39166],[-75.31041,6.39166],[-75.31044,6.39165],[-75.31047,6.39164],[-75.3105,6.39164],[-75.31054,6.39163],[-75.31057,6.39162],[-75.31061,6.3916],[-75.31065,6.39159],[-75.31067,6.39158],[-75.31071,6.39158],[-75.31076,6.39158],[-75.3108,6.3916],[-75.31083,6.39162],[-75.31086,6.39164],[-75.3109,6.39168],[-75.31093,6.39171],[-75.31097,6.39174],[-75.311,6.39177],[-75.31102,6.39179],[-75.31105,6.3918],[-75.31107,6.39182],[-75.3111,6.39184],[-75.31113,6.39187],[-75.31117,6.39189],[-75.31121,6.39192],[-75.31124,6.39194],[-75.31127,6.39197],[-75.31131,6.392],[-75.31134,6.39202],[-75.31137,6.39204],[-75.3114,6.39206],[-75.31143,6.39208],[-75.31146,6.3921],[-75.31148,6.39211],[-75.31151,6.39214],[-75.31154,6.39215],[-75.31157,6.39217],[-75.31161,6.39219],[-75.31165,6.39221],[-75.31169,6.39223],[-75.31172,6.39224],[-75.31175,6.39224],[-75.31179,6.39224],[-75.31182,6.39224],[-75.31186,6.39223],[-75.31189,6.39222],[-75.31192,6.39221],[-75.31197,6.3922],[-75.31201,6.39219],[-75.31204,6.39218],[-75.31207,6.39218],[-75.31212,6.39218],[-75.31215,6.39218],[-75.31218,6.39218],[-75.31222,6.39219],[-75.31225,6.39219],[-75.3123,6.3922],[-75.31234,6.3922],[-75.31237,6.39221],[-75.31241,6.39221],[-75.31253,6.39221],[-75.31258,6.3922],[-75.31262,6.3922],[-75.31265,6.39219],[-75.31268,6.39219],[-75.31271,6.39219],[-75.31275,6.39218],[-75.31278,6.39217],[-75.31282,6.39216],[-75.31285,6.39216],[-75.31287,6.39215],[-75.31291,6.39213],[-75.31294,6.39212],[-75.31297,6.39211],[-75.313,6.39209],[-75.31304,6.39206],[-75.31306,6.39204],[-75.31309,6.39201],[-75.31311,6.39198],[-75.31313,6.39195],[-75.31315,6.39193],[-75.31316,6.3919],[-75.31318,6.39187],[-75.31319,6.39184],[-75.3132,6.3918],[-75.3132,6.39177],[-75.31321,6.39174],[-75.31322,6.3917],[-75.31324,6.39168],[-75.31328,6.39166],[-75.31331,6.39166],[-75.31335,6.39167],[-75.31339,6.39168],[-75.31342,6.39169],[-75.31345,6.3917],[-75.3135,6.39172],[-75.31354,6.39174],[-75.31358,6.39175],[-75.31364,6.39177],[-75.31368,6.39177],[-75.31373,6.39177],[-75.31377,6.39175],[-75.3138,6.39173],[-75.31382,6.39171],[-75.31385,6.39169],[-75.31388,6.39166],[-75.31392,6.39163],[-75.31394,6.39161],[-75.31397,6.39157],[-75.314,6.39155],[-75.31402,6.39153],[-75.31405,6.3915],[-75.31408,6.39146],[-75.31411,6.39143],[-75.31413,6.3914],[-75.31415,6.39138],[-75.31417,6.39136],[-75.31419,6.39133],[-75.31421,6.39129],[-75.31424,6.39127],[-75.31427,6.39122],[-75.31428,6.39119],[-75.31428,6.39112],[-75.31428,6.39109],[-75.31427,6.39105],[-75.31427,6.39102],[-75.31427,6.39098],[-75.31426,6.3909],[-75.31426,6.39081],[-75.31427,6.39078],[-75.31429,6.39075],[-75.31432,6.39073],[-75.31436,6.3907],[-75.31439,6.39067],[-75.31442,6.39065],[-75.31446,6.39062],[-75.31449,6.3906],[-75.31452,6.39057],[-75.31454,6.39054],[-75.31457,6.3905],[-75.31459,6.39045],[-75.3146,6.3904],[-75.31461,6.39037],[-75.31462,6.39033],[-75.31463,6.3903],[-75.31464,6.39027],[-75.31465,6.39024],[-75.31466,6.3902],[-75.31467,6.39016],[-75.31467,6.39013],[-75.31468,6.3901],[-75.31468,6.39006],[-75.31469,6.39001],[-75.31469,6.38998],[-75.3147,6.38995],[-75.3147,6.38992],[-75.3147,6.38982],[-75.31471,6.3898],[-75.31471,6.38977],[-75.3147,6.38967],[-75.3147,6.38964],[-75.31468,6.38959],[-75.31465,6.38955],[-75.31463,6.38951],[-75.3146,6.38947],[-75.31459,6.38943],[-75.31457,6.3894],[-75.31455,6.38937],[-75.31454,6.38934],[-75.31452,6.38931],[-75.3145,6.38927],[-75.31448,6.38924],[-75.31446,6.3892],[-75.31443,6.38917],[-75.31442,6.38914],[-75.31439,6.38911],[-75.31437,6.38908],[-75.31435,6.38905],[-75.31434,6.38903],[-75.31433,6.389],[-75.31432,6.38897],[-75.3143,6.38893],[-75.31429,6.38891],[-75.31427,6.38887],[-75.31425,6.38884],[-75.31423,6.38881],[-75.31422,6.38878],[-75.31421,6.38875],[-75.3142,6.38873],[-75.31419,6.38869],[-75.31421,6.38865],[-75.31423,6.38861],[-75.31425,6.38858],[-75.31427,6.38855],[-75.31428,6.38851],[-75.31429,6.38849],[-75.31431,6.38846],[-75.31433,6.38843],[-75.31436,6.38841],[-75.31439,6.38839],[-75.31441,6.38838],[-75.31444,6.38837],[-75.31446,6.38836],[-75.3145,6.38835],[-75.31454,6.38833],[-75.31458,6.38831],[-75.3146,6.38829],[-75.31462,6.38827],[-75.31465,6.38824],[-75.31467,6.38821],[-75.31469,6.38819],[-75.31471,6.38817],[-75.31474,6.38815],[-75.31477,6.38813],[-75.3148,6.38812],[-75.31483,6.38811],[-75.31487,6.3881],[-75.3149,6.3881],[-75.31496,6.3881],[-75.31499,6.3881],[-75.31504,6.38809],[-75.31508,6.38808],[-75.3151,6.38805],[-75.31513,6.38804],[-75.31515,6.38803],[-75.31518,6.38802],[-75.31525,6.38802],[-75.31528,6.38803],[-75.31532,6.38805],[-75.31535,6.38807],[-75.31537,6.38809],[-75.31541,6.38813],[-75.31544,6.38816],[-75.31547,6.38819],[-75.31549,6.38821],[-75.31551,6.38824],[-75.31554,6.38828],[-75.31557,6.38831],[-75.31559,6.38834],[-75.3156,6.38835],[-75.31563,6.38838],[-75.31565,6.38841],[-75.31568,6.38843],[-75.31572,6.38845],[-75.31576,6.38846],[-75.31579,6.38847],[-75.31583,6.38849],[-75.31587,6.38849],[-75.3159,6.3885],[-75.31593,6.3885],[-75.31596,6.38851],[-75.31601,6.38851],[-75.31605,6.38851],[-75.31609,6.38852],[-75.31614,6.38851],[-75.31618,6.38851],[-75.31622,6.3885],[-75.31626,6.3885],[-75.31629,6.38847],[-75.31631,6.38844],[-75.31634,6.38841],[-75.31637,6.38838],[-75.3164,6.38836],[-75.31644,6.38833],[-75.31646,6.38832],[-75.31649,6.38831],[-75.31654,6.38829],[-75.31657,6.38827],[-75.31661,6.38825],[-75.31665,6.38823],[-75.31668,6.38821],[-75.31671,6.38819],[-75.31675,6.38816],[-75.31679,6.38814],[-75.31683,6.38811],[-75.31687,6.38809],[-75.3169,6.38807],[-75.31693,6.38804],[-75.31697,6.38802],[-75.31699,6.388],[-75.31701,6.38798],[-75.31704,6.38796],[-75.31707,6.38794],[-75.31708,6.3879],[-75.31709,6.38786],[-75.3171,6.38782],[-75.3171,6.38777],[-75.31712,6.38773],[-75.31713,6.3877],[-75.31714,6.38767],[-75.31717,6.38765],[-75.3172,6.38762],[-75.31724,6.3876],[-75.31727,6.38758],[-75.31731,6.38756],[-75.31734,6.38754],[-75.31737,6.38753],[-75.3174,6.38751],[-75.31743,6.3875],[-75.31746,6.38749],[-75.31748,6.38747],[-75.31752,6.38746],[-75.31757,6.38746],[-75.31779,6.38745],[-75.31782,6.38744],[-75.31785,6.38744],[-75.31788,6.38743],[-75.31791,6.38743],[-75.31795,6.38741],[-75.31799,6.38739],[-75.31802,6.38737],[-75.31806,6.38735],[-75.31809,6.38733],[-75.31811,6.38731],[-75.31814,6.38729],[-75.31817,6.38726],[-75.3182,6.38724],[-75.31823,6.38722],[-75.31825,6.38719],[-75.31828,6.38716],[-75.31831,6.38714],[-75.31834,6.38711],[-75.31837,6.38709],[-75.31839,6.38707],[-75.31842,6.38705],[-75.31844,6.38703],[-75.31848,6.38701],[-75.31851,6.38699],[-75.31856,6.38697],[-75.31859,6.38695],[-75.31862,6.38693],[-75.31866,6.38691],[-75.31869,6.3869],[-75.31872,6.38689],[-75.31874,6.38687],[-75.31877,6.38686],[-75.3188,6.38683],[-75.31883,6.38681],[-75.31887,6.38678],[-75.31889,6.38676],[-75.31891,6.38673],[-75.31893,6.38672],[-75.31896,6.38669],[-75.31899,6.38667],[-75.31901,6.38666],[-75.31905,6.38663],[-75.31909,6.38661],[-75.31913,6.38659],[-75.31917,6.38657],[-75.31924,6.38657],[-75.31929,6.38658],[-75.31932,6.38658],[-75.31943,6.38658],[-75.31946,6.38658],[-75.31949,6.38657],[-75.31953,6.38657],[-75.31961,6.38657],[-75.31964,6.38658],[-75.31967,6.38659],[-75.3197,6.38662],[-75.31971,6.38666],[-75.31972,6.3867],[-75.31973,6.38673],[-75.31974,6.38676],[-75.31976,6.38679],[-75.31978,6.38682],[-75.31982,6.38685],[-75.31984,6.38687],[-75.31986,6.3869],[-75.31988,6.38692],[-75.31991,6.38694],[-75.31995,6.38697],[-75.31999,6.387],[-75.32001,6.38702],[-75.32004,6.38704],[-75.32006,6.38706],[-75.32009,6.38708],[-75.32011,6.38709],[-75.32016,6.38711],[-75.32019,6.38714],[-75.32022,6.38716],[-75.32025,6.38719],[-75.32029,6.38722],[-75.32031,6.38725],[-75.32033,6.38728],[-75.32035,6.38733],[-75.32037,6.38737],[-75.32038,6.38741],[-75.32039,6.38744],[-75.3204,6.38747],[-75.32041,6.38751],[-75.32043,6.38754],[-75.32045,6.38756],[-75.32047,6.38761],[-75.32049,6.38764],[-75.32051,6.38767],[-75.32054,6.38771],[-75.32056,6.38774],[-75.32058,6.38776],[-75.3206,6.38778],[-75.32063,6.3878],[-75.32066,6.38782],[-75.32069,6.38784],[-75.32073,6.38785],[-75.32078,6.38787],[-75.3208,6.38787],[-75.32083,6.38788],[-75.32086,6.38789],[-75.32089,6.3879],[-75.32093,6.38792],[-75.32096,6.38794],[-75.32099,6.38796],[-75.32101,6.38797],[-75.32104,6.38799],[-75.32107,6.388],[-75.3211,6.38802],[-75.32114,6.38805],[-75.32117,6.38807],[-75.3212,6.38809],[-75.32124,6.38811],[-75.32128,6.38813],[-75.3213,6.38814],[-75.32134,6.38815],[-75.32137,6.38816],[-75.3214,6.38817],[-75.32143,6.38819],[-75.32145,6.3882],[-75.32149,6.38823],[-75.32153,6.38826],[-75.32156,6.38828],[-75.32159,6.38829],[-75.32164,6.38832],[-75.32168,6.38834],[-75.32172,6.38836],[-75.32175,6.38837],[-75.32178,6.38839],[-75.32181,6.3884],[-75.32185,6.38843],[-75.32188,6.38844],[-75.32191,6.38846],[-75.32194,6.3885],[-75.32198,6.38853],[-75.32201,6.38855],[-75.32204,6.38857],[-75.32207,6.38861],[-75.32209,6.38864],[-75.32211,6.38866],[-75.32213,6.3887],[-75.32215,6.38873],[-75.32216,6.38876],[-75.32216,6.38881],[-75.32216,6.38884],[-75.32216,6.38888],[-75.32215,6.38892],[-75.32215,6.38895],[-75.32215,6.389],[-75.32214,6.38905],[-75.32214,6.38909],[-75.32213,6.38913],[-75.32212,6.38916],[-75.32212,6.3892],[-75.32211,6.38923],[-75.3221,6.38928],[-75.3221,6.38932],[-75.3221,6.38935],[-75.3221,6.38942],[-75.3221,6.38944],[-75.32211,6.38947],[-75.32211,6.38951],[-75.32212,6.38954],[-75.32213,6.38957],[-75.32214,6.38961],[-75.32216,6.38964],[-75.32218,6.38967],[-75.32221,6.38972],[-75.32223,6.38976],[-75.32225,6.38978],[-75.32228,6.38981],[-75.32229,6.38984],[-75.32231,6.38986],[-75.32232,6.3899],[-75.32234,6.38994],[-75.32235,6.38998],[-75.32236,6.39001],[-75.32238,6.39006],[-75.32239,6.39009],[-75.3224,6.39011],[-75.32242,6.39015],[-75.32244,6.39019],[-75.32246,6.39023],[-75.32248,6.39026],[-75.3225,6.39028],[-75.32252,6.39031],[-75.32255,6.39035],[-75.32258,6.39037],[-75.3226,6.3904],[-75.32261,6.39043],[-75.32262,6.39049],[-75.32261,6.39053],[-75.3226,6.39057],[-75.3226,6.3906],[-75.32259,6.39062],[-75.32257,6.39066],[-75.32256,6.3907],[-75.32253,6.39074],[-75.32251,6.39079],[-75.32248,6.39083],[-75.32247,6.39088],[-75.32246,6.39093],[-75.32246,6.39097],[-75.32247,6.39102],[-75.32247,6.39106],[-75.32248,6.3911],[-75.32248,6.39114],[-75.32249,6.39118],[-75.32249,6.39123],[-75.3225,6.39128],[-75.32251,6.39132],[-75.32251,6.39135],[-75.32252,6.3914],[-75.32252,6.39143],[-75.32253,6.39147],[-75.32253,6.3915],[-75.32254,6.39154],[-75.32254,6.39157],[-75.32255,6.39161],[-75.32256,6.39166],[-75.32256,6.39169],[-75.32255,6.39173],[-75.32254,6.39177],[-75.32253,6.3918],[-75.32252,6.39182],[-75.32251,6.39187],[-75.32251,6.39189],[-75.3225,6.39192],[-75.3225,6.39195],[-75.32252,6.39199],[-75.32255,6.392],[-75.32258,6.392],[-75.32262,6.392],[-75.32266,6.39202],[-75.3227,6.39204],[-75.32276,6.39207],[-75.32279,6.39208],[-75.32282,6.39209],[-75.32285,6.39211],[-75.32289,6.39213],[-75.32292,6.39215],[-75.32295,6.39216],[-75.32297,6.39218],[-75.32302,6.39221],[-75.32305,6.39223],[-75.32308,6.39225],[-75.32311,6.39227],[-75.32314,6.39229],[-75.32317,6.3923],[-75.3232,6.39232],[-75.32324,6.39234],[-75.32328,6.39236],[-75.32331,6.39237],[-75.32335,6.39239],[-75.3234,6.39242],[-75.32343,6.39244],[-75.32346,6.39245],[-75.32349,6.39246],[-75.32352,6.39247],[-75.32355,6.39248],[-75.32359,6.39249],[-75.32364,6.3925],[-75.32372,6.39249],[-75.32376,6.39249],[-75.3238,6.39247],[-75.3238,6.39241],[-75.32381,6.39237],[-75.32383,6.39234],[-75.32386,6.39233],[-75.32389,6.39232],[-75.32393,6.39231],[-75.32396,6.3923],[-75.32399,6.39229],[-75.32402,6.39228],[-75.32405,6.39226],[-75.32409,6.39225],[-75.32413,6.39224],[-75.32417,6.39222],[-75.3242,6.39221],[-75.32423,6.3922],[-75.32426,6.39219],[-75.32429,6.39218],[-75.32433,6.39216],[-75.32442,6.39216],[-75.32444,6.39216],[-75.32447,6.39217],[-75.32451,6.39218],[-75.32454,6.39219],[-75.32459,6.39221],[-75.32464,6.39222],[-75.32467,6.39223],[-75.3247,6.39224],[-75.32474,6.39225],[-75.32478,6.39226],[-75.32481,6.39227],[-75.32484,6.39228],[-75.32488,6.39229],[-75.32491,6.39229],[-75.32494,6.39229],[-75.32499,6.39229],[-75.32502,6.39229],[-75.32506,6.39229],[-75.32518,6.39229],[-75.32521,6.39229],[-75.32524,6.39229],[-75.32527,6.39228],[-75.3253,6.39228],[-75.32533,6.39227],[-75.32537,6.39227],[-75.32542,6.39226],[-75.32546,6.39226],[-75.32548,6.39226],[-75.32551,6.39225],[-75.32555,6.39225],[-75.32559,6.39224],[-75.32562,6.39224],[-75.32566,6.39224],[-75.32573,6.39223],[-75.32577,6.39224],[-75.3258,6.39225],[-75.32584,6.39227],[-75.32587,6.39231],[-75.32588,6.39235],[-75.32588,6.3924],[-75.32589,6.39245],[-75.3259,6.39248],[-75.32591,6.39251],[-75.32592,6.39254],[-75.32592,6.39257],[-75.32594,6.3926],[-75.32595,6.39263],[-75.32598,6.39265],[-75.326,6.39266],[-75.32603,6.39267],[-75.32606,6.39267],[-75.3262,6.39267],[-75.32623,6.39267],[-75.32632,6.39267],[-75.32635,6.39267],[-75.32639,6.39266],[-75.32652,6.39266],[-75.32656,6.39266],[-75.32666,6.39265],[-75.32669,6.39265],[-75.32672,6.39265],[-75.32676,6.39264],[-75.32679,6.39264],[-75.32682,6.39263],[-75.32685,6.39262],[-75.32688,6.39261],[-75.32691,6.3926],[-75.32694,6.39259],[-75.32698,6.39257],[-75.32701,6.39256],[-75.32704,6.39254],[-75.32707,6.39253],[-75.32711,6.39252],[-75.32716,6.39252],[-75.32721,6.39253],[-75.32724,6.39255],[-75.32727,6.39257],[-75.3273,6.39259],[-75.32732,6.39261],[-75.32734,6.39262],[-75.32737,6.39264],[-75.3274,6.39267],[-75.32743,6.39271],[-75.32746,6.39273],[-75.32748,6.39276],[-75.3275,6.39278],[-75.32751,6.39281],[-75.32753,6.39284],[-75.32755,6.39287],[-75.32757,6.3929],[-75.32759,6.39293],[-75.32762,6.39297],[-75.32764,6.393],[-75.32765,6.39303],[-75.32767,6.39306],[-75.32769,6.39308],[-75.32773,6.39311],[-75.32775,6.39313],[-75.32777,6.39314],[-75.3278,6.39316],[-75.32785,6.39318],[-75.32788,6.3932],[-75.32792,6.39322],[-75.32794,6.39323],[-75.32797,6.39324],[-75.32802,6.39325],[-75.32805,6.39327],[-75.3281,6.39328],[-75.32814,6.39329],[-75.32818,6.39329],[-75.32822,6.3933],[-75.32824,6.3933],[-75.32832,6.3933],[-75.32835,6.3933],[-75.32838,6.39329],[-75.32841,6.39329],[-75.32844,6.39329],[-75.32847,6.39328],[-75.3285,6.39328],[-75.32854,6.39327],[-75.32858,6.39326],[-75.32864,6.39326],[-75.32867,6.39327],[-75.32871,6.39327],[-75.32875,6.39328],[-75.32879,6.39329],[-75.32882,6.39331],[-75.32885,6.39333],[-75.32886,6.39336],[-75.32886,6.39339],[-75.32887,6.39342],[-75.32887,6.39345],[-75.32887,6.39349],[-75.32888,6.39354],[-75.32889,6.39358],[-75.3289,6.39361],[-75.32891,6.39364],[-75.32893,6.39369],[-75.32895,6.39372],[-75.32898,6.39376],[-75.329,6.39378],[-75.32903,6.3938],[-75.32907,6.39383],[-75.32909,6.39384],[-75.32913,6.39386],[-75.32917,6.39387],[-75.3292,6.39388],[-75.32922,6.39389],[-75.32925,6.39389],[-75.32927,6.3939],[-75.3293,6.39391],[-75.32934,6.39392],[-75.32937,6.39393],[-75.32942,6.39393],[-75.32946,6.39394],[-75.3295,6.39394],[-75.32954,6.39395],[-75.32958,6.39396],[-75.32961,6.39398],[-75.32963,6.394],[-75.32965,6.39403],[-75.32967,6.39407],[-75.32969,6.3941],[-75.32971,6.39414],[-75.32973,6.39418],[-75.32975,6.39421],[-75.32976,6.39424],[-75.32977,6.39427],[-75.32979,6.39432],[-75.3298,6.39437],[-75.32982,6.39442],[-75.32983,6.39444],[-75.32985,6.39447],[-75.32986,6.39451],[-75.32988,6.39454],[-75.3299,6.39457],[-75.32991,6.39459],[-75.32992,6.39462],[-75.32994,6.39464],[-75.32995,6.39467],[-75.32997,6.39471],[-75.33,6.39476],[-75.33002,6.3948],[-75.33003,6.39484],[-75.33004,6.39487],[-75.33006,6.3949],[-75.33007,6.39494],[-75.33008,6.39496],[-75.3301,6.39499],[-75.33011,6.39502],[-75.33012,6.39504],[-75.33014,6.39507],[-75.33017,6.3951],[-75.3302,6.39513],[-75.33022,6.39516],[-75.33024,6.39518],[-75.33026,6.3952],[-75.33031,6.39523],[-75.33034,6.39524],[-75.33037,6.39526],[-75.33041,6.39527],[-75.33044,6.39528],[-75.33048,6.39529],[-75.33052,6.3953],[-75.33056,6.3953],[-75.33059,6.39531],[-75.33063,6.39531],[-75.33067,6.39532],[-75.33071,6.39534],[-75.33075,6.39536],[-75.3308,6.39537],[-75.33084,6.39538],[-75.33087,6.39539],[-75.33092,6.39541],[-75.33096,6.39543],[-75.331,6.39544],[-75.33104,6.39545],[-75.33107,6.39547],[-75.3311,6.39548],[-75.33113,6.3955],[-75.33116,6.39551],[-75.33119,6.39553],[-75.33123,6.39555],[-75.33127,6.39557],[-75.33132,6.39559],[-75.33136,6.39562],[-75.33139,6.39564],[-75.33142,6.39566],[-75.33147,6.39568],[-75.3315,6.3957],[-75.33152,6.39571],[-75.33154,6.39573],[-75.33158,6.39576],[-75.3316,6.39578],[-75.33163,6.3958],[-75.33166,6.39582],[-75.33168,6.39584],[-75.33171,6.39585],[-75.33176,6.39588],[-75.33179,6.3959],[-75.33181,6.39592],[-75.33184,6.39593],[-75.33186,6.39595],[-75.33189,6.39596],[-75.33192,6.39598],[-75.33195,6.396],[-75.33199,6.39601],[-75.33202,6.39602],[-75.33204,6.39603],[-75.33208,6.39604],[-75.33211,6.39605],[-75.33214,6.39606],[-75.33217,6.39606],[-75.33221,6.39608],[-75.33224,6.39609],[-75.33227,6.3961],[-75.33229,6.39613],[-75.33229,6.39617],[-75.33228,6.3962],[-75.33226,6.39623],[-75.33224,6.39625],[-75.33222,6.39628],[-75.3322,6.39631],[-75.33218,6.39634],[-75.33216,6.39637],[-75.33215,6.39639],[-75.33213,6.39642],[-75.33211,6.39645],[-75.3321,6.39648],[-75.33208,6.39652],[-75.33206,6.39655],[-75.33204,6.39657],[-75.33202,6.39661],[-75.332,6.39664],[-75.33199,6.39666],[-75.33196,6.39669],[-75.33194,6.39673],[-75.33192,6.39677],[-75.3319,6.39679],[-75.33188,6.39685],[-75.33186,6.39687],[-75.33186,6.3969],[-75.33184,6.39693],[-75.33183,6.39696],[-75.33182,6.39698],[-75.33181,6.39701],[-75.33179,6.39704],[-75.33177,6.39708],[-75.33176,6.39712],[-75.33174,6.39717],[-75.33173,6.39721],[-75.33172,6.39725],[-75.33171,6.39729],[-75.3317,6.39732],[-75.33169,6.39737],[-75.33168,6.39739],[-75.33168,6.39742],[-75.33167,6.39745],[-75.33167,6.39749],[-75.33166,6.39753],[-75.33166,6.39756],[-75.33166,6.3976],[-75.33166,6.39763],[-75.33167,6.39766],[-75.33168,6.39769],[-75.33169,6.39771],[-75.3317,6.39778],[-75.33171,6.39781],[-75.33171,6.39784],[-75.33173,6.39789],[-75.33174,6.39791],[-75.33176,6.39796],[-75.33178,6.39799],[-75.3318,6.39801],[-75.33182,6.39804],[-75.33185,6.39807],[-75.33187,6.3981],[-75.33188,6.39814],[-75.33191,6.39818],[-75.33193,6.3982],[-75.33195,6.39822],[-75.33197,6.39825],[-75.332,6.39828],[-75.33202,6.39831],[-75.33205,6.39834],[-75.33207,6.39837],[-75.33209,6.39839],[-75.33211,6.39841],[-75.33215,6.39845],[-75.33217,6.39847],[-75.33221,6.39851],[-75.33224,6.39853],[-75.33227,6.39855],[-75.3323,6.39857],[-75.33235,6.39859],[-75.33239,6.39861],[-75.33241,6.39862],[-75.33244,6.39864],[-75.33248,6.39865],[-75.33251,6.39867],[-75.33255,6.39868],[-75.33259,6.39869],[-75.33263,6.39871],[-75.33268,6.39872],[-75.33272,6.39873],[-75.33275,6.39874],[-75.3328,6.39876],[-75.33282,6.39876],[-75.33286,6.39877],[-75.33289,6.39878],[-75.33292,6.39878],[-75.33296,6.39879],[-75.33299,6.3988],[-75.33303,6.39881],[-75.33308,6.39883],[-75.33311,6.39884],[-75.33314,6.39885],[-75.33318,6.39887],[-75.33321,6.39888],[-75.33323,6.39889],[-75.33327,6.39891],[-75.33333,6.39892],[-75.33337,6.39894],[-75.33341,6.39894],[-75.33347,6.39896],[-75.33351,6.39897],[-75.33354,6.39898],[-75.33358,6.39899],[-75.33361,6.39901],[-75.33364,6.39902],[-75.33367,6.39903],[-75.3337,6.39904],[-75.33373,6.39905],[-75.33376,6.39907],[-75.33379,6.39908],[-75.33382,6.39909],[-75.33387,6.39911],[-75.33391,6.39913],[-75.33394,6.39914],[-75.33397,6.39915],[-75.334,6.39916],[-75.33406,6.39918],[-75.3341,6.3992],[-75.33415,6.39921],[-75.33419,6.39922],[-75.33422,6.39923],[-75.33425,6.39924],[-75.33428,6.39925],[-75.33431,6.39925],[-75.33434,6.39926],[-75.33437,6.39928],[-75.33441,6.39929],[-75.33446,6.39931],[-75.3345,6.39933],[-75.33454,6.39934],[-75.33457,6.39935],[-75.33459,6.39936],[-75.33462,6.39937],[-75.33465,6.39937],[-75.3347,6.39938],[-75.33473,6.39939],[-75.33479,6.39939],[-75.33484,6.39939],[-75.33498,6.39939],[-75.33501,6.39938],[-75.33504,6.39938],[-75.33508,6.39938],[-75.33512,6.39937],[-75.33515,6.39937],[-75.33517,6.39936],[-75.33521,6.39934],[-75.33526,6.39932],[-75.3353,6.3993],[-75.33532,6.39929],[-75.33536,6.39927],[-75.3354,6.39926],[-75.33543,6.39925],[-75.33546,6.39924],[-75.33549,6.39923],[-75.33555,6.39922],[-75.33559,6.39921],[-75.33562,6.3992],[-75.33564,6.39919],[-75.33568,6.39918],[-75.33572,6.39917],[-75.33575,6.39916],[-75.33578,6.39914],[-75.3358,6.39913],[-75.33584,6.39911],[-75.33587,6.3991],[-75.33591,6.39908],[-75.33594,6.39906],[-75.33597,6.39904],[-75.336,6.39902],[-75.33604,6.39899],[-75.33606,6.39898],[-75.33609,6.39897],[-75.33612,6.39894],[-75.33615,6.39892],[-75.3362,6.39888],[-75.33623,6.39885],[-75.33625,6.39883],[-75.33627,6.39879],[-75.33629,6.39877],[-75.33631,6.39875],[-75.33633,6.39872],[-75.33635,6.39868],[-75.33638,6.39865],[-75.33639,6.39863],[-75.33641,6.39858],[-75.33643,6.39855],[-75.33644,6.39852],[-75.33646,6.39848],[-75.33647,6.39846],[-75.33649,6.39843],[-75.33651,6.3984],[-75.33654,6.39837],[-75.33656,6.39835],[-75.33658,6.39833],[-75.33662,6.39831],[-75.33666,6.3983],[-75.3367,6.39828],[-75.33675,6.39825],[-75.33677,6.39824],[-75.3368,6.39822],[-75.33682,6.39821],[-75.33685,6.39819],[-75.33689,6.39816],[-75.33691,6.39814],[-75.33694,6.39812],[-75.33696,6.39809],[-75.33699,6.39807],[-75.33702,6.39804],[-75.33704,6.39802],[-75.33706,6.39799],[-75.3371,6.39795],[-75.33712,6.39792],[-75.33714,6.3979],[-75.33716,6.39787],[-75.33718,6.39784],[-75.3372,6.39781],[-75.33722,6.39779],[-75.33725,6.39775],[-75.33728,6.39771],[-75.33731,6.39769],[-75.33734,6.39766],[-75.33737,6.39764],[-75.3374,6.39762],[-75.33743,6.3976],[-75.33745,6.39758],[-75.33747,6.39757],[-75.3375,6.39754],[-75.33754,6.39751],[-75.33758,6.39748],[-75.3376,6.39745],[-75.33762,6.39742],[-75.33764,6.39738],[-75.33766,6.39734],[-75.33768,6.39731],[-75.3377,6.39728],[-75.33771,6.39725],[-75.33773,6.39723],[-75.33775,6.39721],[-75.33778,6.39718],[-75.3378,6.39716],[-75.33783,6.39714],[-75.33786,6.39711],[-75.33788,6.39709],[-75.33791,6.39706],[-75.33794,6.39703],[-75.33798,6.397],[-75.338,6.39697],[-75.33802,6.39694],[-75.33805,6.39691],[-75.33807,6.39688],[-75.33809,6.39686],[-75.33813,6.39684],[-75.33815,6.39682],[-75.33819,6.3968],[-75.33822,6.39678],[-75.33824,6.39677],[-75.33827,6.39675],[-75.33831,6.39673],[-75.33834,6.39671],[-75.33837,6.3967],[-75.3384,6.39669],[-75.33844,6.39668],[-75.33848,6.39666],[-75.33852,6.39665],[-75.33856,6.39662],[-75.3386,6.3966],[-75.33864,6.39658],[-75.33867,6.39656],[-75.33871,6.39653],[-75.33874,6.39652],[-75.33877,6.3965],[-75.3388,6.39647],[-75.33884,6.39643],[-75.33886,6.3964],[-75.3389,6.39636],[-75.33893,6.39633],[-75.33895,6.3963],[-75.33898,6.39626],[-75.33901,6.39623],[-75.33905,6.3962],[-75.33909,6.39617],[-75.33912,6.39615],[-75.33915,6.3961],[-75.33918,6.39607],[-75.33919,6.39605],[-75.33922,6.39602],[-75.33925,6.39599],[-75.33929,6.39599],[-75.33932,6.39599],[-75.33935,6.396],[-75.33941,6.39601],[-75.33945,6.39602],[-75.33951,6.39601],[-75.33954,6.396],[-75.33957,6.396],[-75.3396,6.39599],[-75.33963,6.39597],[-75.33966,6.39596],[-75.3397,6.39596],[-75.33977,6.39596],[-75.33981,6.39596],[-75.33985,6.39597],[-75.33989,6.39598],[-75.33992,6.39599],[-75.33995,6.396],[-75.34,6.39599],[-75.34003,6.39598],[-75.34006,6.39597],[-75.34009,6.39595],[-75.34013,6.39593],[-75.34016,6.39592],[-75.34019,6.39593],[-75.34024,6.39594],[-75.34028,6.39596],[-75.34031,6.39597],[-75.34034,6.39598],[-75.34038,6.39601],[-75.34041,6.39603],[-75.34045,6.39606],[-75.34049,6.39609],[-75.34053,6.39611],[-75.34056,6.39612],[-75.34059,6.39613],[-75.34063,6.39613],[-75.34066,6.39614],[-75.34069,6.39615],[-75.34073,6.39616],[-75.34076,6.39617],[-75.34079,6.39618],[-75.34081,6.39619],[-75.34085,6.39621],[-75.3409,6.39624],[-75.34094,6.39625],[-75.34097,6.39626],[-75.34102,6.39625],[-75.34106,6.39625],[-75.34111,6.39625],[-75.34114,6.39626],[-75.34117,6.39627],[-75.3412,6.39628],[-75.34122,6.39629],[-75.34123,6.39632],[-75.34125,6.39635],[-75.34128,6.39638],[-75.3413,6.39642],[-75.34133,6.39645],[-75.34135,6.39647],[-75.34138,6.3965],[-75.3414,6.39652],[-75.34143,6.39654],[-75.34147,6.39656],[-75.3415,6.39659],[-75.34154,6.39662],[-75.34157,6.39664],[-75.3416,6.39666],[-75.34162,6.39669],[-75.34165,6.39671],[-75.34167,6.39673],[-75.34171,6.39676],[-75.34174,6.39678],[-75.34176,6.3968],[-75.34182,6.39683],[-75.34185,6.39684],[-75.34188,6.39686],[-75.34192,6.39688],[-75.34195,6.39689],[-75.34198,6.39689],[-75.34202,6.3969],[-75.34205,6.3969],[-75.3421,6.39691],[-75.3422,6.39691],[-75.34226,6.39691],[-75.34229,6.3969],[-75.34233,6.3969],[-75.34236,6.3969],[-75.34241,6.3969],[-75.34244,6.39689],[-75.34248,6.39689],[-75.34251,6.39689],[-75.34253,6.39689],[-75.34256,6.39688],[-75.34259,6.39688],[-75.34263,6.39687],[-75.34267,6.39687],[-75.34271,6.39687],[-75.34274,6.39687],[-75.34276,6.39688],[-75.3428,6.39688],[-75.34284,6.39688],[-75.34288,6.39688],[-75.34292,6.39687],[-75.34295,6.39687],[-75.34299,6.39686],[-75.34302,6.39685],[-75.34318,6.39685],[-75.34325,6.39685],[-75.34333,6.39686],[-75.34338,6.39686],[-75.34341,6.39686],[-75.34346,6.39686],[-75.34349,6.39687],[-75.34353,6.39687],[-75.34358,6.39687],[-75.34362,6.39688],[-75.34364,6.39688],[-75.34368,6.39689],[-75.34371,6.3969],[-75.34373,6.39691],[-75.34377,6.39692],[-75.3438,6.39694],[-75.34383,6.39696],[-75.34386,6.39698],[-75.34389,6.397],[-75.34391,6.39702],[-75.34396,6.39705],[-75.34399,6.39707],[-75.34402,6.39708],[-75.34405,6.39709],[-75.34408,6.39711],[-75.3441,6.39712],[-75.34413,6.39713],[-75.34417,6.39715],[-75.3442,6.39717],[-75.34422,6.39719],[-75.34425,6.39721],[-75.34428,6.39723],[-75.34432,6.39725],[-75.34437,6.39727],[-75.3444,6.39728],[-75.34444,6.39729],[-75.34448,6.39731],[-75.34451,6.39732],[-75.34454,6.39733],[-75.34458,6.39734],[-75.3446,6.39735],[-75.34463,6.39736],[-75.34466,6.39736],[-75.3447,6.39737],[-75.34474,6.39738],[-75.34478,6.39738],[-75.34481,6.39739],[-75.34485,6.39739],[-75.34489,6.39739],[-75.34492,6.39739],[-75.34501,6.39739],[-75.34504,6.39739],[-75.34506,6.39739],[-75.34509,6.3974],[-75.34512,6.3974],[-75.34515,6.3974],[-75.34519,6.39741],[-75.34523,6.39741],[-75.34527,6.39742],[-75.34531,6.39742],[-75.34534,6.39743],[-75.34537,6.39743],[-75.3454,6.39743],[-75.34544,6.39744],[-75.34548,6.39744],[-75.34552,6.39744],[-75.34556,6.39744],[-75.3456,6.39745],[-75.34563,6.39745],[-75.34567,6.39746],[-75.34572,6.39745],[-75.34571,6.39741],[-75.34571,6.39738],[-75.34571,6.39733],[-75.34571,6.3973],[-75.34572,6.39726],[-75.34572,6.39723],[-75.34575,6.39721],[-75.34578,6.3972],[-75.34581,6.39718],[-75.34585,6.39716],[-75.34588,6.39715],[-75.34592,6.39713],[-75.34594,6.39711],[-75.34597,6.39709],[-75.346,6.39707],[-75.34604,6.39704],[-75.34607,6.39701],[-75.34609,6.39699],[-75.34613,6.39697],[-75.34615,6.39695],[-75.34619,6.39692],[-75.34624,6.39688],[-75.34626,6.39686],[-75.34629,6.39683],[-75.34631,6.39681],[-75.34634,6.39679],[-75.34637,6.39676],[-75.3464,6.39674],[-75.34643,6.39671],[-75.34645,6.39669],[-75.34649,6.39665],[-75.34652,6.39662],[-75.34654,6.39659],[-75.34659,6.39655],[-75.34662,6.39652],[-75.34664,6.39649],[-75.34667,6.39645],[-75.34669,6.39642],[-75.34672,6.39638],[-75.34674,6.39635],[-75.34676,6.39633],[-75.34678,6.39632],[-75.34681,6.3963],[-75.34685,6.39629],[-75.34689,6.39627],[-75.34692,6.39626],[-75.34695,6.39626],[-75.34698,6.39625],[-75.34702,6.39624],[-75.34706,6.39623],[-75.3471,6.39621],[-75.34714,6.3962],[-75.34716,6.39619],[-75.3472,6.39618],[-75.34724,6.39616],[-75.34726,6.39614],[-75.34729,6.39613],[-75.34732,6.39612],[-75.34734,6.39611],[-75.34738,6.39609],[-75.34743,6.39607],[-75.34746,6.39605],[-75.34749,6.39603],[-75.34754,6.396],[-75.34759,6.39597],[-75.34763,6.39596],[-75.34767,6.39595],[-75.3477,6.39595],[-75.34774,6.39594],[-75.34777,6.39593],[-75.34781,6.39592],[-75.34785,6.39591],[-75.34789,6.3959],[-75.34795,6.3959],[-75.34799,6.39589],[-75.34802,6.39589],[-75.34807,6.39588],[-75.34811,6.39588],[-75.34816,6.39587],[-75.34821,6.39587],[-75.34824,6.39587],[-75.34828,6.39588],[-75.34833,6.39589],[-75.34837,6.39591],[-75.34844,6.39592],[-75.34845,6.39589],[-75.34848,6.39586],[-75.3485,6.39583],[-75.34853,6.39579],[-75.34854,6.39576],[-75.34854,6.39572],[-75.34855,6.39569],[-75.34855,6.39565],[-75.34856,6.39562],[-75.34857,6.39559],[-75.34858,6.39556],[-75.34861,6.39552],[-75.34864,6.3955],[-75.34867,6.39547],[-75.34871,6.39546],[-75.34876,6.39543],[-75.34879,6.39541],[-75.34882,6.39539],[-75.34886,6.39537],[-75.34889,6.39535],[-75.34893,6.39534],[-75.34896,6.39532],[-75.349,6.3953],[-75.34905,6.39529],[-75.34909,6.39527],[-75.34912,6.39525],[-75.34916,6.39523],[-75.34919,6.39522],[-75.34923,6.3952],[-75.34925,6.39519],[-75.34929,6.39517],[-75.34933,6.39515],[-75.34936,6.39514],[-75.34939,6.39512],[-75.34943,6.39511],[-75.34946,6.3951],[-75.34949,6.39509],[-75.34952,6.39508],[-75.34957,6.39505],[-75.34962,6.39503],[-75.34965,6.39501],[-75.34967,6.395],[-75.34973,6.39497],[-75.34976,6.39496],[-75.34981,6.39494],[-75.34986,6.39493],[-75.34989,6.39492],[-75.34995,6.39492],[-75.35,6.39491],[-75.35004,6.39491],[-75.35008,6.3949],[-75.35011,6.39489],[-75.35015,6.39487],[-75.35019,6.39484],[-75.35021,6.39482],[-75.35023,6.39479],[-75.35025,6.39475],[-75.35026,6.39473],[-75.35028,6.39469],[-75.35029,6.39465],[-75.3503,6.3946],[-75.35032,6.39456],[-75.35033,6.39452],[-75.35034,6.39449],[-75.35035,6.39447],[-75.35036,6.39443],[-75.35039,6.39438],[-75.3504,6.39434],[-75.35041,6.39431],[-75.35043,6.39427],[-75.35046,6.39423],[-75.3505,6.3942],[-75.35052,6.39418],[-75.35055,6.39417],[-75.35057,6.39416],[-75.35061,6.39414],[-75.35064,6.39412],[-75.35067,6.39409],[-75.3507,6.39406],[-75.35073,6.39403],[-75.35075,6.39399],[-75.35078,6.39395],[-75.35081,6.39392],[-75.35084,6.3939],[-75.35087,6.39388],[-75.35089,6.39387],[-75.35092,6.39385],[-75.35096,6.39384],[-75.35099,6.39383],[-75.35101,6.39382],[-75.35105,6.3938],[-75.35109,6.39379],[-75.35113,6.39378],[-75.35116,6.39378],[-75.35118,6.39377],[-75.35122,6.39377],[-75.35127,6.39376],[-75.35131,6.39375],[-75.35134,6.39375],[-75.35136,6.39375],[-75.3514,6.39375],[-75.35147,6.39375],[-75.35151,6.39375],[-75.35155,6.39375],[-75.35159,6.39374],[-75.35162,6.39373],[-75.35166,6.39372],[-75.35169,6.39369],[-75.35171,6.39366],[-75.35174,6.39364],[-75.35177,6.39363],[-75.35179,6.39362],[-75.35184,6.3936],[-75.35186,6.39359],[-75.35189,6.39357],[-75.35191,6.39355],[-75.35194,6.39352],[-75.35196,6.3935],[-75.35199,6.39347],[-75.35202,6.39345],[-75.35206,6.39342],[-75.35209,6.3934],[-75.35212,6.39339],[-75.35215,6.39337],[-75.35219,6.39336],[-75.35222,6.39334],[-75.35226,6.39332],[-75.3523,6.3933],[-75.35233,6.39329],[-75.35236,6.39327],[-75.35239,6.39326],[-75.35242,6.39325],[-75.35244,6.39324],[-75.35247,6.39323],[-75.3525,6.39322],[-75.35252,6.39321],[-75.35255,6.3932],[-75.35259,6.39318],[-75.35263,6.39317],[-75.35265,6.39316],[-75.35269,6.39314],[-75.35272,6.39312],[-75.35275,6.3931],[-75.35278,6.39309],[-75.35281,6.39306],[-75.35285,6.39304],[-75.35287,6.39302],[-75.3529,6.393],[-75.35292,6.39298],[-75.35295,6.39295],[-75.35298,6.39292],[-75.35301,6.39289],[-75.35305,6.39286],[-75.35307,6.39284],[-75.35309,6.39282],[-75.35312,6.3928],[-75.35316,6.39277],[-75.35319,6.39274],[-75.35324,6.3927],[-75.35327,6.39268],[-75.35329,6.39265],[-75.35333,6.39263],[-75.35337,6.3926],[-75.35341,6.39258],[-75.35346,6.39256],[-75.35349,6.39254],[-75.35352,6.39252],[-75.35354,6.39251],[-75.35357,6.39249],[-75.3536,6.39248],[-75.35363,6.39246],[-75.35367,6.39244],[-75.35372,6.39241],[-75.35376,6.39239],[-75.35379,6.39237],[-75.35382,6.39234],[-75.35385,6.39232],[-75.35387,6.3923],[-75.3539,6.39229],[-75.35393,6.39226],[-75.35395,6.39224],[-75.35397,6.39222],[-75.354,6.3922],[-75.35402,6.39217],[-75.35405,6.39214],[-75.35408,6.3921],[-75.3541,6.39206],[-75.35412,6.39204],[-75.35413,6.39202],[-75.35414,6.39199],[-75.35415,6.39197],[-75.35417,6.39193],[-75.35419,6.3919],[-75.35421,6.39188],[-75.35423,6.39186],[-75.35425,6.39183],[-75.35428,6.39181],[-75.3543,6.39179],[-75.35433,6.39178],[-75.35436,6.39176],[-75.35439,6.39174],[-75.35443,6.39172],[-75.35446,6.39171],[-75.35449,6.3917],[-75.35452,6.39169],[-75.35456,6.39168],[-75.3546,6.39167],[-75.35464,6.39166],[-75.35467,6.39166],[-75.35474,6.39163],[-75.35476,6.39161],[-75.35479,6.39159],[-75.35482,6.39155],[-75.35484,6.39152],[-75.35487,6.3915],[-75.35489,6.39148],[-75.35492,6.39144],[-75.35495,6.39142],[-75.35498,6.39139],[-75.35502,6.39137],[-75.35504,6.39135],[-75.35508,6.39133],[-75.3551,6.3913],[-75.35513,6.39128],[-75.35516,6.39125],[-75.3552,6.39122],[-75.35524,6.39119],[-75.35528,6.39118],[-75.35531,6.39118],[-75.35533,6.39119],[-75.35538,6.3912],[-75.35541,6.39122],[-75.35545,6.39124],[-75.35549,6.39126],[-75.35553,6.39127],[-75.3556,6.3913],[-75.35563,6.39131],[-75.35567,6.39132],[-75.3557,6.39132],[-75.35574,6.39132],[-75.35578,6.39133],[-75.35582,6.39133],[-75.35586,6.39133],[-75.3559,6.39133],[-75.35594,6.39133],[-75.35596,6.39133],[-75.356,6.39134],[-75.35604,6.39134],[-75.35613,6.39134],[-75.35617,6.39134],[-75.3562,6.39133],[-75.35623,6.39132],[-75.35627,6.3913],[-75.35631,6.39129],[-75.35634,6.39127],[-75.35637,6.39126],[-75.3564,6.39125],[-75.35645,6.39123],[-75.35648,6.39121],[-75.35651,6.39119],[-75.35655,6.39116],[-75.3566,6.39111],[-75.35663,6.39108],[-75.35667,6.39105],[-75.35671,6.39102],[-75.35674,6.39099],[-75.35677,6.39097],[-75.3568,6.39094],[-75.35682,6.39092],[-75.35684,6.39089],[-75.35686,6.39087],[-75.35688,6.39085],[-75.35691,6.39081],[-75.35694,6.39077],[-75.35697,6.39073],[-75.35699,6.39069],[-75.35701,6.39066],[-75.35703,6.39062],[-75.35704,6.39059],[-75.35706,6.39055],[-75.35708,6.39051],[-75.3571,6.39048],[-75.35711,6.39046],[-75.35712,6.39044],[-75.35714,6.39041],[-75.35716,6.39037],[-75.35717,6.39034],[-75.35719,6.39031],[-75.35721,6.39027],[-75.35724,6.39024],[-75.35727,6.39021],[-75.3573,6.3902],[-75.35733,6.39018],[-75.35737,6.39015],[-75.3574,6.39013],[-75.35743,6.39012],[-75.35746,6.3901],[-75.35748,6.39009],[-75.35752,6.39007],[-75.35757,6.39004],[-75.35762,6.39002],[-75.35765,6.39001],[-75.35768,6.39],[-75.35771,6.38998],[-75.35774,6.38997],[-75.35777,6.38996],[-75.3578,6.38994],[-75.35782,6.38993],[-75.35785,6.3899],[-75.35789,6.38987],[-75.35792,6.38985],[-75.35794,6.38983],[-75.35798,6.3898],[-75.358,6.38978],[-75.35803,6.38976],[-75.35806,6.38972],[-75.3581,6.38968],[-75.35813,6.38965],[-75.35815,6.38962],[-75.35817,6.38959],[-75.35818,6.38953],[-75.35816,6.38949],[-75.35814,6.38946],[-75.35815,6.38942],[-75.35817,6.38939],[-75.35818,6.38935],[-75.35818,6.38932],[-75.35819,6.38928],[-75.3582,6.38924],[-75.35822,6.38921],[-75.35824,6.38919],[-75.35827,6.38916],[-75.35831,6.38912],[-75.35834,6.38909],[-75.35839,6.38906],[-75.35844,6.38905],[-75.35848,6.38904],[-75.35852,6.38903],[-75.35857,6.38904],[-75.3586,6.38905],[-75.35863,6.38905],[-75.35867,6.38906],[-75.35874,6.38906],[-75.35878,6.38906],[-75.35882,6.38905],[-75.35884,6.38904],[-75.35888,6.38903],[-75.35891,6.38902],[-75.35893,6.389],[-75.35896,6.38899],[-75.35898,6.38897],[-75.35901,6.38895],[-75.35904,6.38892],[-75.35908,6.38889],[-75.3591,6.38887],[-75.35913,6.38885],[-75.35915,6.38883],[-75.35919,6.38881],[-75.35923,6.3888],[-75.35927,6.38878],[-75.35932,6.38876],[-75.35936,6.38875],[-75.3594,6.38875],[-75.35943,6.38875],[-75.35947,6.38876],[-75.35952,6.38876],[-75.35958,6.38876],[-75.35961,6.38876],[-75.35964,6.38875],[-75.35966,6.38874],[-75.35969,6.38873],[-75.35973,6.38871],[-75.35977,6.38869],[-75.3598,6.38867],[-75.35982,6.38865],[-75.35984,6.38862],[-75.35987,6.38857],[-75.35988,6.38854],[-75.3599,6.38849],[-75.35991,6.38845],[-75.35992,6.38841],[-75.35993,6.38838],[-75.35994,6.38834],[-75.35995,6.3883],[-75.35996,6.38824],[-75.35998,6.3882],[-75.36,6.38817],[-75.36001,6.38814],[-75.36003,6.3881],[-75.36005,6.38807],[-75.36006,6.38804],[-75.36009,6.38798],[-75.36011,6.38794],[-75.36014,6.3879],[-75.36018,6.38787],[-75.36021,6.38784],[-75.36024,6.38782],[-75.36027,6.38781],[-75.3603,6.3878],[-75.36033,6.38779],[-75.36038,6.38777],[-75.36042,6.38775],[-75.36045,6.38772],[-75.36046,6.38767],[-75.36046,6.38763],[-75.36047,6.38759],[-75.36047,6.38754],[-75.36048,6.3875],[-75.36048,6.38747],[-75.36049,6.38744],[-75.3605,6.38741],[-75.36051,6.38738],[-75.36052,6.38735],[-75.36055,6.38732],[-75.36058,6.3873],[-75.36062,6.38729],[-75.36067,6.38729],[-75.36069,6.38729],[-75.36073,6.38728],[-75.36076,6.38728],[-75.36079,6.38728],[-75.36082,6.38727],[-75.36086,6.38726],[-75.36088,6.38725],[-75.36092,6.38724],[-75.36095,6.38722],[-75.36098,6.38721],[-75.36101,6.38719],[-75.36104,6.38716],[-75.36106,6.38711],[-75.36106,6.38708],[-75.36106,6.38704],[-75.36106,6.38696],[-75.36106,6.38694],[-75.36107,6.38688],[-75.36107,6.38684],[-75.36108,6.38681],[-75.36108,6.38677],[-75.36109,6.38673],[-75.36109,6.38669],[-75.3611,6.38667],[-75.3611,6.38663],[-75.3611,6.38659],[-75.3611,6.38655],[-75.3611,6.38652],[-75.36109,6.38649],[-75.36109,6.38646],[-75.36108,6.38641],[-75.36111,6.38638],[-75.36115,6.38636],[-75.36117,6.38634],[-75.3612,6.38632],[-75.36122,6.38631],[-75.36124,6.38629],[-75.36127,6.38628],[-75.36131,6.38626],[-75.36136,6.38625],[-75.36144,6.38625],[-75.36148,6.38626],[-75.36152,6.38627],[-75.36155,6.38628],[-75.36162,6.38628],[-75.36171,6.38628],[-75.36174,6.38627],[-75.36177,6.38627],[-75.3618,6.38627],[-75.36183,6.38626],[-75.36187,6.38625],[-75.36192,6.38624],[-75.36196,6.38623],[-75.36198,6.38623],[-75.36203,6.38622],[-75.36209,6.3862],[-75.36213,6.38619],[-75.36218,6.38618],[-75.3622,6.38617],[-75.36224,6.38617],[-75.36229,6.38616],[-75.36233,6.38615],[-75.36235,6.38614],[-75.36239,6.38613],[-75.36243,6.38612],[-75.36245,6.38611],[-75.36252,6.38611],[-75.36255,6.38611],[-75.36258,6.38612],[-75.36262,6.38613],[-75.36265,6.38614],[-75.36269,6.38615],[-75.36272,6.38617],[-75.36276,6.38619],[-75.36281,6.3862],[-75.36285,6.38619],[-75.36287,6.38618],[-75.3629,6.38615],[-75.36291,6.38612],[-75.36292,6.38609],[-75.36292,6.38606],[-75.36292,6.38603],[-75.36292,6.38599],[-75.36293,6.38595],[-75.36293,6.38591],[-75.36293,6.38586],[-75.36293,6.38577],[-75.36293,6.3857],[-75.36293,6.38567],[-75.36293,6.38562],[-75.36294,6.38558],[-75.36294,6.38554],[-75.36295,6.3855],[-75.36298,6.38549],[-75.36302,6.38548],[-75.36305,6.38546],[-75.36309,6.38545],[-75.36314,6.38542],[-75.36318,6.38542],[-75.36321,6.38541],[-75.36326,6.3854],[-75.3633,6.38538],[-75.36334,6.38535],[-75.36337,6.38533],[-75.36338,6.3853],[-75.36339,6.38526],[-75.3634,6.38522],[-75.3634,6.38517],[-75.36339,6.38513],[-75.36338,6.38509],[-75.36338,6.38502],[-75.36339,6.38499],[-75.36341,6.38496],[-75.36343,6.38493],[-75.36346,6.3849],[-75.36349,6.38487],[-75.36352,6.38485],[-75.36355,6.38483],[-75.36359,6.38481],[-75.36363,6.3848],[-75.36367,6.38479],[-75.36371,6.38478],[-75.36376,6.38476],[-75.36379,6.38473],[-75.36384,6.3847],[-75.36387,6.38468],[-75.3639,6.38466],[-75.36394,6.38461],[-75.36397,6.38458],[-75.364,6.38455],[-75.36403,6.38451],[-75.36406,6.38448],[-75.36408,6.38445],[-75.36411,6.38443],[-75.36414,6.3844],[-75.36415,6.38438],[-75.36418,6.38435],[-75.36421,6.38433],[-75.36424,6.38431],[-75.36427,6.38429],[-75.3643,6.38427],[-75.36434,6.38425],[-75.36438,6.38423],[-75.36442,6.38422],[-75.36445,6.38421],[-75.36448,6.3842],[-75.36451,6.38418],[-75.36455,6.38415],[-75.36459,6.38413],[-75.36462,6.3841],[-75.36466,6.38408],[-75.36469,6.38406],[-75.36471,6.38404],[-75.36474,6.38403],[-75.36476,6.38401],[-75.3648,6.38399],[-75.36482,6.38397],[-75.36485,6.38396],[-75.36487,6.38394],[-75.36491,6.38392],[-75.36495,6.3839],[-75.36498,6.38387],[-75.36501,6.38384],[-75.36503,6.38381],[-75.36505,6.38377],[-75.36505,6.38374],[-75.36506,6.3837],[-75.36508,6.38365],[-75.36512,6.38361],[-75.36516,6.38359],[-75.36521,6.38357],[-75.36528,6.38355],[-75.36534,6.38353],[-75.36541,6.38352],[-75.36544,6.3835],[-75.36548,6.38346],[-75.36557,6.38341],[-75.36569,6.38337],[-75.36581,6.38334],[-75.36594,6.38331],[-75.36607,6.38327],[-75.36618,6.38325],[-75.36629,6.38324],[-75.36641,6.38324],[-75.3665,6.38321],[-75.36662,6.38315],[-75.3667,6.3831],[-75.36673,6.38305],[-75.36674,6.3829],[-75.36676,6.38286],[-75.36684,6.38284],[-75.36692,6.38282],[-75.36697,6.38283],[-75.3671,6.38283],[-75.36723,6.38283],[-75.36731,6.38285],[-75.36738,6.38284],[-75.36742,6.38282],[-75.3675,6.38275],[-75.36759,6.38266],[-75.36769,6.38259],[-75.36779,6.38252],[-75.36789,6.38243],[-75.36794,6.38233],[-75.36794,6.38226],[-75.36796,6.38217],[-75.36801,6.38205],[-75.36809,6.382],[-75.36814,6.38199],[-75.36818,6.38198],[-75.36831,6.382],[-75.36842,6.382],[-75.36847,6.38199],[-75.36849,6.38197],[-75.36856,6.38194],[-75.3687,6.3819],[-75.36871,6.38183],[-75.36878,6.38177],[-75.3688,6.38176],[-75.36885,6.38176],[-75.36897,6.38175],[-75.36905,6.38173],[-75.36916,6.38174],[-75.36921,6.38173],[-75.36931,6.38169],[-75.36935,6.38165],[-75.36939,6.38157],[-75.3694,6.38148],[-75.36944,6.38135],[-75.36951,6.38124],[-75.36957,6.38118],[-75.36966,6.38108],[-75.36972,6.38104],[-75.36978,6.38097],[-75.36987,6.38089],[-75.36994,6.38074],[-75.37,6.38068],[-75.37007,6.38063],[-75.37012,6.38059],[-75.37014,6.38056],[-75.37017,6.38053],[-75.3702,6.38051],[-75.37023,6.3805],[-75.37026,6.3805],[-75.37031,6.3805],[-75.37035,6.38049],[-75.37038,6.38048],[-75.37042,6.38047],[-75.37044,6.38045],[-75.37047,6.38043],[-75.37048,6.3804],[-75.37049,6.38036],[-75.3705,6.38032],[-75.37049,6.38027],[-75.37049,6.38023],[-75.37049,6.38018],[-75.37049,6.38015],[-75.37051,6.38012],[-75.37052,6.38007],[-75.37053,6.38004],[-75.37054,6.38001],[-75.37056,6.37996],[-75.37058,6.37994],[-75.3706,6.3799],[-75.37062,6.37986],[-75.37062,6.37982],[-75.37061,6.37978],[-75.3706,6.37975],[-75.37057,6.3797],[-75.37056,6.37967],[-75.37055,6.37964],[-75.37055,6.37961],[-75.37055,6.37953],[-75.37055,6.3795],[-75.37055,6.37945],[-75.37055,6.37942],[-75.37056,6.37939],[-75.37056,6.37935],[-75.37057,6.37931],[-75.37057,6.37925],[-75.37057,6.37922],[-75.37056,6.37919],[-75.37056,6.37916],[-75.37055,6.37913],[-75.37055,6.3791],[-75.37055,6.37905],[-75.37054,6.37901],[-75.37054,6.37897],[-75.37053,6.37892],[-75.37053,6.37889],[-75.37053,6.37883],[-75.37052,6.3788],[-75.37052,6.37877],[-75.37052,6.37873],[-75.37055,6.37871],[-75.37058,6.3787],[-75.37061,6.37868],[-75.37064,6.37865],[-75.37066,6.37862],[-75.37069,6.37859],[-75.37072,6.37857],[-75.37076,6.37855],[-75.3708,6.37854],[-75.37084,6.37852],[-75.37089,6.37851],[-75.37092,6.37851],[-75.37097,6.37851],[-75.37101,6.37851],[-75.37105,6.37851],[-75.37109,6.37851],[-75.37115,6.37852],[-75.37119,6.37851],[-75.37122,6.3785],[-75.37126,6.37849],[-75.3713,6.37847],[-75.37134,6.37846],[-75.37138,6.37845],[-75.37142,6.37843],[-75.37146,6.37842],[-75.37149,6.37842],[-75.37152,6.37841],[-75.37154,6.37841],[-75.37158,6.3784],[-75.37162,6.37839],[-75.37168,6.37838],[-75.37174,6.3784],[-75.37177,6.37841],[-75.3718,6.37841],[-75.37183,6.37841],[-75.37186,6.3784],[-75.37188,6.37839],[-75.37191,6.37838],[-75.37194,6.37837],[-75.37198,6.37836],[-75.37202,6.37834],[-75.37207,6.37831],[-75.37209,6.37829],[-75.37211,6.37827],[-75.37212,6.37824],[-75.37214,6.3782],[-75.37215,6.37817],[-75.37216,6.37814],[-75.37217,6.37811],[-75.37218,6.37808],[-75.37219,6.37805],[-75.3722,6.37802],[-75.3722,6.37799],[-75.37219,6.37796],[-75.37216,6.37794],[-75.37214,6.37791],[-75.3721,6.37788],[-75.37207,6.37786],[-75.37204,6.37783],[-75.37201,6.37779],[-75.37198,6.37776],[-75.37196,6.37772],[-75.37193,6.37767],[-75.3719,6.37763],[-75.37188,6.37759],[-75.37187,6.37755],[-75.3719,6.37751],[-75.37192,6.37749],[-75.37194,6.37747],[-75.37197,6.37745],[-75.37201,6.37743],[-75.37203,6.37741],[-75.37206,6.37739],[-75.3721,6.37737],[-75.37213,6.37736],[-75.37216,6.37735],[-75.3722,6.37733],[-75.37223,6.37731],[-75.37228,6.37728],[-75.37231,6.37724],[-75.37234,6.3772],[-75.37237,6.37716],[-75.3724,6.37712],[-75.37244,6.37709],[-75.37247,6.37707],[-75.3725,6.37705],[-75.37255,6.37704],[-75.37258,6.37702],[-75.37261,6.37701],[-75.37265,6.377],[-75.37269,6.37699],[-75.37273,6.37698],[-75.37277,6.37698],[-75.37281,6.37697],[-75.37288,6.37697],[-75.37293,6.37697],[-75.37298,6.37696],[-75.37303,6.37696],[-75.37307,6.37695],[-75.37312,6.37694],[-75.37317,6.37693],[-75.37321,6.37692],[-75.37325,6.37692],[-75.37329,6.37691],[-75.37332,6.37691],[-75.37334,6.37691],[-75.37339,6.3769],[-75.37345,6.3769],[-75.37349,6.37691],[-75.37359,6.3769],[-75.37362,6.3769],[-75.37365,6.37688],[-75.37367,6.37686],[-75.37369,6.37682],[-75.3737,6.37678],[-75.37371,6.37675],[-75.37372,6.37672],[-75.37374,6.37669],[-75.37375,6.37667],[-75.37378,6.37665],[-75.3738,6.37663],[-75.37383,6.37662],[-75.37386,6.3766],[-75.37389,6.37659],[-75.37391,6.37658],[-75.37394,6.37657],[-75.37398,6.37656],[-75.37403,6.37655],[-75.37407,6.37654],[-75.3741,6.37652],[-75.37414,6.37651],[-75.37418,6.3765],[-75.37422,6.3765],[-75.37426,6.3765],[-75.3743,6.37649],[-75.37433,6.37649],[-75.3744,6.37649],[-75.37449,6.37647],[-75.37453,6.37645],[-75.37456,6.37643],[-75.37459,6.37642],[-75.37462,6.3764],[-75.37466,6.37638],[-75.37468,6.37637],[-75.37471,6.37635],[-75.37475,6.37633],[-75.37478,6.37632],[-75.37481,6.3763],[-75.37483,6.37629],[-75.37486,6.37628],[-75.37488,6.37627],[-75.37491,6.37625],[-75.37496,6.37622],[-75.375,6.3762],[-75.37503,6.37618],[-75.37505,6.37616],[-75.37508,6.37614],[-75.37511,6.37611],[-75.37514,6.37609],[-75.37516,6.37607],[-75.37523,6.37604],[-75.37526,6.37602],[-75.3753,6.37601],[-75.37534,6.37599],[-75.37538,6.37597],[-75.37541,6.37596],[-75.37546,6.37594],[-75.37549,6.37592],[-75.37552,6.37591],[-75.37556,6.37589],[-75.37559,6.37586],[-75.37563,6.37585],[-75.37567,6.37584],[-75.37569,6.37583],[-75.37574,6.37581],[-75.37578,6.37581],[-75.37582,6.37581],[-75.37584,6.3758],[-75.37587,6.3758],[-75.37591,6.3758],[-75.37595,6.37579],[-75.37597,6.37579],[-75.376,6.37578],[-75.37603,6.37578],[-75.37607,6.37578],[-75.37609,6.3758],[-75.37612,6.37581],[-75.37614,6.37578],[-75.37616,6.37575],[-75.37618,6.37573],[-75.37619,6.37569],[-75.37621,6.37565],[-75.37623,6.3756],[-75.37625,6.37557],[-75.37627,6.37555],[-75.37631,6.37553],[-75.37635,6.3755],[-75.37639,6.37548],[-75.37642,6.37546],[-75.37645,6.37543],[-75.37647,6.37539],[-75.37648,6.37536],[-75.37648,6.37532],[-75.37648,6.37529],[-75.37649,6.37526],[-75.37649,6.37523],[-75.37649,6.3752],[-75.3765,6.37516],[-75.37651,6.37511],[-75.37652,6.37508],[-75.37652,6.37505],[-75.37652,6.37503],[-75.37653,6.37499],[-75.37653,6.37496],[-75.37654,6.37493],[-75.37654,6.3749],[-75.37655,6.37487],[-75.37655,6.37484],[-75.37655,6.37482],[-75.37656,6.37477],[-75.37656,6.37474],[-75.37657,6.3747],[-75.37659,6.37467],[-75.37661,6.37464],[-75.37659,6.3746],[-75.37658,6.37456],[-75.37658,6.37454],[-75.37657,6.37451],[-75.37656,6.37448],[-75.37653,6.37446],[-75.37649,6.37445],[-75.37645,6.37445],[-75.37642,6.37443],[-75.37639,6.37441],[-75.37637,6.37438],[-75.37636,6.37435],[-75.37635,6.37432],[-75.37633,6.37429],[-75.37632,6.37426],[-75.37629,6.37424],[-75.37627,6.37422],[-75.37624,6.37421],[-75.37621,6.37422],[-75.37617,6.37423],[-75.37614,6.37426],[-75.37611,6.37427],[-75.37609,6.37426],[-75.37607,6.37422],[-75.37607,6.37415],[-75.37607,6.3741],[-75.37608,6.37407],[-75.37608,6.37404],[-75.37609,6.37401],[-75.3761,6.37396],[-75.37611,6.37393],[-75.37612,6.37389],[-75.37613,6.37385],[-75.37614,6.37382],[-75.37615,6.37379],[-75.37616,6.37376],[-75.37617,6.37373],[-75.37619,6.37369],[-75.37621,6.37365],[-75.37623,6.37359],[-75.37626,6.37355],[-75.37628,6.37351],[-75.37629,6.37349],[-75.37631,6.37346],[-75.37633,6.37343],[-75.37636,6.3734],[-75.37638,6.37337],[-75.3764,6.37335],[-75.37642,6.37332],[-75.37644,6.3733],[-75.37646,6.37327],[-75.37647,6.37324],[-75.37649,6.37322],[-75.37651,6.3732],[-75.37656,6.37316],[-75.37658,6.37314],[-75.3766,6.37312],[-75.37663,6.3731],[-75.37666,6.37309],[-75.37669,6.37309],[-75.37672,6.37309],[-75.37676,6.3731],[-75.37679,6.37311],[-75.37681,6.37313],[-75.37683,6.37314],[-75.37686,6.37316],[-75.37689,6.37317],[-75.37693,6.37318],[-75.37696,6.37318],[-75.37699,6.37317],[-75.37701,6.37315],[-75.37703,6.37313],[-75.37705,6.37311],[-75.37706,6.37307],[-75.37707,6.37304],[-75.37708,6.37301],[-75.37709,6.37297],[-75.37711,6.37293],[-75.37713,6.37291],[-75.37715,6.37288],[-75.37718,6.37286],[-75.37721,6.37284],[-75.37725,6.37281],[-75.37727,6.37279],[-75.37731,6.37277],[-75.37734,6.37276],[-75.37736,6.37274],[-75.37738,6.37273],[-75.37741,6.37271],[-75.37744,6.37269],[-75.37746,6.37267],[-75.37748,6.37265],[-75.37751,6.37262],[-75.37755,6.37259],[-75.37759,6.37257],[-75.37763,6.37257],[-75.37766,6.37257],[-75.37771,6.37257],[-75.37775,6.37257],[-75.37779,6.37257],[-75.37784,6.37258],[-75.37787,6.37258],[-75.37791,6.37258],[-75.37795,6.37259],[-75.37799,6.3726],[-75.37803,6.3726],[-75.37807,6.37261],[-75.37811,6.37261],[-75.37815,6.3726],[-75.37819,6.37259],[-75.37821,6.37259],[-75.37825,6.37259],[-75.37828,6.37258],[-75.37836,6.37258],[-75.37839,6.37259],[-75.37842,6.37259],[-75.37846,6.3726],[-75.37849,6.37262],[-75.37853,6.37264],[-75.37856,6.37266],[-75.37859,6.37267],[-75.37863,6.37269],[-75.37868,6.3727],[-75.3787,6.37271],[-75.37873,6.37272],[-75.37877,6.37273],[-75.37881,6.37274],[-75.37885,6.37275],[-75.37889,6.37276],[-75.37892,6.37277],[-75.37895,6.37277],[-75.37899,6.37278],[-75.37902,6.37278],[-75.37905,6.37279],[-75.37908,6.37279],[-75.37911,6.3728],[-75.37914,6.3728],[-75.37917,6.37281],[-75.37921,6.37282],[-75.37925,6.37282],[-75.37928,6.37283],[-75.37933,6.37284],[-75.37938,6.37285],[-75.37943,6.37285],[-75.37947,6.37286],[-75.37951,6.37287],[-75.37956,6.37288],[-75.37959,6.37289],[-75.37963,6.3729],[-75.37967,6.37291],[-75.3797,6.37292],[-75.37974,6.37292],[-75.37979,6.37292],[-75.37982,6.37292],[-75.37986,6.37291],[-75.3799,6.37291],[-75.37995,6.3729],[-75.37998,6.37289],[-75.38002,6.37288],[-75.38007,6.37288],[-75.3801,6.37287],[-75.38016,6.37287],[-75.38019,6.37287],[-75.38022,6.37287],[-75.38025,6.37288],[-75.38035,6.3729],[-75.38039,6.3729],[-75.38043,6.37291],[-75.38047,6.37292],[-75.3805,6.37293],[-75.38054,6.37293],[-75.38058,6.37294],[-75.38061,6.37294],[-75.38064,6.37294],[-75.38066,6.37294],[-75.3807,6.37294],[-75.38075,6.37295],[-75.38079,6.37295],[-75.38085,6.37296],[-75.38089,6.37296],[-75.38092,6.37296],[-75.38097,6.37297],[-75.38102,6.37298],[-75.38107,6.37298],[-75.3811,6.37299],[-75.38114,6.37299],[-75.38119,6.373],[-75.38123,6.37301],[-75.38127,6.37302],[-75.38131,6.37302],[-75.38134,6.37303],[-75.38138,6.37304],[-75.38141,6.37305],[-75.38143,6.37307],[-75.38146,6.37308],[-75.38148,6.3731],[-75.38152,6.37312],[-75.38155,6.37313],[-75.38158,6.37314],[-75.38161,6.37315],[-75.38164,6.37316],[-75.38166,6.37316],[-75.38169,6.37317],[-75.38173,6.37318],[-75.38175,6.37319],[-75.38178,6.37319],[-75.38182,6.3732],[-75.38186,6.37321],[-75.38191,6.37321],[-75.38195,6.37322],[-75.38199,6.37323],[-75.38204,6.37323],[-75.38208,6.37324],[-75.3821,6.37325],[-75.38213,6.37325],[-75.38217,6.37326],[-75.3822,6.37327],[-75.38224,6.37328],[-75.38228,6.37329],[-75.38232,6.3733],[-75.38239,6.37332],[-75.38242,6.37332],[-75.38245,6.37333],[-75.38248,6.37335],[-75.38252,6.37336],[-75.38255,6.37337],[-75.38257,6.37338],[-75.3826,6.37338],[-75.38264,6.3734],[-75.3827,6.37341],[-75.38275,6.37343],[-75.38279,6.37345],[-75.38282,6.37346],[-75.38286,6.37348],[-75.3829,6.3735],[-75.38294,6.37352],[-75.38299,6.37355],[-75.38302,6.37357],[-75.38306,6.37358],[-75.3831,6.3736],[-75.38314,6.37361],[-75.38319,6.37361],[-75.38322,6.3736],[-75.38326,6.37359],[-75.38329,6.37358],[-75.38332,6.37356],[-75.38336,6.37354],[-75.38339,6.37353],[-75.38342,6.37351],[-75.38345,6.37351],[-75.38348,6.37352],[-75.3835,6.37354],[-75.38352,6.37358],[-75.38354,6.3736],[-75.38356,6.37363],[-75.3836,6.37368],[-75.38363,6.37371],[-75.38364,6.37374],[-75.38365,6.37378],[-75.38365,6.37383],[-75.38365,6.37389],[-75.38365,6.37392],[-75.38366,6.37396],[-75.38367,6.37399],[-75.38368,6.37401],[-75.38369,6.37405],[-75.38371,6.37408],[-75.38373,6.37412],[-75.38375,6.37414],[-75.38377,6.37417],[-75.38379,6.3742],[-75.3838,6.37422],[-75.38384,6.37423],[-75.38387,6.37423],[-75.38391,6.37423],[-75.38394,6.37422],[-75.38398,6.37421],[-75.384,6.37417],[-75.38402,6.37413],[-75.38404,6.37409],[-75.38405,6.37404],[-75.38406,6.37399],[-75.38407,6.37397],[-75.38408,6.37394],[-75.3841,6.37392],[-75.38412,6.37389],[-75.38416,6.37386],[-75.38419,6.37383],[-75.38423,6.37381],[-75.38427,6.37379],[-75.3843,6.37377],[-75.38433,6.37376],[-75.38436,6.37375],[-75.38441,6.37374],[-75.38444,6.37374],[-75.38447,6.37375],[-75.3845,6.37377],[-75.38452,6.37378],[-75.38456,6.37381],[-75.38459,6.37383],[-75.38462,6.37384],[-75.38464,6.37387],[-75.38468,6.3739],[-75.38471,6.37392],[-75.38475,6.37395],[-75.38478,6.37396],[-75.38481,6.37398],[-75.38484,6.37398],[-75.38489,6.37396],[-75.38491,6.37394],[-75.38495,6.37392],[-75.38498,6.3739],[-75.385,6.37389],[-75.38503,6.37387],[-75.38507,6.37385],[-75.38511,6.37383],[-75.38515,6.37381],[-75.38517,6.3738],[-75.3852,6.37378],[-75.38524,6.37377],[-75.38528,6.37375],[-75.38532,6.37374],[-75.38536,6.37372],[-75.3854,6.37371],[-75.38543,6.3737],[-75.38546,6.37368],[-75.38551,6.37367],[-75.38556,6.37365],[-75.38561,6.37363],[-75.38564,6.37363],[-75.38567,6.37363],[-75.3857,6.37363],[-75.38573,6.37363],[-75.38576,6.37364],[-75.38579,6.37365],[-75.38582,6.37366],[-75.38585,6.37367],[-75.38589,6.37368],[-75.38593,6.37369],[-75.38596,6.3737],[-75.38603,6.3737],[-75.38607,6.37369],[-75.3861,6.37368],[-75.38614,6.37366],[-75.38618,6.37364],[-75.3862,6.37363],[-75.38623,6.37362],[-75.38627,6.37361],[-75.38632,6.3736],[-75.38636,6.37359],[-75.38639,6.37359],[-75.38642,6.37358],[-75.38646,6.37358],[-75.38649,6.37357],[-75.38653,6.37356],[-75.38657,6.37356],[-75.38664,6.37354],[-75.38669,6.37353],[-75.38674,6.37352],[-75.38678,6.3735],[-75.38683,6.3735],[-75.38686,6.37349],[-75.38689,6.37348],[-75.38694,6.37347],[-75.38697,6.37346],[-75.387,6.37345],[-75.38704,6.37344],[-75.38707,6.37343],[-75.3871,6.37342],[-75.38713,6.3734],[-75.38717,6.37338],[-75.38721,6.37336],[-75.38724,6.37334],[-75.38726,6.37333],[-75.38729,6.37331],[-75.38733,6.37328],[-75.38735,6.37327],[-75.38738,6.37325],[-75.38741,6.37323],[-75.38747,6.37319],[-75.38749,6.37317],[-75.38751,6.37315],[-75.38755,6.37311],[-75.38758,6.37309],[-75.38761,6.37306],[-75.38764,6.37303],[-75.38767,6.373],[-75.38769,6.37299],[-75.38771,6.37297],[-75.38775,6.37294],[-75.38777,6.37292],[-75.38781,6.37289],[-75.38784,6.37287],[-75.38787,6.37284],[-75.38792,6.3728],[-75.38797,6.37276],[-75.388,6.37274],[-75.38804,6.3727],[-75.38807,6.37266],[-75.38813,6.37261],[-75.38816,6.37259],[-75.38818,6.37256],[-75.38822,6.37253],[-75.38824,6.37251],[-75.38826,6.37249],[-75.38829,6.37246],[-75.38832,6.37243],[-75.38835,6.3724],[-75.38837,6.37237],[-75.38839,6.37233],[-75.38839,6.37229],[-75.3884,6.37226],[-75.3884,6.37222],[-75.3884,6.37218],[-75.38841,6.37213],[-75.38841,6.3721],[-75.38841,6.37207],[-75.38841,6.37204],[-75.38842,6.37201],[-75.38842,6.37198],[-75.38843,6.37194],[-75.38843,6.3719],[-75.38844,6.37188],[-75.38845,6.37185],[-75.38845,6.37182],[-75.38846,6.37179],[-75.38847,6.37174],[-75.38848,6.37171],[-75.38848,6.37166],[-75.38849,6.37162],[-75.38849,6.37159],[-75.3885,6.37154],[-75.3885,6.37151],[-75.3885,6.37148],[-75.3885,6.37139],[-75.38849,6.37133],[-75.38848,6.3713],[-75.38848,6.37125],[-75.38847,6.37122],[-75.38847,6.37119],[-75.38845,6.37113],[-75.38844,6.3711],[-75.38844,6.37106],[-75.38844,6.37099],[-75.38844,6.37095],[-75.38844,6.37092],[-75.38844,6.37089],[-75.38843,6.37086],[-75.38843,6.37083],[-75.38842,6.37079],[-75.38842,6.37074],[-75.3884,6.37068],[-75.38839,6.37064],[-75.38838,6.3706],[-75.38837,6.37057],[-75.38836,6.37053],[-75.38836,6.37049],[-75.38836,6.37047],[-75.38838,6.37044],[-75.3884,6.37041],[-75.38844,6.37037],[-75.38847,6.37034],[-75.3885,6.37033],[-75.38854,6.3703],[-75.38857,6.37028],[-75.38859,6.37027],[-75.38862,6.37025],[-75.38865,6.37024],[-75.38868,6.37022],[-75.3887,6.37021],[-75.38873,6.37019],[-75.38877,6.37017],[-75.3888,6.37015],[-75.38883,6.37014],[-75.38885,6.37012],[-75.38888,6.37011],[-75.38891,6.3701],[-75.38893,6.37009],[-75.38896,6.37007],[-75.389,6.37006],[-75.38902,6.37004],[-75.38905,6.37003],[-75.38907,6.37002],[-75.3891,6.37],[-75.38913,6.36999],[-75.38916,6.36998],[-75.38919,6.36996],[-75.38923,6.36994],[-75.38927,6.36992],[-75.3893,6.36991],[-75.38933,6.36989],[-75.38936,6.36988],[-75.38939,6.36986],[-75.38942,6.36985],[-75.38945,6.36983],[-75.38948,6.36981],[-75.3895,6.3698],[-75.38953,6.36978],[-75.38956,6.36976],[-75.38959,6.36974],[-75.38962,6.36973],[-75.38964,6.36971],[-75.38968,6.36969],[-75.38971,6.36967],[-75.38974,6.36965],[-75.38977,6.36963],[-75.38981,6.36961],[-75.38985,6.36958],[-75.38989,6.36955],[-75.38992,6.36952],[-75.38995,6.3695],[-75.38998,6.36947],[-75.39001,6.36945],[-75.39004,6.36942],[-75.39009,6.36938],[-75.39015,6.36934],[-75.39017,6.36932],[-75.3902,6.3693],[-75.39025,6.36925],[-75.39031,6.36921],[-75.39037,6.36916],[-75.3904,6.36914],[-75.39044,6.36911],[-75.39046,6.3691],[-75.39052,6.36905],[-75.39056,6.36901],[-75.3906,6.36899],[-75.39062,6.36897],[-75.39064,6.36895],[-75.39067,6.36892],[-75.39072,6.36888],[-75.39074,6.36886],[-75.39077,6.36884],[-75.3908,6.36882],[-75.39083,6.36879],[-75.39086,6.36877],[-75.39089,6.36875],[-75.39093,6.36873],[-75.39096,6.36871],[-75.39099,6.36869],[-75.39102,6.36868],[-75.39105,6.36867],[-75.39109,6.36867],[-75.39114,6.36867],[-75.39119,6.36866],[-75.39122,6.36866],[-75.39124,6.36866],[-75.39129,6.36866],[-75.39133,6.36865],[-75.39136,6.36865],[-75.39152,6.36865],[-75.39158,6.36865],[-75.39162,6.36865],[-75.39171,6.36864],[-75.39173,6.36864],[-75.39189,6.36864],[-75.39193,6.36864],[-75.39196,6.36865],[-75.392,6.36865],[-75.39203,6.36865],[-75.39206,6.36865],[-75.39209,6.36865],[-75.39212,6.36866],[-75.39215,6.36866],[-75.39218,6.36866],[-75.39222,6.36866],[-75.3923,6.36866],[-75.39234,6.36866],[-75.39237,6.36866],[-75.39242,6.36866],[-75.39245,6.36867],[-75.39249,6.36867],[-75.39251,6.36867],[-75.39255,6.36867],[-75.3926,6.36868],[-75.39263,6.36869],[-75.39267,6.3687],[-75.39273,6.36871],[-75.39277,6.36871],[-75.3928,6.36872],[-75.39285,6.36873],[-75.39289,6.36874],[-75.39292,6.36874],[-75.39296,6.36875],[-75.39299,6.36876],[-75.39302,6.36877],[-75.39305,6.36878],[-75.39307,6.36878],[-75.39311,6.36879],[-75.39316,6.3688],[-75.39323,6.3688],[-75.39327,6.36879],[-75.39331,6.36877],[-75.39335,6.36874],[-75.39338,6.36873],[-75.39341,6.36871],[-75.39343,6.36869],[-75.39345,6.36867],[-75.39348,6.36865],[-75.39351,6.36863],[-75.39355,6.36859],[-75.39358,6.36857],[-75.39361,6.36855],[-75.39363,6.36853],[-75.39365,6.36852],[-75.39369,6.36849],[-75.39373,6.36845],[-75.39375,6.36844],[-75.39378,6.36841],[-75.39381,6.36838],[-75.39384,6.36836],[-75.39387,6.36834],[-75.39391,6.3683],[-75.39393,6.36829],[-75.39396,6.36826],[-75.39401,6.36823],[-75.39403,6.36821],[-75.39406,6.36819],[-75.39408,6.36817],[-75.39411,6.36815],[-75.39414,6.36813],[-75.39417,6.36811],[-75.3942,6.36809],[-75.39424,6.36806],[-75.39427,6.36804],[-75.39429,6.36802],[-75.39432,6.368],[-75.39435,6.36798],[-75.39438,6.36796],[-75.3944,6.36794],[-75.39443,6.36791],[-75.39446,6.36789],[-75.39448,6.36787],[-75.39451,6.36785],[-75.39453,6.36783],[-75.39456,6.36781],[-75.39459,6.3678],[-75.39463,6.36781],[-75.39468,6.36782],[-75.39472,6.36782],[-75.39474,6.36783],[-75.39479,6.36783],[-75.39485,6.36782],[-75.39489,6.36781],[-75.39493,6.3678],[-75.39497,6.36778],[-75.39501,6.36777],[-75.39504,6.36776],[-75.39507,6.36776],[-75.39511,6.36774],[-75.39514,6.36773],[-75.39518,6.36772],[-75.39523,6.36771],[-75.39527,6.36771],[-75.39531,6.3677],[-75.39535,6.36769],[-75.39539,6.36768],[-75.39542,6.36767],[-75.39546,6.36766],[-75.3955,6.36765],[-75.39554,6.36764],[-75.39558,6.36763],[-75.39562,6.36762],[-75.39566,6.3676],[-75.39571,6.36757],[-75.39575,6.36755],[-75.39579,6.36753],[-75.39582,6.36752],[-75.39586,6.3675],[-75.39589,6.36749],[-75.39592,6.36748],[-75.39596,6.36747],[-75.39599,6.36746],[-75.39604,6.36744],[-75.3961,6.36742],[-75.39612,6.36741],[-75.39615,6.3674],[-75.39618,6.36739],[-75.39621,6.36738],[-75.39624,6.36737],[-75.39627,6.36735],[-75.39631,6.36732],[-75.39634,6.36731],[-75.39638,6.3673],[-75.39644,6.3673],[-75.39648,6.3673],[-75.39652,6.3673],[-75.39654,6.3673],[-75.39658,6.36731],[-75.39661,6.36731],[-75.39665,6.36732],[-75.39669,6.36734],[-75.39672,6.36736],[-75.39676,6.36738],[-75.3968,6.3674],[-75.39683,6.36741],[-75.39687,6.36743],[-75.39692,6.36745],[-75.39698,6.36749],[-75.397,6.3675],[-75.39703,6.36751],[-75.39708,6.36752],[-75.39713,6.36751],[-75.39718,6.3675],[-75.39724,6.36748],[-75.39728,6.36746],[-75.39733,6.36744],[-75.39735,6.36742],[-75.39739,6.3674],[-75.39743,6.36738],[-75.39746,6.36737],[-75.39749,6.36734],[-75.39753,6.36732],[-75.39757,6.36729],[-75.3976,6.36726],[-75.39763,6.36725],[-75.39765,6.36723],[-75.39768,6.36722],[-75.3977,6.3672],[-75.39774,6.36718],[-75.39776,6.36717],[-75.3978,6.36715],[-75.39782,6.36713],[-75.39785,6.36712],[-75.39787,6.36711],[-75.39792,6.36708],[-75.39796,6.36705],[-75.39799,6.36703],[-75.39803,6.36701],[-75.39806,6.36699],[-75.39809,6.36698],[-75.39811,6.36697],[-75.39814,6.36695],[-75.39817,6.36693],[-75.3982,6.36691],[-75.39823,6.36689],[-75.39826,6.36688],[-75.39829,6.36686],[-75.39831,6.36684],[-75.39833,6.36683],[-75.39836,6.36682],[-75.39839,6.3668],[-75.39843,6.36678],[-75.39846,6.36676],[-75.39849,6.36675],[-75.39853,6.36672],[-75.39857,6.3667],[-75.39861,6.36668],[-75.39866,6.36666],[-75.3987,6.36664],[-75.39873,6.36662],[-75.39878,6.3666],[-75.39882,6.36658],[-75.39885,6.36656],[-75.39889,6.36654],[-75.39892,6.36652],[-75.39894,6.36651],[-75.39897,6.3665],[-75.399,6.36649],[-75.39904,6.36648],[-75.39908,6.36646],[-75.39911,6.36645],[-75.39914,6.36645],[-75.39917,6.36644],[-75.39921,6.36645],[-75.39925,6.36644],[-75.39929,6.36643],[-75.39932,6.36642],[-75.39935,6.36641],[-75.39938,6.36639],[-75.39942,6.36637],[-75.39948,6.36635],[-75.39952,6.36633],[-75.39955,6.36632],[-75.39958,6.36631],[-75.39963,6.36631],[-75.39968,6.36631],[-75.39971,6.36632],[-75.39974,6.36632],[-75.39977,6.36631],[-75.39981,6.36631],[-75.39986,6.3663],[-75.39989,6.36629],[-75.39993,6.36627],[-75.39996,6.36626],[-75.4,6.36625],[-75.40003,6.36624],[-75.40007,6.36621],[-75.4001,6.36619],[-75.40012,6.36617],[-75.40015,6.36615],[-75.40018,6.36613],[-75.40022,6.36611],[-75.40027,6.36609],[-75.40032,6.36608],[-75.40035,6.36608],[-75.40039,6.36608],[-75.40041,6.36608],[-75.40044,6.36608],[-75.40048,6.36609],[-75.40053,6.36609],[-75.40055,6.36609],[-75.40059,6.36609],[-75.40062,6.36609],[-75.40066,6.36608],[-75.4007,6.36608],[-75.40073,6.36607],[-75.40078,6.36607],[-75.4008,6.36607],[-75.40083,6.36606],[-75.40086,6.36606],[-75.40089,6.36606],[-75.40094,6.36606],[-75.40097,6.36607],[-75.40099,6.36608],[-75.40102,6.36608],[-75.40105,6.3661],[-75.40109,6.36611],[-75.40112,6.36611],[-75.40116,6.36611],[-75.4012,6.3661],[-75.40125,6.36608],[-75.40129,6.36608],[-75.40133,6.36608],[-75.40137,6.36608],[-75.40142,6.36607],[-75.40146,6.36605],[-75.40149,6.36604],[-75.40152,6.36603],[-75.40156,6.36602],[-75.4016,6.36601],[-75.40164,6.366],[-75.40167,6.36599],[-75.4017,6.36598],[-75.40173,6.36597],[-75.40178,6.36595],[-75.40183,6.36593],[-75.40187,6.36591],[-75.40191,6.36589],[-75.40196,6.36587],[-75.40201,6.36585],[-75.40204,6.36584],[-75.40208,6.36583],[-75.40211,6.36582],[-75.40214,6.36581],[-75.40216,6.3658],[-75.4022,6.36578],[-75.40224,6.36576],[-75.40227,6.36575],[-75.4023,6.36574],[-75.40233,6.36573],[-75.40235,6.36572],[-75.40238,6.36571],[-75.40241,6.3657],[-75.40244,6.36569],[-75.40247,6.36568],[-75.4025,6.36567],[-75.40254,6.36566],[-75.40259,6.36565],[-75.40263,6.36564],[-75.40268,6.36563],[-75.40271,6.36562],[-75.40276,6.36561],[-75.40279,6.3656],[-75.40283,6.36558],[-75.40288,6.36556],[-75.40292,6.36555],[-75.40295,6.36553],[-75.40298,6.36552],[-75.40301,6.36551],[-75.40305,6.36549],[-75.4031,6.36547],[-75.40312,6.36546],[-75.40317,6.36544],[-75.4032,6.36542],[-75.40324,6.36541],[-75.40327,6.36539],[-75.4033,6.36537],[-75.40332,6.36536],[-75.40335,6.36534],[-75.40338,6.36532],[-75.40342,6.3653],[-75.40346,6.36529],[-75.4035,6.36527],[-75.40355,6.36525],[-75.40358,6.36524],[-75.40363,6.36522],[-75.40367,6.3652],[-75.4037,6.36519],[-75.40375,6.36517],[-75.40378,6.36515],[-75.40382,6.36514],[-75.40385,6.36513],[-75.40389,6.36512],[-75.40394,6.3651],[-75.40398,6.36509],[-75.40401,6.36509],[-75.40404,6.3651],[-75.40407,6.36512],[-75.4041,6.36514],[-75.40413,6.36515],[-75.40416,6.36517],[-75.40418,6.36519],[-75.40421,6.36521],[-75.40424,6.36523],[-75.40428,6.36526],[-75.40431,6.3653],[-75.40433,6.36532],[-75.40436,6.36535],[-75.40439,6.36538],[-75.4044,6.3654],[-75.40444,6.36543],[-75.40446,6.36547],[-75.40448,6.36551],[-75.4045,6.36554],[-75.40452,6.36558],[-75.40453,6.36561],[-75.40455,6.36564],[-75.40456,6.36567],[-75.40457,6.36569],[-75.40459,6.36571],[-75.40462,6.36574],[-75.40466,6.36578],[-75.40468,6.36582],[-75.40469,6.36586],[-75.4047,6.3659],[-75.40471,6.36594],[-75.40473,6.36597],[-75.40474,6.366],[-75.40475,6.36604],[-75.40476,6.36608],[-75.40478,6.36611],[-75.4048,6.36613],[-75.40484,6.36615],[-75.40488,6.36617],[-75.40491,6.36618],[-75.40495,6.36618],[-75.40499,6.3662],[-75.40502,6.36621],[-75.40504,6.36623],[-75.40506,6.36624],[-75.40508,6.36626],[-75.4051,6.36629],[-75.40512,6.36631],[-75.40514,6.36634],[-75.40517,6.3664],[-75.40519,6.36643],[-75.4052,6.36646],[-75.40522,6.3665],[-75.40523,6.36654],[-75.40524,6.36658],[-75.40524,6.36661],[-75.40524,6.36664],[-75.40526,6.36667],[-75.40527,6.36669],[-75.40531,6.36671],[-75.40536,6.36674],[-75.40539,6.36675],[-75.40542,6.36677],[-75.40539,6.36681],[-75.40537,6.36685],[-75.40535,6.3669],[-75.40534,6.36695],[-75.40532,6.36698],[-75.40531,6.36702],[-75.4053,6.36706],[-75.40529,6.36709],[-75.40527,6.36713],[-75.40525,6.36716],[-75.40522,6.36719],[-75.40521,6.36721],[-75.40519,6.36725],[-75.40518,6.3673],[-75.40517,6.36733],[-75.40517,6.36736],[-75.40517,6.3674],[-75.40517,6.36743],[-75.40518,6.36746],[-75.40518,6.3675],[-75.40518,6.36753],[-75.40519,6.36756],[-75.40519,6.36759],[-75.40519,6.36762],[-75.40519,6.36766],[-75.40519,6.3677],[-75.40519,6.36774],[-75.40519,6.36777],[-75.40519,6.3678],[-75.40519,6.36784],[-75.40519,6.36787],[-75.40519,6.36789],[-75.40519,6.36792],[-75.4052,6.36796],[-75.40521,6.36801],[-75.40522,6.36806],[-75.40523,6.36809],[-75.40525,6.36812],[-75.40527,6.36815],[-75.40528,6.36817],[-75.40526,6.36819],[-75.40521,6.36821],[-75.40517,6.36822],[-75.40512,6.36823],[-75.40507,6.36823],[-75.40502,6.36824],[-75.40498,6.36824],[-75.40493,6.36825],[-75.40489,6.36825],[-75.40484,6.36826],[-75.40479,6.36827],[-75.40475,6.36829],[-75.4047,6.36832],[-75.40466,6.36835],[-75.40462,6.36838],[-75.40459,6.36841],[-75.40455,6.36844],[-75.4045,6.36846],[-75.40447,6.36849],[-75.40442,6.36852],[-75.40438,6.36855],[-75.40435,6.36859],[-75.40431,6.36862],[-75.40427,6.36865],[-75.40424,6.36867],[-75.40419,6.36869],[-75.4041,6.36874],[-75.40406,6.36876],[-75.40408,6.36881],[-75.4041,6.36885],[-75.40412,6.36888],[-75.40414,6.36891],[-75.40416,6.36895],[-75.40417,6.36898],[-75.4042,6.36906],[-75.40421,6.3691],[-75.40421,6.36913],[-75.40422,6.36917],[-75.40422,6.36921],[-75.40422,6.36924],[-75.40422,6.36928],[-75.40422,6.36933],[-75.40423,6.36936],[-75.40423,6.3694],[-75.40423,6.36944],[-75.40424,6.36949],[-75.40424,6.36953],[-75.40425,6.36956],[-75.40426,6.3696],[-75.40427,6.36965],[-75.40427,6.36969],[-75.40427,6.36972],[-75.40428,6.36976],[-75.40427,6.3698],[-75.40427,6.36984],[-75.40426,6.36988],[-75.40425,6.36991],[-75.40426,6.36995],[-75.40428,6.36999],[-75.40433,6.37004],[-75.40435,6.37007],[-75.40437,6.37011],[-75.40438,6.37015],[-75.40438,6.37019],[-75.40438,6.37023],[-75.40438,6.37035],[-75.40438,6.37039],[-75.40443,6.37037],[-75.40446,6.37034],[-75.40449,6.37032],[-75.40453,6.37031],[-75.40458,6.37031],[-75.40461,6.37035],[-75.40463,6.37039],[-75.40465,6.37044],[-75.40468,6.37049],[-75.4047,6.37053],[-75.40472,6.37057],[-75.40475,6.37061],[-75.40478,6.37065],[-75.4048,6.37069],[-75.40482,6.37074],[-75.40484,6.37079],[-75.40486,6.37083],[-75.40488,6.37088],[-75.40489,6.37092],[-75.40491,6.37096],[-75.40493,6.37101],[-75.40496,6.37105],[-75.405,6.37114],[-75.40503,6.37119],[-75.40505,6.37123],[-75.40507,6.37128],[-75.40509,6.37132],[-75.40511,6.37137],[-75.40513,6.37141],[-75.40516,6.37146],[-75.40519,6.3715],[-75.40522,6.37154],[-75.40525,6.37157],[-75.40527,6.37159],[-75.40515,6.37185],[-75.40511,6.37193],[-75.40509,6.37198],[-75.40506,6.37202],[-75.40505,6.37207],[-75.40503,6.37211],[-75.40501,6.37216],[-75.40499,6.3722],[-75.40496,6.37224],[-75.40494,6.37228],[-75.40491,6.37233],[-75.40489,6.37237],[-75.40487,6.3724],[-75.40485,6.37245],[-75.40484,6.37249],[-75.40482,6.37254],[-75.40481,6.37258],[-75.40481,6.37263],[-75.40483,6.37268],[-75.40484,6.37272],[-75.40486,6.37277],[-75.40488,6.37281],[-75.4049,6.37285],[-75.40493,6.37289],[-75.40495,6.37293],[-75.40497,6.37297],[-75.405,6.37302],[-75.40503,6.37306],[-75.40505,6.37311],[-75.40507,6.37315],[-75.40509,6.3732],[-75.4051,6.37324],[-75.40512,6.37328],[-75.40515,6.37332],[-75.40518,6.37336],[-75.4052,6.3734],[-75.40523,6.37344],[-75.40526,6.37347],[-75.40529,6.37351],[-75.40532,6.37355],[-75.40535,6.37359],[-75.40537,6.37363],[-75.4054,6.37367],[-75.40543,6.37372],[-75.40546,6.37375],[-75.40548,6.37379],[-75.40551,6.37383],[-75.40553,6.37388],[-75.40555,6.37393],[-75.40556,6.37397],[-75.40557,6.37402],[-75.40558,6.37407],[-75.4056,6.37416],[-75.4056,6.37421],[-75.4056,6.37426],[-75.4056,6.37441],[-75.4056,6.37445],[-75.40559,6.3745],[-75.40559,6.3746],[-75.40559,6.37464],[-75.4056,6.37469],[-75.40562,6.37474],[-75.40563,6.37478],[-75.40565,6.37482],[-75.40567,6.37487],[-75.4057,6.37491],[-75.40572,6.37496],[-75.40575,6.375],[-75.40577,6.37504],[-75.40579,6.37508],[-75.4058,6.37513],[-75.40582,6.37518],[-75.40583,6.37522],[-75.40584,6.37527],[-75.40583,6.37532],[-75.40582,6.37536],[-75.40581,6.37541],[-75.4058,6.37546],[-75.40578,6.3755],[-75.40576,6.37554],[-75.40575,6.37559],[-75.40574,6.37563],[-75.40572,6.37568],[-75.40571,6.37571],[-75.40569,6.37577],[-75.40567,6.37581],[-75.40566,6.37586],[-75.4056,6.37597],[-75.40568,6.37608],[-75.40571,6.37611],[-75.40574,6.37615],[-75.40578,6.37618],[-75.40581,6.37621],[-75.40584,6.37624],[-75.40589,6.37633],[-75.4059,6.37638],[-75.40592,6.37642],[-75.40594,6.37647],[-75.40596,6.37651],[-75.40597,6.37655],[-75.40598,6.3766],[-75.40599,6.37665],[-75.40599,6.3767],[-75.406,6.37674],[-75.40601,6.37679],[-75.40602,6.37684],[-75.40604,6.37689],[-75.40605,6.37694],[-75.40606,6.37698],[-75.40608,6.37703],[-75.40608,6.37708],[-75.40609,6.37713],[-75.4061,6.37722],[-75.40605,6.37723],[-75.406,6.37725],[-75.40595,6.37726],[-75.4059,6.37727],[-75.40586,6.37728],[-75.40581,6.37729],[-75.40576,6.3773],[-75.40571,6.37731],[-75.40566,6.37732],[-75.40561,6.37733],[-75.40556,6.37735],[-75.40552,6.37736],[-75.40548,6.37738],[-75.40543,6.3774],[-75.40539,6.37742],[-75.40534,6.37744],[-75.4053,6.37746],[-75.40526,6.37747],[-75.40521,6.37748],[-75.40517,6.3775],[-75.40513,6.37752],[-75.40508,6.37754],[-75.40504,6.37756],[-75.405,6.37758],[-75.40496,6.37761],[-75.40492,6.37763],[-75.40488,6.37766],[-75.40484,6.37769],[-75.40481,6.37772],[-75.40473,6.37778],[-75.4047,6.37781],[-75.40471,6.37786],[-75.40473,6.3779],[-75.40476,6.37794],[-75.40479,6.37798],[-75.4048,6.37803],[-75.40483,6.37807],[-75.40485,6.37813],[-75.40486,6.37817],[-75.40488,6.37821],[-75.40489,6.37826],[-75.40491,6.37831],[-75.40492,6.37836],[-75.40492,6.3784],[-75.40493,6.37845],[-75.40495,6.37848],[-75.405,6.37848],[-75.40505,6.37847],[-75.4051,6.37847],[-75.40515,6.37846],[-75.40519,6.37845],[-75.40525,6.37845],[-75.40529,6.37844],[-75.40534,6.37844],[-75.40538,6.37844],[-75.40544,6.37844],[-75.40548,6.37845],[-75.40554,6.37845],[-75.40557,6.37847],[-75.40561,6.37849],[-75.40565,6.3785],[-75.40568,6.37851],[-75.40572,6.37852],[-75.40575,6.37854],[-75.40577,6.37855],[-75.4058,6.37857],[-75.40583,6.37859],[-75.40587,6.3786],[-75.40589,6.37862],[-75.40592,6.37864],[-75.40597,6.37865],[-75.406,6.37865],[-75.40605,6.37866],[-75.40608,6.37866],[-75.40615,6.3787],[-75.40613,6.37874],[-75.40612,6.37877],[-75.40612,6.37882],[-75.40611,6.37885],[-75.4061,6.37887],[-75.40608,6.3789],[-75.40607,6.37892],[-75.40609,6.37895],[-75.40609,6.37898],[-75.40607,6.379],[-75.40606,6.37903],[-75.40606,6.37907],[-75.40604,6.3791],[-75.40601,6.37911],[-75.40599,6.37914],[-75.40597,6.37916],[-75.40595,6.37919],[-75.40594,6.37921],[-75.40592,6.37922],[-75.40591,6.37926],[-75.40592,6.37929],[-75.4059,6.37931],[-75.40587,6.37934],[-75.40585,6.37935],[-75.40583,6.37938],[-75.40581,6.3794],[-75.40579,6.37943],[-75.40578,6.37946],[-75.40577,6.3795],[-75.40576,6.37954],[-75.40574,6.37956],[-75.40572,6.3796],[-75.4057,6.37964],[-75.40568,6.37967],[-75.40567,6.37969],[-75.40565,6.37972],[-75.40563,6.37975],[-75.40562,6.37979],[-75.40563,6.37983],[-75.40565,6.37987],[-75.40568,6.37992],[-75.4057,6.37995],[-75.40574,6.37999],[-75.40577,6.38003],[-75.40579,6.38007],[-75.40581,6.38011],[-75.40584,6.38015],[-75.40587,6.3802],[-75.40589,6.38024],[-75.40592,6.38028],[-75.40594,6.38032],[-75.40597,6.38036],[-75.406,6.3804],[-75.40603,6.38043],[-75.40606,6.38047],[-75.4061,6.38051],[-75.40629,6.38075],[-75.40653,6.38079],[-75.40659,6.38088],[-75.40661,6.38092],[-75.40664,6.38098],[-75.40666,6.38102],[-75.40671,6.38108],[-75.40678,6.38116],[-75.40689,6.38128],[-75.40646,6.38155],[-75.40647,6.38158],[-75.40647,6.38162],[-75.40646,6.38164],[-75.40646,6.38168],[-75.40643,6.38173],[-75.4064,6.38177],[-75.40644,6.38179],[-75.40647,6.38179],[-75.40651,6.38179],[-75.40654,6.3818],[-75.40652,6.38183],[-75.40651,6.38186],[-75.4065,6.38189],[-75.40647,6.38193],[-75.40644,6.38195],[-75.40642,6.38198],[-75.40642,6.382],[-75.40641,6.38203],[-75.40639,6.38204],[-75.40636,6.38207],[-75.40634,6.38212],[-75.40634,6.38215],[-75.40635,6.38221],[-75.40635,6.38225],[-75.40634,6.38229],[-75.40634,6.38233],[-75.40634,6.38238],[-75.40633,6.38244],[-75.40631,6.38248],[-75.40628,6.38251],[-75.40626,6.38254],[-75.40625,6.38257],[-75.40625,6.3826],[-75.40626,6.38263],[-75.40628,6.38266],[-75.4063,6.38268],[-75.40632,6.38272],[-75.40633,6.38276],[-75.40636,6.38279],[-75.40638,6.38283],[-75.4064,6.38286],[-75.40641,6.38289],[-75.40643,6.38292],[-75.40644,6.38295],[-75.40647,6.38297],[-75.4065,6.38299],[-75.40652,6.38301],[-75.40655,6.38304],[-75.40656,6.38308],[-75.40657,6.38312],[-75.40656,6.38314],[-75.40653,6.38317],[-75.4065,6.38319],[-75.40648,6.38321],[-75.40644,6.38322],[-75.40644,6.38326],[-75.40645,6.38331],[-75.40646,6.38334],[-75.40647,6.38338],[-75.40649,6.38341],[-75.40651,6.38345],[-75.40653,6.38348],[-75.40656,6.38351],[-75.40659,6.38354],[-75.4066,6.38356],[-75.40661,6.38359],[-75.40662,6.38362],[-75.40663,6.38367],[-75.40664,6.38371],[-75.40666,6.38375],[-75.40667,6.38379],[-75.40668,6.38383],[-75.40669,6.38385],[-75.4067,6.38388],[-75.40669,6.38392],[-75.40669,6.38395],[-75.40669,6.38398],[-75.40667,6.38402],[-75.40669,6.38406],[-75.40672,6.38407],[-75.40675,6.38407],[-75.40677,6.38405],[-75.40681,6.38404],[-75.40684,6.38405],[-75.40688,6.38406],[-75.40692,6.38406],[-75.40696,6.38406],[-75.407,6.38406],[-75.40703,6.38407],[-75.40705,6.3841],[-75.40707,6.38413],[-75.40709,6.38415],[-75.40711,6.38417],[-75.40715,6.38417],[-75.40719,6.38418],[-75.40722,6.38418],[-75.40725,6.38419],[-75.40728,6.3842],[-75.40731,6.38421],[-75.40734,6.38422],[-75.40736,6.38424],[-75.40738,6.38427],[-75.4074,6.38431],[-75.40743,6.38433],[-75.40744,6.38436],[-75.40745,6.3844],[-75.40746,6.38443],[-75.40749,6.38445],[-75.40752,6.38448],[-75.40755,6.3845],[-75.40758,6.38453],[-75.4076,6.38455],[-75.40762,6.38458],[-75.40765,6.3846],[-75.40767,6.38462],[-75.40769,6.38465],[-75.40771,6.38468],[-75.40774,6.3847],[-75.40778,6.38472],[-75.40782,6.38475],[-75.40785,6.38476],[-75.40788,6.38477],[-75.40791,6.38479],[-75.40794,6.38482],[-75.40796,6.38484],[-75.40799,6.38487],[-75.40801,6.38489],[-75.40802,6.38491],[-75.40805,6.38494],[-75.40808,6.38497],[-75.4081,6.38499],[-75.40813,6.38501],[-75.40817,6.38504],[-75.40819,6.38507],[-75.40822,6.3851],[-75.40824,6.38511],[-75.40826,6.38513],[-75.40828,6.38516],[-75.4083,6.38519],[-75.40831,6.38523],[-75.40831,6.38526],[-75.40835,6.38529],[-75.40838,6.38532],[-75.40841,6.38534],[-75.40843,6.38536],[-75.40846,6.38538],[-75.40848,6.38541],[-75.4085,6.38544],[-75.40851,6.38547],[-75.40852,6.3855],[-75.40853,6.38554],[-75.40854,6.38557],[-75.40854,6.38559],[-75.40855,6.38563],[-75.40857,6.38566],[-75.40858,6.3857],[-75.4086,6.38573],[-75.40863,6.38575],[-75.40866,6.38575],[-75.40869,6.38575],[-75.40873,6.38578],[-75.40875,6.3858],[-75.40876,6.38583],[-75.40877,6.38586],[-75.40878,6.38589],[-75.40879,6.38592],[-75.40879,6.38595],[-75.40879,6.38598],[-75.40876,6.386],[-75.40873,6.38601],[-75.40869,6.38601],[-75.40866,6.38603],[-75.40863,6.38605],[-75.40861,6.38608],[-75.4086,6.38612],[-75.40858,6.38615],[-75.40857,6.38619],[-75.40856,6.38622],[-75.40855,6.38625],[-75.40853,6.38629],[-75.40852,6.38633],[-75.40851,6.38637],[-75.40851,6.38642],[-75.40851,6.38646],[-75.40851,6.3865],[-75.40852,6.38654],[-75.40852,6.38658],[-75.40851,6.38661],[-75.40849,6.38663],[-75.40847,6.38665],[-75.40845,6.38667],[-75.40843,6.38669],[-75.4084,6.38672],[-75.4084,6.38675],[-75.4084,6.38677],[-75.40844,6.38678],[-75.40848,6.38678],[-75.4085,6.3868],[-75.40851,6.38682],[-75.40853,6.38684],[-75.40854,6.38687],[-75.40856,6.38689],[-75.40858,6.38693],[-75.40858,6.38696],[-75.40859,6.387],[-75.4086,6.38704],[-75.40861,6.38707],[-75.40863,6.3871],[-75.40865,6.38713],[-75.40867,6.38716],[-75.40869,6.38719],[-75.40872,6.38722],[-75.40875,6.38726],[-75.40878,6.38727],[-75.40881,6.38728],[-75.40885,6.38729],[-75.40889,6.3873],[-75.40892,6.38733],[-75.40894,6.38736],[-75.40895,6.3874],[-75.40897,6.38744],[-75.40899,6.38746],[-75.40901,6.38748],[-75.40903,6.38751],[-75.40905,6.38753],[-75.40907,6.38755],[-75.40911,6.38758],[-75.40913,6.3876],[-75.40915,6.38762],[-75.40917,6.38765],[-75.4092,6.38768],[-75.40923,6.38772],[-75.40925,6.38775],[-75.40928,6.38778],[-75.40929,6.3878],[-75.40931,6.38783],[-75.40933,6.38785],[-75.40935,6.38788],[-75.40936,6.38791],[-75.40938,6.38795],[-75.4094,6.38798],[-75.40942,6.38801],[-75.40943,6.38804],[-75.40946,6.38806],[-75.40951,6.38808],[-75.40956,6.38811],[-75.40959,6.38813],[-75.40963,6.38816],[-75.40966,6.38819],[-75.40968,6.38821],[-75.40969,6.38824],[-75.40971,6.38827],[-75.40973,6.3883],[-75.40975,6.38834],[-75.40978,6.38837],[-75.4098,6.3884],[-75.40982,6.38844],[-75.40984,6.38848],[-75.40985,6.3885],[-75.40987,6.38853],[-75.40989,6.38857],[-75.4099,6.3886],[-75.40992,6.38865],[-75.40993,6.38868],[-75.40994,6.38872],[-75.40995,6.38877],[-75.40995,6.38881],[-75.40995,6.38884],[-75.40996,6.38887],[-75.40996,6.38891],[-75.40997,6.38895],[-75.40985,6.389],[-75.40985,6.38903],[-75.40985,6.38907],[-75.40986,6.38911],[-75.40989,6.38918],[-75.4099,6.38923],[-75.40992,6.3893],[-75.40993,6.38934],[-75.40994,6.38939],[-75.40994,6.38943],[-75.40995,6.38947],[-75.40996,6.38952],[-75.40997,6.38959],[-75.40997,6.38963],[-75.40997,6.38967],[-75.40997,6.38973],[-75.40997,6.38977],[-75.40997,6.3898],[-75.40997,6.38985],[-75.40996,6.38989],[-75.40996,6.38994],[-75.40995,6.38998],[-75.40994,6.39002],[-75.40992,6.39005],[-75.40995,6.39007],[-75.40996,6.3901],[-75.40996,6.39013],[-75.40996,6.39017],[-75.40996,6.3902],[-75.40996,6.39022],[-75.40995,6.39025],[-75.40994,6.39029],[-75.40994,6.39032],[-75.40993,6.39036],[-75.40992,6.39039],[-75.4099,6.39043],[-75.40989,6.39046],[-75.40989,6.39049],[-75.40987,6.39051],[-75.40986,6.39055],[-75.40986,6.39058],[-75.40985,6.39061],[-75.40984,6.39065],[-75.40984,6.39069],[-75.40984,6.39073],[-75.40985,6.39076],[-75.40986,6.39081],[-75.40987,6.39085],[-75.40988,6.39089],[-75.40989,6.39092],[-75.4099,6.39095],[-75.40991,6.39098],[-75.40991,6.39101],[-75.40992,6.39104],[-75.40993,6.39107],[-75.40994,6.3911],[-75.40995,6.39113],[-75.40995,6.39116],[-75.40996,6.39118],[-75.40998,6.39122],[-75.41,6.39125],[-75.41001,6.39128],[-75.41003,6.3913],[-75.41006,6.39132],[-75.41008,6.39136],[-75.4101,6.39138],[-75.41011,6.3914],[-75.41013,6.39143],[-75.41014,6.39145],[-75.41016,6.39147],[-75.41018,6.3915],[-75.41019,6.39152],[-75.41021,6.39154],[-75.41023,6.39157],[-75.41028,6.39165],[-75.41029,6.39167],[-75.41031,6.3917],[-75.41033,6.39174],[-75.41034,6.39178],[-75.41034,6.39182],[-75.41035,6.39185],[-75.41037,6.39188],[-75.41039,6.39192],[-75.41042,6.39195],[-75.41044,6.39198],[-75.41045,6.392],[-75.41047,6.39204],[-75.41049,6.39206],[-75.41052,6.39209],[-75.41054,6.39211],[-75.41057,6.39214],[-75.41059,6.39217],[-75.41061,6.39219],[-75.41063,6.39221],[-75.41066,6.39224],[-75.41069,6.39226],[-75.41072,6.39228],[-75.41073,6.39237],[-75.41076,6.39242],[-75.41077,6.39245],[-75.41078,6.39249],[-75.4108,6.39257],[-75.41083,6.39263],[-75.41084,6.39267],[-75.41088,6.39274],[-75.41089,6.39277],[-75.41091,6.39282],[-75.41094,6.39287],[-75.41097,6.39292],[-75.41099,6.39295],[-75.41103,6.39304],[-75.41108,6.39314],[-75.41111,6.39321],[-75.41112,6.39326],[-75.41113,6.39329],[-75.41114,6.39335],[-75.41115,6.39339],[-75.41116,6.39344],[-75.41117,6.39352],[-75.41118,6.39356],[-75.4112,6.39361],[-75.41122,6.39367],[-75.41122,6.3937],[-75.41123,6.39375],[-75.41124,6.39379],[-75.41124,6.39388],[-75.41125,6.39395],[-75.41128,6.394],[-75.4113,6.39425],[-75.41131,6.39427],[-75.41135,6.3943],[-75.41138,6.39431],[-75.41142,6.39437],[-75.41149,6.39452],[-75.41157,6.39468],[-75.41167,6.39486],[-75.41182,6.39503],[-75.41196,6.39515],[-75.41214,6.39532],[-75.41219,6.39541],[-75.41227,6.39556],[-75.4123,6.3956],[-75.41239,6.39565],[-75.41243,6.3957],[-75.41245,6.39577],[-75.41248,6.39584],[-75.4125,6.39588],[-75.41252,6.39591],[-75.41254,6.39593],[-75.41256,6.39595],[-75.41257,6.39598],[-75.41258,6.39602],[-75.41259,6.39605],[-75.4126,6.39609],[-75.41263,6.39611],[-75.41266,6.39612],[-75.4127,6.39613],[-75.41274,6.39614],[-75.41277,6.39616],[-75.41278,6.39618],[-75.41281,6.39621],[-75.41284,6.39622],[-75.41288,6.39623],[-75.4129,6.39625],[-75.41292,6.39628],[-75.41295,6.39629],[-75.41298,6.39628],[-75.41301,6.39626],[-75.41304,6.39625],[-75.41308,6.39624],[-75.41311,6.39623],[-75.41316,6.39622],[-75.41319,6.39621],[-75.41322,6.39621],[-75.41325,6.3962],[-75.41328,6.3962],[-75.41332,6.3962],[-75.41335,6.3962],[-75.41338,6.3962],[-75.41342,6.39619],[-75.41346,6.39619],[-75.4135,6.39619],[-75.41352,6.39618],[-75.41356,6.39616],[-75.4136,6.39616],[-75.41362,6.39617],[-75.41366,6.39617],[-75.41369,6.39618],[-75.41372,6.39619],[-75.41376,6.39621],[-75.41381,6.39621],[-75.41385,6.3962],[-75.41387,6.39619],[-75.41392,6.39617],[-75.41396,6.39616],[-75.414,6.39614],[-75.41403,6.39614],[-75.41406,6.39614],[-75.4141,6.39614],[-75.41412,6.39614],[-75.41416,6.39614],[-75.4142,6.39615],[-75.41423,6.39616],[-75.41425,6.39617],[-75.41431,6.39621],[-75.41434,6.39624],[-75.41435,6.39628],[-75.41435,6.39631],[-75.41435,6.39635],[-75.41434,6.3964],[-75.41438,6.39642],[-75.41443,6.39642],[-75.4145,6.39642],[-75.41454,6.39643],[-75.41458,6.39642],[-75.41461,6.3964],[-75.41462,6.39638],[-75.41463,6.39635],[-75.41465,6.39631],[-75.41467,6.39627],[-75.4147,6.39623],[-75.41473,6.3962],[-75.41476,6.39618],[-75.41478,6.39617],[-75.41483,6.39616],[-75.41486,6.3962],[-75.4149,6.39625],[-75.41496,6.39629],[-75.41504,6.39635],[-75.41509,6.39638],[-75.41524,6.39647],[-75.41536,6.39655],[-75.41545,6.3966],[-75.41553,6.39664],[-75.41568,6.3964],[-75.41593,6.39601],[-75.41597,6.39601],[-75.416,6.396],[-75.41603,6.39599],[-75.41605,6.39599],[-75.41609,6.39598],[-75.41613,6.39596],[-75.41618,6.39595],[-75.41622,6.39592],[-75.41625,6.39591],[-75.41629,6.39589],[-75.41633,6.39586],[-75.41636,6.39585],[-75.41639,6.39584],[-75.41643,6.39584],[-75.41647,6.39583],[-75.4165,6.39585],[-75.41653,6.39586],[-75.41657,6.39586],[-75.41661,6.39586],[-75.41664,6.39586],[-75.41666,6.39585],[-75.41669,6.39584],[-75.41673,6.39582],[-75.41677,6.3958],[-75.4168,6.39578],[-75.41682,6.39576],[-75.41685,6.39575],[-75.41688,6.39574],[-75.41691,6.39572],[-75.41694,6.39568],[-75.41697,6.39565],[-75.41699,6.39563],[-75.417,6.3956],[-75.41703,6.39558],[-75.41707,6.39556],[-75.4171,6.39555],[-75.41713,6.39553],[-75.41716,6.39551],[-75.41718,6.39549],[-75.41721,6.39547],[-75.41724,6.39545],[-75.41726,6.39542],[-75.4173,6.39539],[-75.41733,6.39538],[-75.41736,6.39537],[-75.41738,6.39535],[-75.41739,6.39531],[-75.41743,6.3953],[-75.41746,6.39531],[-75.41749,6.39528],[-75.41753,6.39527],[-75.41755,6.39527],[-75.41758,6.39526],[-75.41762,6.39525],[-75.41764,6.39523],[-75.41768,6.39522],[-75.41772,6.3952],[-75.41776,6.3952],[-75.41779,6.39518],[-75.41781,6.39517],[-75.41783,6.39516],[-75.41786,6.39515],[-75.41789,6.39514],[-75.41793,6.39513],[-75.41797,6.39511],[-75.41802,6.3951],[-75.41805,6.3951],[-75.4181,6.39509],[-75.41814,6.39508],[-75.41818,6.39507],[-75.4182,6.39506],[-75.41823,6.39506],[-75.41827,6.39505],[-75.4183,6.39504],[-75.41835,6.39503],[-75.41839,6.39503],[-75.41842,6.39502],[-75.41845,6.39502],[-75.41851,6.39501],[-75.41855,6.39501],[-75.41858,6.395],[-75.41861,6.395],[-75.41866,6.395],[-75.4187,6.39499],[-75.41873,6.39499],[-75.41875,6.39498],[-75.4188,6.39498],[-75.41883,6.39497],[-75.41886,6.39496],[-75.41888,6.39495],[-75.41891,6.39493],[-75.41894,6.39492],[-75.41898,6.39489],[-75.41903,6.39487],[-75.41906,6.39486],[-75.4191,6.39486],[-75.41966,6.39501],[-75.41973,6.39502],[-75.41982,6.39503],[-75.4199,6.39505],[-75.41999,6.39506],[-75.42006,6.39507],[-75.42014,6.39509],[-75.42022,6.39511],[-75.42025,6.39511],[-75.42028,6.39512],[-75.42037,6.39514],[-75.42045,6.39515],[-75.42053,6.39517],[-75.42055,6.3952],[-75.42058,6.39524],[-75.42062,6.39528],[-75.42065,6.39533],[-75.4207,6.39539],[-75.42074,6.39543],[-75.42078,6.39547],[-75.42083,6.39551],[-75.42086,6.39554],[-75.42089,6.39557],[-75.42092,6.39561],[-75.42092,6.39564],[-75.42091,6.39568],[-75.42089,6.39572],[-75.42088,6.39574],[-75.42091,6.39576],[-75.42095,6.39578],[-75.42097,6.3958],[-75.421,6.39583],[-75.42103,6.39586],[-75.42105,6.39588],[-75.42108,6.39591],[-75.42111,6.39594],[-75.42114,6.39596],[-75.42117,6.39599],[-75.42119,6.39602],[-75.42121,6.39604],[-75.42123,6.39607],[-75.42125,6.3961],[-75.42127,6.39612],[-75.4213,6.39615],[-75.42134,6.39619],[-75.42137,6.39622],[-75.4214,6.39624],[-75.42142,6.39627],[-75.42144,6.39629],[-75.42146,6.39633],[-75.42147,6.39635],[-75.42148,6.39638],[-75.4215,6.39642],[-75.42154,6.39648],[-75.42156,6.39652],[-75.42158,6.39656],[-75.42158,6.39662],[-75.42158,6.39668],[-75.42158,6.39675],[-75.42158,6.3968],[-75.42158,6.39683],[-75.42158,6.39688],[-75.42158,6.39691],[-75.42158,6.39694],[-75.42157,6.39697],[-75.42155,6.39696],[-75.42153,6.397],[-75.42155,6.39704],[-75.42156,6.39708],[-75.42157,6.39713],[-75.42157,6.3972],[-75.42156,6.39726],[-75.42156,6.39733],[-75.42156,6.39738],[-75.42156,6.39742],[-75.42155,6.39745],[-75.42154,6.39748],[-75.42153,6.39751],[-75.42152,6.39754],[-75.42149,6.39757],[-75.42147,6.3976],[-75.42145,6.39763],[-75.42141,6.39763],[-75.4214,6.39767],[-75.42142,6.39772],[-75.42142,6.39775],[-75.42141,6.39778],[-75.4214,6.39781],[-75.42139,6.39784],[-75.42139,6.39786],[-75.42138,6.39789],[-75.42137,6.39792],[-75.42135,6.39795],[-75.42139,6.39802],[-75.4214,6.39807],[-75.42141,6.39811],[-75.42141,6.39815],[-75.42142,6.39819],[-75.42142,6.39823],[-75.42142,6.39827],[-75.42142,6.39832],[-75.42142,6.39836],[-75.42141,6.3984],[-75.4214,6.39848],[-75.4214,6.39852],[-75.4214,6.39857],[-75.4214,6.39861],[-75.42139,6.39864],[-75.4214,6.3987],[-75.4214,6.39874],[-75.4214,6.39879],[-75.42141,6.39885],[-75.42141,6.39891],[-75.42141,6.39898],[-75.42142,6.39904],[-75.42142,6.39909],[-75.42142,6.39913],[-75.42142,6.39918],[-75.42142,6.39921],[-75.42142,6.39924],[-75.42142,6.39929],[-75.42142,6.39933],[-75.42142,6.39938],[-75.42142,6.39941],[-75.42143,6.39944],[-75.42144,6.39948],[-75.42145,6.39952],[-75.42147,6.39956],[-75.4215,6.39959],[-75.42154,6.39963],[-75.42159,6.39968],[-75.42163,6.39972],[-75.42166,6.39974],[-75.42168,6.39977],[-75.4217,6.39979],[-75.42172,6.3998],[-75.42165,6.39987],[-75.42156,6.39992],[-75.42148,6.39997],[-75.42143,6.4],[-75.42139,6.40002],[-75.42135,6.40004],[-75.42137,6.4001],[-75.42142,6.40066],[-75.42138,6.40067],[-75.42135,6.40069],[-75.42132,6.4007],[-75.42129,6.40071],[-75.42126,6.40072],[-75.42123,6.40074],[-75.4212,6.40076],[-75.42118,6.40077],[-75.42114,6.4008],[-75.4211,6.40083],[-75.42107,6.40085],[-75.42105,6.40088],[-75.42102,6.40091],[-75.421,6.40093],[-75.42098,6.40096],[-75.42095,6.401],[-75.42092,6.40103],[-75.42089,6.40108],[-75.42087,6.40112],[-75.42085,6.40115],[-75.42083,6.40119],[-75.42082,6.40121],[-75.4208,6.40124],[-75.42079,6.40127],[-75.42077,6.40132],[-75.42075,6.40137],[-75.42074,6.40139],[-75.42074,6.40143],[-75.42073,6.40146],[-75.42072,6.40149],[-75.42071,6.40152],[-75.42069,6.40155],[-75.42068,6.40159],[-75.42068,6.40162],[-75.42067,6.40167],[-75.42066,6.40172],[-75.42066,6.40176],[-75.42067,6.40179],[-75.42067,6.40182],[-75.42067,6.40185],[-75.42067,6.4019],[-75.42068,6.40194],[-75.42069,6.40198],[-75.42071,6.402],[-75.42073,6.40204],[-75.42076,6.40208],[-75.42079,6.40212],[-75.42082,6.40213],[-75.42085,6.40215],[-75.42088,6.40217],[-75.42091,6.40218],[-75.42093,6.4022],[-75.42096,6.40221],[-75.421,6.40224],[-75.42104,6.40226],[-75.42107,6.40229],[-75.42111,6.40231],[-75.42113,6.40234],[-75.42115,6.40235],[-75.42118,6.40239],[-75.42121,6.40243],[-75.42124,6.40247],[-75.42126,6.40252],[-75.42128,6.40255],[-75.4213,6.40259],[-75.42133,6.40263],[-75.42134,6.40266],[-75.42137,6.40269],[-75.42139,6.40273],[-75.42142,6.40277],[-75.42143,6.40279],[-75.42145,6.40282],[-75.42147,6.40285],[-75.42149,6.40289],[-75.42151,6.40293],[-75.42154,6.40297],[-75.42155,6.40299],[-75.42158,6.40303],[-75.4216,6.40306],[-75.42162,6.40311],[-75.42164,6.40314],[-75.42167,6.40318],[-75.4217,6.40322],[-75.42172,6.40325],[-75.42174,6.40327],[-75.42176,6.40329],[-75.42178,6.40333],[-75.4218,6.40335],[-75.42182,6.40338],[-75.42185,6.40342],[-75.42188,6.40346],[-75.4219,6.4035],[-75.42192,6.40352],[-75.42194,6.40355],[-75.42196,6.40358],[-75.42198,6.40362],[-75.422,6.40365],[-75.42202,6.40368],[-75.42204,6.40371],[-75.42207,6.40376],[-75.42208,6.4038],[-75.4221,6.40383],[-75.42211,6.40386],[-75.42212,6.40389],[-75.42214,6.40392],[-75.42215,6.40395],[-75.42217,6.40399],[-75.42219,6.40402],[-75.4222,6.40406],[-75.42221,6.40409],[-75.42221,6.40413],[-75.42222,6.40416],[-75.42223,6.40419],[-75.42223,6.40422],[-75.42224,6.40425],[-75.42224,6.40428],[-75.42224,6.40434],[-75.42224,6.40438],[-75.42224,6.40442],[-75.42223,6.40446],[-75.42246,6.40458],[-75.4225,6.40459],[-75.42253,6.4046],[-75.42255,6.40462],[-75.42259,6.40466],[-75.42262,6.40468],[-75.42266,6.40471],[-75.42269,6.40473],[-75.42272,6.40475],[-75.42275,6.40477],[-75.42279,6.40479],[-75.42281,6.40481],[-75.42284,6.40482],[-75.42287,6.40483],[-75.4229,6.40484],[-75.42293,6.40486],[-75.42296,6.40487],[-75.42298,6.40487],[-75.42302,6.40488],[-75.42306,6.40489],[-75.4231,6.40492],[-75.42314,6.40493],[-75.42317,6.40494],[-75.4232,6.40495],[-75.42323,6.40496],[-75.42325,6.40499],[-75.42327,6.40501],[-75.4233,6.40503],[-75.42333,6.40506],[-75.42335,6.40509],[-75.42338,6.40512],[-75.42341,6.40517],[-75.42344,6.4052],[-75.42347,6.40523],[-75.4235,6.40525],[-75.42352,6.40527],[-75.42354,6.40529],[-75.42356,6.40531],[-75.42358,6.40533],[-75.4236,6.40536],[-75.42362,6.40539],[-75.42365,6.40542],[-75.42367,6.40545],[-75.42369,6.40547],[-75.42371,6.4055],[-75.42374,6.40552],[-75.42377,6.40555],[-75.4238,6.40558],[-75.42382,6.4056],[-75.42384,6.40563],[-75.42387,6.40566],[-75.42389,6.40568],[-75.42392,6.40572],[-75.42395,6.40574],[-75.42397,6.40577],[-75.42399,6.40579],[-75.42402,6.40582],[-75.42404,6.40584],[-75.42407,6.40586],[-75.4241,6.40589],[-75.42413,6.40592],[-75.42415,6.40596],[-75.42418,6.40598],[-75.4242,6.40601],[-75.42422,6.40604],[-75.42425,6.40607],[-75.42427,6.4061],[-75.42429,6.40612],[-75.42431,6.40615],[-75.42435,6.40618],[-75.42438,6.40621],[-75.42441,6.40624],[-75.42444,6.40628],[-75.42447,6.40631],[-75.4245,6.40634],[-75.42454,6.40638],[-75.42456,6.4064],[-75.42458,6.40643],[-75.4246,6.40646],[-75.42462,6.40648],[-75.42464,6.4065],[-75.42467,6.40653],[-75.42469,6.40656],[-75.42472,6.40659],[-75.42475,6.40663],[-75.42477,6.40665],[-75.42479,6.40668],[-75.42483,6.40671],[-75.42485,6.40674],[-75.42488,6.40676],[-75.4249,6.40679],[-75.42493,6.40682],[-75.42496,6.40685],[-75.42499,6.40689],[-75.42502,6.40692],[-75.42504,6.40694],[-75.42506,6.40697],[-75.42508,6.40699],[-75.42511,6.407],[-75.42515,6.40702],[-75.42517,6.40702],[-75.4252,6.40703],[-75.42524,6.40704],[-75.42527,6.40706],[-75.42532,6.4071],[-75.42535,6.40712],[-75.42538,6.40715],[-75.4254,6.40717],[-75.42543,6.40719],[-75.42546,6.40722],[-75.42549,6.40725],[-75.42551,6.40729],[-75.42554,6.40732],[-75.42556,6.40734],[-75.42558,6.40737],[-75.42562,6.40741],[-75.42564,6.40743],[-75.42571,6.40751],[-75.42573,6.40754],[-75.42574,6.40757],[-75.42575,6.4076],[-75.42576,6.40763],[-75.42578,6.40767],[-75.42579,6.4077],[-75.4258,6.40773],[-75.42582,6.40777],[-75.42583,6.4078],[-75.42584,6.40783],[-75.42585,6.40786],[-75.42587,6.40789],[-75.42588,6.40792],[-75.4259,6.40796],[-75.42593,6.408],[-75.42595,6.40804],[-75.42596,6.40807],[-75.42598,6.4081],[-75.426,6.40814],[-75.42602,6.40817],[-75.42604,6.4082],[-75.42605,6.40822],[-75.42607,6.40825],[-75.42609,6.40828],[-75.42612,6.40831],[-75.42615,6.40834],[-75.42618,6.40836],[-75.42622,6.40839],[-75.42626,6.40842],[-75.42629,6.40844],[-75.42632,6.40845],[-75.42635,6.40847],[-75.42638,6.40849],[-75.42641,6.40852],[-75.42643,6.40854],[-75.42645,6.40856],[-75.42647,6.40859],[-75.4265,6.40861],[-75.42653,6.40864],[-75.42656,6.40865],[-75.42659,6.40867],[-75.42662,6.40869],[-75.42666,6.40871],[-75.42669,6.40873],[-75.42672,6.40876],[-75.42674,6.40877],[-75.42677,6.40879],[-75.42679,6.40881],[-75.42682,6.40882],[-75.42685,6.40884],[-75.42688,6.40886],[-75.42691,6.40888],[-75.42695,6.40891],[-75.42697,6.40893],[-75.427,6.40895],[-75.42703,6.40898],[-75.42704,6.409],[-75.42707,6.40903],[-75.42709,6.40905],[-75.42711,6.40907],[-75.42714,6.4091],[-75.42716,6.40912],[-75.42719,6.40914],[-75.42723,6.40916],[-75.42727,6.40918],[-75.4273,6.40921],[-75.42733,6.40923],[-75.42736,6.40925],[-75.42739,6.40928],[-75.42742,6.40931],[-75.42746,6.40934],[-75.42749,6.40937],[-75.42753,6.40939],[-75.42757,6.40941],[-75.4276,6.40943],[-75.42762,6.40945],[-75.42771,6.40949],[-75.42777,6.40951],[-75.42783,6.40952],[-75.42793,6.40953],[-75.42804,6.40953],[-75.42807,6.40954],[-75.42812,6.40954],[-75.42817,6.40954],[-75.4282,6.40953],[-75.42824,6.40953],[-75.42827,6.40953],[-75.4283,6.40954],[-75.42833,6.40954],[-75.42836,6.40955],[-75.42838,6.40956],[-75.42842,6.40957],[-75.42845,6.40958],[-75.42847,6.40961],[-75.42849,6.40963],[-75.42851,6.40965],[-75.42853,6.40968],[-75.42855,6.40971],[-75.42857,6.40974],[-75.42859,6.40977],[-75.42862,6.40981],[-75.42864,6.40984],[-75.42866,6.40987],[-75.42868,6.4099],[-75.4287,6.40993],[-75.42871,6.40996],[-75.42872,6.40999],[-75.42873,6.41003],[-75.42873,6.41007],[-75.42874,6.4101],[-75.42875,6.41015],[-75.42876,6.41019],[-75.42878,6.41022],[-75.42879,6.41024],[-75.42881,6.41028],[-75.42883,6.41032],[-75.42884,6.41036],[-75.42885,6.41038],[-75.42885,6.41043],[-75.42886,6.41047],[-75.42886,6.4105],[-75.42887,6.41053],[-75.42887,6.41056],[-75.42888,6.4106],[-75.42888,6.41065],[-75.42887,6.4107],[-75.42887,6.41073],[-75.42886,6.41076],[-75.42885,6.41078],[-75.42883,6.41082],[-75.42882,6.41084],[-75.42881,6.41088],[-75.42879,6.41092],[-75.42878,6.41096],[-75.42877,6.41099],[-75.42877,6.41102],[-75.42876,6.41106],[-75.42875,6.41108],[-75.42875,6.41113],[-75.42875,6.41116],[-75.42875,6.41121],[-75.42876,6.41124],[-75.42877,6.41129],[-75.4288,6.41132],[-75.42882,6.41134],[-75.42884,6.41136],[-75.42886,6.41138],[-75.42889,6.41141],[-75.42891,6.41143],[-75.42893,6.41144],[-75.42895,6.41146],[-75.42897,6.41148],[-75.42901,6.41149],[-75.42903,6.41151],[-75.42907,6.41152],[-75.42907,6.41148],[-75.42907,6.41145],[-75.42908,6.41143],[-75.42909,6.4114],[-75.42911,6.41136],[-75.42915,6.41135],[-75.42919,6.41136],[-75.42921,6.41139],[-75.42925,6.41142],[-75.42928,6.41146],[-75.42929,6.4115],[-75.42929,6.41153],[-75.42929,6.41159],[-75.42929,6.41162],[-75.42929,6.41166],[-75.42929,6.41169],[-75.42929,6.41172],[-75.4293,6.41175],[-75.42931,6.41179],[-75.42932,6.41181],[-75.42933,6.41185],[-75.42934,6.41188],[-75.42935,6.41191],[-75.42937,6.41195],[-75.42939,6.41197],[-75.42941,6.412],[-75.42943,6.41202],[-75.42945,6.41204],[-75.42947,6.41206],[-75.42949,6.41208],[-75.42951,6.41211],[-75.42953,6.41213],[-75.42955,6.41215],[-75.42958,6.41217],[-75.42962,6.41219],[-75.42964,6.4122],[-75.42967,6.41221],[-75.42969,6.41223],[-75.42972,6.41224],[-75.42974,6.41225],[-75.42977,6.41226],[-75.4298,6.41227],[-75.42982,6.41228],[-75.42985,6.4123],[-75.42987,6.41231],[-75.42989,6.41233],[-75.42991,6.41234],[-75.42995,6.41236],[-75.42999,6.41238],[-75.43001,6.4124],[-75.43003,6.41242],[-75.43005,6.41244],[-75.43007,6.41245],[-75.4301,6.41245],[-75.43013,6.41245],[-75.43015,6.41246],[-75.43018,6.41247],[-75.43021,6.41248],[-75.43023,6.41249],[-75.43025,6.4125],[-75.43028,6.41251],[-75.4303,6.41253],[-75.43033,6.41254],[-75.43035,6.41255],[-75.43038,6.41256],[-75.4304,6.41257],[-75.43043,6.41258],[-75.43046,6.41259],[-75.43048,6.4126],[-75.43051,6.41261],[-75.43053,6.41262],[-75.43056,6.41263],[-75.43059,6.41264],[-75.43061,6.41265],[-75.43064,6.41266],[-75.4307,6.41268],[-75.43073,6.4127],[-75.43076,6.41271],[-75.43078,6.41272],[-75.43081,6.41273],[-75.43083,6.41274],[-75.43085,6.41276],[-75.43088,6.41277],[-75.4309,6.41277],[-75.43093,6.41278],[-75.43096,6.41279],[-75.43098,6.4128],[-75.431,6.41281],[-75.43103,6.41283],[-75.43105,6.41284],[-75.43108,6.41285],[-75.4311,6.41287],[-75.43112,6.41289],[-75.43114,6.4129],[-75.43116,6.41292],[-75.43119,6.41293],[-75.43121,6.41294],[-75.43124,6.41296],[-75.43126,6.41297],[-75.43127,6.413],[-75.43129,6.41302],[-75.4313,6.41304],[-75.43132,6.41307],[-75.43133,6.41309],[-75.43135,6.41311],[-75.43138,6.41311],[-75.43141,6.41311],[-75.43143,6.41312],[-75.43146,6.41313],[-75.43148,6.41314],[-75.4315,6.41316],[-75.43153,6.41318],[-75.43155,6.41319],[-75.43157,6.41321],[-75.43159,6.41322],[-75.43161,6.41324],[-75.43163,6.41327],[-75.43164,6.41329],[-75.43165,6.41331],[-75.43167,6.41334],[-75.43168,6.41336],[-75.43169,6.41339],[-75.43171,6.4134],[-75.43174,6.41341],[-75.43176,6.41343],[-75.43179,6.41344],[-75.43181,6.41346],[-75.43183,6.41348],[-75.43185,6.4135],[-75.43187,6.41352],[-75.43188,6.41354],[-75.43189,6.41357],[-75.4319,6.41359],[-75.43192,6.41361],[-75.43194,6.41363],[-75.43196,6.41365],[-75.43198,6.41367],[-75.432,6.41368],[-75.43202,6.4137],[-75.43205,6.41371],[-75.43207,6.41372],[-75.4321,6.41372],[-75.43213,6.41373],[-75.43215,6.41374],[-75.43217,6.41376],[-75.43219,6.41378],[-75.43221,6.4138],[-75.43223,6.41382],[-75.43225,6.41383],[-75.43228,6.41385],[-75.4323,6.41387],[-75.43232,6.41389],[-75.43233,6.41391],[-75.43234,6.41394],[-75.43236,6.41396],[-75.43237,6.41399],[-75.43238,6.41401],[-75.43239,6.41404],[-75.43239,6.41406],[-75.4324,6.41409],[-75.43241,6.41412],[-75.43242,6.41414],[-75.43243,6.41417],[-75.43244,6.41419],[-75.43246,6.41421],[-75.4325,6.41422],[-75.43252,6.41423],[-75.43255,6.41424],[-75.43257,6.41425],[-75.4326,6.41426],[-75.43262,6.41428],[-75.43264,6.41429],[-75.43267,6.4143],[-75.43269,6.41431],[-75.43272,6.41432],[-75.43275,6.41433],[-75.43277,6.41434],[-75.43279,6.41435],[-75.43282,6.41437],[-75.43284,6.41438],[-75.43286,6.4144],[-75.43289,6.41441],[-75.4329,6.41443],[-75.43293,6.41445],[-75.43294,6.41447],[-75.43296,6.41449],[-75.43298,6.41451],[-75.43299,6.41454],[-75.43301,6.41456],[-75.43302,6.41458],[-75.43304,6.4146],[-75.43306,6.41463],[-75.43308,6.41465],[-75.4331,6.41467],[-75.43311,6.41469],[-75.43313,6.41471],[-75.43316,6.41472],[-75.43318,6.41474],[-75.4332,6.41476],[-75.43322,6.41477],[-75.43324,6.41479],[-75.43326,6.41481],[-75.43329,6.41483],[-75.43336,6.41489],[-75.43342,6.41494],[-75.43348,6.41497],[-75.43354,6.41504],[-75.4337,6.41515],[-75.4338,6.41523],[-75.43385,6.4153],[-75.43389,6.41538],[-75.43389,6.41541],[-75.43392,6.41547],[-75.43398,6.41558],[-75.43404,6.4157],[-75.43406,6.41578],[-75.43407,6.41583],[-75.43409,6.41589],[-75.4341,6.41596],[-75.43412,6.41608],[-75.43413,6.41615],[-75.43416,6.41621],[-75.4342,6.41627],[-75.43427,6.41637],[-75.43435,6.41648],[-75.43437,6.41651],[-75.43445,6.41661],[-75.43447,6.41664],[-75.43452,6.41668],[-75.43456,6.41669],[-75.43465,6.41674],[-75.43473,6.41681],[-75.4348,6.41685],[-75.43486,6.4169],[-75.43488,6.41693],[-75.43495,6.41699],[-75.43508,6.41706],[-75.43511,6.41708],[-75.43514,6.41713],[-75.43521,6.4172],[-75.43529,6.41727],[-75.43531,6.41729],[-75.43533,6.41731],[-75.43538,6.41737],[-75.43541,6.4174],[-75.43544,6.41744],[-75.43547,6.41751],[-75.43549,6.41754],[-75.43555,6.41765],[-75.43559,6.4177],[-75.43576,6.41779],[-75.43583,6.41784],[-75.43591,6.41789],[-75.43594,6.4179],[-75.43601,6.41791],[-75.43609,6.41792],[-75.43613,6.41792],[-75.43616,6.41793],[-75.43625,6.41798],[-75.43632,6.41802],[-75.43636,6.41805],[-75.43642,6.41809],[-75.43653,6.41817],[-75.43659,6.41823],[-75.43665,6.41833],[-75.43671,6.41844],[-75.43674,6.41849],[-75.43683,6.41858],[-75.43693,6.41871],[-75.43697,6.41878],[-75.43697,6.41882],[-75.43695,6.41889],[-75.43691,6.41904],[-75.4369,6.41907],[-75.43689,6.41916],[-75.4369,6.41919],[-75.43689,6.41922],[-75.4369,6.41932],[-75.4369,6.41937],[-75.43691,6.41945],[-75.43693,6.4195],[-75.43697,6.41958],[-75.43699,6.41961],[-75.43702,6.41963],[-75.43708,6.41969],[-75.43714,6.41974],[-75.43717,6.41976],[-75.4372,6.41979],[-75.43726,6.41982],[-75.43738,6.41988],[-75.43743,6.41992],[-75.43748,6.41996],[-75.43751,6.42],[-75.43754,6.42005],[-75.43758,6.4201],[-75.43762,6.4202],[-75.43763,6.42025],[-75.43766,6.42035],[-75.43768,6.4204],[-75.43774,6.42047],[-75.43779,6.42052],[-75.43785,6.42059],[-75.43788,6.42067],[-75.4379,6.42079],[-75.4379,6.42085],[-75.43789,6.42088],[-75.43789,6.42099],[-75.43788,6.42103],[-75.43788,6.42107],[-75.43786,6.42115],[-75.43785,6.42118],[-75.43784,6.42124],[-75.43783,6.42132],[-75.43782,6.42135],[-75.43783,6.42142],[-75.43781,6.42153],[-75.43779,6.42158],[-75.43777,6.42162],[-75.43775,6.42167],[-75.43773,6.42171],[-75.43772,6.42174],[-75.43769,6.42179],[-75.43769,6.42182],[-75.43767,6.42185],[-75.43766,6.42193],[-75.43766,6.42199],[-75.43766,6.42202],[-75.43767,6.4221],[-75.43768,6.42217],[-75.43768,6.42222],[-75.43769,6.42232],[-75.43773,6.42242],[-75.43776,6.42245],[-75.43785,6.42253],[-75.43787,6.42257],[-75.43789,6.42259],[-75.43794,6.4227],[-75.43796,6.42272],[-75.438,6.42283],[-75.438,6.42286],[-75.438,6.42293],[-75.43799,6.42296],[-75.43798,6.42299],[-75.43797,6.42302],[-75.43796,6.42306],[-75.43795,6.42311],[-75.43795,6.42313],[-75.43794,6.42316],[-75.43793,6.42319],[-75.43792,6.42325],[-75.4379,6.42328],[-75.4379,6.42331],[-75.43789,6.42336],[-75.43788,6.4234],[-75.43788,6.42348],[-75.43789,6.42355],[-75.4379,6.42361],[-75.43789,6.42367],[-75.43787,6.42372],[-75.43785,6.42375],[-75.43784,6.42379],[-75.43786,6.42384],[-75.43789,6.42387],[-75.43792,6.42389],[-75.43799,6.42396],[-75.43809,6.42405],[-75.43811,6.42407],[-75.43815,6.42411],[-75.43819,6.42415],[-75.43825,6.42427],[-75.4383,6.42439],[-75.43832,6.42445],[-75.43833,6.42449],[-75.43837,6.4246],[-75.43839,6.42464],[-75.43842,6.42468],[-75.43849,6.42474],[-75.43868,6.42492],[-75.43872,6.42498],[-75.43876,6.42506],[-75.43879,6.42508],[-75.43883,6.42509],[-75.4389,6.42512],[-75.43894,6.42513],[-75.43902,6.42515],[-75.43904,6.42517],[-75.43909,6.42524],[-75.43913,6.42528],[-75.43925,6.42536],[-75.43936,6.42546],[-75.43942,6.42551],[-75.43948,6.42562],[-75.4395,6.42565],[-75.43953,6.42569],[-75.43955,6.42571],[-75.43962,6.42578],[-75.43974,6.42581],[-75.43981,6.42581],[-75.43985,6.42582],[-75.43987,6.42585],[-75.43989,6.42586],[-75.43993,6.42591],[-75.44,6.42602],[-75.44007,6.42613],[-75.44008,6.42617],[-75.44007,6.42621],[-75.44005,6.42624],[-75.44003,6.42626],[-75.4399,6.42628],[-75.43982,6.42632],[-75.43979,6.42634],[-75.43979,6.42636],[-75.43981,6.42641],[-75.43984,6.42645],[-75.4399,6.4265],[-75.44,6.42659],[-75.44011,6.42668],[-75.44019,6.42674],[-75.44028,6.42679],[-75.44039,6.42684],[-75.44049,6.42693],[-75.44051,6.42697],[-75.44051,6.427],[-75.44052,6.42703],[-75.44054,6.42708],[-75.44065,6.42711],[-75.44078,6.42715],[-75.44086,6.42719],[-75.44094,6.42721],[-75.44106,6.42723],[-75.44118,6.42727],[-75.4412,6.42725],[-75.44122,6.42723],[-75.44124,6.42719],[-75.44128,6.42709],[-75.44131,6.42705],[-75.44137,6.42701],[-75.4414,6.42701],[-75.44142,6.42702],[-75.44145,6.42703],[-75.44158,6.42705],[-75.44171,6.42707],[-75.44184,6.42709],[-75.44196,6.42711],[-75.44207,6.42711],[-75.44219,6.42712],[-75.44232,6.42713],[-75.44245,6.42713],[-75.44253,6.42714],[-75.44259,6.42717],[-75.44267,6.42722],[-75.44277,6.4273],[-75.44283,6.42734],[-75.44287,6.42735],[-75.4429,6.42735],[-75.44297,6.42733],[-75.44306,6.42728],[-75.44318,6.42722],[-75.44321,6.4272],[-75.44324,6.42718],[-75.44329,6.42716],[-75.44338,6.42709],[-75.44348,6.42703],[-75.44389,6.42685],[-75.44394,6.42683],[-75.44398,6.42687],[-75.444,6.42691],[-75.44406,6.42696],[-75.44412,6.427],[-75.44423,6.42706],[-75.44429,6.42712],[-75.44432,6.42718],[-75.44438,6.42728],[-75.44442,6.42734],[-75.44446,6.42736],[-75.44456,6.42737],[-75.44465,6.42741],[-75.44468,6.42743],[-75.44471,6.42747],[-75.44475,6.42756],[-75.44478,6.42758],[-75.44481,6.4276],[-75.44485,6.42761],[-75.4449,6.42761],[-75.44502,6.42759],[-75.44505,6.42758],[-75.4452,6.42759],[-75.44532,6.4276],[-75.44535,6.42761],[-75.44544,6.42765],[-75.44555,6.42769],[-75.44566,6.42774],[-75.44569,6.42777],[-75.44576,6.42785],[-75.44582,6.42788],[-75.4459,6.4279],[-75.44603,6.42793],[-75.44592,6.42799],[-75.44582,6.42804],[-75.44577,6.42808],[-75.44574,6.42813],[-75.44571,6.42819],[-75.44565,6.42824],[-75.44556,6.42834],[-75.44551,6.42839],[-75.4454,6.42846],[-75.4453,6.42854],[-75.44523,6.42859],[-75.44512,6.42865],[-75.44502,6.42871],[-75.44491,6.42877],[-75.44481,6.42884],[-75.44476,6.42889],[-75.44466,6.42898],[-75.44456,6.42906],[-75.44445,6.42913],[-75.44436,6.4292],[-75.44429,6.42925],[-75.44426,6.42929],[-75.44425,6.42933],[-75.44421,6.42944],[-75.44419,6.42954],[-75.44419,6.42962],[-75.4442,6.42967],[-75.44422,6.42979],[-75.44424,6.42984],[-75.44428,6.42997],[-75.44432,6.43004],[-75.44437,6.43015],[-75.44442,6.43022],[-75.4445,6.43033],[-75.44455,6.43039],[-75.44462,6.43047],[-75.44471,6.43058],[-75.44479,6.43068],[-75.44483,6.43078],[-75.44484,6.43081],[-75.44485,6.43088],[-75.44485,6.431],[-75.44486,6.43116],[-75.44487,6.43129],[-75.44487,6.43132],[-75.44488,6.43148],[-75.44489,6.43153],[-75.44491,6.43161],[-75.44494,6.43172],[-75.44499,6.43184],[-75.44504,6.43195],[-75.4451,6.43207],[-75.44515,6.43218],[-75.4452,6.4323],[-75.44526,6.43241],[-75.44532,6.43253],[-75.44537,6.43264],[-75.44544,6.43279],[-75.4455,6.43285],[-75.44557,6.43291],[-75.44564,6.43294],[-75.44576,6.43298],[-75.44587,6.43302],[-75.44591,6.43305],[-75.44598,6.43313],[-75.44606,6.43323],[-75.44624,6.43342],[-75.44632,6.43351],[-75.4464,6.43359],[-75.44654,6.4337],[-75.44664,6.43378],[-75.44673,6.43387],[-75.44678,6.4339],[-75.44688,6.43398],[-75.44698,6.43406],[-75.44709,6.43414],[-75.44716,6.43417],[-75.44721,6.43417],[-75.4473,6.43417],[-75.44734,6.43417],[-75.44746,6.43418],[-75.44752,6.4342],[-75.44756,6.43422],[-75.44771,6.43431],[-75.44784,6.43439],[-75.44788,6.43441],[-75.44793,6.43446],[-75.448,6.43457],[-75.44806,6.43465],[-75.4481,6.43469],[-75.44813,6.43471],[-75.44816,6.43474],[-75.44824,6.43482],[-75.44828,6.43486],[-75.44831,6.43491],[-75.44837,6.43502],[-75.4484,6.43509],[-75.44843,6.43517],[-75.44844,6.43526],[-75.44844,6.4353],[-75.44846,6.43542],[-75.44848,6.43551],[-75.44828,6.43552],[-75.44796,6.43556],[-75.4477,6.43565],[-75.44749,6.43573],[-75.44731,6.43584],[-75.44715,6.43597],[-75.44705,6.43612],[-75.44683,6.43644],[-75.44667,6.43672],[-75.44646,6.4371],[-75.44623,6.43742],[-75.44592,6.43764],[-75.44563,6.43771],[-75.44539,6.43771],[-75.44521,6.43768],[-75.44506,6.43758],[-75.44496,6.43752],[-75.44476,6.43743],[-75.44466,6.43739],[-75.4445,6.43739],[-75.44431,6.43739],[-75.44416,6.4374],[-75.44397,6.43741],[-75.44377,6.43743],[-75.44366,6.43745],[-75.44348,6.43745],[-75.44337,6.43744],[-75.44316,6.43736],[-75.44296,6.43723],[-75.4428,6.43706],[-75.44264,6.43688],[-75.44249,6.43676],[-75.44232,6.43661],[-75.44215,6.43649],[-75.44193,6.43634],[-75.44154,6.43619],[-75.44129,6.43613],[-75.44112,6.43611],[-75.44097,6.43614],[-75.44086,6.43621],[-75.44077,6.43629],[-75.44071,6.43636],[-75.44065,6.43645],[-75.4406,6.43658],[-75.44055,6.4367],[-75.44049,6.43679],[-75.44039,6.43696],[-75.4403,6.4371],[-75.44018,6.43727],[-75.44008,6.43741],[-75.44,6.43754],[-75.4399,6.43763],[-75.43974,6.43777],[-75.43956,6.43792],[-75.43934,6.43813],[-75.4392,6.43828],[-75.43876,6.43863],[-75.43866,6.43873],[-75.4386,6.43878],[-75.43849,6.43878],[-75.43834,6.43874],[-75.43824,6.43866],[-75.43818,6.43859],[-75.4381,6.43847],[-75.43803,6.4384],[-75.43787,6.43832],[-75.43765,6.43828],[-75.43742,6.43824],[-75.43728,6.4382],[-75.43714,6.43813],[-75.43702,6.43805],[-75.43692,6.43798],[-75.43682,6.4379],[-75.43671,6.4378],[-75.43655,6.43772],[-75.43632,6.43761],[-75.43612,6.43751],[-75.43593,6.43743],[-75.4357,6.43738],[-75.43553,6.43738],[-75.43533,6.43741],[-75.43511,6.43751],[-75.43488,6.43764],[-75.43459,6.43784],[-75.43413,6.43813],[-75.43392,6.43824],[-75.43364,6.43836],[-75.43332,6.43848],[-75.43299,6.43858],[-75.43273,6.43869],[-75.43239,6.43895],[-75.43223,6.43909],[-75.43206,6.43927],[-75.43189,6.43943],[-75.43166,6.43962],[-75.43139,6.43979],[-75.43119,6.43992],[-75.43104,6.44003],[-75.43074,6.44013],[-75.43049,6.44017],[-75.43023,6.44017],[-75.4298,6.44017],[-75.42939,6.44008],[-75.42912,6.43998],[-75.42896,6.43988],[-75.4288,6.43978],[-75.42865,6.43978],[-75.4285,6.43983],[-75.42831,6.4399],[-75.42803,6.43994],[-75.42771,6.43996],[-75.4274,6.43997],[-75.42696,6.44004],[-75.42651,6.44018],[-75.42607,6.44035],[-75.42565,6.44058],[-75.4253,6.44076],[-75.42478,6.44097],[-75.42421,6.44114],[-75.42385,6.44124],[-75.42351,6.4413],[-75.42293,6.44135],[-75.42244,6.44137],[-75.4219,6.44142],[-75.4214,6.44152],[-75.421,6.44158],[-75.42069,6.44166],[-75.42044,6.44172],[-75.42024,6.44186],[-75.42,6.44193],[-75.41972,6.44196],[-75.41945,6.44197],[-75.41909,6.442],[-75.41879,6.44209],[-75.41858,6.4422],[-75.41845,6.44233],[-75.41834,6.44244],[-75.41825,6.44257],[-75.41799,6.44275],[-75.41768,6.44279],[-75.41741,6.44278],[-75.41718,6.44267],[-75.41708,6.44258],[-75.41691,6.44245],[-75.41646,6.4422],[-75.41599,6.44211],[-75.41564,6.44211],[-75.41532,6.44217],[-75.41489,6.44226],[-75.4146,6.44234],[-75.41419,6.44243],[-75.41355,6.44241],[-75.41306,6.44237],[-75.41269,6.44224],[-75.41239,6.44215],[-75.41197,6.44201],[-75.41139,6.44186],[-75.41091,6.44182],[-75.41047,6.44176],[-75.41004,6.44172],[-75.40967,6.44172],[-75.40919,6.44176],[-75.4088,6.44177],[-75.40842,6.44177],[-75.40797,6.44168],[-75.4077,6.44156],[-75.40747,6.44146],[-75.40692,6.44111],[-75.4065,6.44084],[-75.40615,6.44076],[-75.4058,6.44077],[-75.40543,6.44093],[-75.40508,6.44111],[-75.40492,6.44124],[-75.40477,6.44142],[-75.4045,6.44163],[-75.40436,6.44184],[-75.40416,6.44203],[-75.40399,6.4422],[-75.40366,6.44239],[-75.40326,6.44255],[-75.4027,6.44262],[-75.40211,6.44262],[-75.40144,6.44261],[-75.40109,6.44258],[-75.40057,6.44241],[-75.40011,6.44231],[-75.39974,6.44231],[-75.39928,6.44232],[-75.39892,6.4423],[-75.39839,6.44221],[-75.39791,6.44203],[-75.39742,6.44183],[-75.39661,6.44161],[-75.39649,6.44161],[-75.39634,6.44162],[-75.39613,6.44164],[-75.39583,6.44176],[-75.39554,6.44187],[-75.39519,6.44199],[-75.39471,6.44216],[-75.39431,6.44235],[-75.39398,6.44252],[-75.39362,6.4427],[-75.39329,6.44291],[-75.3929,6.44316],[-75.39261,6.44343],[-75.39241,6.44359],[-75.39217,6.44376],[-75.3919,6.44394],[-75.39169,6.44404],[-75.3914,6.44419],[-75.39123,6.44431],[-75.39104,6.44445],[-75.39085,6.44464],[-75.39072,6.44477],[-75.39053,6.44499],[-75.39044,6.44513],[-75.39033,6.4453],[-75.39027,6.44541],[-75.39022,6.44554],[-75.39018,6.44565],[-75.39014,6.44573],[-75.39004,6.44585],[-75.38992,6.44594],[-75.38981,6.44605],[-75.38979,6.44627],[-75.38979,6.44641],[-75.38982,6.44655],[-75.38982,6.44669],[-75.38982,6.44678],[-75.3898,6.44696],[-75.38975,6.44719],[-75.3897,6.44738],[-75.38966,6.44751],[-75.38961,6.4477],[-75.38961,6.44785],[-75.3896,6.44804],[-75.3896,6.44819],[-75.38963,6.44838],[-75.38966,6.44852],[-75.38972,6.4487],[-75.38978,6.44881],[-75.38986,6.44892],[-75.38992,6.44899],[-75.39,6.44912],[-75.39003,6.44919],[-75.39007,6.44931],[-75.39011,6.44942],[-75.39013,6.44952],[-75.39017,6.44965],[-75.39019,6.44976],[-75.3902,6.44984],[-75.3902,6.44995],[-75.39018,6.45004],[-75.39013,6.45015],[-75.39011,6.45024],[-75.39008,6.45039],[-75.39006,6.45055],[-75.39,6.45084],[-75.38993,6.45116],[-75.38985,6.45156],[-75.38983,6.45173],[-75.38979,6.45188],[-75.38979,6.45209],[-75.3898,6.45231],[-75.38988,6.45247],[-75.38996,6.45263],[-75.39004,6.45275],[-75.3901,6.4529],[-75.39011,6.45303],[-75.39009,6.45314],[-75.39001,6.45335],[-75.38993,6.45348],[-75.3898,6.45362],[-75.38967,6.45375],[-75.38957,6.45385],[-75.38952,6.45393],[-75.38944,6.45409],[-75.38943,6.45422],[-75.38943,6.45431],[-75.38944,6.45445],[-75.38946,6.45486],[-75.38956,6.45539],[-75.38962,6.45579],[-75.38959,6.45603],[-75.38951,6.45611],[-75.38903,6.45608],[-75.38868,6.45601],[-75.3883,6.45591],[-75.38793,6.45581],[-75.38768,6.45579],[-75.38742,6.4558],[-75.38708,6.45588],[-75.38668,6.456],[-75.38627,6.45612],[-75.38575,6.45628],[-75.38524,6.45652],[-75.38496,6.45677],[-75.38458,6.45705],[-75.3843,6.45728],[-75.38418,6.45736],[-75.38384,6.45762],[-75.38358,6.4577],[-75.38335,6.45773],[-75.38308,6.45773],[-75.38275,6.45767],[-75.38238,6.45765],[-75.38213,6.45763],[-75.38166,6.45771],[-75.38116,6.45774],[-75.38058,6.45786],[-75.38011,6.45789],[-75.37969,6.4579],[-75.37926,6.45788],[-75.37876,6.45766],[-75.37842,6.4575],[-75.378,6.45734],[-75.37751,6.45728],[-75.37694,6.45731],[-75.37679,6.45739],[-75.37667,6.45751],[-75.37653,6.45774],[-75.37638,6.458],[-75.37626,6.45825],[-75.37606,6.45874],[-75.3759,6.45914],[-75.37576,6.45936],[-75.37548,6.45963],[-75.3752,6.45991],[-75.37494,6.4602],[-75.3747,6.46051],[-75.37437,6.46094],[-75.37403,6.46127],[-75.37383,6.46146],[-75.37336,6.46178],[-75.37294,6.46201],[-75.37248,6.46215],[-75.37233,6.4622],[-75.37217,6.46226],[-75.37192,6.46244],[-75.37166,6.46263],[-75.37134,6.46281],[-75.37103,6.46287],[-75.37072,6.46295],[-75.37046,6.46299],[-75.37021,6.46306],[-75.36998,6.46319],[-75.36972,6.46335],[-75.36929,6.46359],[-75.36875,6.4639],[-75.36845,6.46411],[-75.3682,6.46435],[-75.368,6.46458],[-75.36784,6.46489],[-75.36781,6.46516],[-75.36787,6.46541],[-75.36787,6.46567],[-75.36788,6.46587],[-75.36789,6.46612],[-75.36789,6.46645],[-75.36791,6.46696],[-75.36792,6.46736],[-75.36796,6.46766],[-75.36801,6.46796],[-75.36805,6.46824],[-75.36809,6.46851],[-75.36813,6.46882],[-75.36817,6.46905],[-75.36819,6.46927],[-75.36819,6.46957],[-75.36819,6.46987],[-75.36819,6.47],[-75.36819,6.47014],[-75.36819,6.47028],[-75.36815,6.47049],[-75.368,6.47071],[-75.36785,6.47088],[-75.36766,6.47101],[-75.36746,6.47114],[-75.36729,6.47123],[-75.36715,6.47131],[-75.367,6.47145],[-75.36682,6.47172],[-75.36669,6.47197],[-75.36657,6.47219],[-75.36646,6.47247],[-75.36642,6.47261],[-75.36635,6.4728],[-75.36631,6.47297],[-75.36629,6.47315],[-75.36626,6.47328],[-75.36626,6.47339],[-75.36624,6.47355],[-75.36622,6.47364],[-75.36618,6.47371],[-75.36614,6.47384],[-75.36609,6.47396],[-75.36607,6.47415],[-75.36604,6.47444],[-75.36599,6.47485],[-75.36593,6.47517],[-75.36585,6.47537],[-75.36567,6.47561],[-75.36545,6.47576],[-75.36525,6.47578],[-75.36495,6.4757],[-75.36482,6.4756],[-75.3647,6.47543],[-75.36459,6.47529],[-75.36449,6.47512],[-75.3644,6.47498],[-75.3643,6.47489],[-75.3641,6.47485],[-75.36396,6.47497],[-75.36388,6.47512],[-75.36379,6.4753],[-75.36356,6.47568],[-75.36339,6.47602],[-75.36323,6.47631],[-75.36308,6.47654],[-75.36296,6.47676],[-75.36281,6.47708],[-75.36277,6.47737],[-75.36277,6.47754],[-75.36279,6.47778],[-75.36284,6.47799],[-75.36286,6.47814],[-75.363,6.47837],[-75.36308,6.47853],[-75.3632,6.47872],[-75.36337,6.47898],[-75.36344,6.47922],[-75.36349,6.4795],[-75.36345,6.47977],[-75.3634,6.47996],[-75.36318,6.48024],[-75.36313,6.48032],[-75.36294,6.48062],[-75.36284,6.48079],[-75.36269,6.48098],[-75.36266,6.48114],[-75.36266,6.48137],[-75.36271,6.4816],[-75.36284,6.482],[-75.36292,6.48227],[-75.36292,6.48249],[-75.36286,6.48266],[-75.36266,6.4829],[-75.36243,6.48299],[-75.36228,6.48308],[-75.36201,6.48328],[-75.36176,6.48352],[-75.3616,6.4837],[-75.36142,6.4839],[-75.36126,6.48414],[-75.36113,6.48441],[-75.36095,6.48491],[-75.3608,6.48543],[-75.36057,6.48615],[-75.36039,6.48671],[-75.36018,6.48714],[-75.35997,6.48743],[-75.35974,6.4876],[-75.35951,6.4876],[-75.3592,6.48748],[-75.35893,6.48732],[-75.35873,6.4872],[-75.35856,6.48712],[-75.3584,6.48699],[-75.35819,6.4869],[-75.35798,6.48679],[-75.35772,6.48667],[-75.35749,6.48656],[-75.35712,6.4865],[-75.35671,6.4865],[-75.3562,6.4867],[-75.35592,6.48697],[-75.35563,6.48734],[-75.3554,6.48769],[-75.35524,6.48797],[-75.35501,6.48836],[-75.35478,6.48875],[-75.3546,6.48904],[-75.35447,6.48925],[-75.35436,6.48944],[-75.35424,6.48961],[-75.35407,6.48989],[-75.35389,6.49016],[-75.35357,6.49061],[-75.35338,6.49089],[-75.35318,6.4911],[-75.35311,6.49117],[-75.35293,6.49129],[-75.35266,6.49141],[-75.35239,6.4915],[-75.35223,6.49155],[-75.35213,6.49158],[-75.35192,6.49164],[-75.35152,6.49179],[-75.35122,6.49195],[-75.351,6.49215],[-75.35084,6.49236],[-75.35073,6.49251],[-75.35058,6.4927],[-75.35041,6.49288],[-75.35018,6.49302],[-75.35003,6.49311],[-75.34988,6.4932],[-75.34945,6.4934],[-75.34897,6.49378],[-75.34868,6.49407],[-75.34833,6.49433],[-75.34797,6.4946],[-75.34768,6.49476],[-75.34727,6.49489],[-75.34697,6.495],[-75.3467,6.49512],[-75.34641,6.49527],[-75.34623,6.49537],[-75.3461,6.49547],[-75.34598,6.49559],[-75.34584,6.49575],[-75.34567,6.49601],[-75.34553,6.49624],[-75.34538,6.49654],[-75.34526,6.49674],[-75.34519,6.49693],[-75.34514,6.49722],[-75.34504,6.49754],[-75.34493,6.49772],[-75.34477,6.49786],[-75.34457,6.498],[-75.34427,6.49803],[-75.34402,6.49803],[-75.34365,6.49803],[-75.34341,6.49805],[-75.34323,6.49808],[-75.34312,6.49814],[-75.34303,6.49821],[-75.34295,6.49828],[-75.3428,6.4984],[-75.34269,6.49848],[-75.34259,6.49856],[-75.34252,6.49862],[-75.34243,6.49867],[-75.3423,6.49874],[-75.34212,6.49886],[-75.34199,6.49898],[-75.34181,6.4991],[-75.34165,6.49921],[-75.34153,6.49927],[-75.34135,6.49934],[-75.34122,6.49941],[-75.34112,6.49949],[-75.34102,6.49959],[-75.34095,6.49969],[-75.3409,6.49979],[-75.34083,6.49987],[-75.34076,6.49996],[-75.34068,6.50003],[-75.34056,6.5001],[-75.34044,6.50015],[-75.34031,6.50017],[-75.34017,6.50018],[-75.34001,6.50017],[-75.3399,6.50013],[-75.3398,6.50008],[-75.33974,6.50003],[-75.33962,6.4999],[-75.33944,6.49972],[-75.33924,6.49949],[-75.33911,6.49937],[-75.33899,6.49927],[-75.33888,6.49916],[-75.33881,6.49911],[-75.3387,6.49909],[-75.33858,6.4991],[-75.33848,6.49919],[-75.33835,6.49932],[-75.33815,6.49946],[-75.33802,6.49954],[-75.33792,6.49959],[-75.3377,6.4997],[-75.33749,6.49984],[-75.3373,6.49996],[-75.33707,6.50008],[-75.33693,6.50015],[-75.33676,6.50022],[-75.33661,6.50026],[-75.33646,6.50027],[-75.3363,6.50025],[-75.33616,6.50022],[-75.33601,6.50019],[-75.33584,6.50011],[-75.33569,6.50004],[-75.33553,6.49996],[-75.33531,6.49987],[-75.33518,6.49981],[-75.33498,6.49975],[-75.33476,6.49969],[-75.33454,6.49964],[-75.33435,6.49961],[-75.33422,6.4996],[-75.33408,6.49961],[-75.3339,6.49961],[-75.33377,6.49961],[-75.33362,6.49961],[-75.33346,6.4996],[-75.33327,6.4996],[-75.33302,6.4996],[-75.3327,6.49961],[-75.3325,6.49964],[-75.3323,6.49972],[-75.33211,6.49985],[-75.33197,6.5],[-75.33183,6.50017],[-75.33176,6.50027],[-75.33164,6.50039],[-75.33146,6.50047],[-75.33127,6.50049],[-75.33093,6.50051],[-75.33065,6.50052],[-75.33041,6.50053],[-75.33017,6.50057],[-75.32995,6.50065],[-75.32977,6.50073],[-75.32964,6.50079],[-75.32949,6.50088],[-75.32935,6.50096],[-75.32913,6.50113],[-75.32902,6.50123],[-75.3289,6.50137],[-75.32873,6.50151],[-75.32859,6.50167],[-75.32847,6.50179],[-75.32832,6.50192],[-75.32819,6.50203],[-75.32805,6.50214],[-75.32794,6.50223],[-75.32781,6.50233],[-75.32764,6.50243],[-75.32749,6.5025],[-75.32733,6.50258],[-75.32712,6.50269],[-75.32698,6.50281],[-75.32687,6.50293],[-75.3268,6.50304],[-75.32668,6.50322],[-75.32658,6.50337],[-75.32647,6.50355],[-75.32633,6.50374],[-75.32622,6.50394],[-75.32602,6.50417],[-75.32593,6.50427],[-75.3258,6.50442],[-75.32568,6.50452],[-75.32547,6.50466],[-75.32522,6.50477],[-75.32497,6.50487],[-75.32474,6.50501],[-75.32454,6.50512],[-75.32428,6.50525],[-75.32414,6.50537],[-75.32398,6.50555],[-75.32391,6.50566],[-75.32381,6.50579],[-75.32376,6.50587],[-75.32372,6.506],[-75.32372,6.50616],[-75.32372,6.50627],[-75.32375,6.50638],[-75.32388,6.50666],[-75.32397,6.5068],[-75.32405,6.50695],[-75.32406,6.50706],[-75.32403,6.50717],[-75.32394,6.50733],[-75.32387,6.50743],[-75.32376,6.50757],[-75.32369,6.50764],[-75.32362,6.50771],[-75.32353,6.5078],[-75.32349,6.50787],[-75.32346,6.50795],[-75.32344,6.50801],[-75.32341,6.5081],[-75.32336,6.50824],[-75.32335,6.5083],[-75.32332,6.50844],[-75.32328,6.50864],[-75.32324,6.50887],[-75.32324,6.50919],[-75.32324,6.5095],[-75.32324,6.50971],[-75.32325,6.51009],[-75.32325,6.51054],[-75.32326,6.51093],[-75.32327,6.51125],[-75.32329,6.51166],[-75.32329,6.51193],[-75.32329,6.51212],[-75.32329,6.51235],[-75.32329,6.51256],[-75.32327,6.51274],[-75.32325,6.5129],[-75.32316,6.51303],[-75.32308,6.51319],[-75.32293,6.51316],[-75.32276,6.51314]]]]}}]}